frame_name;guessed_gender;gender;actor_name;position;top;right;bottom;left
AltesHerzwirdwiederJung-122240.jpeg;M;M;Emil_Jannings;[102.8131    25.363342 160.96577  103.89143 ];30.0;162.0;105.0;88.0
AltesHerzwirdwiederJung-122752.jpeg;M;M;Emil_Jannings;[ 75.5569  112.97679 121.16007 174.72539];118.0;124.0;170.0;72.0
AltesHerzwirdwiederJung-122752.jpeg;F;M;Emil_Jannings;[228.19159   39.077316 258.36523   90.232   ];118.0;124.0;170.0;72.0
AltesHerzwirdwiederJung-124416.jpeg;F;F;Maria_Landrock;[171.77016   20.146208 214.29045   74.8919  ];26.0;213.0;70.0;170.0
AltesHerzwirdwiederJung-129664.jpeg;M;M;Emil_Jannings;[151.00618  14.02124 205.68263  93.16504];25.0;211.0;87.0;149.0
AltesHerzwirdwiederJung-129792.jpeg;M;M;Emil_Jannings;[149.39565   22.450073 203.6719   101.83785 ];44.0;199.0;95.0;147.0
AltesHerzwirdwiederJung-130688.jpeg;M;M;Emil_Jannings;[134.20905   26.401321 189.13927  104.717834];44.0;187.0;95.0;135.0
AltesHerzwirdwiederJung-130944.jpeg;M;M;Emil_Jannings;[165.9829    25.192814 217.84915   98.40876 ];32.0;218.0;94.0;156.0
AltesHerzwirdwiederJung-131712.jpeg;M;M;Emil_Jannings;[155.12282   23.799255 211.90533  105.07521 ];32.0;218.0;94.0;156.0
AltesHerzwirdwiederJung-133888.jpeg;F;F;Maria_Landrock;[124.30841   23.563648 155.5346    67.91022 ];30.0;161.0;66.0;125.0
AltesHerzwirdwiederJung-133888.jpeg;M;F;Maria_Landrock;[245.76012 122.73511 281.28177 192.18262];30.0;161.0;66.0;125.0
AltesHerzwirdwiederJung-138240.jpeg;M;M;Emil_Jannings;[108.162766  41.463913 174.87712  131.3122  ];59.0;176.0;122.0;114.0
AltesHerzwirdwiederJung-138368.jpeg;M;M;Emil_Jannings;[107.55373   29.478508 172.9609   125.100296];47.0;179.0;121.0;104.0
AltesHerzwirdwiederJung-138496.jpeg;M;M;Emil_Jannings;[112.62591  43.42475 178.09645 133.83432];55.0;187.0;130.0;113.0
AltesHerzwirdwiederJung-143744.jpeg;M;M;Emil_Jannings;[112.32861   47.396877 164.4843   120.856705];59.0;170.0;122.0;107.0
AltesHerzwirdwiederJung-147968.jpeg;M;M;Emil_Jannings;[19.929554 48.09594  50.884933 90.71836 ];46.0;184.0;89.0;141.0
AltesHerzwirdwiederJung-147968.jpeg;M;M;Emil_Jannings;[150.2851    37.567543 188.28563   93.91202 ];46.0;184.0;89.0;141.0
AltesHerzwirdwiederJung-147968.jpeg;M;M;Emil_Jannings;[253.67744   50.661377 283.1903   105.10635 ];46.0;184.0;89.0;141.0
AltesHerzwirdwiederJung-149760.jpeg;F;M;Emil_Jannings;[170.47952  37.76788 204.26434  86.79063];32.0;118.0;84.0;66.0
AltesHerzwirdwiederJung-149760.jpeg;M;M;Emil_Jannings;[ 65.43291   17.540482 113.74653   85.154465];32.0;118.0;84.0;66.0
AltesHerzwirdwiederJung-149760.jpeg;F;M;Emil_Jannings;[230.58318  41.7369  264.9227   98.48152];32.0;118.0;84.0;66.0
AltesHerzwirdwiederJung-149760.jpeg;M;M;Emil_Jannings;[261.81705  56.30938 293.63177 110.82239];32.0;118.0;84.0;66.0
AltesHerzwirdwiederJung-149888.jpeg;F;F;Elisabeth_Flickenschild;[177.65588   35.88015  210.60529   84.351776];41.0;213.0;84.0;170.0
AltesHerzwirdwiederJung-149888.jpeg;M;F;Elisabeth_Flickenschild;[ 81.4525    21.040127 121.475685  83.25696 ];41.0;213.0;84.0;170.0
AltesHerzwirdwiederJung-149888.jpeg;F;F;Elisabeth_Flickenschild;[242.62573   40.906372 282.81934  103.31897 ];41.0;213.0;84.0;170.0
AltesHerzwirdwiederJung-149888.jpeg;M;F;Elisabeth_Flickenschild;[217.25099  57.46627 245.73541  97.9708 ];41.0;213.0;84.0;170.0
AltesHerzwirdwiederJung-150272.jpeg;F;F;Elisabeth_Flickenschild;[178.72142   37.511642 212.07518   87.04947 ];41.0;213.0;84.0;170.0
AltesHerzwirdwiederJung-150272.jpeg;M;F;Elisabeth_Flickenschild;[ 91.82153  20.13712 134.76515  85.04138];41.0;213.0;84.0;170.0
AltesHerzwirdwiederJung-150272.jpeg;F;F;Elisabeth_Flickenschild;[ 18.222555  35.594692  51.120132 106.705536];41.0;213.0;84.0;170.0
AltesHerzwirdwiederJung-150272.jpeg;M;F;Elisabeth_Flickenschild;[267.9354    45.646683 296.80637   99.716515];41.0;213.0;84.0;170.0
AltesHerzwirdwiederJung-150272.jpeg;F;F;Elisabeth_Flickenschild;[240.98764   38.379883 275.61893   91.78816 ];41.0;213.0;84.0;170.0
AltesHerzwirdwiederJung-154112.jpeg;M;M;Emil_Jannings;[150.09909   30.082958 209.46704  117.56412 ];38.0;212.0;113.0;137.0
AltesHerzwirdwiederJung-154368.jpeg;M;M;Emil_Jannings;[156.23245  34.83842 215.40042 120.35297];53.0;225.0;115.0;163.0
AltesHerzwirdwiederJung-155136.jpeg;M;M;Emil_Jannings;[162.10046   26.934181 214.3635   110.2516  ];39.0;232.0;101.0;170.0
AltesHerzwirdwiederJung-18048.jpeg;M;M;Emil_Jannings;[118.594666  69.10106  160.03012  126.8428  ];79.0;165.0;122.0;122.0
AltesHerzwirdwiederJung-20992.jpeg;M;M;Emil_Jannings;[120.02305  24.63561 166.73904  93.59915];38.0;170.0;90.0;118.0
AltesHerzwirdwiederJung-21632.jpeg;M;M;Emil_Jannings;[116.035515  26.517296 161.82845   92.57321 ];38.0;164.0;90.0;112.0
AltesHerzwirdwiederJung-22016.jpeg;M;M;Emil_Jannings;[119.8926    38.658295 165.14827  104.64545 ];55.0;165.0;98.0;122.0
AltesHerzwirdwiederJung-25856.jpeg;M;M;Emil_Jannings;[143.50763   28.064142 174.55862   73.11252 ];101.0;112.0;153.0;60.0
AltesHerzwirdwiederJung-25856.jpeg;M;M;Emil_Jannings;[228.61711  29.20599 273.44943  98.10366];101.0;112.0;153.0;60.0
AltesHerzwirdwiederJung-25856.jpeg;M;M;Emil_Jannings;[ 64.34598   85.425606 118.4216   160.14313 ];101.0;112.0;153.0;60.0
AltesHerzwirdwiederJung-27776.jpeg;M;M;Emil_Jannings;[127.92948   27.228073 182.48888  103.41931 ];39.0;176.0;101.0;114.0
AltesHerzwirdwiederJung-28544.jpeg;M;M;Emil_Jannings;[129.3974    25.928097 186.36833  105.39168 ];39.0;183.0;101.0;121.0
AltesHerzwirdwiederJung-28672.jpeg;M;M;Emil_Jannings;[127.89628   27.672993 183.8071   104.44773 ];39.0;176.0;101.0;114.0
AltesHerzwirdwiederJung-28800.jpeg;M;M;Emil_Jannings;[133.5922    25.16724  190.24348  102.819084];39.0;183.0;101.0;121.0
AltesHerzwirdwiederJung-28928.jpeg;M;M;Emil_Jannings;[142.30551   28.984516 197.53992  103.88599 ];39.0;197.0;101.0;135.0
AltesHerzwirdwiederJung-29312.jpeg;M;M;Emil_Jannings;[176.5006    50.39442  230.54291  122.851204];72.0;227.0;124.0;175.0
AltesHerzwirdwiederJung-30592.jpeg;M;M;Emil_Jannings;[150.62083   26.483555 207.31749  108.526276];39.0;211.0;101.0;149.0
AltesHerzwirdwiederJung-30720.jpeg;M;M;Emil_Jannings;[138.20815   25.028217 194.22398  105.320885];39.0;190.0;101.0;128.0
AltesHerzwirdwiederJung-38400.jpeg;M;M;Emil_Jannings;[110.053665  30.123337 158.25395  100.657295];44.0;152.0;95.0;101.0
AltesHerzwirdwiederJung-47360.jpeg;M;M;Emil_Jannings;[151.57004   35.351467 203.77214  109.577484];46.0;197.0;108.0;135.0
AltesHerzwirdwiederJung-47488.jpeg;M;M;Emil_Jannings;[141.9839    38.477913 195.7593   115.76756 ];53.0;190.0;115.0;128.0
AltesHerzwirdwiederJung-48384.jpeg;M;M;Emil_Jannings;[203.12929  34.45826 241.0714   92.0611 ];46.0;242.0;89.0;199.0
AltesHerzwirdwiederJung-48384.jpeg;M;M;Emil_Jannings;[117.17848  45.80787 144.88312  96.94951];46.0;242.0;89.0;199.0
AltesHerzwirdwiederJung-48768.jpeg;M;M;Emil_Jannings;[165.38501   26.268948 216.83173  104.02995 ];39.0;211.0;101.0;149.0
AltesHerzwirdwiederJung-48768.jpeg;M;M;Emil_Jannings;[120.73831  46.6861  148.9636  116.31233];39.0;211.0;101.0;149.0
AltesHerzwirdwiederJung-48896.jpeg;M;M;Emil_Jannings;[164.73666   27.056133 215.57751  103.448944];39.0;218.0;101.0;156.0
AltesHerzwirdwiederJung-68864.jpeg;M;M;Emil_Jannings;[111.864006  23.475449 168.33191  100.152054];32.0;170.0;94.0;107.0
AltesHerzwirdwiederJung-71168.jpeg;M;M;Emil_Jannings;[171.89998   25.578331 217.51193   90.82097 ];38.0;216.0;90.0;164.0
AltesHerzwirdwiederJung-73472.jpeg;M;M;Emil_Jannings;[100.59102   29.977644 140.64465   87.67241 ];41.0;146.0;84.0;103.0
AltesHerzwirdwiederJung-84608.jpeg;F;F;Maria_Landrock;[107.948715  34.917736 149.7122    89.223755];38.0;158.0;90.0;106.0
AltesHerzwirdwiederJung-86400.jpeg;F;F;Maria_Landrock;[ 85.59086   33.74433  123.99072   87.907875];46.0;125.0;82.0;89.0
AltesHerzwirdwiederJung-9344.jpeg;F;F;Maria_Landrock;[101.85689  82.40051 136.04439 131.36685];89.0;146.0;132.0;103.0
AltesHerzwirdwiederJung-9344.jpeg;F;F;Maria_Landrock;[211.54695   27.606937 246.33073   90.40688 ];89.0;146.0;132.0;103.0
AltesHerzwirdwiederJung-93440.jpeg;F;M;Emil_Jannings;[193.78688  47.54622 221.95103  95.31768];49.0;141.0;101.0;89.0
AltesHerzwirdwiederJung-93440.jpeg;M;M;Emil_Jannings;[101.37192   45.045586 142.19469  102.617004];49.0;141.0;101.0;89.0
AltesHerzwirdwiederJung-94720.jpeg;M;M;Emil_Jannings;[118.23811   39.668518 155.06767   85.13808 ];46.0;153.0;82.0;117.0
AltesHerzwirdwiederJung-9984.jpeg;F;F;Maria_Landrock;[ 84.85927  80.40498 118.98969 128.05011];90.0;125.0;126.0;89.0
AltesHerzwirdwiederJung-9984.jpeg;M;F;Maria_Landrock;[198.32082   35.951763 244.16351   92.403534];90.0;125.0;126.0;89.0
AmphitryonakaLesDieuxsamusentia-131927.jpeg;M;F;Adele_Sandrock;[430.8721    32.479595 482.11017  109.196   ];38.0;478.0;113.0;403.0
AmphitryonakaLesDieuxsamusentia-13238.jpeg;F;F;Hilde_Hildebrand;[339.43884  91.28752 480.05563 320.9628 ];133.0;459.0;288.0;304.0
AmphitryonakaLesDieuxsamusentia-139157.jpeg;M;M;Willy_Fritsch;[436.84964  71.27453 580.78595 288.6512 ];98.0;572.0;284.0;386.0
AmphitryonakaLesDieuxsamusentia-141920.jpeg;M;M;Willy_Fritsch;[253.43599 114.07789 381.36636 304.47327];133.0;425.0;288.0;270.0
AmphitryonakaLesDieuxsamusentia-25041.jpeg;M;F;Hilde_Hildebrand;[452.7319   82.34597 540.28357 203.57594];104.0;247.0;211.0;139.0
AmphitryonakaLesDieuxsamusentia-25041.jpeg;F;F;Hilde_Hildebrand;[146.24155  86.771   225.96692 212.63731];104.0;247.0;211.0;139.0
AmphitryonakaLesDieuxsamusentia-42860.jpeg;M;M;Willy_Fritsch;[ 96.402145 199.01474  191.68347  339.16858 ];211.0;199.0;319.0;91.0
AmphitryonakaLesDieuxsamusentia-42860.jpeg;F;M;Willy_Fritsch;[482.8812    54.644123 567.936    162.61412 ];211.0;199.0;319.0;91.0
AmphitryonakaLesDieuxsamusentia-45428.jpeg;F;F;Hilde_Hildebrand;[442.17365 112.04762 514.2548  220.96951];116.0;426.0;223.0;318.0
AmphitryonakaLesDieuxsamusentia-45428.jpeg;M;F;Hilde_Hildebrand;[320.6063  118.77622 393.42334 223.04985];116.0;426.0;223.0;318.0
AmphitryonakaLesDieuxsamusentia-45428.jpeg;F;F;Hilde_Hildebrand;[186.10754  80.34724 256.82477 219.8993 ];116.0;426.0;223.0;318.0
AmphitryonakaLesDieuxsamusentia-53279.jpeg;M;M;Willy_Fritsch;[468.09634  119.396164 573.7199   269.33463 ];152.0;557.0;259.0;450.0
AmphitryonakaLesDieuxsamusentia-53519.jpeg;M;M;Willy_Fritsch;[480.04788 163.41829 586.7591  318.70908];199.0;581.0;307.0;474.0
AmphitryonakaLesDieuxsamusentia-53519.jpeg;M;M;Willy_Fritsch;[ 53.980915 183.7957   153.75378  385.45172 ];199.0;581.0;307.0;474.0
AmphitryonakaLesDieuxsamusentia-53913.jpeg;M;M;Willy_Fritsch;[176.97408 217.33589 277.47858 370.47568];98.0;675.0;284.0;489.0
AmphitryonakaLesDieuxsamusentia-53913.jpeg;F;M;Willy_Fritsch;[556.77124   49.779686 698.973    301.6691  ];98.0;675.0;284.0;489.0
AmphitryonakaLesDieuxsamusentia-70351.jpeg;M;F;Hilde_Hildebrand;[272.94266 104.91856 436.09244 347.49954];118.0;439.0;341.0;216.0
AmphitryonakaLesDieuxsamusentia-71692.jpeg;F;F;Hilde_Hildebrand;[210.4775  165.48372 256.8656  234.86957];176.0;250.0;228.0;199.0
AmphitryonakaLesDieuxsamusentia-71692.jpeg;M;F;Hilde_Hildebrand;[444.7434  136.1128  485.52075 205.11787];176.0;250.0;228.0;199.0
AmphitryonakaLesDieuxsamusentia-71692.jpeg;M;F;Hilde_Hildebrand;[322.10565 154.70732 359.48657 224.0925 ];176.0;250.0;228.0;199.0
AmphitryonakaLesDieuxsamusentia-71692.jpeg;M;F;Hilde_Hildebrand;[536.16406  69.50081 573.9092  151.84155];176.0;250.0;228.0;199.0
AmphitryonakaLesDieuxsamusentia-74056.jpeg;M;F;Hilde_Hildebrand;[209.31836   79.473785 254.74873  147.0641  ];90.0;262.0;141.0;210.0
AmphitryonakaLesDieuxsamusentia-74056.jpeg;M;F;Hilde_Hildebrand;[312.4292   81.26119 356.16083 147.78899];90.0;262.0;141.0;210.0
AmphitryonakaLesDieuxsamusentia-74056.jpeg;M;F;Hilde_Hildebrand;[438.1566   96.65589 480.34357 156.48749];90.0;262.0;141.0;210.0
AmphitryonakaLesDieuxsamusentia-74056.jpeg;F;F;Hilde_Hildebrand;[523.6045   91.45197 565.68134 150.4324 ];90.0;262.0;141.0;210.0
AmphitryonakaLesDieuxsamusentia-74287.jpeg;M;F;Hilde_Hildebrand;[330.10602 155.08356 378.8176  218.52194];164.0;371.0;216.0;319.0
AmphitryonakaLesDieuxsamusentia-76346.jpeg;M;F;Hilde_Hildebrand;[430.69583 311.20905 511.67377 430.4012 ];325.0;504.0;415.0;414.0
AmphitryonakaLesDieuxsamusentia-76346.jpeg;F;F;Hilde_Hildebrand;[627.5348  425.09256 682.62396 499.93555];325.0;504.0;415.0;414.0
AmphitryonakaLesDieuxsamusentia-76826.jpeg;F;M;Willy_Fritsch;[318.87842   93.972015 394.37256  200.45964 ];106.0;404.0;196.0;315.0
AmphitryonakaLesDieuxsamusentia-76826.jpeg;M;M;Willy_Fritsch;[ 89.08873 223.85179 146.73439 299.22217];106.0;404.0;196.0;315.0
AmphitryonakaLesDieuxsamusentia-77692.jpeg;M;F;Hilde_Hildebrand;[189.52509   77.321175 280.88235  232.8232  ];187.0;426.0;295.0;318.0
AmphitryonakaLesDieuxsamusentia-77692.jpeg;F;F;Hilde_Hildebrand;[309.45193 170.67264 391.0241  294.53253];187.0;426.0;295.0;318.0
AmphitryonakaLesDieuxsamusentia-77872.jpeg;M;F;Hilde_Hildebrand;[158.87497  94.08516 250.01341 260.74808];152.0;438.0;259.0;330.0
AmphitryonakaLesDieuxsamusentia-77872.jpeg;F;F;Hilde_Hildebrand;[320.03732 141.69739 400.93036 268.04608];152.0;438.0;259.0;330.0
AmphitryonakaLesDieuxsamusentia-8594.jpeg;F;F;Hilde_Hildebrand;[242.93497  64.89869 492.07208 453.87082];112.0;468.0;379.0;200.0
AmphitryonakaLesDieuxsamusentia-86815.jpeg;M;M;Willy_Fritsch;[269.60947   50.926502 335.1835   149.2588  ];63.0;320.0;138.0;245.0
AmphitryonakaLesDieuxsamusentia-86815.jpeg;M;M;Willy_Fritsch;[538.2255  206.9866  607.74884 300.80988];63.0;320.0;138.0;245.0
AmphitryonakaLesDieuxsamusentia-88700.jpeg;M;M;Willy_Fritsch;[107.01805 215.66718 189.28401 321.41412];211.0;187.0;319.0;79.0
AmphitryonakaLesDieuxsamusentia-88940.jpeg;M;M;Willy_Fritsch;[105.9809  214.31174 188.39401 318.37054];211.0;187.0;319.0;79.0
AmphitryonakaLesDieuxsamusentia-88940.jpeg;M;M;Willy_Fritsch;[414.77475 220.7388  489.6191  345.98782];211.0;187.0;319.0;79.0
BelAmiia-101185.jpeg;M;F;Hilde_Hildebrand;[309.23605 426.93106 375.82422 509.95026];426.0;619.0;488.0;557.0
BelAmiia-101185.jpeg;F;F;Hilde_Hildebrand;[120.355415 347.1587   178.1943   422.7361  ];426.0;619.0;488.0;557.0
BelAmiia-101185.jpeg;M;F;Hilde_Hildebrand;[554.00446 412.4003  617.58954 492.84583];426.0;619.0;488.0;557.0
BelAmiia-101185.jpeg;M;F;Hilde_Hildebrand;[ 74.230835 441.8372   144.38875  530.55286 ];426.0;619.0;488.0;557.0
BelAmiia-101185.jpeg;M;F;Hilde_Hildebrand;[361.97433 195.9424  385.36203 225.92793];426.0;619.0;488.0;557.0
BelAmiia-101185.jpeg;M;F;Hilde_Hildebrand;[636.9011  336.49158 685.80237 401.364  ];426.0;619.0;488.0;557.0
BelAmiia-101185.jpeg;M;F;Hilde_Hildebrand;[484.96817 365.51083 535.77356 430.494  ];426.0;619.0;488.0;557.0
BelAmiia-101185.jpeg;M;F;Hilde_Hildebrand;[314.63675 201.66682 339.28452 231.30164];426.0;619.0;488.0;557.0
BelAmiia-101185.jpeg;M;F;Hilde_Hildebrand;[110.92114 300.53485 149.13347 350.85544];426.0;619.0;488.0;557.0
BelAmiia-101185.jpeg;M;F;Hilde_Hildebrand;[192.37973 315.4805  227.66441 372.43243];426.0;619.0;488.0;557.0
BelAmiia-101185.jpeg;M;F;Hilde_Hildebrand;[ -2.2861168 331.41574    56.017303  409.72574  ];426.0;619.0;488.0;557.0
BelAmiia-101185.jpeg;M;F;Hilde_Hildebrand;[577.5392  323.9569  634.3295  399.31567];426.0;619.0;488.0;557.0
BelAmiia-101185.jpeg;M;F;Hilde_Hildebrand;[ 40.681866 314.82455   81.5373   391.98566 ];426.0;619.0;488.0;557.0
BelAmiia-102382.jpeg;F;F;Hilde_Hildebrand;[412.60706  97.07989 510.73657 223.0768 ];116.0;497.0;223.0;390.0
BelAmiia-102382.jpeg;M;F;Hilde_Hildebrand;[205.55585 206.64941 309.25208 370.49295];116.0;497.0;223.0;390.0
BelAmiia-102382.jpeg;M;F;Hilde_Hildebrand;[102.78269 238.03755 144.3123  293.35406];116.0;497.0;223.0;390.0
BelAmiia-102632.jpeg;M;F;Hilde_Hildebrand;[ 16.701145 255.01006  148.82895  436.3042  ];106.0;544.0;196.0;454.0
BelAmiia-102632.jpeg;F;F;Hilde_Hildebrand;[462.04126   83.335396 552.3221   206.97215 ];106.0;544.0;196.0;454.0
BelAmiia-102632.jpeg;F;F;Hilde_Hildebrand;[112.621666 178.28752  162.4971   266.82095 ];106.0;544.0;196.0;454.0
BelAmiia-102753.jpeg;M;F;Hilde_Hildebrand;[154.55896 211.66298 270.5388  355.5659 ];86.0;474.0;176.0;384.0
BelAmiia-102753.jpeg;M;F;Hilde_Hildebrand;[395.81152  65.25896 477.6369  179.91158];86.0;474.0;176.0;384.0
BelAmiia-103967.jpeg;M;F;Hilde_Hildebrand;[210.94838 257.4222  330.88364 419.29147];106.0;514.0;196.0;424.0
BelAmiia-103967.jpeg;F;F;Hilde_Hildebrand;[424.0007    92.960594 510.72275  202.84433 ];106.0;514.0;196.0;424.0
BelAmiia-103967.jpeg;M;F;Hilde_Hildebrand;[  3.9253292 148.78322    46.292156  209.48964  ];106.0;514.0;196.0;424.0
BelAmiia-104217.jpeg;F;M;Willi_Forst;[144.43205 264.9849  209.84848 347.76947];142.0;333.0;185.0;290.0
BelAmiia-104217.jpeg;M;M;Willi_Forst;[289.15652 133.91139 324.6958  189.10458];142.0;333.0;185.0;290.0
BelAmiia-104217.jpeg;M;M;Willi_Forst;[489.62524 156.97641 541.10596 233.69872];142.0;333.0;185.0;290.0
BelAmiia-104217.jpeg;F;M;Willi_Forst;[251.2205  169.53542 295.6867  233.0487 ];142.0;333.0;185.0;290.0
BelAmiia-105351.jpeg;M;M;Willi_Forst;[394.11517 155.04456 464.48944 254.4201 ];82.0;569.0;211.0;440.0
BelAmiia-105351.jpeg;M;M;Willi_Forst;[480.0382    80.510155 569.6565   213.61534 ];82.0;569.0;211.0;440.0
BelAmiia-105351.jpeg;M;M;Willi_Forst;[145.46243 156.94458 191.61383 235.77606];82.0;569.0;211.0;440.0
BelAmiia-105601.jpeg;M;F;Olga_Tschechowa;[380.62265 350.5013  408.1525  384.7324 ];350.0;409.0;386.0;373.0
BelAmiia-105601.jpeg;M;F;Olga_Tschechowa;[570.7132  406.4207  608.78503 453.96555];350.0;409.0;386.0;373.0
BelAmiia-105601.jpeg;M;F;Olga_Tschechowa;[440.93088 357.2396  469.63953 393.56046];350.0;409.0;386.0;373.0
BelAmiia-105601.jpeg;M;F;Olga_Tschechowa;[636.2364  353.51086 671.2527  395.68018];350.0;409.0;386.0;373.0
BelAmiia-105601.jpeg;M;F;Olga_Tschechowa;[332.4988  436.46344 365.91107 473.28207];350.0;409.0;386.0;373.0
BelAmiia-105601.jpeg;M;F;Olga_Tschechowa;[500.37732 410.43912 531.3685  449.62595];350.0;409.0;386.0;373.0
BelAmiia-105601.jpeg;M;F;Olga_Tschechowa;[586.73444 364.14172 615.6347  397.15933];350.0;409.0;386.0;373.0
BelAmiia-105601.jpeg;M;F;Olga_Tschechowa;[575.0716  278.25342 594.16144 299.96924];350.0;409.0;386.0;373.0
BelAmiia-105601.jpeg;M;F;Olga_Tschechowa;[646.55    281.8041  665.74554 302.58875];350.0;409.0;386.0;373.0
BelAmiia-105601.jpeg;M;F;Olga_Tschechowa;[387.15363 429.3928  418.73804 472.07822];350.0;409.0;386.0;373.0
BelAmiia-105601.jpeg;M;F;Olga_Tschechowa;[502.38104 297.7086  524.3682  327.00284];350.0;409.0;386.0;373.0
BelAmiia-105601.jpeg;M;F;Olga_Tschechowa;[574.93207 332.0725  597.8317  358.55667];350.0;409.0;386.0;373.0
BelAmiia-105601.jpeg;M;F;Olga_Tschechowa;[473.4745  322.00214 495.0516  347.68182];350.0;409.0;386.0;373.0
BelAmiia-105601.jpeg;M;F;Olga_Tschechowa;[302.16904 284.09094 320.40222 310.42548];350.0;409.0;386.0;373.0
BelAmiia-105601.jpeg;M;F;Olga_Tschechowa;[279.19147 303.8904  300.76053 329.83124];350.0;409.0;386.0;373.0
BelAmiia-105601.jpeg;F;F;Olga_Tschechowa;[479.42612 357.753   503.01828 391.68475];350.0;409.0;386.0;373.0
BelAmiia-105601.jpeg;M;F;Olga_Tschechowa;[622.612   269.8421  642.123   295.58652];350.0;409.0;386.0;373.0
BelAmiia-105601.jpeg;M;F;Olga_Tschechowa;[473.71976 466.0536  513.03375 522.6452 ];350.0;409.0;386.0;373.0
BelAmiia-105601.jpeg;M;F;Olga_Tschechowa;[496.2897  247.73671 510.63263 266.2694 ];350.0;409.0;386.0;373.0
BelAmiia-105601.jpeg;F;F;Olga_Tschechowa;[176.05235 290.29834 191.38503 310.7928 ];350.0;409.0;386.0;373.0
BelAmiia-105601.jpeg;M;F;Olga_Tschechowa;[ 93.359665 378.50497  113.54854  412.2057  ];350.0;409.0;386.0;373.0
BelAmiia-105601.jpeg;F;F;Olga_Tschechowa;[356.97614 502.87082 385.31284 549.1637 ];350.0;409.0;386.0;373.0
BelAmiia-105601.jpeg;F;F;Olga_Tschechowa;[150.89684 284.16568 165.06566 305.72055];350.0;409.0;386.0;373.0
BelAmiia-105601.jpeg;M;F;Olga_Tschechowa;[656.34204 259.34085 671.64624 277.71594];350.0;409.0;386.0;373.0
BelAmiia-105601.jpeg;M;F;Olga_Tschechowa;[608.57166 485.55148 637.1243  536.77423];350.0;409.0;386.0;373.0
BelAmiia-105601.jpeg;M;F;Olga_Tschechowa;[596.9364  248.83144 610.2856  267.08966];350.0;409.0;386.0;373.0
BelAmiia-105601.jpeg;F;F;Olga_Tschechowa;[ 49.065098 186.57768   58.229534 198.20035 ];350.0;409.0;386.0;373.0
BelAmiia-105601.jpeg;M;F;Olga_Tschechowa;[160.86365 343.34283 175.4576  373.30124];350.0;409.0;386.0;373.0
BelAmiia-109338.jpeg;M;M;Willi_Forst;[327.73923  45.80485 475.5534  271.2164 ];77.0;469.0;263.0;283.0
BelAmiia-110005.jpeg;M;F;Olga_Tschechowa;[178.63823 103.02686 252.53769 206.87448];32.0;556.0;84.0;504.0
BelAmiia-110005.jpeg;M;F;Olga_Tschechowa;[582.24084   32.351105 646.8044   119.44756 ];32.0;556.0;84.0;504.0
BelAmiia-110005.jpeg;F;F;Olga_Tschechowa;[328.9904  270.5317  389.85507 367.9383 ];32.0;556.0;84.0;504.0
BelAmiia-110005.jpeg;F;F;Olga_Tschechowa;[512.3305    25.691122 559.4747    83.15523 ];32.0;556.0;84.0;504.0
BelAmiia-110005.jpeg;M;F;Olga_Tschechowa;[212.53604 235.51035 285.7841  352.19446];32.0;556.0;84.0;504.0
BelAmiia-110005.jpeg;M;F;Olga_Tschechowa;[310.22284    3.147374 356.5074    58.681885];32.0;556.0;84.0;504.0
BelAmiia-110005.jpeg;M;F;Olga_Tschechowa;[655.9064     6.614322 701.51245   72.228096];32.0;556.0;84.0;504.0
BelAmiia-110005.jpeg;M;F;Olga_Tschechowa;[572.2044  194.22812 640.42487 306.07138];32.0;556.0;84.0;504.0
BelAmiia-110005.jpeg;M;F;Olga_Tschechowa;[232.02892   62.435383 257.25797   93.71858 ];32.0;556.0;84.0;504.0
BelAmiia-110005.jpeg;M;F;Olga_Tschechowa;[144.88707 167.94562 177.72997 214.8867 ];32.0;556.0;84.0;504.0
BelAmiia-110005.jpeg;M;F;Olga_Tschechowa;[374.56952   32.34118  413.2275    75.799194];32.0;556.0;84.0;504.0
BelAmiia-110461.jpeg;M;M;Willi_Forst;[170.86491  83.04712 244.22276 187.7248 ];113.0;245.0;188.0;171.0
BelAmiia-110461.jpeg;M;M;Willi_Forst;[524.16473  111.305595 585.25867  213.96771 ];113.0;245.0;188.0;171.0
BelAmiia-110461.jpeg;M;M;Willi_Forst;[439.69107 190.74878 456.49246 213.95432];113.0;245.0;188.0;171.0
BelAmiia-111106.jpeg;M;M;Willi_Forst;[166.60945  103.905045 266.5735   246.25781 ];140.0;270.0;247.0;163.0
BelAmiia-111106.jpeg;F;M;Willi_Forst;[413.81454 189.9445  506.21017 312.99182];140.0;270.0;247.0;163.0
BelAmiia-111289.jpeg;M;M;Willi_Forst;[167.04335  99.56128 265.88727 241.82022];128.0;270.0;235.0;163.0
BelAmiia-111289.jpeg;F;M;Willi_Forst;[419.74872 193.82732 506.81805 315.77972];128.0;270.0;235.0;163.0
BelAmiia-111749.jpeg;M;M;Willi_Forst;[277.17236  63.5609  421.65436 272.09628];116.0;408.0;270.0;253.0
BelAmiia-111910.jpeg;M;M;Willi_Forst;[337.44232 142.20334 386.7291  209.28503];153.0;383.0;205.0;331.0
BelAmiia-111910.jpeg;F;M;Willi_Forst;[494.18066 282.10742 535.4712  336.5696 ];153.0;383.0;205.0;331.0
BelAmiia-111910.jpeg;M;M;Willi_Forst;[237.92108 299.688   276.47412 359.0083 ];153.0;383.0;205.0;331.0
BelAmiia-116036.jpeg;F;F;Hilde_Hildebrand;[404.3701   100.790825 508.74942  242.76486 ];128.0;497.0;235.0;390.0
BelAmiia-123061.jpeg;M;F;Ilse_Werner;[242.4158  117.9159  438.28802 384.23016];142.0;414.0;365.0;191.0
BelAmiia-123242.jpeg;F;F;Ilse_Werner;[298.38083   94.388466 379.10422  203.32973 ];106.0;374.0;196.0;285.0
BelAmiia-123342.jpeg;M;M;Willi_Forst;[301.24313  45.54341 396.86923 179.62596];68.0;402.0;175.0;294.0
BelAmiia-124015.jpeg;M;M;Willi_Forst;[306.73334  76.83233 428.387   253.02048];98.0;459.0;253.0;304.0
BelAmiia-124811.jpeg;M;M;Willi_Forst;[304.31247 104.86065 459.7014  361.91415];160.0;448.0;345.0;262.0
BelAmiia-126775.jpeg;M;M;Willi_Forst;[294.397    82.59294 464.92822 337.41113];118.0;464.0;341.0;241.0
BelAmiia-130014.jpeg;M;M;Willi_Forst;[379.56027 155.32631 442.65906 244.74933];171.0;444.0;246.0;370.0
BelAmiia-130264.jpeg;M;M;Willi_Forst;[309.20114  94.63131 424.3556  273.3952 ];116.0;425.0;270.0;270.0
BelAmiia-130626.jpeg;M;M;Willi_Forst;[323.83197   62.431683 432.23773  231.66931 ];81.0;442.0;236.0;287.0
BelAmiia-131177.jpeg;M;M;Willi_Forst;[304.54788  85.44912 400.83734 233.73473];116.0;390.0;223.0;282.0
BelAmiia-13208.jpeg;M;M;Willi_Forst;[333.43164  26.75854 397.06406 109.96202];38.0;403.0;113.0;328.0
BelAmiia-13208.jpeg;M;M;Willi_Forst;[ 86.825264 279.58325  154.77724  369.28333 ];38.0;403.0;113.0;328.0
BelAmiia-13208.jpeg;M;M;Willi_Forst;[522.6012  106.09356 571.3312  175.67793];38.0;403.0;113.0;328.0
BelAmiia-13208.jpeg;M;M;Willi_Forst;[208.3354  343.4545  260.6153  408.54282];38.0;403.0;113.0;328.0
BelAmiia-13208.jpeg;M;M;Willi_Forst;[589.2561  251.76343 653.5352  326.50223];38.0;403.0;113.0;328.0
BelAmiia-13208.jpeg;M;M;Willi_Forst;[435.31207 404.84018 573.5734  591.7468 ];38.0;403.0;113.0;328.0
BelAmiia-132129.jpeg;M;M;Willi_Forst;[410.83002  47.44234 486.74054 197.78644];82.0;325.0;211.0;196.0
BelAmiia-132129.jpeg;M;M;Willi_Forst;[188.70706   48.868786 285.28027  212.6329  ];82.0;325.0;211.0;196.0
BelAmiia-136867.jpeg;F;F;Hilde_Hildebrand;[272.08484  66.5477  312.1851  116.16443];70.0;309.0;113.0;266.0
BelAmiia-136867.jpeg;M;F;Hilde_Hildebrand;[361.01495   38.204926 396.42004  103.94304 ];70.0;309.0;113.0;266.0
BelAmiia-19488.jpeg;F;M;Willi_Forst;[330.26172 244.40515 401.9711  338.7662 ];175.0;497.0;283.0;390.0
BelAmiia-19488.jpeg;M;M;Willi_Forst;[194.74863   53.204807 273.92703  148.46838 ];175.0;497.0;283.0;390.0
BelAmiia-19488.jpeg;M;M;Willi_Forst;[434.81903 160.5933  507.7994  286.1607 ];175.0;497.0;283.0;390.0
BelAmiia-25205.jpeg;M;M;Johannes_Riemann;[283.70813  25.94235 334.9998   98.30027];25.0;467.0;87.0;405.0
BelAmiia-25205.jpeg;M;M;Johannes_Riemann;[414.7103    17.783674 469.41827   84.117546];25.0;467.0;87.0;405.0
BelAmiia-26957.jpeg;M;M;Willi_Forst;[343.53253 117.25927 432.93604 246.71635];140.0;426.0;247.0;318.0
BelAmiia-26957.jpeg;M;F;Hilde_Hildebrand;[343.53253 117.25927 432.93604 246.71635];255.0;275.0;345.0;185.0
BelAmiia-26957.jpeg;F;M;Willi_Forst;[174.54422 240.77759 256.59787 356.3794 ];140.0;426.0;247.0;318.0
BelAmiia-26957.jpeg;F;F;Hilde_Hildebrand;[174.54422 240.77759 256.59787 356.3794 ];255.0;275.0;345.0;185.0
BelAmiia-26957.jpeg;M;M;Willi_Forst;[476.4377  181.27217 538.2009  315.38788];140.0;426.0;247.0;318.0
BelAmiia-26957.jpeg;M;F;Hilde_Hildebrand;[476.4377  181.27217 538.2009  315.38788];255.0;275.0;345.0;185.0
BelAmiia-27313.jpeg;M;F;Olga_Tschechowa;[263.83502 152.33015 365.82193 297.25223];187.0;366.0;295.0;259.0
BelAmiia-27998.jpeg;F;F;Hilde_Hildebrand;[531.12396 223.30733 564.4569  268.53485];230.0;561.0;266.0;525.0
BelAmiia-27998.jpeg;M;F;Hilde_Hildebrand;[474.931   203.05524 508.55112 247.93439];230.0;561.0;266.0;525.0
BelAmiia-27998.jpeg;M;F;Hilde_Hildebrand;[414.9149  212.22762 443.3597  248.43626];230.0;561.0;266.0;525.0
BelAmiia-27998.jpeg;M;F;Hilde_Hildebrand;[332.82843 186.51404 363.02725 228.00064];230.0;561.0;266.0;525.0
BelAmiia-27998.jpeg;F;F;Hilde_Hildebrand;[100.64967 272.83188 139.05704 320.2452 ];230.0;561.0;266.0;525.0
BelAmiia-27998.jpeg;M;F;Hilde_Hildebrand;[222.88885 188.65298 248.48773 225.16914];230.0;561.0;266.0;525.0
BelAmiia-27998.jpeg;M;F;Hilde_Hildebrand;[145.32335 190.90117 171.24773 227.09807];230.0;561.0;266.0;525.0
BelAmiia-27998.jpeg;M;F;Hilde_Hildebrand;[100.496635 222.7326   134.2413   265.81424 ];230.0;561.0;266.0;525.0
BelAmiia-27998.jpeg;M;F;Hilde_Hildebrand;[209.41283 281.5646  247.72115 350.46707];230.0;561.0;266.0;525.0
BelAmiia-27998.jpeg;M;F;Hilde_Hildebrand;[560.60297 299.3322  601.4296  365.89005];230.0;561.0;266.0;525.0
BelAmiia-27998.jpeg;F;F;Hilde_Hildebrand;[593.5289  253.2775  627.5505  297.51364];230.0;561.0;266.0;525.0
BelAmiia-27998.jpeg;M;F;Hilde_Hildebrand;[623.4574  291.3813  658.7614  343.12897];230.0;561.0;266.0;525.0
BelAmiia-27998.jpeg;M;F;Hilde_Hildebrand;[349.62704 320.22583 382.78915 372.77792];230.0;561.0;266.0;525.0
BelAmiia-28346.jpeg;F;F;Hilde_Hildebrand;[ 43.003384 189.1412   117.373375 300.53604 ];196.0;135.0;285.0;46.0
BelAmiia-28346.jpeg;F;F;Hilde_Hildebrand;[498.46753 190.36151 563.2318  312.71378];196.0;135.0;285.0;46.0
BelAmiia-28346.jpeg;M;F;Hilde_Hildebrand;[192.02858 167.43608 259.75375 290.7861 ];196.0;135.0;285.0;46.0
BelAmiia-28959.jpeg;M;M;Willi_Forst;[381.50046 139.13422 429.6982  215.17242];159.0;423.0;211.0;371.0
BelAmiia-28959.jpeg;F;M;Willi_Forst;[640.5497  134.99878 692.82983 229.16888];159.0;423.0;211.0;371.0
BelAmiia-28959.jpeg;F;M;Willi_Forst;[512.6261  192.74898 549.34094 259.155  ];159.0;423.0;211.0;371.0
BelAmiia-30532.jpeg;M;F;Olga_Tschechowa;[219.17368 100.9654  307.90656 225.69174];126.0;315.0;216.0;225.0
BelAmiia-30532.jpeg;M;F;Olga_Tschechowa;[623.30774  74.04931 706.44684 214.14328];126.0;315.0;216.0;225.0
BelAmiia-30782.jpeg;M;F;Olga_Tschechowa;[ 66.12631 119.69339 127.25761 203.12314];136.0;344.0;226.0;255.0
BelAmiia-30782.jpeg;M;F;Olga_Tschechowa;[241.08588  120.277664 326.69177  223.90413 ];136.0;344.0;226.0;255.0
BelAmiia-30782.jpeg;M;F;Olga_Tschechowa;[433.60678  57.67693 516.37537 196.16618];136.0;344.0;226.0;255.0
BelAmiia-30782.jpeg;M;F;Olga_Tschechowa;[121.5601  170.6386  165.53146 234.22755];136.0;344.0;226.0;255.0
BelAmiia-30782.jpeg;M;F;Olga_Tschechowa;[404.84656 142.29036 440.53943 193.75288];136.0;344.0;226.0;255.0
BelAmiia-32899.jpeg;M;M;Willi_Forst;[540.39087   54.804844 610.28314  157.81871 ];80.0;602.0;155.0;527.0
BelAmiia-35613.jpeg;M;M;Willi_Forst;[344.72412  78.71811 438.29767 216.29442];104.0;426.0;211.0;318.0
BelAmiia-35613.jpeg;F;M;Willi_Forst;[158.95908  91.34109 233.17175 227.59267];104.0;426.0;211.0;318.0
BelAmiia-38555.jpeg;F;F;Hilde_Hildebrand;[420.6947    67.165535 494.92725  173.08745 ];88.0;494.0;163.0;419.0
BelAmiia-40346.jpeg;M;F;Hilde_Hildebrand;[474.1528   117.386765 566.5796   244.85347 ];128.0;569.0;235.0;462.0
BelAmiia-41869.jpeg;M;F;Olga_Tschechowa;[408.1757   85.24286 464.77032 168.89693];121.0;262.0;196.0;187.0
BelAmiia-41869.jpeg;F;F;Olga_Tschechowa;[206.88155 122.66782 265.69104 199.44235];121.0;262.0;196.0;187.0
BelAmiia-41869.jpeg;M;F;Olga_Tschechowa;[357.9439  152.73306 386.36853 197.00014];121.0;262.0;196.0;187.0
BelAmiia-42931.jpeg;M;F;Olga_Tschechowa;[279.6029   72.77326 364.2715  190.07047];96.0;374.0;186.0;285.0
BelAmiia-43847.jpeg;M;F;Olga_Tschechowa;[199.66025  64.25215 261.39972 153.84636];72.0;278.0;146.0;204.0
BelAmiia-4410.jpeg;M;M;Willi_Forst;[203.12383 132.58006 273.5729  234.71446];44.0;438.0;152.0;330.0
BelAmiia-4410.jpeg;M;M;Willi_Forst;[365.90683   37.371353 448.13263  157.62323 ];44.0;438.0;152.0;330.0
BelAmiia-44711.jpeg;M;F;Olga_Tschechowa;[303.50287  69.99167 388.72702 193.32108];96.0;374.0;186.0;285.0
BelAmiia-46194.jpeg;M;M;Willi_Forst;[353.51297 110.75428 424.60275 205.1272 ];116.0;424.0;206.0;335.0
BelAmiia-46194.jpeg;F;M;Willi_Forst;[274.45566 198.01778 339.89664 284.55283];116.0;424.0;206.0;335.0
BelAmiia-47620.jpeg;F;F;Olga_Tschechowa;[309.42038  70.61628 397.59818 191.80414];80.0;390.0;187.0;282.0
BelAmiia-50178.jpeg;M;M;Willi_Forst;[232.28764   48.706135 276.4509   108.2472  ];55.0;285.0;107.0;233.0
BelAmiia-51277.jpeg;M;F;Olga_Tschechowa;[458.04456 124.8883  510.3822  194.28152];135.0;508.0;198.0;446.0
BelAmiia-51277.jpeg;M;F;Olga_Tschechowa;[184.20448   75.175285 226.11281  157.64009 ];135.0;508.0;198.0;446.0
BelAmiia-51573.jpeg;M;F;Olga_Tschechowa;[485.46265  78.88912 553.58636 178.24434];86.0;554.0;176.0;464.0
BelAmiia-62422.jpeg;M;F;Olga_Tschechowa;[126.01383  52.35158 217.70538 189.78378];204.0;519.0;279.0;444.0
BelAmiia-62422.jpeg;M;F;Olga_Tschechowa;[467.02576 197.23132 530.6552  285.21988];204.0;519.0;279.0;444.0
BelAmiia-64363.jpeg;M;F;Olga_Tschechowa;[327.3925   117.888466 432.67923  266.9659  ];152.0;438.0;259.0;330.0
BelAmiia-65297.jpeg;M;F;Olga_Tschechowa;[431.96738 239.1442  495.1124  326.83722];254.0;486.0;329.0;411.0
BelAmiia-66441.jpeg;F;F;Olga_Tschechowa;[256.7163    98.956116 312.3694   180.61731 ];115.0;322.0;177.0;259.0
BelAmiia-66806.jpeg;M;M;Willi_Forst;[534.11505 139.45653 571.9777  188.0323 ];103.0;357.0;146.0;314.0
BelAmiia-66806.jpeg;F;M;Willi_Forst;[339.4549    21.98531  360.47528   48.751137];103.0;357.0;146.0;314.0
BelAmiia-66806.jpeg;M;M;Willi_Forst;[317.14444  90.6789  357.97714 148.57576];103.0;357.0;146.0;314.0
BelAmiia-66806.jpeg;M;M;Willi_Forst;[315.512      6.371746 336.38538   34.521847];103.0;357.0;146.0;314.0
BelAmiia-67388.jpeg;M;M;Willi_Forst;[211.60747  81.53764 285.80807 187.97112];96.0;305.0;186.0;215.0
BelAmiia-67388.jpeg;M;M;Willi_Forst;[384.79013 123.92599 447.01974 237.71063];96.0;305.0;186.0;215.0
BelAmiia-67492.jpeg;M;F;Olga_Tschechowa;[369.4284   118.619865 452.01315  239.20027 ];136.0;444.0;226.0;354.0
BelAmiia-67492.jpeg;F;F;Olga_Tschechowa;[179.76071 146.51012 261.7018  315.935  ];136.0;444.0;226.0;354.0
BelAmiia-67767.jpeg;M;F;Olga_Tschechowa;[460.00214 123.12842 529.8945  211.67767];142.0;522.0;205.0;460.0
BelAmiia-68046.jpeg;M;F;Olga_Tschechowa;[497.62186 162.3783  574.6321  248.01672];177.0;563.0;239.0;501.0
BelAmiia-68612.jpeg;M;M;Willi_Forst;[194.67137  95.07687 287.17365 231.5487 ];116.0;306.0;223.0;199.0
BelAmiia-69607.jpeg;M;M;Willi_Forst;[163.85321  75.45985 253.70137 211.37244];116.0;255.0;206.0;165.0
BelAmiia-70096.jpeg;F;F;Olga_Tschechowa;[498.99344 113.02897 575.57245 224.95546];126.0;563.0;216.0;474.0
BelAmiia-70096.jpeg;M;F;Olga_Tschechowa;[132.86618  23.21545 214.95175 165.05565];126.0;563.0;216.0;474.0
BelAmiia-70346.jpeg;F;F;Olga_Tschechowa;[391.77808 101.3222  489.98608 265.1361 ];140.0;474.0;247.0;366.0
BelAmiia-70346.jpeg;M;F;Olga_Tschechowa;[201.0659    77.705124 309.51703  262.0205  ];140.0;474.0;247.0;366.0
BelAmiia-71086.jpeg;F;F;Olga_Tschechowa;[244.32455   86.903915 349.86618  240.56744 ];116.0;366.0;223.0;259.0
BelAmiia-71281.jpeg;M;M;Willi_Forst;[353.08725  69.01288 451.66333 214.77354];104.0;438.0;211.0;330.0
BelAmiia-71281.jpeg;M;M;Willi_Forst;[  6.9685087 165.17645   146.21321   325.7066   ];104.0;438.0;211.0;330.0
BelAmiia-71368.jpeg;F;F;Olga_Tschechowa;[254.22897  95.52372 355.88614 251.81712];110.0;382.0;239.0;253.0
BelAmiia-73506.jpeg;M;M;Willi_Forst;[296.96933  52.65359 383.06372 191.8891 ];92.0;378.0;199.0;270.0
BelAmiia-75508.jpeg;M;F;Hilde_Hildebrand;[507.23285 159.55562 586.251   269.44516];166.0;593.0;255.0;504.0
BelAmiia-75508.jpeg;M;F;Hilde_Hildebrand;[203.51205  68.41668 264.56827 203.81009];166.0;593.0;255.0;504.0
BelAmiia-75758.jpeg;F;F;Hilde_Hildebrand;[502.92902 188.20241 576.37213 283.78156];204.0;569.0;279.0;494.0
BelAmiia-75758.jpeg;M;F;Hilde_Hildebrand;[235.39307 144.85678 303.79913 255.3248 ];204.0;569.0;279.0;494.0
BelAmiia-76258.jpeg;F;F;Hilde_Hildebrand;[498.87067 188.70854 565.8978  285.89594];204.0;552.0;279.0;478.0
BelAmiia-76258.jpeg;M;F;Hilde_Hildebrand;[136.59735 109.26645 213.09764 222.83263];204.0;552.0;279.0;478.0
BelAmiia-87691.jpeg;M;M;Willi_Forst;[242.04764 156.27058 389.46558 336.48044];184.0;390.0;339.0;236.0
BelAmiia-87893.jpeg;M;M;Willi_Forst;[251.26434 164.66682 398.69894 351.58008];184.0;390.0;339.0;236.0
BelAmiia-88110.jpeg;M;M;Willi_Forst;[237.88885 167.0843  386.08026 358.37488];202.0;390.0;356.0;236.0
BelAmiia-93926.jpeg;M;M;Willi_Forst;[234.83376 111.9184  310.9228  216.43411];138.0;312.0;213.0;237.0
BelAmiia-93926.jpeg;M;M;Willi_Forst;[516.2645  138.43605 581.6911  270.49115];138.0;312.0;213.0;237.0
BelAmiia-95150.jpeg;M;M;Willi_Forst;[274.87863   38.983402 383.52     196.19366 ];67.0;397.0;196.0;268.0
BelAmiia-97992.jpeg;M;M;Willi_Forst;[245.8845   74.22523 342.17493 210.76077];104.0;342.0;211.0;235.0
BelAmiia-98339.jpeg;M;M;Willi_Forst;[363.94662  43.50997 436.36093 149.48293];56.0;434.0;146.0;344.0
BelAmiia-98589.jpeg;M;M;Willi_Forst;[388.64893   54.259808 463.2024   160.79425 ];66.0;464.0;156.0;374.0
BelAmiia-98856.jpeg;M;M;Willi_Forst;[411.92252  65.11499 493.4725  179.0986 ];86.0;484.0;176.0;394.0
DergroeSchattenHeinrichGeorge-100130.jpeg;M;M;Heinrich_George;[249.3903      7.8494415 393.98508   194.73817  ];30.0;373.0;184.0;218.0
DergroeSchattenHeinrichGeorge-100380.jpeg;M;M;Heinrich_George;[248.19641   13.059227 391.87946  202.31479 ];30.0;373.0;184.0;218.0
DergroeSchattenHeinrichGeorge-100679.jpeg;M;M;Heinrich_George;[371.0812   41.38656 494.8606  235.6456 ];81.0;253.0;236.0;98.0
DergroeSchattenHeinrichGeorge-100679.jpeg;M;M;Will_Quadflieg;[371.0812   41.38656 494.8606  235.6456 ];64.0;476.0;219.0;322.0
DergroeSchattenHeinrichGeorge-100679.jpeg;M;M;Heinrich_George;[ 78.3762   63.7041  225.10953 247.14833];81.0;253.0;236.0;98.0
DergroeSchattenHeinrichGeorge-100679.jpeg;M;M;Will_Quadflieg;[ 78.3762   63.7041  225.10953 247.14833];64.0;476.0;219.0;322.0
DergroeSchattenHeinrichGeorge-101259.jpeg;F;F;Heidemarie_Hatheyer;[165.2789   73.86165 360.5357  330.724  ];93.0;390.0;316.0;167.0
DergroeSchattenHeinrichGeorge-101453.jpeg;F;M;Heinrich_George;[ 95.53897  36.79444 213.7359  230.91888];57.0;510.0;242.0;324.0
DergroeSchattenHeinrichGeorge-101453.jpeg;F;M;Will_Quadflieg;[ 95.53897  36.79444 213.7359  230.91888];64.0;270.0;219.0;115.0
DergroeSchattenHeinrichGeorge-101453.jpeg;M;M;Heinrich_George;[383.23105  55.31246 523.36316 244.43005];57.0;510.0;242.0;324.0
DergroeSchattenHeinrichGeorge-101453.jpeg;M;M;Will_Quadflieg;[383.23105  55.31246 523.36316 244.43005];64.0;270.0;219.0;115.0
DergroeSchattenHeinrichGeorge-101857.jpeg;F;F;Heidemarie_Hatheyer;[168.69072  63.56659 365.2787  325.29572];93.0;390.0;316.0;167.0
DergroeSchattenHeinrichGeorge-102882.jpeg;M;F;Heidemarie_Hatheyer;[ 59.925552 105.16909  195.70343  284.5716  ];116.0;201.0;270.0;46.0
DergroeSchattenHeinrichGeorge-102882.jpeg;M;M;Will_Quadflieg;[ 59.925552 105.16909  195.70343  284.5716  ];64.0;459.0;219.0;304.0
DergroeSchattenHeinrichGeorge-102882.jpeg;M;F;Heidemarie_Hatheyer;[354.5323    40.099022 471.77817  228.38292 ];116.0;201.0;270.0;46.0
DergroeSchattenHeinrichGeorge-102882.jpeg;M;M;Will_Quadflieg;[354.5323    40.099022 471.77817  228.38292 ];64.0;459.0;219.0;304.0
DergroeSchattenHeinrichGeorge-103242.jpeg;F;F;Heidemarie_Hatheyer;[209.20227  59.54091 367.74866 263.56653];98.0;356.0;253.0;201.0
DergroeSchattenHeinrichGeorge-103368.jpeg;M;M;Will_Quadflieg;[190.32544   53.963158 315.20535  258.11826 ];81.0;287.0;236.0;132.0
DergroeSchattenHeinrichGeorge-103824.jpeg;F;F;Heidemarie_Hatheyer;[ 92.02223 104.8379  224.58499 281.80835];139.0;239.0;268.0;110.0
DergroeSchattenHeinrichGeorge-103824.jpeg;M;F;Heidemarie_Hatheyer;[310.39218   79.337975 432.2905   267.51245 ];139.0;239.0;268.0;110.0
DergroeSchattenHeinrichGeorge-103983.jpeg;F;F;Heidemarie_Hatheyer;[159.78232   38.433952 277.68738  186.01181 ];53.0;282.0;182.0;153.0
DergroeSchattenHeinrichGeorge-10542.jpeg;F;F;Heidemarie_Hatheyer;[ 77.48413 151.36913 294.9863  445.52112];217.0;315.0;440.0;92.0
DergroeSchattenHeinrichGeorge-106405.jpeg;F;F;Marina_von_Ditmar;[486.88376   28.254698 519.82043   74.73063 ];54.0;453.0;90.0;417.0
DergroeSchattenHeinrichGeorge-106405.jpeg;F;F;Marina_von_Ditmar;[417.09225  45.10798 453.58734  91.73542];54.0;453.0;90.0;417.0
DergroeSchattenHeinrichGeorge-106405.jpeg;F;F;Marina_von_Ditmar;[360.4977     -7.6375275 407.14136    52.70619  ];54.0;453.0;90.0;417.0
DergroeSchattenHeinrichGeorge-106405.jpeg;F;F;Marina_von_Ditmar;[543.54047   28.059982 578.0161    81.718895];54.0;453.0;90.0;417.0
DergroeSchattenHeinrichGeorge-106405.jpeg;F;F;Marina_von_Ditmar;[-1.4554787 17.088123  39.14502   74.22055  ];54.0;453.0;90.0;417.0
DergroeSchattenHeinrichGeorge-10693.jpeg;F;F;Heidemarie_Hatheyer;[ 76.49578 146.85423 292.56946 438.1279 ];171.0;319.0;439.0;52.0
DergroeSchattenHeinrichGeorge-107474.jpeg;F;M;Will_Quadflieg;[184.4083    61.653015 269.6394   186.18494 ];56.0;384.0;146.0;295.0
DergroeSchattenHeinrichGeorge-107474.jpeg;M;M;Will_Quadflieg;[316.67636   34.641747 402.84247  161.94618 ];56.0;384.0;146.0;295.0
DergroeSchattenHeinrichGeorge-110969.jpeg;M;M;Heinrich_George;[350.81418  50.80877 441.6629  168.95781];76.0;424.0;166.0;335.0
DergroeSchattenHeinrichGeorge-110969.jpeg;M;M;Heinrich_George;[145.05034  108.618645 212.06306  218.21988 ];76.0;424.0;166.0;335.0
DergroeSchattenHeinrichGeorge-111009.jpeg;M;F;Heidemarie_Hatheyer;[163.75374  95.5245  306.56238 281.03845];116.0;322.0;270.0;167.0
DergroeSchattenHeinrichGeorge-111009.jpeg;M;F;Heidemarie_Hatheyer;[509.28604 128.69974 555.47736 204.25656];116.0;322.0;270.0;167.0
DergroeSchattenHeinrichGeorge-111105.jpeg;M;M;Heinrich_George;[224.4198    24.936409 390.30695  241.94643 ];57.0;386.0;242.0;201.0
DergroeSchattenHeinrichGeorge-111105.jpeg;F;M;Heinrich_George;[-10.44688    6.421196  37.957623  68.4364  ];57.0;386.0;242.0;201.0
DergroeSchattenHeinrichGeorge-111153.jpeg;M;F;Heidemarie_Hatheyer;[167.6278  108.9433  304.81638 286.61792];133.0;322.0;288.0;167.0
DergroeSchattenHeinrichGeorge-111153.jpeg;F;F;Heidemarie_Hatheyer;[ 32.037876  94.454865  91.6818   176.42014 ];133.0;322.0;288.0;167.0
DergroeSchattenHeinrichGeorge-111451.jpeg;M;M;Heinrich_George;[231.23189  15.34996 405.0962  240.85158];64.0;373.0;219.0;218.0
DergroeSchattenHeinrichGeorge-111451.jpeg;F;M;Heinrich_George;[191.3465   66.9984  236.59363 129.63516];64.0;373.0;219.0;218.0
DergroeSchattenHeinrichGeorge-111604.jpeg;M;M;Heinrich_George;[222.89645   12.739601 394.43842  233.07909 ];57.0;386.0;242.0;201.0
DergroeSchattenHeinrichGeorge-111666.jpeg;M;F;Heidemarie_Hatheyer;[140.84723   75.791794 281.62308  266.96454 ];98.0;287.0;253.0;132.0
DergroeSchattenHeinrichGeorge-111666.jpeg;F;F;Heidemarie_Hatheyer;[396.89774  -18.032906 435.6074    42.600403];98.0;287.0;253.0;132.0
DergroeSchattenHeinrichGeorge-111666.jpeg;F;F;Heidemarie_Hatheyer;[527.5535  129.91864 572.42725 196.711  ];98.0;287.0;253.0;132.0
DergroeSchattenHeinrichGeorge-112788.jpeg;M;F;Marina_von_Ditmar;[362.80878  89.59513 403.9554  161.6337 ];101.0;400.0;153.0;348.0
DergroeSchattenHeinrichGeorge-112788.jpeg;M;F;Marina_von_Ditmar;[573.7968   47.70202 639.91223 132.05518];101.0;400.0;153.0;348.0
DergroeSchattenHeinrichGeorge-112788.jpeg;M;F;Marina_von_Ditmar;[ 57.699417  42.60998  128.38007  135.92717 ];101.0;400.0;153.0;348.0
DergroeSchattenHeinrichGeorge-112788.jpeg;F;F;Marina_von_Ditmar;[404.53152   16.590725 457.54657  125.88097 ];101.0;400.0;153.0;348.0
DergroeSchattenHeinrichGeorge-112788.jpeg;M;F;Marina_von_Ditmar;[402.87778  84.23489 448.8718  164.00241];101.0;400.0;153.0;348.0
DergroeSchattenHeinrichGeorge-113038.jpeg;F;F;Marina_von_Ditmar;[409.20316   92.998886 467.03104  166.24438 ];101.0;460.0;163.0;398.0
DergroeSchattenHeinrichGeorge-113038.jpeg;F;F;Marina_von_Ditmar;[227.26682 136.4823  314.52063 255.99771];101.0;460.0;163.0;398.0
DergroeSchattenHeinrichGeorge-113038.jpeg;M;F;Marina_von_Ditmar;[464.51923   38.731407 546.4354   154.48903 ];101.0;460.0;163.0;398.0
DergroeSchattenHeinrichGeorge-113795.jpeg;F;F;Marina_von_Ditmar;[357.14798  61.31708 435.05307 178.32684];68.0;462.0;175.0;354.0
DergroeSchattenHeinrichGeorge-113795.jpeg;M;F;Marina_von_Ditmar;[212.12357 265.93948 249.28168 328.07266];68.0;462.0;175.0;354.0
DergroeSchattenHeinrichGeorge-11484.jpeg;M;M;Heinrich_George;[342.22488 110.00555 439.61826 246.02237];128.0;426.0;235.0;318.0
DergroeSchattenHeinrichGeorge-11484.jpeg;F;M;Heinrich_George;[107.07439 106.67819 168.91684 225.53064];128.0;426.0;235.0;318.0
DergroeSchattenHeinrichGeorge-115079.jpeg;F;M;Heinrich_George;[356.10904  55.69613 446.38565 196.22324];80.0;282.0;187.0;175.0
DergroeSchattenHeinrichGeorge-115079.jpeg;F;M;Heinrich_George;[154.48666  53.25518 250.97797 198.11984];80.0;282.0;187.0;175.0
DergroeSchattenHeinrichGeorge-115471.jpeg;M;M;Heinrich_George;[147.99808  50.7798  372.47705 351.07556];118.0;414.0;341.0;191.0
DergroeSchattenHeinrichGeorge-117424.jpeg;M;M;Will_Quadflieg;[327.5216   43.69203 465.9284  226.96942];64.0;459.0;219.0;304.0
DergroeSchattenHeinrichGeorge-117424.jpeg;F;M;Will_Quadflieg;[127.29137   95.693085 169.68489  158.92682 ];64.0;459.0;219.0;304.0
DergroeSchattenHeinrichGeorge-117935.jpeg;M;M;Will_Quadflieg;[375.89832   13.243332 510.1389   209.2764  ];30.0;494.0;184.0;339.0
DergroeSchattenHeinrichGeorge-118041.jpeg;F;M;Heinrich_George;[118.305664 150.38086  165.19336  213.62506 ];57.0;489.0;242.0;304.0
DergroeSchattenHeinrichGeorge-118041.jpeg;F;M;Heinrich_George;[  1.9213581 191.67569    71.502686  280.10767  ];57.0;489.0;242.0;304.0
DergroeSchattenHeinrichGeorge-118041.jpeg;M;M;Heinrich_George;[333.40118  33.02098 487.893   234.78836];57.0;489.0;242.0;304.0
DergroeSchattenHeinrichGeorge-118041.jpeg;M;M;Heinrich_George;[ 72.94173 155.6812  112.93095 212.07794];57.0;489.0;242.0;304.0
DergroeSchattenHeinrichGeorge-119830.jpeg;M;M;Heinrich_George;[148.34183  29.5867  262.96695 181.2246 ];53.0;282.0;182.0;153.0
DergroeSchattenHeinrichGeorge-119830.jpeg;F;M;Heinrich_George;[364.4709   110.927605 437.35672  265.08435 ];53.0;282.0;182.0;153.0
DergroeSchattenHeinrichGeorge-121350.jpeg;F;F;Marina_von_Ditmar;[413.66232  69.62732 496.50116 180.14493];116.0;145.0;206.0;56.0
DergroeSchattenHeinrichGeorge-121350.jpeg;F;F;Marina_von_Ditmar;[ 57.462147 106.34384  134.23831  210.17325 ];116.0;145.0;206.0;56.0
DergroeSchattenHeinrichGeorge-121507.jpeg;F;F;Marina_von_Ditmar;[147.92953   97.931564 351.79645  382.33588 ];142.0;365.0;365.0;142.0
DergroeSchattenHeinrichGeorge-121612.jpeg;F;F;Heidemarie_Hatheyer;[148.36156  95.26602 369.7436  380.66522];142.0;365.0;365.0;142.0
DergroeSchattenHeinrichGeorge-121839.jpeg;F;F;Marina_von_Ditmar;[154.07343  88.2247  362.11252 389.94534];142.0;365.0;365.0;142.0
DergroeSchattenHeinrichGeorge-121869.jpeg;F;F;Heidemarie_Hatheyer;[155.59079  94.68945 377.65717 385.36914];142.0;409.0;409.0;141.0
DergroeSchattenHeinrichGeorge-121932.jpeg;F;F;Marina_von_Ditmar;[232.44597  99.68256 425.2528  377.0064 ];142.0;489.0;365.0;266.0
DergroeSchattenHeinrichGeorge-122081.jpeg;M;F;Marina_von_Ditmar;[164.24373 102.25264 375.4008  382.70215];167.0;390.0;390.0;167.0
DergroeSchattenHeinrichGeorge-122125.jpeg;M;F;Heidemarie_Hatheyer;[132.41275  89.57243 348.1067  385.62256];112.0;349.0;379.0;82.0
DergroeSchattenHeinrichGeorge-122262.jpeg;F;F;Heidemarie_Hatheyer;[128.87854   92.558914 345.33246  389.1305  ];112.0;349.0;379.0;82.0
DergroeSchattenHeinrichGeorge-122388.jpeg;F;F;Marina_von_Ditmar;[169.09569 110.26239 382.85782 397.76532];142.0;390.0;365.0;167.0
DergroeSchattenHeinrichGeorge-122580.jpeg;F;F;Marina_von_Ditmar;[169.93762   79.262054 383.4836   373.45007 ];118.0;414.0;341.0;191.0
DergroeSchattenHeinrichGeorge-122788.jpeg;F;F;Marina_von_Ditmar;[178.5062   86.94531 382.57245 369.6906 ];142.0;414.0;365.0;191.0
DergroeSchattenHeinrichGeorge-123034.jpeg;F;F;Marina_von_Ditmar;[411.9683    64.414566 495.35672  175.78647 ];113.0;154.0;188.0;79.0
DergroeSchattenHeinrichGeorge-123034.jpeg;F;F;Marina_von_Ditmar;[ 69.23306  94.32136 151.1419  206.43167];113.0;154.0;188.0;79.0
DergroeSchattenHeinrichGeorge-124784.jpeg;F;F;Marina_von_Ditmar;[328.2057    37.784245 391.33395  120.37229 ];47.0;395.0;121.0;320.0
DergroeSchattenHeinrichGeorge-124784.jpeg;M;F;Marina_von_Ditmar;[149.59897 175.12811 215.99162 272.98224];47.0;395.0;121.0;320.0
DergroeSchattenHeinrichGeorge-125030.jpeg;F;F;Marina_von_Ditmar;[199.18335  44.53692 327.67676 222.87936];64.0;322.0;219.0;167.0
DergroeSchattenHeinrichGeorge-138700.jpeg;M;M;Will_Quadflieg;[207.91202  56.39634 356.9052  273.97226];98.0;390.0;253.0;236.0
DergroeSchattenHeinrichGeorge-139571.jpeg;M;M;Will_Quadflieg;[223.33441   53.199593 364.61285  263.98883 ];77.0;428.0;263.0;242.0
DergroeSchattenHeinrichGeorge-140298.jpeg;M;M;Will_Quadflieg;[175.39175   54.349503 304.70245  240.50067 ];81.0;339.0;236.0;184.0
DergroeSchattenHeinrichGeorge-140795.jpeg;M;M;Will_Quadflieg;[167.30324  55.52233 299.17203 241.36734];81.0;322.0;236.0;167.0
DergroeSchattenHeinrichGeorge-141514.jpeg;M;M;Will_Quadflieg;[159.13965   58.692215 286.98166  240.11453 ];96.0;296.0;225.0;167.0
DergroeSchattenHeinrichGeorge-146872.jpeg;F;F;Heidemarie_Hatheyer;[218.61401   24.596794 333.32565  182.33003 ];53.0;325.0;182.0;196.0
DergroeSchattenHeinrichGeorge-147216.jpeg;M;M;Will_Quadflieg;[162.13954  86.54872 339.043   344.2716 ];118.0;365.0;341.0;142.0
DergroeSchattenHeinrichGeorge-147286.jpeg;M;M;Will_Quadflieg;[153.0911   74.42277 333.05148 335.643  ];118.0;365.0;341.0;142.0
DergroeSchattenHeinrichGeorge-147451.jpeg;F;F;Heidemarie_Hatheyer;[220.71736  87.88649 407.32632 345.30017];118.0;390.0;341.0;167.0
DergroeSchattenHeinrichGeorge-147567.jpeg;M;M;Will_Quadflieg;[162.2291    69.510155 342.03955  331.0768  ];93.0;390.0;316.0;167.0
DergroeSchattenHeinrichGeorge-150513.jpeg;M;F;Heidemarie_Hatheyer;[163.86572   88.373184 360.6637   347.15762 ];118.0;365.0;341.0;142.0
DergroeSchattenHeinrichGeorge-150597.jpeg;M;M;Will_Quadflieg;[174.98895   48.235924 354.50845  296.9569  ];98.0;345.0;284.0;159.0
DergroeSchattenHeinrichGeorge-150698.jpeg;M;M;Will_Quadflieg;[191.67645  53.45903 375.77362 301.7234 ];98.0;366.0;284.0;180.0
DergroeSchattenHeinrichGeorge-151118.jpeg;M;M;Will_Quadflieg;[190.5867   52.63266 376.02072 306.66254];93.0;390.0;316.0;167.0
DergroeSchattenHeinrichGeorge-151156.jpeg;F;F;Heidemarie_Hatheyer;[191.84943   59.328827 379.50754  322.91693 ];93.0;365.0;316.0;142.0
DergroeSchattenHeinrichGeorge-151413.jpeg;M;M;Will_Quadflieg;[240.13861   49.113464 424.5428   308.1447  ];68.0;464.0;291.0;241.0
DergroeSchattenHeinrichGeorge-151568.jpeg;F;F;Heidemarie_Hatheyer;[182.59021  62.14476 366.15234 327.6407 ];93.0;365.0;316.0;142.0
DergroeSchattenHeinrichGeorge-151683.jpeg;F;F;Heidemarie_Hatheyer;[170.68015   47.765724 353.62067  303.26953 ];68.0;340.0;291.0;117.0
DergroeSchattenHeinrichGeorge-151853.jpeg;F;F;Heidemarie_Hatheyer;[145.38696   58.145462 329.88315  318.77585 ];68.0;315.0;291.0;92.0
DergroeSchattenHeinrichGeorge-152537.jpeg;M;M;Will_Quadflieg;[226.39326   47.728043 408.68985  301.8904  ];93.0;414.0;316.0;191.0
DergroeSchattenHeinrichGeorge-153400.jpeg;M;M;Heinrich_George;[155.9866    29.211533 389.40448  325.61816 ];52.0;438.0;320.0;171.0
DergroeSchattenHeinrichGeorge-153650.jpeg;M;M;Heinrich_George;[108.909515  68.50789  348.8919   376.1936  ];112.0;349.0;379.0;82.0
DergroeSchattenHeinrichGeorge-158573.jpeg;M;M;Heinrich_George;[255.02579  64.56718 402.74878 243.43518];81.0;390.0;236.0;236.0
DergroeSchattenHeinrichGeorge-158639.jpeg;M;M;Will_Quadflieg;[302.2824   49.86387 429.45364 221.15842];82.0;425.0;211.0;296.0
DergroeSchattenHeinrichGeorge-158734.jpeg;M;M;Heinrich_George;[297.3907   52.9899  435.7117  234.24469];81.0;425.0;236.0;270.0
DergroeSchattenHeinrichGeorge-159031.jpeg;M;M;Heinrich_George;[328.98856  21.06755 462.9188  194.67212];30.0;459.0;184.0;304.0
DergroeSchattenHeinrichGeorge-159437.jpeg;M;M;Will_Quadflieg;[296.898     52.920074 424.43753  227.71411 ];81.0;442.0;236.0;287.0
DergroeSchattenHeinrichGeorge-159832.jpeg;M;M;Will_Quadflieg;[280.20697  37.1481  400.38144 203.13902];47.0;425.0;202.0;270.0
DergroeSchattenHeinrichGeorge-161086.jpeg;M;M;Heinrich_George;[289.6708    28.913017 408.81302  187.96095 ];30.0;408.0;184.0;253.0
DergroeSchattenHeinrichGeorge-161336.jpeg;M;M;Heinrich_George;[296.15515   21.979515 426.4391   209.21953 ];67.0;440.0;196.0;311.0
DergroeSchattenHeinrichGeorge-16244.jpeg;F;F;Heidemarie_Hatheyer;[337.29483 226.71487 421.15854 348.061  ];235.0;414.0;343.0;306.0
DergroeSchattenHeinrichGeorge-16244.jpeg;M;F;Heidemarie_Hatheyer;[236.501     81.257706 329.85944  199.1501  ];235.0;414.0;343.0;306.0
DergroeSchattenHeinrichGeorge-17062.jpeg;M;M;Heinrich_George;[252.0963  168.39749 352.12067 294.72574];206.0;354.0;295.0;265.0
DergroeSchattenHeinrichGeorge-17062.jpeg;F;M;Heinrich_George;[367.9621    93.705826 461.83722  191.49808 ];206.0;354.0;295.0;265.0
DergroeSchattenHeinrichGeorge-21907.jpeg;F;F;Heidemarie_Hatheyer;[169.21939 112.73348 223.22511 186.70515];122.0;232.0;184.0;170.0
DergroeSchattenHeinrichGeorge-25871.jpeg;M;M;Heinrich_George;[367.79373  85.4639  447.37268 169.68964];66.0;315.0;156.0;225.0
DergroeSchattenHeinrichGeorge-25871.jpeg;M;M;Heinrich_George;[499.31836 110.23123 554.9131  183.72206];66.0;315.0;156.0;225.0
DergroeSchattenHeinrichGeorge-25871.jpeg;M;M;Heinrich_George;[238.66516  53.81522 317.91925 155.7732 ];66.0;315.0;156.0;225.0
DergroeSchattenHeinrichGeorge-26871.jpeg;M;M;Heinrich_George;[ 60.427998  66.57071  131.13942  157.78922 ];80.0;146.0;155.0;71.0
DergroeSchattenHeinrichGeorge-26871.jpeg;M;M;Heinrich_George;[529.5011    68.310425 585.7092   147.90955 ];80.0;146.0;155.0;71.0
DergroeSchattenHeinrichGeorge-26871.jpeg;M;M;Heinrich_George;[122.1445   120.683304 152.08047  162.5578  ];80.0;146.0;155.0;71.0
DergroeSchattenHeinrichGeorge-28834.jpeg;M;F;Heidemarie_Hatheyer;[ 56.11384 127.36769 193.99811 326.92685];167.0;218.0;322.0;64.0
DergroeSchattenHeinrichGeorge-28834.jpeg;M;F;Heidemarie_Hatheyer;[347.82965   22.571869 474.6772   281.43958 ];167.0;218.0;322.0;64.0
DergroeSchattenHeinrichGeorge-30685.jpeg;M;M;Heinrich_George;[225.87033   63.579178 436.8471   348.87646 ];118.0;414.0;341.0;191.0
DergroeSchattenHeinrichGeorge-30935.jpeg;M;M;Heinrich_George;[199.06268  60.62903 401.16647 333.24213];93.0;390.0;316.0;167.0
DergroeSchattenHeinrichGeorge-30935.jpeg;M;M;Heinrich_George;[ 47.201042 216.90326  151.14505  361.2974  ];93.0;390.0;316.0;167.0
DergroeSchattenHeinrichGeorge-39707.jpeg;M;M;Will_Quadflieg;[263.87094  61.22049 398.45087 269.40393];98.0;390.0;253.0;236.0
DergroeSchattenHeinrichGeorge-39827.jpeg;F;F;Marina_von_Ditmar;[110.99899 159.21417 226.54787 336.34427];184.0;270.0;339.0;115.0
DergroeSchattenHeinrichGeorge-39827.jpeg;F;F;Marina_von_Ditmar;[360.55316  82.82073 445.5685  265.09668];184.0;270.0;339.0;115.0
DergroeSchattenHeinrichGeorge-40669.jpeg;M;M;Heinrich_George;[ 61.188324  53.719887 223.05377  258.99243 ];77.0;221.0;263.0;35.0
DergroeSchattenHeinrichGeorge-40669.jpeg;F;M;Heinrich_George;[459.51462  64.43577 596.10803 257.42654];77.0;221.0;263.0;35.0
DergroeSchattenHeinrichGeorge-40737.jpeg;F;F;Marina_von_Ditmar;[238.213     52.786476 302.43875  138.49387 ];63.0;312.0;138.0;237.0
DergroeSchattenHeinrichGeorge-40737.jpeg;M;F;Marina_von_Ditmar;[492.78906  43.77086 576.7645  159.48257];63.0;312.0;138.0;237.0
DergroeSchattenHeinrichGeorge-4284.jpeg;M;M;Will_Quadflieg;[247.7246    44.115852 336.77402  164.53737 ];56.0;330.0;163.0;223.0
DergroeSchattenHeinrichGeorge-4284.jpeg;F;M;Will_Quadflieg;[418.22104   48.593323 486.2093   180.97531 ];56.0;330.0;163.0;223.0
DergroeSchattenHeinrichGeorge-44184.jpeg;M;M;Heinrich_George;[ -1.5547199  56.81423    45.516403  121.6952   ];170.0;363.0;232.0;301.0
DergroeSchattenHeinrichGeorge-44184.jpeg;M;M;Heinrich_George;[498.7146   126.478485 548.446    195.90604 ];170.0;363.0;232.0;301.0
DergroeSchattenHeinrichGeorge-44184.jpeg;M;M;Heinrich_George;[316.11514 166.69116 365.2619  238.71315];170.0;363.0;232.0;301.0
DergroeSchattenHeinrichGeorge-44184.jpeg;M;M;Heinrich_George;[182.85751 102.41711 227.0966  163.13425];170.0;363.0;232.0;301.0
DergroeSchattenHeinrichGeorge-47675.jpeg;M;F;Heidemarie_Hatheyer;[288.4897   48.43649 397.60303 190.41486];68.0;390.0;175.0;282.0
DergroeSchattenHeinrichGeorge-49044.jpeg;F;F;Marina_von_Ditmar;[288.4143   74.37201 412.36484 245.94667];96.0;397.0;225.0;268.0
DergroeSchattenHeinrichGeorge-49171.jpeg;F;F;Marina_von_Ditmar;[190.21388  82.5606  336.38873 288.1857 ];116.0;322.0;270.0;167.0
DergroeSchattenHeinrichGeorge-49303.jpeg;F;F;Marina_von_Ditmar;[190.53441  69.20625 336.37598 276.78363];98.0;322.0;253.0;167.0
DergroeSchattenHeinrichGeorge-49389.jpeg;F;F;Heidemarie_Hatheyer;[138.59535   74.457214 256.99026  239.42352 ];96.0;282.0;225.0;153.0
DergroeSchattenHeinrichGeorge-49389.jpeg;F;F;Heidemarie_Hatheyer;[372.65884 167.29492 453.12616 260.50336];96.0;282.0;225.0;153.0
DergroeSchattenHeinrichGeorge-56214.jpeg;F;F;Heidemarie_Hatheyer;[155.27873  90.49585 258.4818  237.43674];96.0;282.0;225.0;153.0
DergroeSchattenHeinrichGeorge-56511.jpeg;F;M;Heinrich_George;[201.92558  54.92749 337.1305  227.75189];64.0;322.0;219.0;167.0
DergroeSchattenHeinrichGeorge-56617.jpeg;M;M;Heinrich_George;[238.95464  56.7416  370.19626 222.25854];64.0;356.0;219.0;201.0
DergroeSchattenHeinrichGeorge-56904.jpeg;F;F;Heidemarie_Hatheyer;[174.21814  99.38688 278.32443 249.93109];128.0;294.0;235.0;187.0
DergroeSchattenHeinrichGeorge-57119.jpeg;F;F;Heidemarie_Hatheyer;[174.12793  92.98165 277.08124 244.11325];110.0;296.0;239.0;167.0
DergroeSchattenHeinrichGeorge-57461.jpeg;M;M;Heinrich_George;[184.18921  59.62918 320.70563 233.26263];81.0;304.0;236.0;150.0
DergroeSchattenHeinrichGeorge-57784.jpeg;F;F;Heidemarie_Hatheyer;[188.4       88.241745 292.06717  238.53009 ];128.0;306.0;235.0;199.0
DergroeSchattenHeinrichGeorge-58585.jpeg;M;M;Heinrich_George;[265.42258   24.105278 401.44196  192.75468 ];47.0;390.0;202.0;236.0
DergroeSchattenHeinrichGeorge-59085.jpeg;F;F;Heidemarie_Hatheyer;[ 64.29119 262.70776 200.43582 462.19058];288.0;236.0;442.0;81.0
DergroeSchattenHeinrichGeorge-59085.jpeg;M;F;Heidemarie_Hatheyer;[293.62323   54.422493 454.73315  268.10126 ];288.0;236.0;442.0;81.0
DergroeSchattenHeinrichGeorge-59870.jpeg;M;M;Heinrich_George;[311.3822   76.60425 496.739   317.2441 ];93.0;489.0;316.0;266.0
DergroeSchattenHeinrichGeorge-60120.jpeg;M;M;Heinrich_George;[308.34018  68.1503  495.61212 309.42526];93.0;489.0;316.0;266.0
DergroeSchattenHeinrichGeorge-60284.jpeg;M;F;Heidemarie_Hatheyer;[504.93146 113.3053  658.53314 375.4358 ];202.0;304.0;356.0;150.0
DergroeSchattenHeinrichGeorge-60284.jpeg;F;F;Heidemarie_Hatheyer;[128.46034 157.3515  278.07678 366.35065];202.0;304.0;356.0;150.0
DergroeSchattenHeinrichGeorge-60371.jpeg;M;M;Heinrich_George;[308.65686  70.45948 500.1017  310.94232];93.0;489.0;316.0;266.0
DergroeSchattenHeinrichGeorge-61006.jpeg;M;F;Heidemarie_Hatheyer;[359.39856  96.33566 470.9841  244.06326];156.0;155.0;245.0;66.0
DergroeSchattenHeinrichGeorge-61006.jpeg;M;M;Heinrich_George;[359.39856  96.33566 470.9841  244.06326];140.0;462.0;247.0;354.0
DergroeSchattenHeinrichGeorge-61006.jpeg;M;F;Heidemarie_Hatheyer;[ 57.12793  124.986176 147.11899  245.37747 ];156.0;155.0;245.0;66.0
DergroeSchattenHeinrichGeorge-61006.jpeg;M;M;Heinrich_George;[ 57.12793  124.986176 147.11899  245.37747 ];140.0;462.0;247.0;354.0
DergroeSchattenHeinrichGeorge-62594.jpeg;M;M;Heinrich_George;[350.69348   51.097946 459.53635  200.03781 ];67.0;440.0;196.0;311.0
DergroeSchattenHeinrichGeorge-62594.jpeg;F;M;Heinrich_George;[119.95385   72.837585 196.752    192.64662 ];67.0;440.0;196.0;311.0
DergroeSchattenHeinrichGeorge-70018.jpeg;M;M;Heinrich_George;[270.83627  79.04856 414.28925 261.79108];98.0;408.0;253.0;253.0
DergroeSchattenHeinrichGeorge-70340.jpeg;M;M;Heinrich_George;[159.54352   50.330917 365.15848  323.46667 ];93.0;365.0;316.0;142.0
DergroeSchattenHeinrichGeorge-70340.jpeg;M;M;Heinrich_George;[452.9589   116.660355 597.5117   297.40588 ];93.0;365.0;316.0;142.0
DergroeSchattenHeinrichGeorge-71429.jpeg;M;M;Heinrich_George;[123.18846  66.49696 317.8468  333.14337];93.0;315.0;316.0;92.0
DergroeSchattenHeinrichGeorge-71429.jpeg;M;M;Heinrich_George;[451.0456  115.53312 590.0906  289.63095];93.0;315.0;316.0;92.0
DergroeSchattenHeinrichGeorge-73520.jpeg;M;M;Heinrich_George;[182.34839  45.91066 280.44955 167.6181 ];56.0;282.0;163.0;175.0
DergroeSchattenHeinrichGeorge-73755.jpeg;M;M;Heinrich_George;[136.48642   23.441223 297.7914   229.35109 ];57.0;324.0;242.0;139.0
DergroeSchattenHeinrichGeorge-73781.jpeg;M;M;Heinrich_George;[133.8648    20.813545 300.36243  231.50787 ];36.0;324.0;222.0;139.0
DergroeSchattenHeinrichGeorge-74657.jpeg;M;M;Heinrich_George;[155.39642  45.20903 259.49905 179.21288];68.0;270.0;175.0;163.0
DergroeSchattenHeinrichGeorge-74657.jpeg;M;M;Heinrich_George;[424.70993   19.303879 537.44946  196.4288  ];68.0;270.0;175.0;163.0
DergroeSchattenHeinrichGeorge-75293.jpeg;M;M;Heinrich_George;[109.46284   56.553596 192.52408  171.83087 ];76.0;205.0;166.0;116.0
DergroeSchattenHeinrichGeorge-75525.jpeg;M;M;Heinrich_George;[109.34346   56.153976 196.18942  167.44601 ];66.0;205.0;156.0;116.0
DergroeSchattenHeinrichGeorge-75674.jpeg;F;F;Marina_von_Ditmar;[324.64822  73.39336 424.6079  208.26443];92.0;414.0;199.0;306.0
DergroeSchattenHeinrichGeorge-75674.jpeg;M;F;Marina_von_Ditmar;[ 44.798336  53.182487 140.10052  188.79837 ];92.0;414.0;199.0;306.0
DergroeSchattenHeinrichGeorge-77190.jpeg;M;M;Heinrich_George;[ 89.403656  90.08123  166.629    207.00984 ];66.0;434.0;156.0;344.0
DergroeSchattenHeinrichGeorge-77190.jpeg;M;M;Heinrich_George;[368.12888   52.684204 450.28644  159.15079 ];66.0;434.0;156.0;344.0
DergroeSchattenHeinrichGeorge-77999.jpeg;M;F;Marina_von_Ditmar;[ 41.061317 148.24261  158.33578  310.786   ];182.0;153.0;311.0;24.0
DergroeSchattenHeinrichGeorge-77999.jpeg;M;M;Heinrich_George;[ 41.061317 148.24261  158.33578  310.786   ];57.0;489.0;242.0;304.0
DergroeSchattenHeinrichGeorge-77999.jpeg;M;F;Marina_von_Ditmar;[364.19394  30.56327 507.01663 236.91023];182.0;153.0;311.0;24.0
DergroeSchattenHeinrichGeorge-77999.jpeg;M;M;Heinrich_George;[364.19394  30.56327 507.01663 236.91023];57.0;489.0;242.0;304.0
DergroeSchattenHeinrichGeorge-79578.jpeg;F;F;Marina_von_Ditmar;[224.91838   94.472855 397.6476   321.68976 ];139.0;386.0;325.0;201.0
DergroeSchattenHeinrichGeorge-80908.jpeg;M;M;Will_Quadflieg;[244.49654   25.127441 297.3681    95.556046];32.0;308.0;94.0;246.0
DergroeSchattenHeinrichGeorge-80908.jpeg;M;M;Will_Quadflieg;[426.46335   38.466553 481.4043   104.09731 ];32.0;308.0;94.0;246.0
DergroeSchattenHeinrichGeorge-80908.jpeg;M;M;Will_Quadflieg;[105.867096 173.38248  141.56313  221.54132 ];32.0;308.0;94.0;246.0
DergroeSchattenHeinrichGeorge-80908.jpeg;F;M;Will_Quadflieg;[ -8.943262 160.38336   29.413363 209.2446  ];32.0;308.0;94.0;246.0
DergroeSchattenHeinrichGeorge-81878.jpeg;M;M;Heinrich_George;[331.19617   50.908245 430.11884  174.85962 ];68.0;426.0;175.0;318.0
DergroeSchattenHeinrichGeorge-81946.jpeg;F;F;Marina_von_Ditmar;[181.24628   60.111115 328.8319   259.50616 ];98.0;339.0;253.0;184.0
DergroeSchattenHeinrichGeorge-82079.jpeg;F;F;Marina_von_Ditmar;[192.25177  62.19111 342.90192 263.03217];77.0;366.0;263.0;180.0
DergroeSchattenHeinrichGeorge-83888.jpeg;M;M;Heinrich_George;[213.09286  54.49059 273.6949  130.35933];55.0;278.0;130.0;204.0
DergroeSchattenHeinrichGeorge-83888.jpeg;F;M;Heinrich_George;[107.27624 101.6536  139.15604 159.61455];55.0;278.0;130.0;204.0
DergroeSchattenHeinrichGeorge-84473.jpeg;F;F;Marina_von_Ditmar;[212.06207  48.92756 299.98547 164.43762];66.0;305.0;156.0;215.0
DergroeSchattenHeinrichGeorge-86878.jpeg;M;M;Heinrich_George;[361.3007   94.41922 453.77753 202.4851 ];116.0;454.0;206.0;364.0
DergroeSchattenHeinrichGeorge-86878.jpeg;M;M;Heinrich_George;[ 91.80561   43.154472 164.75687  155.504   ];116.0;454.0;206.0;364.0
DergroeSchattenHeinrichGeorge-88232.jpeg;M;M;Heinrich_George;[149.28757  80.89992 256.95367 220.56076];96.0;282.0;225.0;153.0
DergroeSchattenHeinrichGeorge-88232.jpeg;F;M;Heinrich_George;[315.2127   63.25064 378.32407 201.06506];96.0;282.0;225.0;153.0
DergroeSchattenHeinrichGeorge-88482.jpeg;M;M;Heinrich_George;[155.96     63.97706 265.57187 207.78082];92.0;282.0;199.0;175.0
DergroeSchattenHeinrichGeorge-88482.jpeg;F;M;Heinrich_George;[324.62717  56.40409 383.0759  201.82283];92.0;282.0;199.0;175.0
DergroeSchattenHeinrichGeorge-89960.jpeg;F;F;Heidemarie_Hatheyer;[355.51135 153.83595 435.71033 258.43182];166.0;444.0;255.0;354.0
DergroeSchattenHeinrichGeorge-89960.jpeg;M;F;Heidemarie_Hatheyer;[182.69371 137.89828 261.5729  247.84085];166.0;444.0;255.0;354.0
DergroeSchattenHeinrichGeorge-90397.jpeg;M;M;Heinrich_George;[ 80.19672  91.45497 176.28967 222.77515];96.0;225.0;225.0;96.0
DergroeSchattenHeinrichGeorge-90397.jpeg;M;M;Heinrich_George;[392.13568 106.86961 470.70145 256.77698];96.0;225.0;225.0;96.0
DergroeSchattenHeinrichGeorge-91424.jpeg;F;M;Will_Quadflieg;[100.49878  110.469154 191.06042  236.71948 ];136.0;514.0;226.0;424.0
DergroeSchattenHeinrichGeorge-91424.jpeg;M;M;Will_Quadflieg;[433.77344  108.058014 516.4468   232.54482 ];136.0;514.0;226.0;424.0
DergroeSchattenHeinrichGeorge-96304.jpeg;M;M;Heinrich_George;[485.13977 111.69933 596.9212  253.39986];152.0;593.0;259.0;485.0
DergroeSchattenHeinrichGeorge-96304.jpeg;M;M;Heinrich_George;[192.24393  37.63497 269.77396 164.61926];152.0;593.0;259.0;485.0
DergroeSchattenHeinrichGeorge-96554.jpeg;M;M;Heinrich_George;[243.54158 229.21472 323.19116 332.1159 ];254.0;328.0;329.0;254.0
DergroeSchattenHeinrichGeorge-96554.jpeg;M;M;Heinrich_George;[155.77316   28.07774  228.95584  112.260864];254.0;328.0;329.0;254.0
DergroeSchattenHeinrichGeorge-96799.jpeg;M;M;Heinrich_George;[215.4062  214.39508 298.2138  307.25507];216.0;295.0;305.0;205.0
DergroeSchattenHeinrichGeorge-96799.jpeg;M;M;Heinrich_George;[152.55246   38.363346 217.61433  118.26081 ];216.0;295.0;305.0;205.0
DergroeSchattenHeinrichGeorge-97385.jpeg;F;F;Heidemarie_Hatheyer;[209.54651   76.916565 419.63397  344.76025 ];118.0;439.0;341.0;216.0
DergroeSchattenHeinrichGeorge-97721.jpeg;M;M;Heinrich_George;[125.6779    45.352875 220.35356  174.49567 ];68.0;235.0;175.0;127.0
DergroeSchattenHeinrichGeorge-97812.jpeg;F;F;Heidemarie_Hatheyer;[119.692245  47.952057 323.844    313.29483 ];93.0;315.0;316.0;92.0
DergroeSchattenHeinrichGeorge-98899.jpeg;M;M;Heinrich_George;[167.11224   29.105614 302.3437   204.5273  ];47.0;322.0;202.0;167.0
DergroeSchattenHeinrichGeorge-99149.jpeg;M;M;Heinrich_George;[173.95584  34.62078 311.24478 209.10129];47.0;339.0;202.0;184.0
DergroeSchattenHeinrichGeorge-99378.jpeg;M;M;Will_Quadflieg;[265.0715   60.68441 406.90927 269.4845 ];98.0;390.0;253.0;236.0
DergroeSchattenHeinrichGeorge-99454.jpeg;M;M;Heinrich_George;[164.70627  38.60974 298.8984  211.18048];67.0;311.0;196.0;182.0
DergroeSchattenHeinrichGeorge-99518.jpeg;M;M;Will_Quadflieg;[269.20242   53.063934 411.33188  258.4537  ];77.0;407.0;263.0;221.0
DergroeSchattenHeinrichGeorge-99953.jpeg;M;M;Heinrich_George;[207.69534  35.73487 355.31433 216.25775];47.0;339.0;202.0;184.0
DerMannderSherlockHolmeswar-100666.jpeg;M;M;Hans_Albers;[449.4781  148.74289 480.35785 192.04643];118.0;397.0;154.0;361.0
DerMannderSherlockHolmeswar-100666.jpeg;F;M;Hans_Albers;[254.93535 105.42714 287.62173 145.28038];118.0;397.0;154.0;361.0
DerMannderSherlockHolmeswar-100666.jpeg;M;M;Hans_Albers;[361.88217 111.19408 398.56573 158.08301];118.0;397.0;154.0;361.0
DerMannderSherlockHolmeswar-100666.jpeg;M;M;Hans_Albers;[418.80447 122.85091 448.8888  163.20856];118.0;397.0;154.0;361.0
DerMannderSherlockHolmeswar-100666.jpeg;F;M;Hans_Albers;[214.39006 105.32199 248.59552 152.62175];118.0;397.0;154.0;361.0
DerMannderSherlockHolmeswar-100666.jpeg;F;M;Hans_Albers;[139.45352 134.61862 168.27707 171.24706];118.0;397.0;154.0;361.0
DerMannderSherlockHolmeswar-102230.jpeg;M;M;Hans_Albers;[426.72595   63.621403 487.00446  146.04448 ];101.0;570.0;163.0;508.0
DerMannderSherlockHolmeswar-102230.jpeg;M;M;Hans_Albers;[521.06433  82.30661 579.2145  168.6418 ];101.0;570.0;163.0;508.0
DerMannderSherlockHolmeswar-102230.jpeg;M;M;Hans_Albers;[250.84462   58.396194 324.50867  149.76648 ];101.0;570.0;163.0;508.0
DerMannderSherlockHolmeswar-102230.jpeg;M;M;Hans_Albers;[215.29941  99.01512 247.35648 139.77629];101.0;570.0;163.0;508.0
DerMannderSherlockHolmeswar-102230.jpeg;M;M;Hans_Albers;[ 53.11724   35.65964  108.054886 115.38583 ];101.0;570.0;163.0;508.0
DerMannderSherlockHolmeswar-103427.jpeg;F;F;Hansi_Knoteck;[198.52081 139.39967 258.70447 219.33817];149.0;266.0;211.0;204.0
DerMannderSherlockHolmeswar-103558.jpeg;M;F;Hansi_Knoteck;[196.26845 143.20154 255.37671 222.1528 ];156.0;259.0;218.0;197.0
DerMannderSherlockHolmeswar-104042.jpeg;F;F;Marieluise_Claudius;[247.3377   83.28595 321.55142 179.08665];86.0;315.0;176.0;225.0
DerMannderSherlockHolmeswar-105087.jpeg;M;M;Hans_Albers;[250.72105   57.007732 308.6844   132.09943 ];66.0;308.0;129.0;246.0
DerMannderSherlockHolmeswar-105087.jpeg;F;M;Hans_Albers;[436.01938 100.55081 491.39084 171.07518];66.0;308.0;129.0;246.0
DerMannderSherlockHolmeswar-105087.jpeg;M;M;Hans_Albers;[199.8493    51.741608 218.07784   75.15154 ];66.0;308.0;129.0;246.0
DerMannderSherlockHolmeswar-106087.jpeg;M;M;Hans_Albers;[212.01205 144.1942  287.2942  239.09146];46.0;444.0;136.0;354.0
DerMannderSherlockHolmeswar-106087.jpeg;M;M;Hans_Albers;[357.2883    37.481937 434.98425  139.15395 ];46.0;444.0;136.0;354.0
DerMannderSherlockHolmeswar-106962.jpeg;M;F;Hansi_Knoteck;[103.59476   80.846405 174.56429  171.05392 ];80.0;461.0;155.0;386.0
DerMannderSherlockHolmeswar-106962.jpeg;F;F;Hansi_Knoteck;[401.57043   63.493153 477.08588  161.08713 ];80.0;461.0;155.0;386.0
DerMannderSherlockHolmeswar-107422.jpeg;M;M;Hans_Albers;[454.95566  81.26143 543.78314 196.13364];96.0;554.0;186.0;464.0
DerMannderSherlockHolmeswar-107422.jpeg;F;M;Hans_Albers;[142.21341  92.19323 226.24307 213.09229];96.0;554.0;186.0;464.0
DerMannderSherlockHolmeswar-107483.jpeg;F;F;Marieluise_Claudius;[ 99.93883  83.65561 178.34793 181.8896 ];96.0;162.0;171.0;88.0
DerMannderSherlockHolmeswar-107483.jpeg;F;F;Hansi_Knoteck;[ 99.93883  83.65561 178.34793 181.8896 ];116.0;424.0;206.0;335.0
DerMannderSherlockHolmeswar-107483.jpeg;F;F;Marieluise_Claudius;[363.835   100.58504 444.72293 209.3537 ];96.0;162.0;171.0;88.0
DerMannderSherlockHolmeswar-107483.jpeg;F;F;Hansi_Knoteck;[363.835   100.58504 444.72293 209.3537 ];116.0;424.0;206.0;335.0
DerMannderSherlockHolmeswar-107545.jpeg;M;M;Hans_Albers;[123.6552  105.31181 217.79668 223.1292 ];106.0;504.0;196.0;414.0
DerMannderSherlockHolmeswar-107545.jpeg;M;M;Hans_Albers;[409.39178  87.84143 496.51352 200.70557];106.0;504.0;196.0;414.0
DerMannderSherlockHolmeswar-107589.jpeg;F;F;Marieluise_Claudius;[386.01068  75.3643  474.2705  192.45856];96.0;175.0;186.0;86.0
DerMannderSherlockHolmeswar-107589.jpeg;F;F;Hansi_Knoteck;[386.01068  75.3643  474.2705  192.45856];96.0;464.0;186.0;374.0
DerMannderSherlockHolmeswar-107589.jpeg;M;F;Marieluise_Claudius;[105.84386  87.30975 187.74664 189.71884];96.0;175.0;186.0;86.0
DerMannderSherlockHolmeswar-107589.jpeg;M;F;Hansi_Knoteck;[105.84386  87.30975 187.74664 189.71884];96.0;464.0;186.0;374.0
DerMannderSherlockHolmeswar-107981.jpeg;M;F;Hansi_Knoteck;[123.02615  83.84321 201.623   184.61395];136.0;404.0;226.0;315.0
DerMannderSherlockHolmeswar-107981.jpeg;F;F;Hansi_Knoteck;[339.26678 113.13211 422.19037 231.98602];136.0;404.0;226.0;315.0
DerMannderSherlockHolmeswar-108227.jpeg;M;M;Hans_Albers;[447.83264 107.14182 541.78986 219.10812];126.0;554.0;216.0;464.0
DerMannderSherlockHolmeswar-108227.jpeg;M;M;Hans_Albers;[148.77585 139.93895 229.2081  250.53957];126.0;554.0;216.0;464.0
DerMannderSherlockHolmeswar-108477.jpeg;M;M;Hans_Albers;[350.8215   87.7702  476.70114 257.8163 ];125.0;483.0;254.0;354.0
DerMannderSherlockHolmeswar-108896.jpeg;M;F;Marieluise_Claudius;[126.30876   46.379852 205.6488   157.7118  ];56.0;195.0;146.0;106.0
DerMannderSherlockHolmeswar-108896.jpeg;M;F;Marieluise_Claudius;[412.18066 107.25103 496.19012 228.36568];56.0;195.0;146.0;106.0
DerMannderSherlockHolmeswar-109148.jpeg;F;F;Marieluise_Claudius;[393.8365   108.770035 478.23544  231.03632 ];76.0;205.0;166.0;116.0
DerMannderSherlockHolmeswar-109148.jpeg;F;F;Hansi_Knoteck;[393.8365   108.770035 478.23544  231.03632 ];128.0;462.0;235.0;354.0
DerMannderSherlockHolmeswar-109148.jpeg;M;F;Marieluise_Claudius;[134.81407  65.01883 216.45584 173.22478];76.0;205.0;166.0;116.0
DerMannderSherlockHolmeswar-109148.jpeg;M;F;Hansi_Knoteck;[134.81407  65.01883 216.45584 173.22478];128.0;462.0;235.0;354.0
DerMannderSherlockHolmeswar-109219.jpeg;M;M;Hans_Albers;[223.9223   68.6394  338.6713  229.94725];96.0;354.0;225.0;225.0
DerMannderSherlockHolmeswar-110354.jpeg;M;F;Hansi_Knoteck;[448.74353 196.6415  487.19666 246.74916];151.0;170.0;194.0;127.0
DerMannderSherlockHolmeswar-110354.jpeg;F;F;Hansi_Knoteck;[119.817955 147.13483  158.15298  198.15475 ];151.0;170.0;194.0;127.0
DerMannderSherlockHolmeswar-110854.jpeg;F;F;Hansi_Knoteck;[372.6009    81.952484 399.47235  117.8272  ];86.0;401.0;122.0;365.0
DerMannderSherlockHolmeswar-110854.jpeg;F;F;Hansi_Knoteck;[456.62247  106.268425 489.06876  154.31897 ];86.0;401.0;122.0;365.0
DerMannderSherlockHolmeswar-110854.jpeg;M;F;Hansi_Knoteck;[192.59627  81.52998 222.26523 138.03929];86.0;401.0;122.0;365.0
DerMannderSherlockHolmeswar-110854.jpeg;M;F;Hansi_Knoteck;[ 61.817085 106.29115   96.86866  161.24869 ];86.0;401.0;122.0;365.0
DerMannderSherlockHolmeswar-110889.jpeg;M;M;Hans_Albers;[375.58636  34.62649 470.27914 167.03786];68.0;485.0;175.0;378.0
DerMannderSherlockHolmeswar-110889.jpeg;M;M;Hans_Albers;[156.0694   43.71161 235.43883 158.62514];68.0;485.0;175.0;378.0
DerMannderSherlockHolmeswar-111139.jpeg;M;M;Hans_Albers;[382.80295   36.042686 478.89426  176.00192 ];68.0;497.0;175.0;390.0
DerMannderSherlockHolmeswar-111139.jpeg;M;M;Hans_Albers;[164.12299   63.292374 245.14539  173.65628 ];68.0;497.0;175.0;390.0
DerMannderSherlockHolmeswar-111203.jpeg;M;F;Marieluise_Claudius;[289.08664 122.32249 383.92236 248.70357];146.0;374.0;236.0;285.0
DerMannderSherlockHolmeswar-112828.jpeg;M;F;Hansi_Knoteck;[330.3297  114.46171 414.36755 238.93008];128.0;402.0;235.0;294.0
DerMannderSherlockHolmeswar-112828.jpeg;F;F;Hansi_Knoteck;[221.64062  89.64159 298.04425 232.89548];128.0;402.0;235.0;294.0
DerMannderSherlockHolmeswar-112828.jpeg;F;F;Hansi_Knoteck;[455.39835 130.73041 523.4394  262.8199 ];128.0;402.0;235.0;294.0
DerMannderSherlockHolmeswar-113910.jpeg;M;M;Hans_Albers;[ 85.26246  74.90128 183.38179 214.1219 ];104.0;175.0;211.0;67.0
DerMannderSherlockHolmeswar-113910.jpeg;M;M;Hans_Albers;[364.69208 151.74664 480.45062 317.71402];104.0;175.0;211.0;67.0
DerMannderSherlockHolmeswar-114332.jpeg;M;F;Hansi_Knoteck;[351.6323   55.43767 409.6448  129.94502];66.0;411.0;129.0;349.0
DerMannderSherlockHolmeswar-114332.jpeg;M;F;Hilde_Weissner;[351.6323   55.43767 409.6448  129.94502];59.0;252.0;122.0;190.0
DerMannderSherlockHolmeswar-114332.jpeg;F;F;Hansi_Knoteck;[183.19347  50.69461 241.55107 128.31598];66.0;411.0;129.0;349.0
DerMannderSherlockHolmeswar-114332.jpeg;F;F;Hilde_Weissner;[183.19347  50.69461 241.55107 128.31598];59.0;252.0;122.0;190.0
DerMannderSherlockHolmeswar-114417.jpeg;M;M;Hans_Albers;[ 54.974815  82.29573  166.79462  231.67949 ];116.0;151.0;223.0;44.0
DerMannderSherlockHolmeswar-114417.jpeg;M;M;Hans_Albers;[366.1773  147.22342 480.5317  314.73248];116.0;151.0;223.0;44.0
DerMannderSherlockHolmeswar-114667.jpeg;M;M;Hans_Albers;[ 94.97546 115.21024 212.46881 279.71307];153.0;210.0;282.0;81.0
DerMannderSherlockHolmeswar-114667.jpeg;M;M;Hans_Albers;[405.96777 152.42162 518.1269  319.34772];153.0;210.0;282.0;81.0
DerMannderSherlockHolmeswar-114692.jpeg;F;F;Hansi_Knoteck;[425.95673   59.778473 546.1166   227.79388 ];82.0;569.0;211.0;440.0
DerMannderSherlockHolmeswar-114692.jpeg;F;F;Marieluise_Claudius;[425.95673   59.778473 546.1166   227.79388 ];110.0;239.0;239.0;110.0
DerMannderSherlockHolmeswar-114692.jpeg;F;F;Hansi_Knoteck;[ 92.954834  90.341515 221.71321  252.96344 ];82.0;569.0;211.0;440.0
DerMannderSherlockHolmeswar-114692.jpeg;F;F;Marieluise_Claudius;[ 92.954834  90.341515 221.71321  252.96344 ];110.0;239.0;239.0;110.0
DerMannderSherlockHolmeswar-114958.jpeg;M;F;Hansi_Knoteck;[385.11575   43.647507 504.17175  209.78717 ];67.0;511.0;196.0;382.0
DerMannderSherlockHolmeswar-114958.jpeg;M;F;Marieluise_Claudius;[385.11575   43.647507 504.17175  209.78717 ];96.0;225.0;225.0;96.0
DerMannderSherlockHolmeswar-114958.jpeg;M;F;Hansi_Knoteck;[ 75.49345  71.24169 197.08835 230.75508];67.0;511.0;196.0;382.0
DerMannderSherlockHolmeswar-114958.jpeg;M;F;Marieluise_Claudius;[ 75.49345  71.24169 197.08835 230.75508];96.0;225.0;225.0;96.0
DerMannderSherlockHolmeswar-115015.jpeg;M;M;Hans_Albers;[ 88.67402 104.51004 202.68835 268.07617];152.0;187.0;259.0;79.0
DerMannderSherlockHolmeswar-115015.jpeg;M;M;Hans_Albers;[427.90662 144.5959  547.1752  315.98712];152.0;187.0;259.0;79.0
DerMannderSherlockHolmeswar-115064.jpeg;M;F;Hansi_Knoteck;[405.93027  76.30405 516.7932  238.75827];96.0;497.0;225.0;368.0
DerMannderSherlockHolmeswar-115064.jpeg;F;F;Hansi_Knoteck;[124.17701  92.71176 236.83984 254.99742];96.0;497.0;225.0;368.0
DerMannderSherlockHolmeswar-115113.jpeg;M;M;Hans_Albers;[ 73.82218  110.871056 188.79279  271.3941  ];139.0;182.0;268.0;53.0
DerMannderSherlockHolmeswar-115113.jpeg;M;M;Hans_Albers;[422.7421  134.49484 542.87836 317.8785 ];139.0;182.0;268.0;53.0
DerMannderSherlockHolmeswar-115273.jpeg;M;M;Hans_Albers;[ 86.395256 106.87829  206.30984  270.59882 ];139.0;196.0;268.0;67.0
DerMannderSherlockHolmeswar-115273.jpeg;M;M;Hans_Albers;[439.81207 133.98343 562.50464 307.06955];139.0;196.0;268.0;67.0
DerMannderSherlockHolmeswar-117189.jpeg;M;F;Hansi_Knoteck;[266.15836 121.08133 345.11682 230.80283];106.0;225.0;196.0;135.0
DerMannderSherlockHolmeswar-117189.jpeg;M;F;Hansi_Knoteck;[123.50827  92.08264 197.11263 205.08322];106.0;225.0;196.0;135.0
DerMannderSherlockHolmeswar-117189.jpeg;M;F;Hansi_Knoteck;[360.39484 111.51325 415.82928 224.49445];106.0;225.0;196.0;135.0
DerMannderSherlockHolmeswar-117536.jpeg;M;M;Hans_Albers;[336.69247 114.64467 399.57504 201.11426];121.0;395.0;196.0;320.0
DerMannderSherlockHolmeswar-117536.jpeg;M;M;Hans_Albers;[146.69315  121.057526 205.28694  216.4274  ];121.0;395.0;196.0;320.0
DerMannderSherlockHolmeswar-118813.jpeg;F;M;Hans_Albers;[284.4354   83.23354 335.54724 156.9481 ];94.0;328.0;156.0;266.0
DerMannderSherlockHolmeswar-119220.jpeg;M;M;Hans_Albers;[379.11285  127.869705 490.7234   287.4889  ];150.0;339.0;305.0;184.0
DerMannderSherlockHolmeswar-119220.jpeg;M;M;Hans_Albers;[190.17664 114.40168 346.02823 290.60562];150.0;339.0;305.0;184.0
DerMannderSherlockHolmeswar-120320.jpeg;M;M;Hans_Albers;[313.11664 191.00089 344.52957 232.50354];170.0;261.0;206.0;225.0
DerMannderSherlockHolmeswar-120320.jpeg;M;M;Hans_Albers;[282.01163 167.81625 312.50656 203.92964];170.0;261.0;206.0;225.0
DerMannderSherlockHolmeswar-120320.jpeg;M;M;Hans_Albers;[224.49072 157.64326 261.11902 205.3553 ];170.0;261.0;206.0;225.0
DerMannderSherlockHolmeswar-124641.jpeg;M;F;Hilde_Weissner;[371.13284  64.5012  440.6921  153.25957];53.0;197.0;115.0;135.0
DerMannderSherlockHolmeswar-124641.jpeg;M;F;Hilde_Weissner;[138.72672   45.640167 191.75606  113.78765 ];53.0;197.0;115.0;135.0
DerMannderSherlockHolmeswar-124641.jpeg;M;F;Hilde_Weissner;[505.33057  83.56326 562.04156 156.2204 ];53.0;197.0;115.0;135.0
DerMannderSherlockHolmeswar-124641.jpeg;M;F;Hilde_Weissner;[569.42535 102.22983 612.6344  156.89854];53.0;197.0;115.0;135.0
DerMannderSherlockHolmeswar-124641.jpeg;M;F;Hilde_Weissner;[-13.627581  50.38629   33.417377 107.74275 ];53.0;197.0;115.0;135.0
DerMannderSherlockHolmeswar-124641.jpeg;F;F;Hilde_Weissner;[335.18744   45.035828 377.6594    99.19588 ];53.0;197.0;115.0;135.0
DerMannderSherlockHolmeswar-124698.jpeg;M;M;Hans_Albers;[372.01343  94.47308 433.97723 169.06097];87.0;218.0;149.0;156.0
DerMannderSherlockHolmeswar-124698.jpeg;M;M;Hans_Albers;[148.53052  76.33752 204.01105 154.14488];87.0;218.0;149.0;156.0
DerMannderSherlockHolmeswar-124698.jpeg;M;M;Hans_Albers;[ 45.602673  71.49284  110.79669  160.40477 ];87.0;218.0;149.0;156.0
DerMannderSherlockHolmeswar-124698.jpeg;F;M;Hans_Albers;[462.88696  84.45366 528.5201  168.83035];87.0;218.0;149.0;156.0
DerMannderSherlockHolmeswar-124698.jpeg;M;M;Hans_Albers;[265.09598 106.39213 320.4492  189.54959];87.0;218.0;149.0;156.0
DerMannderSherlockHolmeswar-124885.jpeg;M;F;Hilde_Weissner;[152.60039  48.92166 204.10747 116.41564];61.0;199.0;113.0;147.0
DerMannderSherlockHolmeswar-124885.jpeg;M;F;Hilde_Weissner;[516.13965  81.97161 574.7849  156.3353 ];61.0;199.0;113.0;147.0
DerMannderSherlockHolmeswar-124885.jpeg;M;F;Hilde_Weissner;[364.11896  73.85026 435.7586  165.99037];61.0;199.0;113.0;147.0
DerMannderSherlockHolmeswar-124885.jpeg;M;F;Hilde_Weissner;[334.69202   47.22514  375.14133  100.001564];61.0;199.0;113.0;147.0
DerMannderSherlockHolmeswar-124885.jpeg;M;F;Hilde_Weissner;[-17.423046  52.61039   27.170412 109.410614];61.0;199.0;113.0;147.0
DerMannderSherlockHolmeswar-128447.jpeg;M;M;Hans_Albers;[233.60086  110.405556 297.04385  198.46892 ];113.0;262.0;188.0;187.0
DerMannderSherlockHolmeswar-128447.jpeg;M;M;Hans_Albers;[  3.0253944  96.39851    68.496445  198.46078  ];113.0;262.0;188.0;187.0
DerMannderSherlockHolmeswar-128447.jpeg;M;M;Hans_Albers;[162.26924  96.61728 243.6962  193.32419];113.0;262.0;188.0;187.0
DerMannderSherlockHolmeswar-128447.jpeg;M;M;Hans_Albers;[ 68.81601 119.07863 131.68944 202.15965];113.0;262.0;188.0;187.0
DerMannderSherlockHolmeswar-128447.jpeg;M;M;Hans_Albers;[380.61444  75.20628 458.2492  194.86589];113.0;262.0;188.0;187.0
DerMannderSherlockHolmeswar-133891.jpeg;M;M;Hans_Albers;[326.44742  93.65962 400.4036  195.49646];68.0;270.0;175.0;163.0
DerMannderSherlockHolmeswar-133891.jpeg;M;M;Hans_Albers;[167.42404   58.021194 257.43655  175.50322 ];68.0;270.0;175.0;163.0
DerMannderSherlockHolmeswar-133965.jpeg;M;M;Hans_Albers;[341.40967 115.80118 419.4559  221.10573];126.0;295.0;216.0;205.0
DerMannderSherlockHolmeswar-133965.jpeg;M;M;Hans_Albers;[205.5167  101.23123 302.30698 212.6875 ];126.0;295.0;216.0;205.0
DerMannderSherlockHolmeswar-137133.jpeg;M;F;Hansi_Knoteck;[ 51.70967  81.26266 112.46936 166.46638];101.0;121.0;163.0;59.0
DerMannderSherlockHolmeswar-137133.jpeg;F;F;Hansi_Knoteck;[362.46933  103.505295 426.84854  190.74017 ];101.0;121.0;163.0;59.0
DerMannderSherlockHolmeswar-140989.jpeg;M;M;Hans_Albers;[230.71173  98.82612 342.60773 249.40462];110.0;354.0;239.0;225.0
DerMannderSherlockHolmeswar-140989.jpeg;M;M;Hans_Albers;[296.273   268.06763 375.7721  385.8564 ];110.0;354.0;239.0;225.0
DerMannderSherlockHolmeswar-142527.jpeg;M;M;Hans_Albers;[384.99008  69.51849 451.24973 162.75697];46.0;225.0;136.0;135.0
DerMannderSherlockHolmeswar-142527.jpeg;M;M;Hans_Albers;[156.72305  39.66066 224.58533 134.72646];46.0;225.0;136.0;135.0
DerMannderSherlockHolmeswar-142527.jpeg;F;M;Hans_Albers;[576.2903  229.5137  615.92346 279.43558];46.0;225.0;136.0;135.0
DerMannderSherlockHolmeswar-142769.jpeg;M;M;Hans_Albers;[394.17133   82.793846 460.4601   175.38333 ];63.0;237.0;138.0;162.0
DerMannderSherlockHolmeswar-142769.jpeg;M;M;Hans_Albers;[156.90466  42.66904 226.83154 138.22063];63.0;237.0;138.0;162.0
DerMannderSherlockHolmeswar-142769.jpeg;M;M;Hans_Albers;[573.3436  236.23721 614.0047  284.68512];63.0;237.0;138.0;162.0
DerMannderSherlockHolmeswar-144119.jpeg;M;M;Hans_Albers;[347.83902 108.33529 405.22052 186.97174];88.0;212.0;163.0;137.0
DerMannderSherlockHolmeswar-144119.jpeg;M;M;Hans_Albers;[142.0509    77.530716 201.25786  156.88745 ];88.0;212.0;163.0;137.0
DerMannderSherlockHolmeswar-144119.jpeg;M;M;Hans_Albers;[533.4558   92.61296 575.351   144.76686];88.0;212.0;163.0;137.0
DerMannderSherlockHolmeswar-145670.jpeg;M;M;Hans_Albers;[279.27945   36.462643 344.98825  123.605225];47.0;353.0;121.0;278.0
DerMannderSherlockHolmeswar-145670.jpeg;M;M;Hans_Albers;[437.7331  300.83475 493.7349  375.05817];47.0;353.0;121.0;278.0
DerMannderSherlockHolmeswar-145670.jpeg;M;M;Hans_Albers;[ -5.5616417 322.50195    29.80854   370.7375   ];47.0;353.0;121.0;278.0
DerMannderSherlockHolmeswar-145731.jpeg;M;M;Hans_Albers;[442.6718  312.27222 499.4204  386.23618];66.0;246.0;129.0;183.0
DerMannderSherlockHolmeswar-145731.jpeg;M;M;Hans_Albers;[179.27203   49.176426 243.39146  130.94168 ];66.0;246.0;129.0;183.0
DerMannderSherlockHolmeswar-145731.jpeg;M;M;Hans_Albers;[ -4.971039 323.02573   31.389643 372.31226 ];66.0;246.0;129.0;183.0
DerMannderSherlockHolmeswar-146618.jpeg;M;M;Hans_Albers;[468.01074 276.7244  536.08514 364.33615];55.0;278.0;130.0;204.0
DerMannderSherlockHolmeswar-146618.jpeg;M;M;Hans_Albers;[201.35786   39.769115 266.72336  132.1922  ];55.0;278.0;130.0;204.0
DerMannderSherlockHolmeswar-146618.jpeg;M;M;Hans_Albers;[371.26514 249.15431 412.6543  297.62195];55.0;278.0;130.0;204.0
DerMannderSherlockHolmeswar-147091.jpeg;M;M;Hans_Albers;[ 23.039785 194.58333   77.83613  268.06424 ];204.0;328.0;247.0;285.0
DerMannderSherlockHolmeswar-147091.jpeg;F;M;Hans_Albers;[242.4147  161.64322 290.07788 231.14705];204.0;328.0;247.0;285.0
DerMannderSherlockHolmeswar-147091.jpeg;F;M;Hans_Albers;[556.58405 111.1064  591.4286  149.79976];204.0;328.0;247.0;285.0
DerMannderSherlockHolmeswar-147091.jpeg;M;M;Hans_Albers;[126.501724  98.59085  158.41615  139.33469 ];204.0;328.0;247.0;285.0
DerMannderSherlockHolmeswar-147091.jpeg;F;M;Hans_Albers;[191.81897     1.3833237 217.99649    32.550774 ];204.0;328.0;247.0;285.0
DerMannderSherlockHolmeswar-147091.jpeg;M;M;Hans_Albers;[284.556   196.73128 320.27847 250.48112];204.0;328.0;247.0;285.0
DerMannderSherlockHolmeswar-147091.jpeg;F;M;Hans_Albers;[ 44.99929  110.57462   72.599785 145.4628  ];204.0;328.0;247.0;285.0
DerMannderSherlockHolmeswar-147346.jpeg;M;M;Hans_Albers;[ 22.393692 193.66919   75.32254  263.83655 ];211.0;279.0;262.0;227.0
DerMannderSherlockHolmeswar-147346.jpeg;M;M;Hans_Albers;[415.326     44.101894 472.9524   116.477776];211.0;279.0;262.0;227.0
DerMannderSherlockHolmeswar-147346.jpeg;M;M;Hans_Albers;[135.90834  92.16595 166.50977 131.41449];211.0;279.0;262.0;227.0
DerMannderSherlockHolmeswar-147346.jpeg;M;M;Hans_Albers;[221.26694 202.52731 259.9566  263.57837];211.0;279.0;262.0;227.0
DerMannderSherlockHolmeswar-147346.jpeg;M;M;Hans_Albers;[281.73187 194.26483 318.53555 245.33022];211.0;279.0;262.0;227.0
DerMannderSherlockHolmeswar-147346.jpeg;M;M;Hans_Albers;[206.09517     0.8511276 230.29514    31.296022 ];211.0;279.0;262.0;227.0
DerMannderSherlockHolmeswar-147346.jpeg;F;M;Hans_Albers;[ 51.599228 110.60176   79.048584 142.4573  ];211.0;279.0;262.0;227.0
DerMannderSherlockHolmeswar-150141.jpeg;M;M;Hans_Albers;[497.0973   108.394485 570.3096   204.80185 ];86.0;374.0;176.0;285.0
DerMannderSherlockHolmeswar-150141.jpeg;M;M;Hans_Albers;[185.52588  87.57855 226.32129 148.13913];86.0;374.0;176.0;285.0
DerMannderSherlockHolmeswar-150141.jpeg;M;M;Hans_Albers;[284.43762  62.46655 366.53598 171.53351];86.0;374.0;176.0;285.0
DerMannderSherlockHolmeswar-150141.jpeg;M;M;Hans_Albers;[ 79.28677  62.32614 156.54704 165.48868];86.0;374.0;176.0;285.0
DerMannderSherlockHolmeswar-150141.jpeg;M;M;Hans_Albers;[568.2061    32.314697 594.9069    61.813324];86.0;374.0;176.0;285.0
DerMannderSherlockHolmeswar-150141.jpeg;M;M;Hans_Albers;[451.04404   28.591217 474.2       55.477158];86.0;374.0;176.0;285.0
DerMannderSherlockHolmeswar-150141.jpeg;M;M;Hans_Albers;[521.16925   14.757137 547.3444    49.69698 ];86.0;374.0;176.0;285.0
DerMannderSherlockHolmeswar-150141.jpeg;F;M;Hans_Albers;[210.30637   21.544    238.5251    49.954086];86.0;374.0;176.0;285.0
DerMannderSherlockHolmeswar-150224.jpeg;M;M;Hans_Albers;[501.364   117.20154 573.5089  212.99643];56.0;394.0;146.0;305.0
DerMannderSherlockHolmeswar-150224.jpeg;M;M;Hans_Albers;[311.61218   45.480648 387.4415   144.7895  ];56.0;394.0;146.0;305.0
DerMannderSherlockHolmeswar-150224.jpeg;M;M;Hans_Albers;[ 53.07082  62.00147 132.19579 162.82645];56.0;394.0;146.0;305.0
DerMannderSherlockHolmeswar-150224.jpeg;M;M;Hans_Albers;[201.86993  82.33593 240.229   138.34654];56.0;394.0;146.0;305.0
DerMannderSherlockHolmeswar-150224.jpeg;F;M;Hans_Albers;[222.01045   22.82118  252.9177    52.244484];56.0;394.0;146.0;305.0
DerMannderSherlockHolmeswar-150224.jpeg;F;M;Hans_Albers;[450.89456   31.274828 474.5864    57.100914];56.0;394.0;146.0;305.0
DerMannderSherlockHolmeswar-150224.jpeg;M;M;Hans_Albers;[536.64307  27.53904 560.58264  56.44854];56.0;394.0;146.0;305.0
DerMannderSherlockHolmeswar-150224.jpeg;M;M;Hans_Albers;[593.2179    40.113285 615.0687    64.70556 ];56.0;394.0;146.0;305.0
DerMannderSherlockHolmeswar-150604.jpeg;M;M;Hans_Albers;[195.09995  72.08507 297.33612 211.91853];82.0;325.0;211.0;196.0
DerMannderSherlockHolmeswar-150604.jpeg;M;M;Hans_Albers;[374.3101  127.87394 456.95865 241.08675];82.0;325.0;211.0;196.0
DerMannderSherlockHolmeswar-150604.jpeg;F;M;Hans_Albers;[491.18338   13.445166 516.088     43.333847];82.0;325.0;211.0;196.0
DerMannderSherlockHolmeswar-150604.jpeg;F;M;Hans_Albers;[443.79257 140.30515 469.95804 178.5245 ];82.0;325.0;211.0;196.0
DerMannderSherlockHolmeswar-150604.jpeg;M;M;Hans_Albers;[563.5164  133.12573 595.7327  173.7306 ];82.0;325.0;211.0;196.0
DerMannderSherlockHolmeswar-150921.jpeg;M;M;Siegfried_Breuer;[107.48197   51.73732  132.45387   84.056366];50.0;137.0;86.0;101.0
DerMannderSherlockHolmeswar-150921.jpeg;M;M;Siegfried_Breuer;[258.67484  103.050095 330.83853  190.1579  ];50.0;137.0;86.0;101.0
DerMannderSherlockHolmeswar-150921.jpeg;M;M;Siegfried_Breuer;[ 18.869492  66.40549   47.177963 103.20631 ];50.0;137.0;86.0;101.0
DerMannderSherlockHolmeswar-150921.jpeg;M;M;Siegfried_Breuer;[294.37213   13.636994 309.9238    34.216812];50.0;137.0;86.0;101.0
DerMannderSherlockHolmeswar-151405.jpeg;F;M;Hans_Albers;[338.537    76.9104  399.72272 170.3629 ];36.0;165.0;126.0;76.0
DerMannderSherlockHolmeswar-151405.jpeg;M;M;Hans_Albers;[448.1377    48.524757 507.82462  132.319   ];36.0;165.0;126.0;76.0
DerMannderSherlockHolmeswar-151405.jpeg;M;M;Hans_Albers;[ 75.59058   29.965668 142.09131  125.00951 ];36.0;165.0;126.0;76.0
DerMannderSherlockHolmeswar-151405.jpeg;M;M;Hans_Albers;[423.08777  72.73218 453.43597 112.1953 ];36.0;165.0;126.0;76.0
DerMannderSherlockHolmeswar-151405.jpeg;M;M;Hans_Albers;[571.13184  96.79523 598.10767 134.53622];36.0;165.0;126.0;76.0
DerMannderSherlockHolmeswar-151781.jpeg;M;M;Siegfried_Breuer;[413.14215 260.5654  442.2961  302.15887];257.0;323.0;300.0;280.0
DerMannderSherlockHolmeswar-151781.jpeg;M;M;Siegfried_Breuer;[370.0522  167.40508 385.30896 187.87561];257.0;323.0;300.0;280.0
DerMannderSherlockHolmeswar-151781.jpeg;M;M;Siegfried_Breuer;[258.22723 233.2531  291.80737 276.80963];257.0;323.0;300.0;280.0
DerMannderSherlockHolmeswar-151781.jpeg;M;M;Siegfried_Breuer;[152.13559 203.48393 168.63686 226.05438];257.0;323.0;300.0;280.0
DerMannderSherlockHolmeswar-151781.jpeg;M;M;Siegfried_Breuer;[466.47104 205.1101  485.50073 229.31189];257.0;323.0;300.0;280.0
DerMannderSherlockHolmeswar-151781.jpeg;M;M;Siegfried_Breuer;[390.3034  214.39262 407.8817  236.8686 ];257.0;323.0;300.0;280.0
DerMannderSherlockHolmeswar-151781.jpeg;M;M;Siegfried_Breuer;[510.76602 242.99522 549.32166 287.23267];257.0;323.0;300.0;280.0
DerMannderSherlockHolmeswar-151781.jpeg;M;M;Siegfried_Breuer;[292.3509  253.40324 328.61856 303.15512];257.0;323.0;300.0;280.0
DerMannderSherlockHolmeswar-151781.jpeg;M;M;Siegfried_Breuer;[ 92.25853 259.11075 128.03358 307.1743 ];257.0;323.0;300.0;280.0
DerMannderSherlockHolmeswar-151781.jpeg;M;M;Siegfried_Breuer;[354.06415 222.51903 370.27188 242.21799];257.0;323.0;300.0;280.0
DerMannderSherlockHolmeswar-151781.jpeg;M;M;Siegfried_Breuer;[510.92792 142.35655 525.70776 162.23459];257.0;323.0;300.0;280.0
DerMannderSherlockHolmeswar-151781.jpeg;M;M;Siegfried_Breuer;[ 30.268244 218.01228   45.619865 237.79846 ];257.0;323.0;300.0;280.0
DerMannderSherlockHolmeswar-151781.jpeg;M;M;Siegfried_Breuer;[139.73785 177.7893  153.14258 195.82927];257.0;323.0;300.0;280.0
DerMannderSherlockHolmeswar-151781.jpeg;M;M;Siegfried_Breuer;[427.51596 175.00746 442.64914 194.73636];257.0;323.0;300.0;280.0
DerMannderSherlockHolmeswar-151781.jpeg;M;M;Siegfried_Breuer;[172.60085 176.14035 186.26541 193.854  ];257.0;323.0;300.0;280.0
DerMannderSherlockHolmeswar-151781.jpeg;M;M;Siegfried_Breuer;[122.211006 184.24396  136.22302  201.9367  ];257.0;323.0;300.0;280.0
DerMannderSherlockHolmeswar-151781.jpeg;M;M;Siegfried_Breuer;[148.1252  147.55281 159.73877 161.88557];257.0;323.0;300.0;280.0
DerMannderSherlockHolmeswar-151781.jpeg;M;M;Siegfried_Breuer;[188.86136 155.66582 198.97812 169.0628 ];257.0;323.0;300.0;280.0
DerMannderSherlockHolmeswar-151781.jpeg;F;M;Siegfried_Breuer;[341.73373 100.35806 351.83353 113.04159];257.0;323.0;300.0;280.0
DerMannderSherlockHolmeswar-151781.jpeg;F;M;Siegfried_Breuer;[ 22.944872 179.11409   37.279808 197.44485 ];257.0;323.0;300.0;280.0
DerMannderSherlockHolmeswar-151781.jpeg;M;M;Siegfried_Breuer;[455.02274 144.66324 467.2178  161.43866];257.0;323.0;300.0;280.0
DerMannderSherlockHolmeswar-151781.jpeg;M;M;Siegfried_Breuer;[415.8248  145.87833 429.595   161.87555];257.0;323.0;300.0;280.0
DerMannderSherlockHolmeswar-151781.jpeg;M;M;Siegfried_Breuer;[ 50.458473 154.42728   61.480553 168.62862 ];257.0;323.0;300.0;280.0
DerMannderSherlockHolmeswar-151781.jpeg;M;M;Siegfried_Breuer;[ 78.02426 229.99387  95.24935 252.9896 ];257.0;323.0;300.0;280.0
DerMannderSherlockHolmeswar-151781.jpeg;M;M;Siegfried_Breuer;[541.9961   94.34905 554.27423 110.27344];257.0;323.0;300.0;280.0
DerMannderSherlockHolmeswar-151781.jpeg;M;M;Siegfried_Breuer;[181.0239    92.24174  190.02208  103.595604];257.0;323.0;300.0;280.0
DerMannderSherlockHolmeswar-151781.jpeg;M;M;Siegfried_Breuer;[292.44452   89.225555 302.4526   102.954704];257.0;323.0;300.0;280.0
DerMannderSherlockHolmeswar-151781.jpeg;M;M;Siegfried_Breuer;[438.2559   88.19691 448.9475  102.83962];257.0;323.0;300.0;280.0
DerMannderSherlockHolmeswar-151781.jpeg;F;M;Siegfried_Breuer;[219.49689 152.4794  231.22688 166.30132];257.0;323.0;300.0;280.0
DerMannderSherlockHolmeswar-151781.jpeg;M;M;Siegfried_Breuer;[485.29117 173.96637 500.8961  194.19702];257.0;323.0;300.0;280.0
DerMannderSherlockHolmeswar-151781.jpeg;M;M;Siegfried_Breuer;[489.8687  100.72451 502.59244 117.07492];257.0;323.0;300.0;280.0
DerMannderSherlockHolmeswar-151781.jpeg;F;M;Siegfried_Breuer;[253.8708  121.01723 264.67755 133.43794];257.0;323.0;300.0;280.0
DerMannderSherlockHolmeswar-151781.jpeg;M;M;Siegfried_Breuer;[446.61264 109.67509 458.49612 126.47342];257.0;323.0;300.0;280.0
DerMannderSherlockHolmeswar-151781.jpeg;F;M;Siegfried_Breuer;[150.4577  133.00476 159.01208 143.4166 ];257.0;323.0;300.0;280.0
DerMannderSherlockHolmeswar-15261.jpeg;M;M;Hans_Albers;[420.11975   26.603844 510.17426  136.48717 ];36.0;524.0;126.0;434.0
DerMannderSherlockHolmeswar-15261.jpeg;M;M;Hans_Albers;[157.69101 130.23935 240.15227 240.33617];36.0;524.0;126.0;434.0
DerMannderSherlockHolmeswar-152931.jpeg;M;M;Hans_Albers;[232.64874 143.5745  267.26785 190.1887 ];146.0;275.0;190.0;232.0
DerMannderSherlockHolmeswar-152931.jpeg;F;M;Hans_Albers;[322.25928 154.45538 356.92865 201.62578];146.0;275.0;190.0;232.0
DerMannderSherlockHolmeswar-152931.jpeg;F;M;Hans_Albers;[492.9659    41.128693 525.1561    83.35975 ];146.0;275.0;190.0;232.0
DerMannderSherlockHolmeswar-153681.jpeg;M;M;Hans_Albers;[209.39937  48.14698 302.81372 178.16388];68.0;318.0;175.0;211.0
DerMannderSherlockHolmeswar-153681.jpeg;M;M;Hans_Albers;[351.1988  101.24448 438.25122 216.57205];68.0;318.0;175.0;211.0
DerMannderSherlockHolmeswar-153917.jpeg;M;M;Hans_Albers;[210.93036  64.94532 330.6746  231.24164];96.0;354.0;225.0;225.0
DerMannderSherlockHolmeswar-153917.jpeg;M;M;Hans_Albers;[447.92975 138.17938 561.14026 300.78717];96.0;354.0;225.0;225.0
DerMannderSherlockHolmeswar-154167.jpeg;M;M;Hans_Albers;[151.49678   36.267952 270.05728  210.50314 ];47.0;304.0;202.0;150.0
DerMannderSherlockHolmeswar-154167.jpeg;M;M;Hans_Albers;[427.366   134.6013  544.96436 306.6461 ];47.0;304.0;202.0;150.0
DerMannderSherlockHolmeswar-154687.jpeg;M;M;Hans_Albers;[337.72546 106.42169 397.53864 189.9222 ];94.0;218.0;156.0;156.0
DerMannderSherlockHolmeswar-154687.jpeg;M;M;Hans_Albers;[156.18774  77.87016 215.99141 160.88168];94.0;218.0;156.0;156.0
DerMannderSherlockHolmeswar-154687.jpeg;M;M;Hans_Albers;[539.0502    88.520195 582.4633   140.46542 ];94.0;218.0;156.0;156.0
DerMannderSherlockHolmeswar-155828.jpeg;M;M;Siegfried_Breuer;[ 55.370995 126.13394  101.96294  188.32704 ];141.0;596.0;193.0;544.0
DerMannderSherlockHolmeswar-155828.jpeg;M;M;Siegfried_Breuer;[282.9988  129.52452 330.8282  191.8907 ];141.0;596.0;193.0;544.0
DerMannderSherlockHolmeswar-155828.jpeg;M;M;Siegfried_Breuer;[543.1453  129.36102 590.3067  189.49168];141.0;596.0;193.0;544.0
DerMannderSherlockHolmeswar-157086.jpeg;M;M;Hans_Albers;[171.18445   15.153248 224.02374   84.78347 ];18.0;225.0;80.0;163.0
DerMannderSherlockHolmeswar-157086.jpeg;F;M;Hans_Albers;[396.72372 131.59286 419.67584 161.36865];18.0;225.0;80.0;163.0
DerMannderSherlockHolmeswar-157086.jpeg;M;M;Hans_Albers;[574.9942  183.72833 597.4047  218.57797];18.0;225.0;80.0;163.0
DerMannderSherlockHolmeswar-157086.jpeg;F;M;Hans_Albers;[263.98325   76.383514 291.98737  130.26004 ];18.0;225.0;80.0;163.0
DerMannderSherlockHolmeswar-157086.jpeg;M;M;Hans_Albers;[612.68066 128.38062 633.36816 154.66104];18.0;225.0;80.0;163.0
DerMannderSherlockHolmeswar-157540.jpeg;M;F;Marieluise_Claudius;[527.9521  116.88197 597.87897 204.19824];56.0;424.0;146.0;335.0
DerMannderSherlockHolmeswar-157540.jpeg;F;F;Marieluise_Claudius;[342.22314   45.095627 431.87802  148.55472 ];56.0;424.0;146.0;335.0
DerMannderSherlockHolmeswar-158106.jpeg;M;M;Hans_Albers;[261.77808   50.373314 413.42667  268.4657  ];98.0;428.0;284.0;242.0
DerMannderSherlockHolmeswar-158198.jpeg;F;F;Hansi_Knoteck;[393.49692  73.86993 500.05884 207.6513 ];92.0;485.0;199.0;378.0
DerMannderSherlockHolmeswar-158198.jpeg;F;F;Marieluise_Claudius;[393.49692  73.86993 500.05884 207.6513 ];110.0;210.0;239.0;81.0
DerMannderSherlockHolmeswar-158198.jpeg;F;F;Hansi_Knoteck;[ 90.87001   83.789474 206.60056  226.11798 ];92.0;485.0;199.0;378.0
DerMannderSherlockHolmeswar-158198.jpeg;F;F;Marieluise_Claudius;[ 90.87001   83.789474 206.60056  226.11798 ];110.0;210.0;239.0;81.0
DerMannderSherlockHolmeswar-158247.jpeg;M;M;Hans_Albers;[205.62714  76.84011 361.88113 293.83414];98.0;366.0;284.0;180.0
DerMannderSherlockHolmeswar-158559.jpeg;F;F;Hansi_Knoteck;[282.484   110.77958 409.81393 276.16403];139.0;425.0;268.0;296.0
DerMannderSherlockHolmeswar-16936.jpeg;F;F;Hansi_Knoteck;[285.22052  65.62242 365.02927 186.75452];86.0;344.0;176.0;255.0
DerMannderSherlockHolmeswar-17051.jpeg;F;F;Hansi_Knoteck;[265.46304  95.6909  361.6961  209.87628];116.0;354.0;206.0;265.0
DerMannderSherlockHolmeswar-17172.jpeg;F;F;Hansi_Knoteck;[368.3696   57.63266 474.60526 194.47762];67.0;511.0;196.0;382.0
DerMannderSherlockHolmeswar-17350.jpeg;F;F;Hansi_Knoteck;[283.25012  64.36205 393.14667 226.16606];96.0;382.0;225.0;253.0
DerMannderSherlockHolmeswar-17413.jpeg;M;F;Marieluise_Claudius;[300.6634    62.403885 424.06335  228.84663 ];96.0;425.0;225.0;296.0
DerMannderSherlockHolmeswar-17989.jpeg;M;F;Marieluise_Claudius;[204.15378  96.24788 431.2973  403.8853 ];112.0;438.0;379.0;171.0
DerMannderSherlockHolmeswar-18875.jpeg;F;F;Marieluise_Claudius;[213.9024   88.72609 288.47412 203.74265];106.0;315.0;196.0;225.0
DerMannderSherlockHolmeswar-18875.jpeg;F;F;Marieluise_Claudius;[357.43048   61.964417 418.81583  183.78131 ];106.0;315.0;196.0;225.0
DerMannderSherlockHolmeswar-19608.jpeg;M;F;Hansi_Knoteck;[131.70964  85.96178 219.163   205.1238 ];106.0;205.0;196.0;116.0
DerMannderSherlockHolmeswar-19608.jpeg;M;F;Marieluise_Claudius;[131.70964  85.96178 219.163   205.1238 ];104.0;450.0;211.0;342.0
DerMannderSherlockHolmeswar-19608.jpeg;F;F;Hansi_Knoteck;[365.4488    87.986946 464.58392  226.51845 ];106.0;205.0;196.0;116.0
DerMannderSherlockHolmeswar-19608.jpeg;F;F;Marieluise_Claudius;[365.4488    87.986946 464.58392  226.51845 ];104.0;450.0;211.0;342.0
DerMannderSherlockHolmeswar-19827.jpeg;M;F;Hansi_Knoteck;[217.07217 100.94626 301.92685 218.53354];116.0;285.0;206.0;195.0
DerMannderSherlockHolmeswar-19827.jpeg;M;F;Hansi_Knoteck;[359.03577  118.703835 455.4366   262.19843 ];116.0;285.0;206.0;195.0
DerMannderSherlockHolmeswar-20035.jpeg;M;F;Hansi_Knoteck;[192.56381   89.065384 273.71594  207.12355 ];106.0;265.0;196.0;175.0
DerMannderSherlockHolmeswar-20035.jpeg;M;F;Marieluise_Claudius;[192.56381   89.065384 273.71594  207.12355 ];110.0;382.0;239.0;253.0
DerMannderSherlockHolmeswar-20035.jpeg;F;F;Hansi_Knoteck;[291.3945   98.77401 390.02472 246.87085];106.0;265.0;196.0;175.0
DerMannderSherlockHolmeswar-20035.jpeg;F;F;Marieluise_Claudius;[291.3945   98.77401 390.02472 246.87085];110.0;382.0;239.0;253.0
DerMannderSherlockHolmeswar-20125.jpeg;M;F;Marieluise_Claudius;[200.44661  97.36328 284.92224 216.75037];96.0;425.0;225.0;296.0
DerMannderSherlockHolmeswar-20125.jpeg;M;F;Hansi_Knoteck;[200.44661  97.36328 284.92224 216.75037];116.0;275.0;206.0;185.0
DerMannderSherlockHolmeswar-20125.jpeg;F;F;Marieluise_Claudius;[337.5538   88.35476 432.85507 230.15604];96.0;425.0;225.0;296.0
DerMannderSherlockHolmeswar-20125.jpeg;F;F;Hansi_Knoteck;[337.5538   88.35476 432.85507 230.15604];116.0;275.0;206.0;185.0
DerMannderSherlockHolmeswar-20303.jpeg;M;F;Hansi_Knoteck;[318.4522  106.22209 473.22107 330.09503];167.0;442.0;322.0;287.0
DerMannderSherlockHolmeswar-21220.jpeg;M;F;Marieluise_Claudius;[105.81193  43.791   246.51901 239.7547 ];133.0;511.0;288.0;356.0
DerMannderSherlockHolmeswar-21220.jpeg;M;F;Hansi_Knoteck;[105.81193  43.791   246.51901 239.7547 ];64.0;236.0;219.0;81.0
DerMannderSherlockHolmeswar-21220.jpeg;M;F;Marieluise_Claudius;[381.42908  112.264404 517.2604   286.61365 ];133.0;511.0;288.0;356.0
DerMannderSherlockHolmeswar-21220.jpeg;M;F;Hansi_Knoteck;[381.42908  112.264404 517.2604   286.61365 ];64.0;236.0;219.0;81.0
DerMannderSherlockHolmeswar-21525.jpeg;M;F;Marieluise_Claudius;[ 91.47565   74.448616 231.6838   273.97394 ];150.0;528.0;305.0;373.0
DerMannderSherlockHolmeswar-21525.jpeg;M;F;Hansi_Knoteck;[ 91.47565   74.448616 231.6838   273.97394 ];98.0;218.0;253.0;64.0
DerMannderSherlockHolmeswar-21525.jpeg;M;F;Marieluise_Claudius;[393.1198   122.651436 529.4861   305.2374  ];150.0;528.0;305.0;373.0
DerMannderSherlockHolmeswar-21525.jpeg;M;F;Hansi_Knoteck;[393.1198   122.651436 529.4861   305.2374  ];98.0;218.0;253.0;64.0
DerMannderSherlockHolmeswar-21860.jpeg;M;F;Marieluise_Claudius;[417.89014 116.32603 563.33734 301.58966];150.0;562.0;305.0;408.0
DerMannderSherlockHolmeswar-21860.jpeg;M;F;Hansi_Knoteck;[417.89014 116.32603 563.33734 301.58966];98.0;253.0;253.0;98.0
DerMannderSherlockHolmeswar-21860.jpeg;F;F;Marieluise_Claudius;[114.99753  50.78547 264.95477 252.61327];150.0;562.0;305.0;408.0
DerMannderSherlockHolmeswar-21860.jpeg;F;F;Hansi_Knoteck;[114.99753  50.78547 264.95477 252.61327];98.0;253.0;253.0;98.0
DerMannderSherlockHolmeswar-21953.jpeg;M;F;Marieluise_Claudius;[179.08934 119.2036  244.46875 200.2775 ];121.0;552.0;196.0;478.0
DerMannderSherlockHolmeswar-21953.jpeg;M;F;Marieluise_Claudius;[302.1407  114.16483 361.0059  188.43901];121.0;552.0;196.0;478.0
DerMannderSherlockHolmeswar-21953.jpeg;F;F;Marieluise_Claudius;[446.3767  111.54908 501.5023  198.27596];121.0;552.0;196.0;478.0
DerMannderSherlockHolmeswar-21953.jpeg;F;F;Marieluise_Claudius;[502.05035 107.68646 571.30817 206.28458];121.0;552.0;196.0;478.0
DerMannderSherlockHolmeswar-21953.jpeg;F;F;Marieluise_Claudius;[110.5699    34.730034 164.22879  137.43024 ];121.0;552.0;196.0;478.0
DerMannderSherlockHolmeswar-22203.jpeg;M;M;Hans_Albers;[234.23111   24.097183 293.86496   98.21303 ];22.0;312.0;96.0;237.0
DerMannderSherlockHolmeswar-22203.jpeg;M;M;Hans_Albers;[ 91.55811  83.03528 148.22916 166.59482];22.0;312.0;96.0;237.0
DerMannderSherlockHolmeswar-22203.jpeg;M;M;Hans_Albers;[423.68518 235.99762 456.2142  293.6231 ];22.0;312.0;96.0;237.0
DerMannderSherlockHolmeswar-23136.jpeg;M;F;Marieluise_Claudius;[110.640175 138.53494  249.22794  330.95776 ];116.0;528.0;270.0;373.0
DerMannderSherlockHolmeswar-23136.jpeg;M;F;Hansi_Knoteck;[110.640175 138.53494  249.22794  330.95776 ];184.0;253.0;339.0;98.0
DerMannderSherlockHolmeswar-23136.jpeg;M;F;Marieluise_Claudius;[411.06226  97.07592 533.5899  255.70662];116.0;528.0;270.0;373.0
DerMannderSherlockHolmeswar-23136.jpeg;M;F;Hansi_Knoteck;[411.06226  97.07592 533.5899  255.70662];184.0;253.0;339.0;98.0
DerMannderSherlockHolmeswar-23188.jpeg;M;M;Hans_Albers;[164.42526  69.26236 339.7661  284.61337];116.0;339.0;270.0;184.0
DerMannderSherlockHolmeswar-23242.jpeg;M;F;Marieluise_Claudius;[105.68208 119.22071 251.1525  316.02432];125.0;497.0;254.0;368.0
DerMannderSherlockHolmeswar-23242.jpeg;M;F;Hansi_Knoteck;[105.68208 119.22071 251.1525  316.02432];167.0;253.0;322.0;98.0
DerMannderSherlockHolmeswar-23242.jpeg;M;F;Marieluise_Claudius;[381.595    85.90371 508.46432 256.53696];125.0;497.0;254.0;368.0
DerMannderSherlockHolmeswar-23242.jpeg;M;F;Hansi_Knoteck;[381.595    85.90371 508.46432 256.53696];167.0;253.0;322.0;98.0
DerMannderSherlockHolmeswar-23379.jpeg;F;F;Marieluise_Claudius;[ 89.424706 124.32499  233.75044  321.0938  ];125.0;497.0;254.0;368.0
DerMannderSherlockHolmeswar-23379.jpeg;F;F;Hansi_Knoteck;[ 89.424706 124.32499  233.75044  321.0938  ];167.0;236.0;322.0;81.0
DerMannderSherlockHolmeswar-23379.jpeg;M;F;Marieluise_Claudius;[372.67035  81.40999 499.29565 249.85394];125.0;497.0;254.0;368.0
DerMannderSherlockHolmeswar-23379.jpeg;M;F;Hansi_Knoteck;[372.67035  81.40999 499.29565 249.85394];167.0;236.0;322.0;81.0
DerMannderSherlockHolmeswar-23458.jpeg;M;F;Hansi_Knoteck;[106.693306 146.3625   250.55441  335.07837 ];202.0;253.0;356.0;98.0
DerMannderSherlockHolmeswar-23458.jpeg;M;F;Hansi_Knoteck;[403.98877 138.1657  519.0438  268.23315];202.0;253.0;356.0;98.0
DerMannderSherlockHolmeswar-23917.jpeg;F;F;Hansi_Knoteck;[142.36172 116.57889 302.39307 337.6612 ];139.0;345.0;325.0;159.0
DerMannderSherlockHolmeswar-23917.jpeg;M;F;Hansi_Knoteck;[439.62326 102.41095 583.1825  361.69165];139.0;345.0;325.0;159.0
DerMannderSherlockHolmeswar-24309.jpeg;M;M;Hans_Albers;[336.61014   52.570118 431.69662  164.57053 ];56.0;450.0;163.0;342.0
DerMannderSherlockHolmeswar-24309.jpeg;M;M;Hans_Albers;[ 22.95995 111.72514 111.04709 229.40842];56.0;450.0;163.0;342.0
DerMannderSherlockHolmeswar-24309.jpeg;M;M;Hans_Albers;[405.64096  122.470345 468.03424  191.82147 ];56.0;450.0;163.0;342.0
DerMannderSherlockHolmeswar-24493.jpeg;M;F;Hansi_Knoteck;[337.77692   77.203186 528.94006  327.85278 ];201.0;262.0;387.0;77.0
DerMannderSherlockHolmeswar-24493.jpeg;M;F;Marieluise_Claudius;[337.77692   77.203186 528.94006  327.85278 ];118.0;538.0;341.0;315.0
DerMannderSherlockHolmeswar-24493.jpeg;M;F;Hansi_Knoteck;[ 74.02267 155.46893 245.09262 381.2688 ];201.0;262.0;387.0;77.0
DerMannderSherlockHolmeswar-24493.jpeg;M;F;Marieluise_Claudius;[ 74.02267 155.46893 245.09262 381.2688 ];118.0;538.0;341.0;315.0
DerMannderSherlockHolmeswar-24625.jpeg;M;M;Hans_Albers;[ 29.587303 107.78345  120.718254 224.56583 ];68.0;438.0;175.0;330.0
DerMannderSherlockHolmeswar-24625.jpeg;M;M;Hans_Albers;[336.70282  64.33221 433.90582 181.0415 ];68.0;438.0;175.0;330.0
DerMannderSherlockHolmeswar-25738.jpeg;M;M;Hans_Albers;[247.35046   84.977905 295.57092  152.32101 ];95.0;296.0;147.0;245.0
DerMannderSherlockHolmeswar-30722.jpeg;M;M;Hans_Albers;[153.24858  77.3322  239.55676 203.0464 ];92.0;270.0;199.0;163.0
DerMannderSherlockHolmeswar-30722.jpeg;M;M;Hans_Albers;[379.6598  163.97717 453.5669  270.70557];92.0;270.0;199.0;163.0
DerMannderSherlockHolmeswar-30944.jpeg;M;M;Hans_Albers;[237.41324  84.23398 443.2572  346.97543];118.0;489.0;341.0;266.0
DerMannderSherlockHolmeswar-30987.jpeg;F;F;Hilde_Weissner;[225.2804   77.20774 374.96158 265.70276];98.0;373.0;253.0;218.0
DerMannderSherlockHolmeswar-31055.jpeg;M;M;Hans_Albers;[171.27628  47.83309 263.86594 174.25958];68.0;282.0;175.0;175.0
DerMannderSherlockHolmeswar-31055.jpeg;M;M;Hans_Albers;[377.37244 153.34692 454.1524  263.5221 ];68.0;282.0;175.0;175.0
DerMannderSherlockHolmeswar-31643.jpeg;M;M;Hans_Albers;[127.64136   81.183395 246.17189  233.99109 ];104.0;390.0;211.0;282.0
DerMannderSherlockHolmeswar-31643.jpeg;M;M;Hans_Albers;[270.68356  84.45749 386.38013 214.04652];104.0;390.0;211.0;282.0
DerMannderSherlockHolmeswar-32795.jpeg;M;F;Marieluise_Claudius;[227.30284 120.99933 253.75696 155.97433];114.0;297.0;150.0;261.0
DerMannderSherlockHolmeswar-32795.jpeg;M;F;Marieluise_Claudius;[272.07254 112.21376 300.72144 150.03532];114.0;297.0;150.0;261.0
DerMannderSherlockHolmeswar-32795.jpeg;F;F;Marieluise_Claudius;[477.0485    97.418816 505.5492   138.58066 ];114.0;297.0;150.0;261.0
DerMannderSherlockHolmeswar-32795.jpeg;F;F;Marieluise_Claudius;[316.9637   79.04447 348.06354 124.98003];114.0;297.0;150.0;261.0
DerMannderSherlockHolmeswar-32795.jpeg;F;F;Marieluise_Claudius;[ 70.81133  82.96086  99.39108 122.18931];114.0;297.0;150.0;261.0
DerMannderSherlockHolmeswar-42228.jpeg;M;M;Hans_Albers;[478.81015  33.34194 544.8271  127.73334];55.0;536.0;130.0;461.0
DerMannderSherlockHolmeswar-42228.jpeg;M;M;Hans_Albers;[232.24759  65.89415 286.68045 143.59044];55.0;536.0;130.0;461.0
DerMannderSherlockHolmeswar-42228.jpeg;F;M;Hans_Albers;[ 91.03108  90.05794 147.4342  184.0025 ];55.0;536.0;130.0;461.0
DerMannderSherlockHolmeswar-42728.jpeg;M;M;Hans_Albers;[341.437     48.719967 408.77557  144.81555 ];63.0;395.0;138.0;320.0
DerMannderSherlockHolmeswar-42728.jpeg;M;M;Hans_Albers;[214.8037    72.381454 278.0573   145.29172 ];63.0;395.0;138.0;320.0
DerMannderSherlockHolmeswar-42728.jpeg;F;M;Hans_Albers;[146.42651 107.25025 192.48224 192.39494];63.0;395.0;138.0;320.0
DerMannderSherlockHolmeswar-51411.jpeg;M;M;Hans_Albers;[ -6.827797  67.44182  101.10344  207.40823 ];176.0;424.0;265.0;335.0
DerMannderSherlockHolmeswar-51411.jpeg;M;M;Hans_Albers;[350.9827  163.48334 433.47183 269.73022];176.0;424.0;265.0;335.0
DerMannderSherlockHolmeswar-51411.jpeg;M;M;Hans_Albers;[523.112   155.76201 653.1569  330.73068];176.0;424.0;265.0;335.0
DerMannderSherlockHolmeswar-51661.jpeg;M;M;Hans_Albers;[ 35.942837  74.78911  152.72612  207.6542  ];175.0;402.0;283.0;294.0
DerMannderSherlockHolmeswar-51661.jpeg;M;M;Hans_Albers;[311.64798 168.70192 409.42224 283.5028 ];175.0;402.0;283.0;294.0
DerMannderSherlockHolmeswar-51661.jpeg;M;M;Hans_Albers;[475.96408 137.93097 559.96014 299.44205];175.0;402.0;283.0;294.0
DerMannderSherlockHolmeswar-52389.jpeg;M;M;Hans_Albers;[109.908104 119.05215  238.76947  268.50305 ];116.0;270.0;270.0;115.0
DerMannderSherlockHolmeswar-52389.jpeg;M;M;Hans_Albers;[278.9461  107.29292 393.07355 279.6503 ];116.0;270.0;270.0;115.0
DerMannderSherlockHolmeswar-52453.jpeg;M;M;Hans_Albers;[110.47549 119.54072 241.68175 268.2634 ];116.0;270.0;270.0;115.0
DerMannderSherlockHolmeswar-52453.jpeg;F;M;Hans_Albers;[286.12952 111.36649 396.997   287.01804];116.0;270.0;270.0;115.0
DerMannderSherlockHolmeswar-52710.jpeg;M;M;Hans_Albers;[112.02106 113.34844 242.68451 260.7637 ];98.0;270.0;253.0;115.0
DerMannderSherlockHolmeswar-52710.jpeg;M;M;Hans_Albers;[294.92038 100.23897 407.19626 277.61572];98.0;270.0;253.0;115.0
DerMannderSherlockHolmeswar-52824.jpeg;M;M;Hans_Albers;[116.98428 115.46965 240.46658 260.22406];125.0;268.0;254.0;139.0
DerMannderSherlockHolmeswar-52824.jpeg;M;M;Hans_Albers;[287.468   102.10224 398.31894 269.18582];125.0;268.0;254.0;139.0
DerMannderSherlockHolmeswar-52931.jpeg;F;M;Hans_Albers;[273.286   103.3308  386.04218 281.44836];98.0;270.0;253.0;115.0
DerMannderSherlockHolmeswar-52931.jpeg;M;M;Hans_Albers;[104.54661 108.81188 231.90565 257.7847 ];98.0;270.0;253.0;115.0
DerMannderSherlockHolmeswar-54119.jpeg;M;M;Hans_Albers;[205.39792  81.25708 244.90244 130.58395];46.0;381.0;89.0;338.0
DerMannderSherlockHolmeswar-54119.jpeg;M;M;Hans_Albers;[345.3796    33.05858  385.62094   88.258415];46.0;381.0;89.0;338.0
DerMannderSherlockHolmeswar-54657.jpeg;M;M;Hans_Albers;[379.48682   26.951057 469.57404  153.05475 ];44.0;462.0;152.0;354.0
DerMannderSherlockHolmeswar-54657.jpeg;M;M;Hans_Albers;[140.80807 108.1905  221.50348 226.5395 ];44.0;462.0;152.0;354.0
DerMannderSherlockHolmeswar-54829.jpeg;M;M;Hans_Albers;[556.0038   38.29565 620.48846 120.32442];59.0;605.0;122.0;543.0
DerMannderSherlockHolmeswar-54829.jpeg;M;M;Hans_Albers;[178.1387  131.18907 231.12236 203.39793];59.0;605.0;122.0;543.0
DerMannderSherlockHolmeswar-54829.jpeg;M;M;Hans_Albers;[365.9333    74.449646 412.93332  160.74872 ];59.0;605.0;122.0;543.0
DerMannderSherlockHolmeswar-56170.jpeg;M;M;Hans_Albers;[482.07217 192.66182 535.93713 271.70154];170.0;218.0;232.0;156.0
DerMannderSherlockHolmeswar-56170.jpeg;M;M;Hans_Albers;[156.1949  167.23882 204.76459 235.48984];170.0;218.0;232.0;156.0
DerMannderSherlockHolmeswar-56170.jpeg;M;M;Hans_Albers;[183.93814  26.17212 220.12814  70.86867];170.0;218.0;232.0;156.0
DerMannderSherlockHolmeswar-56170.jpeg;M;M;Hans_Albers;[351.20724   14.654726 385.657     58.369408];170.0;218.0;232.0;156.0
DerMannderSherlockHolmeswar-56170.jpeg;M;M;Hans_Albers;[11.234928 41.717392 44.01416  84.249886];170.0;218.0;232.0;156.0
DerMannderSherlockHolmeswar-56403.jpeg;M;M;Hans_Albers;[517.35236 213.57658 569.4523  286.2033 ];184.0;170.0;246.0;107.0
DerMannderSherlockHolmeswar-56403.jpeg;M;M;Hans_Albers;[123.75838 183.333   173.73723 244.9144 ];184.0;170.0;246.0;107.0
DerMannderSherlockHolmeswar-56403.jpeg;M;M;Hans_Albers;[234.16992   39.18488  263.45288   85.322716];184.0;170.0;246.0;107.0
DerMannderSherlockHolmeswar-56403.jpeg;M;M;Hans_Albers;[345.7262    22.053768 378.12527   67.16336 ];184.0;170.0;246.0;107.0
DerMannderSherlockHolmeswar-56403.jpeg;M;M;Hans_Albers;[ 7.163162 49.910492 38.432617 89.37295 ];184.0;170.0;246.0;107.0
DerMannderSherlockHolmeswar-56844.jpeg;M;M;Hans_Albers;[ 87.44693 204.04147 141.26418 278.30673];222.0;141.0;274.0;89.0
DerMannderSherlockHolmeswar-56844.jpeg;M;M;Hans_Albers;[384.34155   10.357681 429.01917   75.89143 ];222.0;141.0;274.0;89.0
DerMannderSherlockHolmeswar-56844.jpeg;M;M;Hans_Albers;[ 40.723938  66.608154  73.01428  109.20487 ];222.0;141.0;274.0;89.0
DerMannderSherlockHolmeswar-56844.jpeg;F;M;Hans_Albers;[465.92377 245.64626 508.459   312.1071 ];222.0;141.0;274.0;89.0
DerMannderSherlockHolmeswar-59005.jpeg;M;M;Hans_Albers;[463.42114 204.67554 522.1871  287.0326 ];213.0;519.0;287.0;444.0
DerMannderSherlockHolmeswar-59005.jpeg;M;M;Hans_Albers;[ 59.748306  50.268204 115.45654  126.34307 ];213.0;519.0;287.0;444.0
DerMannderSherlockHolmeswar-59005.jpeg;M;M;Hans_Albers;[286.63638   10.456627 320.0614    52.990765];213.0;519.0;287.0;444.0
DerMannderSherlockHolmeswar-59005.jpeg;M;M;Hans_Albers;[591.6589    26.321732 625.15326   70.554375];213.0;519.0;287.0;444.0
DerMannderSherlockHolmeswar-59873.jpeg;F;M;Hans_Albers;[395.44858  92.48585 460.446   194.04553];63.0;328.0;138.0;254.0
DerMannderSherlockHolmeswar-59873.jpeg;M;M;Hans_Albers;[272.06915  44.6122  339.35504 141.29408];63.0;328.0;138.0;254.0
DerMannderSherlockHolmeswar-59873.jpeg;M;M;Hans_Albers;[118.11211  96.50369 156.45085 146.64233];63.0;328.0;138.0;254.0
DerMannderSherlockHolmeswar-60123.jpeg;M;M;Hans_Albers;[354.22025  83.46246 401.6652  142.80861];56.0;344.0;146.0;255.0
DerMannderSherlockHolmeswar-60123.jpeg;M;M;Hans_Albers;[279.83032   48.542503 346.6949   143.17949 ];56.0;344.0;146.0;255.0
DerMannderSherlockHolmeswar-60123.jpeg;M;M;Hans_Albers;[ 48.417892  85.84073   91.67929  139.11826 ];56.0;344.0;146.0;255.0
DerMannderSherlockHolmeswar-60123.jpeg;M;M;Hans_Albers;[394.3418   104.473526 458.47925  201.95502 ];56.0;344.0;146.0;255.0
DerMannderSherlockHolmeswar-60123.jpeg;M;M;Hans_Albers;[195.74214  107.019455 237.95645  158.27844 ];56.0;344.0;146.0;255.0
DerMannderSherlockHolmeswar-60318.jpeg;M;M;Hans_Albers;[247.88602   56.028206 318.7813   150.16028 ];72.0;312.0;146.0;237.0
DerMannderSherlockHolmeswar-60318.jpeg;M;M;Hans_Albers;[ 53.344498  87.21865   95.45854  141.28163 ];72.0;312.0;146.0;237.0
DerMannderSherlockHolmeswar-60318.jpeg;M;M;Hans_Albers;[379.90106  101.328735 439.0778   198.43124 ];72.0;312.0;146.0;237.0
DerMannderSherlockHolmeswar-60318.jpeg;M;M;Hans_Albers;[181.65326  107.908356 223.13852  160.87411 ];72.0;312.0;146.0;237.0
DerMannderSherlockHolmeswar-60318.jpeg;M;M;Hans_Albers;[371.02048  91.5291  411.4808  147.2138 ];72.0;312.0;146.0;237.0
DerMannderSherlockHolmeswar-60455.jpeg;M;M;Hans_Albers;[220.15004   65.223885 288.0177   152.26587 ];80.0;287.0;155.0;212.0
DerMannderSherlockHolmeswar-60455.jpeg;M;M;Hans_Albers;[352.34924  86.3976  402.62842 149.05861];80.0;287.0;155.0;212.0
DerMannderSherlockHolmeswar-60455.jpeg;M;M;Hans_Albers;[403.34372  99.22037 474.86615 197.69412];80.0;287.0;155.0;212.0
DerMannderSherlockHolmeswar-60455.jpeg;M;M;Hans_Albers;[ 68.46149   80.58582  108.994675 132.89096 ];80.0;287.0;155.0;212.0
DerMannderSherlockHolmeswar-60455.jpeg;M;M;Hans_Albers;[143.03085 100.67065 186.72795 154.52103];80.0;287.0;155.0;212.0
DerMannderSherlockHolmeswar-60955.jpeg;M;M;Hans_Albers;[141.99356  72.97652 205.1465  154.28082];88.0;212.0;163.0;137.0
DerMannderSherlockHolmeswar-60955.jpeg;M;M;Hans_Albers;[275.2318   83.2874  307.8613  123.30467];88.0;212.0;163.0;137.0
DerMannderSherlockHolmeswar-60955.jpeg;M;M;Hans_Albers;[352.27274   97.506485 388.61984  139.70198 ];88.0;212.0;163.0;137.0
DerMannderSherlockHolmeswar-60955.jpeg;M;M;Hans_Albers;[102.92341   61.855247 138.50377  111.51918 ];88.0;212.0;163.0;137.0
DerMannderSherlockHolmeswar-60955.jpeg;M;M;Hans_Albers;[476.44318 118.29166 528.4917  178.44173];88.0;212.0;163.0;137.0
DerMannderSherlockHolmeswar-60955.jpeg;M;M;Hans_Albers;[267.36713 324.54803 322.1877  422.8709 ];88.0;212.0;163.0;137.0
DerMannderSherlockHolmeswar-61936.jpeg;M;M;Hans_Albers;[199.41005  80.66547 315.3066  248.53088];125.0;325.0;254.0;196.0
DerMannderSherlockHolmeswar-63505.jpeg;M;M;Hans_Albers;[448.63306  83.35346 544.7851  218.90976];104.0;270.0;211.0;163.0
DerMannderSherlockHolmeswar-63505.jpeg;M;M;Hans_Albers;[178.89896  104.987595 268.0612   221.31503 ];104.0;270.0;211.0;163.0
DerMannderSherlockHolmeswar-63669.jpeg;M;M;Hans_Albers;[452.1251   65.98322 547.92004 208.32605];96.0;265.0;186.0;175.0
DerMannderSherlockHolmeswar-63669.jpeg;M;M;Hans_Albers;[191.18802   83.239456 277.21875  198.5025  ];96.0;265.0;186.0;175.0
DerMannderSherlockHolmeswar-64543.jpeg;M;M;Hans_Albers;[412.6373    63.237267 487.56378  199.4686  ];92.0;270.0;199.0;163.0
DerMannderSherlockHolmeswar-64543.jpeg;M;M;Hans_Albers;[187.46704  90.73672 274.82434 209.82803];92.0;270.0;199.0;163.0
DerMannderSherlockHolmeswar-64750.jpeg;M;M;Hans_Albers;[215.59618  83.44211 301.39108 197.21623];92.0;318.0;199.0;211.0
DerMannderSherlockHolmeswar-64750.jpeg;M;M;Hans_Albers;[407.52588  61.45748 495.45584 208.96365];92.0;318.0;199.0;211.0
DerMannderSherlockHolmeswar-65469.jpeg;F;F;Hilde_Weissner;[211.3396    55.885223 269.4444   136.71141 ];66.0;266.0;129.0;204.0
DerMannderSherlockHolmeswar-65518.jpeg;M;M;Hans_Albers;[366.32257 108.99791 414.77322 179.36597];66.0;301.0;129.0;239.0
DerMannderSherlockHolmeswar-65518.jpeg;M;M;Hans_Albers;[226.01447  42.95922 292.42566 132.87143];66.0;301.0;129.0;239.0
DerMannderSherlockHolmeswar-65640.jpeg;F;F;Hilde_Weissner;[269.9046    51.553192 348.00784  163.34511 ];66.0;344.0;156.0;255.0
DerMannderSherlockHolmeswar-65800.jpeg;M;F;Hilde_Weissner;[216.25473  70.7916  309.51614 203.24255];92.0;306.0;199.0;199.0
DerMannderSherlockHolmeswar-66632.jpeg;M;M;Hans_Albers;[240.94586   24.234158 331.33142  148.6744  ];32.0;330.0;140.0;223.0
DerMannderSherlockHolmeswar-66871.jpeg;M;M;Hans_Albers;[164.75     35.08085 253.18024 158.02597];66.0;255.0;156.0;165.0
DerMannderSherlockHolmeswar-67006.jpeg;M;M;Hans_Albers;[181.42418   35.211594 279.55545  168.61143 ];76.0;275.0;166.0;185.0
DerMannderSherlockHolmeswar-67540.jpeg;M;M;Hans_Albers;[190.92172   34.265392 281.15536  164.02127 ];66.0;285.0;156.0;195.0
DerMannderSherlockHolmeswar-67622.jpeg;F;F;Hilde_Weissner;[277.98364   79.414986 363.9517   195.292   ];96.0;364.0;186.0;275.0
DerMannderSherlockHolmeswar-67727.jpeg;M;M;Hans_Albers;[171.91092   46.407814 264.36905  176.00832 ];68.0;282.0;175.0;175.0
DerMannderSherlockHolmeswar-68014.jpeg;M;M;Hans_Albers;[146.8964   73.42149 262.6937  236.1934 ];96.0;282.0;225.0;153.0
DerMannderSherlockHolmeswar-68074.jpeg;F;F;Hilde_Weissner;[333.09155 103.56858 431.09668 230.62314];116.0;426.0;223.0;318.0
DerMannderSherlockHolmeswar-68365.jpeg;M;M;Hans_Albers;[135.73293   71.184975 251.21028  235.63925 ];96.0;268.0;225.0;139.0
DerMannderSherlockHolmeswar-68420.jpeg;F;F;Hilde_Weissner;[336.11578 103.96573 428.36264 231.13725];116.0;426.0;223.0;318.0
DerMannderSherlockHolmeswar-68420.jpeg;M;F;Hilde_Weissner;[240.25668  64.83619 303.93192 217.32819];116.0;426.0;223.0;318.0
DerMannderSherlockHolmeswar-68649.jpeg;M;M;Hans_Albers;[122.12139 116.59389 192.49225 211.83441];44.0;366.0;152.0;259.0
DerMannderSherlockHolmeswar-68649.jpeg;M;M;Hans_Albers;[282.4734    38.833927 362.743    152.78767 ];44.0;366.0;152.0;259.0
DerMannderSherlockHolmeswar-70035.jpeg;M;M;Hans_Albers;[178.52861  73.99007 252.59442 177.03159];86.0;275.0;176.0;185.0
DerMannderSherlockHolmeswar-70035.jpeg;M;M;Hans_Albers;[363.17392   35.106155 432.54056  152.3592  ];86.0;275.0;176.0;185.0
DerMannderSherlockHolmeswar-70285.jpeg;M;M;Hans_Albers;[218.71362 161.73846 281.53436 246.48506];86.0;524.0;176.0;434.0
DerMannderSherlockHolmeswar-70285.jpeg;M;M;Hans_Albers;[453.8816   78.9306  522.46155 169.10747];86.0;524.0;176.0;434.0
DerMannderSherlockHolmeswar-70285.jpeg;F;M;Hans_Albers;[ 49.979813  75.11357  116.80983  187.74385 ];86.0;524.0;176.0;434.0
DerMannderSherlockHolmeswar-70375.jpeg;M;F;Hilde_Weissner;[263.86087  73.68317 352.0574  195.80432];92.0;366.0;199.0;259.0
DerMannderSherlockHolmeswar-70615.jpeg;M;M;Hans_Albers;[374.87964   48.157467 473.1037   182.38058 ];68.0;462.0;175.0;354.0
DerMannderSherlockHolmeswar-70615.jpeg;M;M;Hans_Albers;[104.77246 136.30063 197.21356 262.15155];68.0;462.0;175.0;354.0
DerMannderSherlockHolmeswar-70839.jpeg;M;F;Hilde_Weissner;[271.87152  76.34456 360.83734 205.86963];106.0;364.0;196.0;275.0
DerMannderSherlockHolmeswar-71091.jpeg;F;F;Hilde_Weissner;[273.4067   69.76465 365.04642 198.8883 ];92.0;378.0;199.0;270.0
DerMannderSherlockHolmeswar-71203.jpeg;M;M;Hans_Albers;[118.50508 134.32011 210.53493 257.30853];80.0;390.0;187.0;282.0
DerMannderSherlockHolmeswar-71203.jpeg;M;M;Hans_Albers;[293.92776   57.682823 394.17212  191.94528 ];80.0;390.0;187.0;282.0
DerMannderSherlockHolmeswar-71335.jpeg;F;F;Hilde_Weissner;[248.89594  75.45404 336.07425 202.17648];92.0;354.0;199.0;247.0
DerMannderSherlockHolmeswar-71423.jpeg;M;M;Hans_Albers;[ 87.93771 121.95367 177.00293 245.65689];80.0;402.0;187.0;294.0
DerMannderSherlockHolmeswar-71423.jpeg;M;M;Hans_Albers;[305.76126   50.049072 406.8268   189.11765 ];80.0;402.0;187.0;294.0
DerMannderSherlockHolmeswar-71585.jpeg;M;M;Hans_Albers;[337.90506    9.030151 435.65988  142.245   ];32.0;426.0;140.0;318.0
DerMannderSherlockHolmeswar-71585.jpeg;F;M;Hans_Albers;[139.59631  116.375595 228.04756  239.00014 ];32.0;426.0;140.0;318.0
DerMannderSherlockHolmeswar-71620.jpeg;M;F;Hilde_Weissner;[261.7457    77.755264 348.555    204.38922 ];106.0;354.0;196.0;265.0
DerMannderSherlockHolmeswar-73223.jpeg;M;F;Marieluise_Claudius;[247.26308 116.72684 288.93832 171.63065];118.0;302.0;170.0;250.0
DerMannderSherlockHolmeswar-73223.jpeg;M;F;Marieluise_Claudius;[120.58027 117.37661 159.27353 171.99902];118.0;302.0;170.0;250.0
DerMannderSherlockHolmeswar-73223.jpeg;M;F;Marieluise_Claudius;[532.85046 161.80399 562.5481  198.36829];118.0;302.0;170.0;250.0
DerMannderSherlockHolmeswar-73223.jpeg;M;F;Marieluise_Claudius;[384.37827 122.68769 416.74966 184.18748];118.0;302.0;170.0;250.0
DerMannderSherlockHolmeswar-73223.jpeg;M;F;Marieluise_Claudius;[522.3039    16.70279  557.3065    65.689926];118.0;302.0;170.0;250.0
DerMannderSherlockHolmeswar-73473.jpeg;F;F;Hansi_Knoteck;[312.1971    72.713196 379.69656  160.52869 ];96.0;237.0;171.0;162.0
DerMannderSherlockHolmeswar-73473.jpeg;M;F;Hansi_Knoteck;[159.43091  89.42804 217.1844  170.67003];96.0;237.0;171.0;162.0
DerMannderSherlockHolmeswar-73473.jpeg;M;F;Hansi_Knoteck;[487.44202   65.659935 537.8693   181.15881 ];96.0;237.0;171.0;162.0
DerMannderSherlockHolmeswar-74490.jpeg;M;F;Marieluise_Claudius;[241.42947  118.251915 288.91522  186.07027 ];130.0;285.0;182.0;233.0
DerMannderSherlockHolmeswar-74490.jpeg;M;F;Marieluise_Claudius;[188.88022 112.40801 237.29755 175.8498 ];130.0;285.0;182.0;233.0
DerMannderSherlockHolmeswar-77471.jpeg;M;F;Marieluise_Claudius;[416.0458  177.64178 447.23465 216.43863];182.0;449.0;218.0;413.0
DerMannderSherlockHolmeswar-77471.jpeg;M;F;Marieluise_Claudius;[396.47873 168.45844 420.70682 203.74083];182.0;449.0;218.0;413.0
DerMannderSherlockHolmeswar-77721.jpeg;M;F;Hansi_Knoteck;[437.50412 200.56941 483.63025 256.46863];214.0;482.0;257.0;439.0
DerMannderSherlockHolmeswar-77721.jpeg;M;F;Hansi_Knoteck;[100.68676 175.82907 122.38933 211.28398];214.0;482.0;257.0;439.0
DerMannderSherlockHolmeswar-82210.jpeg;M;F;Hansi_Knoteck;[322.367   211.71135 401.61688 308.19098];229.0;403.0;304.0;328.0
DerMannderSherlockHolmeswar-86681.jpeg;M;M;Hans_Albers;[431.2461  109.59202 510.9956  219.11922];56.0;255.0;146.0;165.0
DerMannderSherlockHolmeswar-86681.jpeg;M;M;Hans_Albers;[153.34833   44.598255 235.10715  146.14996 ];56.0;255.0;146.0;165.0
DerMannderSherlockHolmeswar-9941.jpeg;F;F;Hansi_Knoteck;[449.5539   89.3631  510.25943 174.81482];108.0;515.0;170.0;453.0
DerMaulkorbRalphArthurRobertsPaulHenckelsHildeWeissnerTheodorLoos-102303.jpeg;M;M;Ralph_Arthur_Roberts;[438.64288 261.56488 512.0989  348.9725 ];279.0;511.0;354.0;436.0
DerMaulkorbRalphArthurRobertsPaulHenckelsHildeWeissnerTheodorLoos-102303.jpeg;F;M;Ralph_Arthur_Roberts;[293.22327  76.82469 358.43253 158.62001];279.0;511.0;354.0;436.0
DerMaulkorbRalphArthurRobertsPaulHenckelsHildeWeissnerTheodorLoos-102553.jpeg;M;M;Ralph_Arthur_Roberts;[409.6241   71.98784 526.8624  219.28104];96.0;540.0;225.0;411.0
DerMaulkorbRalphArthurRobertsPaulHenckelsHildeWeissnerTheodorLoos-102553.jpeg;M;F;Charlotte_Schellhorn;[409.6241   71.98784 526.8624  219.28104];96.0;268.0;225.0;139.0
DerMaulkorbRalphArthurRobertsPaulHenckelsHildeWeissnerTheodorLoos-102553.jpeg;F;M;Ralph_Arthur_Roberts;[120.84277  73.6867  207.94408 228.23834];96.0;540.0;225.0;411.0
DerMaulkorbRalphArthurRobertsPaulHenckelsHildeWeissnerTheodorLoos-102553.jpeg;F;F;Charlotte_Schellhorn;[120.84277  73.6867  207.94408 228.23834];96.0;268.0;225.0;139.0
DerMaulkorbRalphArthurRobertsPaulHenckelsHildeWeissnerTheodorLoos-102843.jpeg;M;F;Hilde_Weissner;[164.36406   98.869225 316.26657  318.03397 ];150.0;339.0;305.0;184.0
DerMaulkorbRalphArthurRobertsPaulHenckelsHildeWeissnerTheodorLoos-102843.jpeg;F;F;Hilde_Weissner;[496.62555  89.54164 619.5345  340.65018];150.0;339.0;305.0;184.0
DerMaulkorbRalphArthurRobertsPaulHenckelsHildeWeissnerTheodorLoos-102911.jpeg;M;M;Ralph_Arthur_Roberts;[314.16928  95.87682 462.43756 288.99573];133.0;442.0;288.0;287.0
DerMaulkorbRalphArthurRobertsPaulHenckelsHildeWeissnerTheodorLoos-102911.jpeg;F;M;Ralph_Arthur_Roberts;[ 25.545658  92.81953  139.36961  317.0287  ];133.0;442.0;288.0;287.0
DerMaulkorbRalphArthurRobertsPaulHenckelsHildeWeissnerTheodorLoos-103161.jpeg;M;M;Ralph_Arthur_Roberts;[256.2106  107.23192 407.62308 303.00925];133.0;390.0;288.0;236.0
DerMaulkorbRalphArthurRobertsPaulHenckelsHildeWeissnerTheodorLoos-103161.jpeg;M;M;Ralph_Arthur_Roberts;[ 13.088806  63.240192 109.69938  286.48764 ];133.0;390.0;288.0;236.0
DerMaulkorbRalphArthurRobertsPaulHenckelsHildeWeissnerTheodorLoos-103411.jpeg;M;M;Ralph_Arthur_Roberts;[272.3561   102.355316 422.8561   301.82947 ];133.0;390.0;288.0;236.0
DerMaulkorbRalphArthurRobertsPaulHenckelsHildeWeissnerTheodorLoos-103411.jpeg;M;M;Ralph_Arthur_Roberts;[ 26.40336  63.02795 139.38985 278.57913];133.0;390.0;288.0;236.0
DerMaulkorbRalphArthurRobertsPaulHenckelsHildeWeissnerTheodorLoos-103531.jpeg;M;M;Ralph_Arthur_Roberts;[314.3833  114.04506 362.55414 176.78047];124.0;360.0;176.0;308.0
DerMaulkorbRalphArthurRobertsPaulHenckelsHildeWeissnerTheodorLoos-103531.jpeg;M;M;Ralph_Arthur_Roberts;[190.55081 111.74737 219.44052 174.73657];124.0;360.0;176.0;308.0
DerMaulkorbRalphArthurRobertsPaulHenckelsHildeWeissnerTheodorLoos-105320.jpeg;M;M;Ralph_Arthur_Roberts;[ 93.29333  45.22832 174.2667  151.66344];66.0;185.0;156.0;96.0
DerMaulkorbRalphArthurRobertsPaulHenckelsHildeWeissnerTheodorLoos-105320.jpeg;M;M;Ralph_Arthur_Roberts;[450.0216   46.60991 527.62994 150.72212];66.0;185.0;156.0;96.0
DerMaulkorbRalphArthurRobertsPaulHenckelsHildeWeissnerTheodorLoos-10692.jpeg;M;M;Ralph_Arthur_Roberts;[323.49387   39.793777 490.7244   271.7769  ];57.0;510.0;242.0;324.0
DerMaulkorbRalphArthurRobertsPaulHenckelsHildeWeissnerTheodorLoos-108869.jpeg;M;M;Will_Quadflieg;[339.58865  53.27103 403.99747 142.33972];63.0;395.0;138.0;320.0
DerMaulkorbRalphArthurRobertsPaulHenckelsHildeWeissnerTheodorLoos-108869.jpeg;M;M;Will_Quadflieg;[137.31157   58.764618 187.46153  145.47292 ];63.0;395.0;138.0;320.0
DerMaulkorbRalphArthurRobertsPaulHenckelsHildeWeissnerTheodorLoos-111979.jpeg;M;M;Will_Quadflieg;[178.21065  39.96622 221.86288  96.45043];50.0;223.0;94.0;180.0
DerMaulkorbRalphArthurRobertsPaulHenckelsHildeWeissnerTheodorLoos-111979.jpeg;M;M;Will_Quadflieg;[328.00052  49.75938 377.22775 111.39397];50.0;223.0;94.0;180.0
DerMaulkorbRalphArthurRobertsPaulHenckelsHildeWeissnerTheodorLoos-111979.jpeg;M;M;Will_Quadflieg;[444.07016  85.33162 464.84116 114.18853];50.0;223.0;94.0;180.0
DerMaulkorbRalphArthurRobertsPaulHenckelsHildeWeissnerTheodorLoos-111979.jpeg;M;M;Will_Quadflieg;[ 55.694748 133.83124   80.19775  165.47694 ];50.0;223.0;94.0;180.0
DerMaulkorbRalphArthurRobertsPaulHenckelsHildeWeissnerTheodorLoos-111979.jpeg;M;M;Will_Quadflieg;[252.53194   51.217373 269.1175    71.26424 ];50.0;223.0;94.0;180.0
DerMaulkorbRalphArthurRobertsPaulHenckelsHildeWeissnerTheodorLoos-111979.jpeg;M;M;Will_Quadflieg;[534.7428  137.70006 557.9207  167.67772];50.0;223.0;94.0;180.0
DerMaulkorbRalphArthurRobertsPaulHenckelsHildeWeissnerTheodorLoos-111979.jpeg;F;M;Will_Quadflieg;[471.6522   73.72875 488.92484  92.7826 ];50.0;223.0;94.0;180.0
DerMaulkorbRalphArthurRobertsPaulHenckelsHildeWeissnerTheodorLoos-111979.jpeg;M;M;Will_Quadflieg;[129.81546  79.19458 147.15213 100.06665];50.0;223.0;94.0;180.0
DerMaulkorbRalphArthurRobertsPaulHenckelsHildeWeissnerTheodorLoos-111979.jpeg;M;M;Will_Quadflieg;[ 60.565445  81.74175   82.539215 109.58252 ];50.0;223.0;94.0;180.0
DerMaulkorbRalphArthurRobertsPaulHenckelsHildeWeissnerTheodorLoos-111979.jpeg;M;M;Will_Quadflieg;[618.56744 122.80294 639.18243 155.15323];50.0;223.0;94.0;180.0
DerMaulkorbRalphArthurRobertsPaulHenckelsHildeWeissnerTheodorLoos-111979.jpeg;F;M;Will_Quadflieg;[484.0952   47.30842 500.90964  68.35185];50.0;223.0;94.0;180.0
DerMaulkorbRalphArthurRobertsPaulHenckelsHildeWeissnerTheodorLoos-111979.jpeg;M;M;Will_Quadflieg;[ 91.17754  47.81742 107.11102  68.55468];50.0;223.0;94.0;180.0
DerMaulkorbRalphArthurRobertsPaulHenckelsHildeWeissnerTheodorLoos-111979.jpeg;M;M;Will_Quadflieg;[254.56203  95.59419 275.76968 121.09017];50.0;223.0;94.0;180.0
DerMaulkorbRalphArthurRobertsPaulHenckelsHildeWeissnerTheodorLoos-111979.jpeg;M;M;Will_Quadflieg;[527.61224  98.46586 548.04095 121.99232];50.0;223.0;94.0;180.0
DerMaulkorbRalphArthurRobertsPaulHenckelsHildeWeissnerTheodorLoos-111979.jpeg;F;M;Will_Quadflieg;[396.12833   80.711136 414.37717  101.13036 ];50.0;223.0;94.0;180.0
DerMaulkorbRalphArthurRobertsPaulHenckelsHildeWeissnerTheodorLoos-111979.jpeg;M;M;Will_Quadflieg;[592.63104 216.18726 633.9829  258.1925 ];50.0;223.0;94.0;180.0
DerMaulkorbRalphArthurRobertsPaulHenckelsHildeWeissnerTheodorLoos-117787.jpeg;M;M;Ralph_Arthur_Roberts;[287.10483   13.491341 385.30847  140.45306 ];32.0;378.0;140.0;270.0
DerMaulkorbRalphArthurRobertsPaulHenckelsHildeWeissnerTheodorLoos-117955.jpeg;M;M;Ralph_Arthur_Roberts;[249.46994   28.380564 399.06528  210.60556 ];47.0;390.0;202.0;236.0
DerMaulkorbRalphArthurRobertsPaulHenckelsHildeWeissnerTheodorLoos-118365.jpeg;M;M;Ralph_Arthur_Roberts;[238.04416   52.227886 390.31113  242.6184  ];81.0;390.0;236.0;236.0
DerMaulkorbRalphArthurRobertsPaulHenckelsHildeWeissnerTheodorLoos-120567.jpeg;M;M;Ralph_Arthur_Roberts;[215.35324  85.76128 297.90387 196.81046];106.0;305.0;196.0;215.0
DerMaulkorbRalphArthurRobertsPaulHenckelsHildeWeissnerTheodorLoos-123367.jpeg;M;F;Charlotte_Schellhorn;[313.2046  144.03468 366.8316  207.97737];153.0;366.0;205.0;314.0
DerMaulkorbRalphArthurRobertsPaulHenckelsHildeWeissnerTheodorLoos-123367.jpeg;M;F;Charlotte_Schellhorn;[427.5203  121.16646 478.3245  187.45586];153.0;366.0;205.0;314.0
DerMaulkorbRalphArthurRobertsPaulHenckelsHildeWeissnerTheodorLoos-123367.jpeg;M;F;Charlotte_Schellhorn;[ 98.000626  26.266815 134.35614   71.09287 ];153.0;366.0;205.0;314.0
DerMaulkorbRalphArthurRobertsPaulHenckelsHildeWeissnerTheodorLoos-123367.jpeg;M;F;Charlotte_Schellhorn;[485.81555   23.220076 518.8849    65.92921 ];153.0;366.0;205.0;314.0
DerMaulkorbRalphArthurRobertsPaulHenckelsHildeWeissnerTheodorLoos-123367.jpeg;M;F;Charlotte_Schellhorn;[117.824135  74.683846 157.51448  121.820854];153.0;366.0;205.0;314.0
DerMaulkorbRalphArthurRobertsPaulHenckelsHildeWeissnerTheodorLoos-123367.jpeg;F;F;Charlotte_Schellhorn;[348.59204  81.63493 384.7087  123.84305];153.0;366.0;205.0;314.0
DerMaulkorbRalphArthurRobertsPaulHenckelsHildeWeissnerTheodorLoos-123367.jpeg;F;F;Charlotte_Schellhorn;[428.30063     4.9823093 450.63867    34.17556  ];153.0;366.0;205.0;314.0
DerMaulkorbRalphArthurRobertsPaulHenckelsHildeWeissnerTheodorLoos-123367.jpeg;M;F;Charlotte_Schellhorn;[528.84863   72.05283  567.0077   120.100266];153.0;366.0;205.0;314.0
DerMaulkorbRalphArthurRobertsPaulHenckelsHildeWeissnerTheodorLoos-123367.jpeg;M;F;Charlotte_Schellhorn;[354.5792    24.382193 388.2696    62.060135];153.0;366.0;205.0;314.0
DerMaulkorbRalphArthurRobertsPaulHenckelsHildeWeissnerTheodorLoos-123367.jpeg;F;F;Charlotte_Schellhorn;[286.63788  91.2603  316.3864  128.82126];153.0;366.0;205.0;314.0
DerMaulkorbRalphArthurRobertsPaulHenckelsHildeWeissnerTheodorLoos-123367.jpeg;F;F;Charlotte_Schellhorn;[361.50964    0.933147 386.02884   28.532   ];153.0;366.0;205.0;314.0
DerMaulkorbRalphArthurRobertsPaulHenckelsHildeWeissnerTheodorLoos-123367.jpeg;F;F;Charlotte_Schellhorn;[14.012346  5.793992 46.08671  39.974354];153.0;366.0;205.0;314.0
DerMaulkorbRalphArthurRobertsPaulHenckelsHildeWeissnerTheodorLoos-123367.jpeg;F;F;Charlotte_Schellhorn;[ 71.88988  -10.729779 104.51592   25.338459];153.0;366.0;205.0;314.0
DerMaulkorbRalphArthurRobertsPaulHenckelsHildeWeissnerTheodorLoos-123945.jpeg;M;M;Will_Quadflieg;[445.15063   50.487278 494.40207  114.44662 ];53.0;494.0;115.0;432.0
DerMaulkorbRalphArthurRobertsPaulHenckelsHildeWeissnerTheodorLoos-123945.jpeg;M;M;Will_Quadflieg;[306.2296  132.4448  325.21228 154.88284];53.0;494.0;115.0;432.0
DerMaulkorbRalphArthurRobertsPaulHenckelsHildeWeissnerTheodorLoos-123945.jpeg;F;M;Will_Quadflieg;[358.03876 136.58063 374.4229  155.05972];53.0;494.0;115.0;432.0
DerMaulkorbRalphArthurRobertsPaulHenckelsHildeWeissnerTheodorLoos-123945.jpeg;M;M;Will_Quadflieg;[288.31754 132.90685 305.45566 157.45389];53.0;494.0;115.0;432.0
DerMaulkorbRalphArthurRobertsPaulHenckelsHildeWeissnerTheodorLoos-123945.jpeg;F;M;Will_Quadflieg;[502.69724  86.51823 518.32825 107.82905];53.0;494.0;115.0;432.0
DerMaulkorbRalphArthurRobertsPaulHenckelsHildeWeissnerTheodorLoos-123945.jpeg;F;M;Will_Quadflieg;[344.73203  108.578606 357.63492  123.5916  ];53.0;494.0;115.0;432.0
DerMaulkorbRalphArthurRobertsPaulHenckelsHildeWeissnerTheodorLoos-123945.jpeg;F;M;Will_Quadflieg;[527.7378   111.711845 543.91095  129.30655 ];53.0;494.0;115.0;432.0
DerMaulkorbRalphArthurRobertsPaulHenckelsHildeWeissnerTheodorLoos-123945.jpeg;M;M;Will_Quadflieg;[385.49857   87.235115 398.20728  103.910934];53.0;494.0;115.0;432.0
DerMaulkorbRalphArthurRobertsPaulHenckelsHildeWeissnerTheodorLoos-123945.jpeg;M;M;Will_Quadflieg;[409.02338 107.86922 423.0091  126.27253];53.0;494.0;115.0;432.0
DerMaulkorbRalphArthurRobertsPaulHenckelsHildeWeissnerTheodorLoos-124041.jpeg;M;M;Ralph_Arthur_Roberts;[231.26451  41.30026 343.32413 182.84778];67.0;354.0;196.0;225.0
DerMaulkorbRalphArthurRobertsPaulHenckelsHildeWeissnerTheodorLoos-124091.jpeg;M;M;Will_Quadflieg;[331.27518   56.896038 395.36743  139.29909 ];63.0;386.0;138.0;312.0
DerMaulkorbRalphArthurRobertsPaulHenckelsHildeWeissnerTheodorLoos-124091.jpeg;F;M;Will_Quadflieg;[ 79.706696  74.786125 131.0108   174.09132 ];63.0;386.0;138.0;312.0
DerMaulkorbRalphArthurRobertsPaulHenckelsHildeWeissnerTheodorLoos-124183.jpeg;M;M;Will_Quadflieg;[246.75496  51.63409 345.87527 197.59448];80.0;330.0;187.0;223.0
DerMaulkorbRalphArthurRobertsPaulHenckelsHildeWeissnerTheodorLoos-124183.jpeg;M;M;Will_Quadflieg;[  4.0513268 153.63223    54.2285    219.9604   ];80.0;330.0;187.0;223.0
DerMaulkorbRalphArthurRobertsPaulHenckelsHildeWeissnerTheodorLoos-124183.jpeg;M;M;Will_Quadflieg;[567.39606 219.13733 607.73987 270.34012];80.0;330.0;187.0;223.0
DerMaulkorbRalphArthurRobertsPaulHenckelsHildeWeissnerTheodorLoos-125277.jpeg;M;M;Will_Quadflieg;[376.6495    58.857887 443.50067  142.05666 ];63.0;444.0;138.0;370.0
DerMaulkorbRalphArthurRobertsPaulHenckelsHildeWeissnerTheodorLoos-125277.jpeg;M;M;Will_Quadflieg;[177.29922 184.00449 231.01411 253.91374];63.0;444.0;138.0;370.0
DerMaulkorbRalphArthurRobertsPaulHenckelsHildeWeissnerTheodorLoos-125277.jpeg;M;M;Will_Quadflieg;[329.75336 142.6264  350.22302 169.08018];63.0;444.0;138.0;370.0
DerMaulkorbRalphArthurRobertsPaulHenckelsHildeWeissnerTheodorLoos-125777.jpeg;M;M;Will_Quadflieg;[345.22986   42.709076 410.5164   131.00945 ];47.0;403.0;121.0;328.0
DerMaulkorbRalphArthurRobertsPaulHenckelsHildeWeissnerTheodorLoos-125887.jpeg;M;M;Will_Quadflieg;[288.15607  39.94619 398.27704 191.3565 ];53.0;397.0;182.0;268.0
DerMaulkorbRalphArthurRobertsPaulHenckelsHildeWeissnerTheodorLoos-126831.jpeg;M;M;Will_Quadflieg;[159.44206  54.07508 253.67224 185.51878];68.0;270.0;175.0;163.0
DerMaulkorbRalphArthurRobertsPaulHenckelsHildeWeissnerTheodorLoos-126831.jpeg;M;M;Will_Quadflieg;[300.0869  164.56448 333.04013 208.20204];68.0;270.0;175.0;163.0
DerMaulkorbRalphArthurRobertsPaulHenckelsHildeWeissnerTheodorLoos-126831.jpeg;M;M;Will_Quadflieg;[429.07693 144.55972 503.15308 310.712  ];68.0;270.0;175.0;163.0
DerMaulkorbRalphArthurRobertsPaulHenckelsHildeWeissnerTheodorLoos-127982.jpeg;M;M;Will_Quadflieg;[205.79851  80.64141 300.08508 209.14723];116.0;305.0;206.0;215.0
DerMaulkorbRalphArthurRobertsPaulHenckelsHildeWeissnerTheodorLoos-127982.jpeg;M;M;Will_Quadflieg;[341.23074 134.72331 373.7144  178.19124];116.0;305.0;206.0;215.0
DerMaulkorbRalphArthurRobertsPaulHenckelsHildeWeissnerTheodorLoos-127982.jpeg;F;M;Will_Quadflieg;[394.20438  96.08802 490.03995 275.72757];116.0;305.0;206.0;215.0
DerMaulkorbRalphArthurRobertsPaulHenckelsHildeWeissnerTheodorLoos-129470.jpeg;M;F;Charlotte_Schellhorn;[400.16672 133.35704 461.7958  208.48875];142.0;453.0;205.0;391.0
DerMaulkorbRalphArthurRobertsPaulHenckelsHildeWeissnerTheodorLoos-129470.jpeg;M;F;Charlotte_Schellhorn;[157.05162 109.63497 214.57883 179.07106];142.0;453.0;205.0;391.0
DerMaulkorbRalphArthurRobertsPaulHenckelsHildeWeissnerTheodorLoos-129470.jpeg;M;F;Charlotte_Schellhorn;[356.57306   15.890578 400.38748   71.99673 ];142.0;453.0;205.0;391.0
DerMaulkorbRalphArthurRobertsPaulHenckelsHildeWeissnerTheodorLoos-129470.jpeg;F;F;Charlotte_Schellhorn;[43.18709 44.28678 84.21161 87.25054];142.0;453.0;205.0;391.0
DerMaulkorbRalphArthurRobertsPaulHenckelsHildeWeissnerTheodorLoos-129470.jpeg;F;F;Charlotte_Schellhorn;[516.3474    45.112904 562.50116   95.28919 ];142.0;453.0;205.0;391.0
DerMaulkorbRalphArthurRobertsPaulHenckelsHildeWeissnerTheodorLoos-129470.jpeg;F;F;Charlotte_Schellhorn;[ 5.6350217  -0.11348352 31.687414   37.177513  ];142.0;453.0;205.0;391.0
DerMaulkorbRalphArthurRobertsPaulHenckelsHildeWeissnerTheodorLoos-129470.jpeg;F;F;Charlotte_Schellhorn;[134.36653  45.05069 170.75374  93.63739];142.0;453.0;205.0;391.0
DerMaulkorbRalphArthurRobertsPaulHenckelsHildeWeissnerTheodorLoos-129470.jpeg;M;F;Charlotte_Schellhorn;[335.8673    -3.405918 371.3931    39.378403];142.0;453.0;205.0;391.0
DerMaulkorbRalphArthurRobertsPaulHenckelsHildeWeissnerTheodorLoos-129470.jpeg;F;F;Charlotte_Schellhorn;[425.57132  -19.94529  465.7172    29.958763];142.0;453.0;205.0;391.0
DerMaulkorbRalphArthurRobertsPaulHenckelsHildeWeissnerTheodorLoos-134748.jpeg;F;F;Hilde_Weissner;[203.71744   56.588837 251.62071  121.692375];67.0;250.0;118.0;199.0
DerMaulkorbRalphArthurRobertsPaulHenckelsHildeWeissnerTheodorLoos-134748.jpeg;M;F;Hilde_Weissner;[351.46335   61.559486 401.75906  129.55325 ];67.0;250.0;118.0;199.0
DerMaulkorbRalphArthurRobertsPaulHenckelsHildeWeissnerTheodorLoos-134748.jpeg;M;F;Hilde_Weissner;[520.85077  46.85603 567.4124  130.24342];67.0;250.0;118.0;199.0
DerMaulkorbRalphArthurRobertsPaulHenckelsHildeWeissnerTheodorLoos-134748.jpeg;F;F;Hilde_Weissner;[481.1918  115.75092 505.9206  156.49101];67.0;250.0;118.0;199.0
DerMaulkorbRalphArthurRobertsPaulHenckelsHildeWeissnerTheodorLoos-134748.jpeg;F;F;Hilde_Weissner;[112.467476  26.558617 146.0441    90.8361  ];67.0;250.0;118.0;199.0
DerMaulkorbRalphArthurRobertsPaulHenckelsHildeWeissnerTheodorLoos-135342.jpeg;F;F;Hilde_Weissner;[148.49277  48.85289 226.80168 149.86081];56.0;235.0;146.0;145.0
DerMaulkorbRalphArthurRobertsPaulHenckelsHildeWeissnerTheodorLoos-135342.jpeg;M;F;Hilde_Weissner;[318.33722   53.920837 385.70212  168.74603 ];56.0;235.0;146.0;145.0
DerMaulkorbRalphArthurRobertsPaulHenckelsHildeWeissnerTheodorLoos-136386.jpeg;M;M;Ralph_Arthur_Roberts;[419.74414   39.450108 563.5809   221.59459 ];82.0;540.0;211.0;411.0
DerMaulkorbRalphArthurRobertsPaulHenckelsHildeWeissnerTheodorLoos-136386.jpeg;F;M;Ralph_Arthur_Roberts;[ 80.8694    45.743744 223.7453   251.50653 ];82.0;540.0;211.0;411.0
DerMaulkorbRalphArthurRobertsPaulHenckelsHildeWeissnerTheodorLoos-18100.jpeg;F;F;Charlotte_Schellhorn;[332.74188  82.48312 451.2595  258.90363];125.0;440.0;254.0;311.0
DerMaulkorbRalphArthurRobertsPaulHenckelsHildeWeissnerTheodorLoos-34045.jpeg;M;F;Charlotte_Schellhorn;[291.8681    59.983105 338.25098  120.44733 ];113.0;189.0;156.0;146.0
DerMaulkorbRalphArthurRobertsPaulHenckelsHildeWeissnerTheodorLoos-34045.jpeg;F;F;Charlotte_Schellhorn;[144.56927 106.18041 180.65994 157.67897];113.0;189.0;156.0;146.0
DerMaulkorbRalphArthurRobertsPaulHenckelsHildeWeissnerTheodorLoos-34045.jpeg;M;F;Charlotte_Schellhorn;[527.23096 248.30887 567.6821  313.09482];113.0;189.0;156.0;146.0
DerMaulkorbRalphArthurRobertsPaulHenckelsHildeWeissnerTheodorLoos-34045.jpeg;F;F;Charlotte_Schellhorn;[105.37443   61.920486 131.67444  114.77446 ];113.0;189.0;156.0;146.0
DerMaulkorbRalphArthurRobertsPaulHenckelsHildeWeissnerTheodorLoos-35675.jpeg;M;M;Ralph_Arthur_Roberts;[249.47949  60.33091 315.98175 148.9683 ];72.0;328.0;146.0;254.0
DerMaulkorbRalphArthurRobertsPaulHenckelsHildeWeissnerTheodorLoos-35675.jpeg;M;M;Ralph_Arthur_Roberts;[ 50.01251   33.621655 110.529945 118.15604 ];72.0;328.0;146.0;254.0
DerMaulkorbRalphArthurRobertsPaulHenckelsHildeWeissnerTheodorLoos-35675.jpeg;M;M;Ralph_Arthur_Roberts;[469.40045  79.32782 512.6219  132.8065 ];72.0;328.0;146.0;254.0
DerMaulkorbRalphArthurRobertsPaulHenckelsHildeWeissnerTheodorLoos-35914.jpeg;M;F;Hilde_Weissner;[315.17612   58.709515 406.59842  181.1509  ];68.0;402.0;175.0;294.0
DerMaulkorbRalphArthurRobertsPaulHenckelsHildeWeissnerTheodorLoos-37078.jpeg;M;M;Ralph_Arthur_Roberts;[180.31618   59.530346 239.8117   136.23053 ];72.0;245.0;146.0;171.0
DerMaulkorbRalphArthurRobertsPaulHenckelsHildeWeissnerTheodorLoos-37078.jpeg;M;M;Ralph_Arthur_Roberts;[348.60144  71.54451 399.78662 138.8022 ];72.0;245.0;146.0;171.0
DerMaulkorbRalphArthurRobertsPaulHenckelsHildeWeissnerTheodorLoos-37078.jpeg;F;M;Ralph_Arthur_Roberts;[  8.604101 126.207886  49.368366 179.97975 ];72.0;245.0;146.0;171.0
DerMaulkorbRalphArthurRobertsPaulHenckelsHildeWeissnerTheodorLoos-37078.jpeg;F;M;Ralph_Arthur_Roberts;[522.38947  51.11934 561.417   125.20401];72.0;245.0;146.0;171.0
DerMaulkorbRalphArthurRobertsPaulHenckelsHildeWeissnerTheodorLoos-37078.jpeg;F;M;Ralph_Arthur_Roberts;[ 15.312755 238.3794    56.176617 316.43277 ];72.0;245.0;146.0;171.0
DerMaulkorbRalphArthurRobertsPaulHenckelsHildeWeissnerTheodorLoos-37872.jpeg;F;M;Will_Quadflieg;[215.26714  75.79787 283.65204 156.72234];72.0;560.0;146.0;486.0
DerMaulkorbRalphArthurRobertsPaulHenckelsHildeWeissnerTheodorLoos-37872.jpeg;M;M;Will_Quadflieg;[437.45502  55.47056 501.70624 128.93811];72.0;560.0;146.0;486.0
DerMaulkorbRalphArthurRobertsPaulHenckelsHildeWeissnerTheodorLoos-37872.jpeg;M;M;Will_Quadflieg;[504.83157   63.435375 571.4232   147.19768 ];72.0;560.0;146.0;486.0
DerMaulkorbRalphArthurRobertsPaulHenckelsHildeWeissnerTheodorLoos-46841.jpeg;M;M;Will_Quadflieg;[311.10867   28.85851  361.9188    83.980125];155.0;270.0;229.0;196.0
DerMaulkorbRalphArthurRobertsPaulHenckelsHildeWeissnerTheodorLoos-46841.jpeg;M;M;Will_Quadflieg;[188.5186  139.30077 256.06537 235.11534];155.0;270.0;229.0;196.0
DerMaulkorbRalphArthurRobertsPaulHenckelsHildeWeissnerTheodorLoos-47231.jpeg;M;M;Will_Quadflieg;[420.44968  72.77514 477.24908 145.59344];80.0;474.0;142.0;411.0
DerMaulkorbRalphArthurRobertsPaulHenckelsHildeWeissnerTheodorLoos-48731.jpeg;M;M;Will_Quadflieg;[427.80826  97.18267 489.59177 185.99583];105.0;478.0;179.0;403.0
DerMaulkorbRalphArthurRobertsPaulHenckelsHildeWeissnerTheodorLoos-48731.jpeg;M;M;Will_Quadflieg;[273.393   102.76094 328.79367 201.42055];105.0;478.0;179.0;403.0
DerMaulkorbRalphArthurRobertsPaulHenckelsHildeWeissnerTheodorLoos-48981.jpeg;M;M;Will_Quadflieg;[443.80313  98.3575  516.4235  191.47115];113.0;502.0;188.0;428.0
DerMaulkorbRalphArthurRobertsPaulHenckelsHildeWeissnerTheodorLoos-48981.jpeg;M;M;Will_Quadflieg;[194.92664  95.57722 264.22327 200.55139];113.0;502.0;188.0;428.0
DerMaulkorbRalphArthurRobertsPaulHenckelsHildeWeissnerTheodorLoos-49231.jpeg;M;M;Will_Quadflieg;[441.32248   92.100044 505.18143  176.74753 ];108.0;487.0;170.0;425.0
DerMaulkorbRalphArthurRobertsPaulHenckelsHildeWeissnerTheodorLoos-49231.jpeg;M;M;Will_Quadflieg;[184.62541 141.79205 272.36716 231.57332];108.0;487.0;170.0;425.0
DerMaulkorbRalphArthurRobertsPaulHenckelsHildeWeissnerTheodorLoos-49481.jpeg;F;M;Will_Quadflieg;[429.2834   91.27377 490.33902 179.84041];96.0;478.0;171.0;403.0
DerMaulkorbRalphArthurRobertsPaulHenckelsHildeWeissnerTheodorLoos-49481.jpeg;M;M;Will_Quadflieg;[223.09607  74.77799 287.19275 166.89963];96.0;478.0;171.0;403.0
DerMaulkorbRalphArthurRobertsPaulHenckelsHildeWeissnerTheodorLoos-51624.jpeg;M;M;Will_Quadflieg;[341.77286   64.061264 435.56732  206.09052 ];80.0;414.0;187.0;306.0
DerMaulkorbRalphArthurRobertsPaulHenckelsHildeWeissnerTheodorLoos-51624.jpeg;M;M;Will_Quadflieg;[130.23488  86.49113 202.00244 225.60718];80.0;414.0;187.0;306.0
DerMaulkorbRalphArthurRobertsPaulHenckelsHildeWeissnerTheodorLoos-52643.jpeg;M;M;Will_Quadflieg;[244.3592    79.585075 392.9388   287.17438 ];116.0;373.0;270.0;218.0
DerMaulkorbRalphArthurRobertsPaulHenckelsHildeWeissnerTheodorLoos-53238.jpeg;M;M;Ralph_Arthur_Roberts;[103.50845    9.661482 189.07542  110.56726 ];30.0;187.0;105.0;113.0
DerMaulkorbRalphArthurRobertsPaulHenckelsHildeWeissnerTheodorLoos-53572.jpeg;F;M;Will_Quadflieg;[326.42838 111.39942 414.98386 226.41913];116.0;414.0;223.0;306.0
DerMaulkorbRalphArthurRobertsPaulHenckelsHildeWeissnerTheodorLoos-53822.jpeg;M;M;Will_Quadflieg;[263.0098   86.59909 390.65732 263.28516];125.0;368.0;254.0;239.0
DerMaulkorbRalphArthurRobertsPaulHenckelsHildeWeissnerTheodorLoos-53944.jpeg;M;M;Will_Quadflieg;[428.94434 218.0765  497.5228  306.9874 ];232.0;481.0;294.0;418.0
DerMaulkorbRalphArthurRobertsPaulHenckelsHildeWeissnerTheodorLoos-53944.jpeg;F;M;Will_Quadflieg;[111.37597 115.81658 161.80307 212.96666];232.0;481.0;294.0;418.0
DerMaulkorbRalphArthurRobertsPaulHenckelsHildeWeissnerTheodorLoos-55247.jpeg;F;M;Will_Quadflieg;[325.75366   15.671133 424.636    155.88713 ];44.0;402.0;152.0;294.0
DerMaulkorbRalphArthurRobertsPaulHenckelsHildeWeissnerTheodorLoos-56273.jpeg;M;M;Will_Quadflieg;[306.12634   74.323296 469.82596  303.10858 ];118.0;469.0;304.0;283.0
DerMaulkorbRalphArthurRobertsPaulHenckelsHildeWeissnerTheodorLoos-56552.jpeg;M;M;Will_Quadflieg;[143.77551  62.36734 246.392   229.5408 ];30.0;545.0;184.0;390.0
DerMaulkorbRalphArthurRobertsPaulHenckelsHildeWeissnerTheodorLoos-56552.jpeg;F;M;Will_Quadflieg;[436.93253   24.266249 558.53723  182.91136 ];30.0;545.0;184.0;390.0
DerMaulkorbRalphArthurRobertsPaulHenckelsHildeWeissnerTheodorLoos-56802.jpeg;F;M;Will_Quadflieg;[397.93497   27.580109 511.52383  193.16573 ];53.0;497.0;182.0;368.0
DerMaulkorbRalphArthurRobertsPaulHenckelsHildeWeissnerTheodorLoos-56802.jpeg;M;M;Will_Quadflieg;[122.03902  65.12134 243.51015 249.76654];53.0;497.0;182.0;368.0
DerMaulkorbRalphArthurRobertsPaulHenckelsHildeWeissnerTheodorLoos-57396.jpeg;M;M;Will_Quadflieg;[416.28653   41.627407 459.77356   99.06851 ];49.0;458.0;101.0;406.0
DerMaulkorbRalphArthurRobertsPaulHenckelsHildeWeissnerTheodorLoos-57396.jpeg;M;M;Will_Quadflieg;[265.95172   93.100235 294.44122  144.45345 ];49.0;458.0;101.0;406.0
DerMaulkorbRalphArthurRobertsPaulHenckelsHildeWeissnerTheodorLoos-57646.jpeg;M;M;Will_Quadflieg;[399.92987  44.07834 495.54877 167.2139 ];56.0;485.0;163.0;378.0
DerMaulkorbRalphArthurRobertsPaulHenckelsHildeWeissnerTheodorLoos-57646.jpeg;F;M;Will_Quadflieg;[162.71613 152.89653 232.84082 247.1273 ];56.0;485.0;163.0;378.0
DerMaulkorbRalphArthurRobertsPaulHenckelsHildeWeissnerTheodorLoos-57646.jpeg;M;M;Will_Quadflieg;[272.74567 157.05302 300.23294 195.51985];56.0;485.0;163.0;378.0
DerMaulkorbRalphArthurRobertsPaulHenckelsHildeWeissnerTheodorLoos-57896.jpeg;F;M;Will_Quadflieg;[129.41652 137.01949 226.86977 253.50871];56.0;485.0;163.0;378.0
DerMaulkorbRalphArthurRobertsPaulHenckelsHildeWeissnerTheodorLoos-57896.jpeg;M;M;Will_Quadflieg;[408.69705   44.175964 498.91504  170.34186 ];56.0;485.0;163.0;378.0
DerMaulkorbRalphArthurRobertsPaulHenckelsHildeWeissnerTheodorLoos-58146.jpeg;M;M;Will_Quadflieg;[267.904    77.47425 364.26117 207.98564];92.0;354.0;199.0;247.0
DerMaulkorbRalphArthurRobertsPaulHenckelsHildeWeissnerTheodorLoos-58146.jpeg;F;M;Will_Quadflieg;[126.17263 149.40248 188.34312 245.71103];92.0;354.0;199.0;247.0
DerMaulkorbRalphArthurRobertsPaulHenckelsHildeWeissnerTheodorLoos-5871.jpeg;M;M;Ralph_Arthur_Roberts;[209.00522  83.43943 328.83188 236.46657];110.0;339.0;239.0;210.0
DerMaulkorbRalphArthurRobertsPaulHenckelsHildeWeissnerTheodorLoos-58981.jpeg;M;M;Will_Quadflieg;[176.52843  37.80464 267.95624 166.82542];56.0;270.0;163.0;163.0
DerMaulkorbRalphArthurRobertsPaulHenckelsHildeWeissnerTheodorLoos-58981.jpeg;M;F;Charlotte_Schellhorn;[176.52843  37.80464 267.95624 166.82542];166.0;514.0;255.0;424.0
DerMaulkorbRalphArthurRobertsPaulHenckelsHildeWeissnerTheodorLoos-58981.jpeg;M;M;Will_Quadflieg;[439.43622 157.33049 526.17554 266.03302];56.0;270.0;163.0;163.0
DerMaulkorbRalphArthurRobertsPaulHenckelsHildeWeissnerTheodorLoos-58981.jpeg;M;F;Charlotte_Schellhorn;[439.43622 157.33049 526.17554 266.03302];166.0;514.0;255.0;424.0
DerMaulkorbRalphArthurRobertsPaulHenckelsHildeWeissnerTheodorLoos-64274.jpeg;F;F;Charlotte_Schellhorn;[342.1073  151.80411 374.06107 189.76657];154.0;373.0;190.0;337.0
DerMaulkorbRalphArthurRobertsPaulHenckelsHildeWeissnerTheodorLoos-64274.jpeg;M;F;Charlotte_Schellhorn;[270.7948  152.84686 310.1676  204.96199];154.0;373.0;190.0;337.0
DerMaulkorbRalphArthurRobertsPaulHenckelsHildeWeissnerTheodorLoos-64274.jpeg;F;F;Charlotte_Schellhorn;[471.14563   69.267975 502.83185  132.2498  ];154.0;373.0;190.0;337.0
DerMaulkorbRalphArthurRobertsPaulHenckelsHildeWeissnerTheodorLoos-67186.jpeg;M;M;Will_Quadflieg;[368.45596  83.29051 474.89413 233.54268];96.0;468.0;225.0;339.0
DerMaulkorbRalphArthurRobertsPaulHenckelsHildeWeissnerTheodorLoos-67186.jpeg;M;M;Will_Quadflieg;[ 94.374954 237.20015  183.35252  386.0089  ];96.0;468.0;225.0;339.0
DerMaulkorbRalphArthurRobertsPaulHenckelsHildeWeissnerTheodorLoos-67979.jpeg;M;M;Will_Quadflieg;[136.2635    54.630054 221.80075  167.81726 ];88.0;212.0;163.0;137.0
DerMaulkorbRalphArthurRobertsPaulHenckelsHildeWeissnerTheodorLoos-67979.jpeg;F;M;Will_Quadflieg;[531.4858  126.75953 554.4789  154.6534 ];88.0;212.0;163.0;137.0
DerMaulkorbRalphArthurRobertsPaulHenckelsHildeWeissnerTheodorLoos-68352.jpeg;M;M;Will_Quadflieg;[184.52058   47.364986 283.53247  171.05853 ];76.0;275.0;166.0;185.0
DerMaulkorbRalphArthurRobertsPaulHenckelsHildeWeissnerTheodorLoos-69161.jpeg;F;F;Hilde_Weissner;[164.43326  68.75349 268.58484 203.06079];80.0;282.0;187.0;175.0
DerMaulkorbRalphArthurRobertsPaulHenckelsHildeWeissnerTheodorLoos-69411.jpeg;F;F;Hilde_Weissner;[163.08542   62.855824 266.60184  197.46573 ];80.0;282.0;187.0;175.0
DerMaulkorbRalphArthurRobertsPaulHenckelsHildeWeissnerTheodorLoos-69765.jpeg;F;F;Hilde_Weissner;[185.52753  66.20855 293.9439  200.39365];80.0;306.0;187.0;199.0
DerMaulkorbRalphArthurRobertsPaulHenckelsHildeWeissnerTheodorLoos-70015.jpeg;M;F;Hilde_Weissner;[176.35301  79.93081 282.66766 209.77933];104.0;282.0;211.0;175.0
DerMaulkorbRalphArthurRobertsPaulHenckelsHildeWeissnerTheodorLoos-70734.jpeg;M;M;Theodor_Loos;[239.92752   29.695126 414.0197   228.57553 ];36.0;407.0;222.0;221.0
DerMaulkorbRalphArthurRobertsPaulHenckelsHildeWeissnerTheodorLoos-70871.jpeg;M;M;Theodor_Loos;[248.72758   29.911287 418.37604  234.47353 ];36.0;407.0;222.0;221.0
DerMaulkorbRalphArthurRobertsPaulHenckelsHildeWeissnerTheodorLoos-71719.jpeg;M;F;Hilde_Weissner;[147.74055   63.276047 231.094    172.737   ];76.0;225.0;166.0;135.0
DerMaulkorbRalphArthurRobertsPaulHenckelsHildeWeissnerTheodorLoos-71719.jpeg;M;F;Hilde_Weissner;[476.45264  45.62199 537.394   202.70749];76.0;225.0;166.0;135.0
DerMaulkorbRalphArthurRobertsPaulHenckelsHildeWeissnerTheodorLoos-73941.jpeg;M;M;Will_Quadflieg;[189.54239 141.28677 288.4317  276.98752];104.0;450.0;211.0;342.0
DerMaulkorbRalphArthurRobertsPaulHenckelsHildeWeissnerTheodorLoos-73941.jpeg;M;M;Will_Quadflieg;[366.9089   81.56255 466.25287 217.55544];104.0;450.0;211.0;342.0
DerMaulkorbRalphArthurRobertsPaulHenckelsHildeWeissnerTheodorLoos-74441.jpeg;M;M;Will_Quadflieg;[368.781     86.990364 467.86447  217.43813 ];104.0;450.0;211.0;342.0
DerMaulkorbRalphArthurRobertsPaulHenckelsHildeWeissnerTheodorLoos-74441.jpeg;M;M;Will_Quadflieg;[215.91591 137.37909 293.04468 246.7924 ];104.0;450.0;211.0;342.0
DerMaulkorbRalphArthurRobertsPaulHenckelsHildeWeissnerTheodorLoos-84540.jpeg;M;F;Charlotte_Schellhorn;[421.23395 164.62299 505.85623 264.84705];176.0;514.0;265.0;424.0
DerMaulkorbRalphArthurRobertsPaulHenckelsHildeWeissnerTheodorLoos-98215.jpeg;M;M;Ralph_Arthur_Roberts;[195.42938   44.252033 287.34848  162.15627 ];66.0;285.0;156.0;195.0
DerPostmeister-101178.jpeg;M;F;Ruth_Hellberg;[187.39742 119.7554  257.45297 207.5705 ];126.0;275.0;216.0;185.0
DerPostmeister-101178.jpeg;F;F;Ruth_Hellberg;[325.13824  64.4971  405.95084 172.17064];126.0;275.0;216.0;185.0
DerPostmeister-104180.jpeg;F;F;Hilde_Krahl;[333.45328 100.70035 405.56165 195.88766];113.0;395.0;188.0;320.0
DerPostmeister-104180.jpeg;F;F;Hilde_Krahl;[ 78.0462  151.61511 112.52753 211.69136];113.0;395.0;188.0;320.0
DerPostmeister-104180.jpeg;M;F;Hilde_Krahl;[  4.3185253 148.57324    40.111324  198.33     ];113.0;395.0;188.0;320.0
DerPostmeister-104180.jpeg;M;F;Hilde_Krahl;[263.01956  66.38194 308.41858 162.80232];113.0;395.0;188.0;320.0
DerPostmeister-104680.jpeg;F;F;Hilde_Krahl;[376.4438    86.838196 447.01392  182.57306 ];96.0;444.0;186.0;354.0
DerPostmeister-104680.jpeg;M;F;Hilde_Krahl;[305.8999    67.287796 369.20123  170.70071 ];96.0;444.0;186.0;354.0
DerPostmeister-104680.jpeg;M;F;Hilde_Krahl;[ 58.35402  153.18076   92.818985 205.19925 ];96.0;444.0;186.0;354.0
DerPostmeister-105832.jpeg;F;F;Hilde_Krahl;[302.47647  81.18163 419.847   231.7486 ];96.0;411.0;225.0;282.0
DerPostmeister-106404.jpeg;F;F;Hilde_Krahl;[301.76053  92.53823 417.407   244.26453];110.0;411.0;239.0;282.0
DerPostmeister-106654.jpeg;F;F;Hilde_Krahl;[290.25238  68.58716 406.93637 219.16125];82.0;397.0;211.0;268.0
DerPostmeister-109661.jpeg;M;M;Hans_Holt;[207.22275  60.70408 309.2988  210.26862];82.0;354.0;211.0;225.0
DerPostmeister-109661.jpeg;M;M;Hans_Holt;[370.821   111.60776 434.63495 252.30185];82.0;354.0;211.0;225.0
DerPostmeister-110354.jpeg;F;M;Siegfried_Breuer;[315.69992   31.270893 366.78467   98.637695];32.0;356.0;94.0;294.0
DerPostmeister-110354.jpeg;F;M;Siegfried_Breuer;[421.97034  78.51001 466.0128  144.76465];32.0;356.0;94.0;294.0
DerPostmeister-110354.jpeg;M;M;Siegfried_Breuer;[112.5224   65.89585 163.89902 130.13805];32.0;356.0;94.0;294.0
DerPostmeister-110354.jpeg;M;M;Siegfried_Breuer;[523.35364   55.347973 568.89685  112.99324 ];32.0;356.0;94.0;294.0
DerPostmeister-110604.jpeg;F;M;Siegfried_Breuer;[357.28653  39.06179 416.31592 129.62318];47.0;403.0;121.0;328.0
DerPostmeister-110604.jpeg;F;M;Siegfried_Breuer;[260.11496  61.12514 317.27237 147.71953];47.0;403.0;121.0;328.0
DerPostmeister-111311.jpeg;M;M;Siegfried_Breuer;[446.10257   58.531967 502.84598  132.93558 ];63.0;519.0;138.0;444.0
DerPostmeister-111311.jpeg;M;M;Siegfried_Breuer;[337.48257  84.4986  412.46017 175.0572 ];63.0;519.0;138.0;444.0
DerPostmeister-111311.jpeg;F;M;Siegfried_Breuer;[303.7328  129.6049  361.6259  216.02419];63.0;519.0;138.0;444.0
DerPostmeister-113994.jpeg;M;M;Siegfried_Breuer;[372.09232  85.72352 401.1316  121.08293];86.0;401.0;122.0;365.0
DerPostmeister-113994.jpeg;M;M;Siegfried_Breuer;[196.76242 216.36668 233.50998 260.74814];86.0;401.0;122.0;365.0
DerPostmeister-113994.jpeg;M;M;Siegfried_Breuer;[124.37082  97.97203 156.49054 137.1284 ];86.0;401.0;122.0;365.0
DerPostmeister-113994.jpeg;F;M;Siegfried_Breuer;[287.0314  128.0111  312.7631  160.47647];86.0;401.0;122.0;365.0
DerPostmeister-113994.jpeg;F;M;Siegfried_Breuer;[498.51465  123.733475 511.80682  143.29877 ];86.0;401.0;122.0;365.0
DerPostmeister-114461.jpeg;M;M;Siegfried_Breuer;[424.78018 191.85097 453.50986 227.49043];194.0;453.0;230.0;417.0
DerPostmeister-114461.jpeg;F;M;Siegfried_Breuer;[352.00647 201.57356 382.99725 235.97362];194.0;453.0;230.0;417.0
DerPostmeister-114461.jpeg;M;M;Siegfried_Breuer;[252.17029 207.08557 275.99753 237.05365];194.0;453.0;230.0;417.0
DerPostmeister-114461.jpeg;M;M;Siegfried_Breuer;[551.2234  211.33737 564.67535 229.20517];194.0;453.0;230.0;417.0
DerPostmeister-114461.jpeg;M;M;Siegfried_Breuer;[ 59.77513 174.63878  91.30808 216.46408];194.0;453.0;230.0;417.0
DerPostmeister-114461.jpeg;F;M;Siegfried_Breuer;[628.906   215.07204 640.93567 228.49065];194.0;453.0;230.0;417.0
DerPostmeister-114461.jpeg;F;M;Siegfried_Breuer;[495.59207 212.17874 508.17365 228.88248];194.0;453.0;230.0;417.0
DerPostmeister-11546.jpeg;F;F;Hilde_Krahl;[396.53345   40.37381  452.46756  114.817535];47.0;444.0;121.0;370.0
DerPostmeister-11546.jpeg;M;F;Hilde_Krahl;[304.56604   35.612934 347.90985  129.04233 ];47.0;444.0;121.0;370.0
DerPostmeister-118149.jpeg;F;M;Siegfried_Breuer;[264.4366  108.87598 328.3243  183.31888];63.0;469.0;138.0;395.0
DerPostmeister-118149.jpeg;F;M;Siegfried_Breuer;[402.1955    59.536755 479.3971   148.24016 ];63.0;469.0;138.0;395.0
DerPostmeister-118149.jpeg;M;M;Siegfried_Breuer;[ 22.6334  146.26877  71.33484 208.66235];63.0;469.0;138.0;395.0
DerPostmeister-118289.jpeg;F;M;Siegfried_Breuer;[228.21829 161.60063 289.25647 251.64783];80.0;469.0;155.0;395.0
DerPostmeister-118289.jpeg;M;M;Siegfried_Breuer;[ 10.699549 148.16257   53.82807  204.4388  ];80.0;469.0;155.0;395.0
DerPostmeister-118289.jpeg;M;M;Siegfried_Breuer;[401.4819    70.402374 484.0098   162.98004 ];80.0;469.0;155.0;395.0
DerPostmeister-118289.jpeg;F;M;Siegfried_Breuer;[ 94.38751 153.33658 123.83374 192.27553];80.0;469.0;155.0;395.0
DerPostmeister-121640.jpeg;F;M;Hans_Holt;[244.10316 241.71516 288.21    293.99515];239.0;446.0;291.0;394.0
DerPostmeister-121640.jpeg;M;M;Hans_Holt;[409.2141  236.17761 449.7618  288.9355 ];239.0;446.0;291.0;394.0
DerPostmeister-121640.jpeg;M;M;Hans_Holt;[152.91217   48.284832 184.57246  107.21318 ];239.0;446.0;291.0;394.0
DerPostmeister-122582.jpeg;F;F;Hilde_Krahl;[371.93384  79.24864 457.96466 199.70642];92.0;474.0;199.0;366.0
DerPostmeister-122673.jpeg;M;M;Hans_Holt;[314.01245   58.827583 391.82812  172.38445 ];76.0;384.0;166.0;295.0
DerPostmeister-122893.jpeg;F;F;Hilde_Krahl;[221.5242   92.2475  364.00848 282.89572];116.0;390.0;270.0;236.0
DerPostmeister-123122.jpeg;F;F;Hilde_Krahl;[227.7528   93.98785 377.0551  286.0807 ];116.0;390.0;270.0;236.0
DerPostmeister-123720.jpeg;F;F;Hilde_Krahl;[231.86911   92.107315 383.97873  288.84265 ];116.0;408.0;270.0;253.0
DerPostmeister-123815.jpeg;F;F;Hilde_Krahl;[236.3379   97.14903 381.47168 286.5833 ];116.0;408.0;270.0;253.0
DerPostmeister-124296.jpeg;F;F;Hilde_Krahl;[484.65817   91.029495 536.054    156.36977 ];101.0;533.0;153.0;481.0
DerPostmeister-124296.jpeg;M;F;Hilde_Krahl;[224.43272  47.99646 267.6029  121.9406 ];101.0;533.0;153.0;481.0
DerPostmeister-124546.jpeg;M;M;Siegfried_Breuer;[381.61642   37.091866 446.794    122.77974 ];47.0;444.0;121.0;370.0
DerPostmeister-125025.jpeg;M;F;Hilde_Krahl;[319.96536  58.8862  451.9865  217.58972];98.0;283.0;284.0;97.0
DerPostmeister-125025.jpeg;M;M;Siegfried_Breuer;[319.96536  58.8862  451.9865  217.58972];82.0;440.0;211.0;311.0
DerPostmeister-125025.jpeg;F;F;Hilde_Krahl;[102.07397  79.70615 234.78078 264.01083];98.0;283.0;284.0;97.0
DerPostmeister-125025.jpeg;F;M;Siegfried_Breuer;[102.07397  79.70615 234.78078 264.01083];82.0;440.0;211.0;311.0
DerPostmeister-125275.jpeg;M;M;Siegfried_Breuer;[294.2708    76.857056 423.447    225.21393 ];64.0;425.0;219.0;270.0
DerPostmeister-125275.jpeg;M;F;Hilde_Krahl;[294.2708    76.857056 423.447    225.21393 ];98.0;253.0;253.0;98.0
DerPostmeister-125275.jpeg;F;M;Siegfried_Breuer;[ 98.57316  79.38604 231.08568 263.8145 ];64.0;425.0;219.0;270.0
DerPostmeister-125275.jpeg;F;F;Hilde_Krahl;[ 98.57316  79.38604 231.08568 263.8145 ];98.0;253.0;253.0;98.0
DerPostmeister-125525.jpeg;M;M;Siegfried_Breuer;[326.40192  52.2621  451.89767 201.55396];47.0;476.0;202.0;322.0
DerPostmeister-125525.jpeg;M;F;Hilde_Krahl;[326.40192  52.2621  451.89767 201.55396];98.0;253.0;253.0;98.0
DerPostmeister-125525.jpeg;F;M;Siegfried_Breuer;[ 95.00893  78.54764 226.14581 263.60815];47.0;476.0;202.0;322.0
DerPostmeister-125525.jpeg;F;F;Hilde_Krahl;[ 95.00893  78.54764 226.14581 263.60815];98.0;253.0;253.0;98.0
DerPostmeister-125775.jpeg;M;F;Hilde_Krahl;[287.5254   54.86689 401.31384 199.91109];116.0;253.0;270.0;98.0
DerPostmeister-125775.jpeg;M;M;Siegfried_Breuer;[287.5254   54.86689 401.31384 199.91109];67.0;411.0;196.0;282.0
DerPostmeister-125775.jpeg;F;F;Hilde_Krahl;[ 97.38551  92.08125 226.83728 276.25812];116.0;253.0;270.0;98.0
DerPostmeister-125775.jpeg;F;M;Siegfried_Breuer;[ 97.38551  92.08125 226.83728 276.25812];67.0;411.0;196.0;282.0
DerPostmeister-126446.jpeg;F;F;Hilde_Krahl;[329.02316   53.693344 429.21396  181.2659  ];68.0;438.0;175.0;330.0
DerPostmeister-127302.jpeg;M;M;Siegfried_Breuer;[368.79837  35.63066 409.24744  88.47445];38.0;412.0;90.0;360.0
DerPostmeister-12872.jpeg;M;M;Siegfried_Breuer;[221.49812  82.47562 266.30624 136.80896];65.0;386.0;108.0;343.0
DerPostmeister-12872.jpeg;M;M;Siegfried_Breuer;[351.54337   56.087677 393.95676  110.9109  ];65.0;386.0;108.0;343.0
DerPostmeister-130935.jpeg;M;M;Hans_Holt;[161.38431  71.72589 236.934   162.18074];56.0;462.0;163.0;354.0
DerPostmeister-130935.jpeg;M;M;Hans_Holt;[399.19693   64.852554 475.82544  162.50906 ];56.0;462.0;163.0;354.0
DerPostmeister-13122.jpeg;M;M;Siegfried_Breuer;[363.25934  35.80906 418.46545 107.11219];39.0;432.0;101.0;370.0
DerPostmeister-13122.jpeg;M;M;Siegfried_Breuer;[201.50864  83.19483 263.94556 159.35695];39.0;432.0;101.0;370.0
DerPostmeister-13634.jpeg;M;M;Siegfried_Breuer;[236.61833   66.544014 311.93292  156.3355  ];72.0;328.0;146.0;254.0
DerPostmeister-13634.jpeg;M;M;Siegfried_Breuer;[417.70206 107.03334 460.3743  198.91711];72.0;328.0;146.0;254.0
DerPostmeister-13803.jpeg;F;M;Siegfried_Breuer;[165.64038 116.35331 324.3504  299.74005];118.0;366.0;304.0;180.0
DerPostmeister-13803.jpeg;F;M;Siegfried_Breuer;[444.74155 246.07    553.9587  450.26495];118.0;366.0;304.0;180.0
DerPostmeister-14036.jpeg;M;M;Siegfried_Breuer;[162.90738 118.26342 320.55606 306.78668];118.0;366.0;304.0;180.0
DerPostmeister-14260.jpeg;F;M;Siegfried_Breuer;[173.75854 129.87018 330.38596 315.6816 ];150.0;339.0;305.0;184.0
DerPostmeister-15826.jpeg;M;M;Siegfried_Breuer;[241.38277   26.073463 326.06332  141.70929 ];32.0;318.0;140.0;211.0
DerPostmeister-15826.jpeg;F;M;Siegfried_Breuer;[163.33813 137.3035  250.94002 244.40242];32.0;318.0;140.0;211.0
DerPostmeister-17033.jpeg;M;M;Siegfried_Breuer;[284.88077   45.797348 330.84378  100.26469 ];44.0;331.0;95.0;279.0
DerPostmeister-17521.jpeg;M;M;Siegfried_Breuer;[275.31494   39.986736 343.10483  131.4835  ];55.0;353.0;130.0;278.0
DerPostmeister-23639.jpeg;F;F;Hilde_Krahl;[359.7187    57.714012 480.76373  204.4281  ];67.0;468.0;196.0;339.0
DerPostmeister-23639.jpeg;M;F;Hilde_Krahl;[227.80344  87.42243 345.33362 232.212  ];67.0;468.0;196.0;339.0
DerPostmeister-24139.jpeg;F;F;Hilde_Krahl;[331.46667   60.890785 463.8462   230.49469 ];82.0;440.0;211.0;311.0
DerPostmeister-24139.jpeg;M;F;Hilde_Krahl;[189.77393 103.29039 317.29053 275.8654 ];82.0;440.0;211.0;311.0
DerPostmeister-27213.jpeg;M;M;Heinrich_George;[277.6088    39.784424 371.26312  162.0613  ];56.0;390.0;163.0;282.0
DerPostmeister-27341.jpeg;F;M;Siegfried_Breuer;[299.6539    88.573395 397.3601   215.47787 ];104.0;390.0;211.0;282.0
DerPostmeister-27757.jpeg;M;M;Siegfried_Breuer;[306.71185  89.18112 402.22812 213.47392];104.0;402.0;211.0;294.0
DerPostmeister-28004.jpeg;F;M;Siegfried_Breuer;[280.49503  98.36861 377.31876 226.81235];116.0;366.0;223.0;259.0
DerPostmeister-30504.jpeg;M;M;Heinrich_George;[187.38498 101.92963 293.1479  240.70627];110.0;325.0;239.0;196.0
DerPostmeister-30504.jpeg;M;M;Heinrich_George;[348.27985  118.213295 437.9671   261.20737 ];110.0;325.0;239.0;196.0
DerPostmeister-33303.jpeg;F;F;Hilde_Krahl;[166.0378   61.3809  240.10156 156.5422 ];80.0;245.0;155.0;171.0
DerPostmeister-33303.jpeg;M;F;Hilde_Krahl;[360.6914   42.71295 449.06854 143.80692];80.0;245.0;155.0;171.0
DerPostmeister-33486.jpeg;M;M;Siegfried_Breuer;[334.47794   43.486557 430.33374  173.01834 ];56.0;426.0;163.0;318.0
DerPostmeister-33736.jpeg;F;F;Hilde_Krahl;[137.89857  91.32634 232.2466  214.67888];104.0;247.0;211.0;139.0
DerPostmeister-33736.jpeg;M;F;Hilde_Krahl;[381.7933   64.75986 474.93854 197.3579 ];104.0;247.0;211.0;139.0
DerPostmeister-33962.jpeg;M;M;Siegfried_Breuer;[342.8971    48.731762 440.11554  176.45541 ];68.0;438.0;175.0;330.0
DerPostmeister-33962.jpeg;M;M;Siegfried_Breuer;[285.22183 118.90166 355.8774  243.18082];68.0;438.0;175.0;330.0
DerPostmeister-34341.jpeg;M;M;Heinrich_George;[275.48593  98.53939 418.5443  267.59778];116.0;442.0;270.0;287.0
DerPostmeister-34591.jpeg;M;M;Heinrich_George;[251.72745 112.78225 446.10034 345.18112];160.0;469.0;345.0;283.0
DerPostmeister-40663.jpeg;F;F;Hilde_Krahl;[478.13354 132.23648 549.69574 226.28488];146.0;552.0;221.0;478.0
DerPostmeister-40663.jpeg;M;F;Hilde_Krahl;[124.02855 175.97119 214.27814 284.75317];146.0;552.0;221.0;478.0
DerPostmeister-42781.jpeg;F;F;Ruth_Hellberg;[230.52908  69.52717 292.13937 161.37695];80.0;312.0;155.0;237.0
DerPostmeister-42781.jpeg;M;F;Ruth_Hellberg;[290.50763   52.119766 345.7732   148.24188 ];80.0;312.0;155.0;237.0
DerPostmeister-43707.jpeg;M;F;Hilde_Krahl;[334.1419    53.22643  368.55655  101.228485];55.0;362.0;98.0;319.0
DerPostmeister-45180.jpeg;F;F;Hilde_Krahl;[357.37427  88.25179 445.88788 209.06992];116.0;434.0;206.0;344.0
DerPostmeister-45797.jpeg;F;F;Hilde_Krahl;[242.67917   47.402733 290.4209   110.13098 ];55.0;302.0;107.0;250.0
DerPostmeister-51541.jpeg;F;F;Hilde_Krahl;[270.18024  75.13147 364.13522 203.68867];106.0;374.0;196.0;285.0
DerPostmeister-51541.jpeg;F;F;Hilde_Krahl;[360.27423  99.3846  439.633   210.82367];106.0;374.0;196.0;285.0
DerPostmeister-60357.jpeg;M;F;Ruth_Hellberg;[207.2126    26.347942 270.22537  109.53752 ];30.0;287.0;105.0;212.0
DerPostmeister-64448.jpeg;M;M;Hans_Holt;[326.00925 117.87448 514.69946 354.5747 ];139.0;489.0;325.0;304.0
DerPostmeister-64630.jpeg;M;M;Hans_Holt;[321.70575 128.38666 510.7329  356.30502];160.0;489.0;345.0;304.0
DerPostmeister-65602.jpeg;F;F;Hilde_Krahl;[184.17566   59.588284 274.46887  173.00839 ];76.0;285.0;166.0;195.0
DerPostmeister-66325.jpeg;F;F;Hilde_Krahl;[252.43597   67.931145 373.67145  228.88226 ];96.0;397.0;225.0;268.0
DerPostmeister-66401.jpeg;M;M;Hans_Holt;[314.6184   95.76566 448.5122  264.563  ];98.0;442.0;253.0;287.0
DerPostmeister-67482.jpeg;M;F;Hilde_Krahl;[390.23346  79.50195 460.94818 170.21042];80.0;245.0;155.0;171.0
DerPostmeister-67482.jpeg;F;F;Hilde_Krahl;[158.82858  61.28725 230.11356 161.35204];80.0;245.0;155.0;171.0
DerPostmeister-70529.jpeg;F;F;Ruth_Hellberg;[376.91306   49.001213 434.8346   125.48305 ];47.0;436.0;121.0;361.0
DerPostmeister-73510.jpeg;F;M;Heinrich_George;[123.04391  95.05965 173.35364 160.48807];72.0;403.0;146.0;328.0
DerPostmeister-73510.jpeg;M;M;Heinrich_George;[330.1297    62.429104 400.1349   144.18178 ];72.0;403.0;146.0;328.0
DerPostmeister-74510.jpeg;F;M;Heinrich_George;[122.74173 105.72074 191.90732 200.59645];66.0;424.0;156.0;335.0
DerPostmeister-74510.jpeg;F;F;Ruth_Hellberg;[122.74173 105.72074 191.90732 200.59645];113.0;204.0;188.0;129.0
DerPostmeister-74510.jpeg;M;M;Heinrich_George;[338.1055   53.4114  428.60626 162.05272];66.0;424.0;156.0;335.0
DerPostmeister-74510.jpeg;M;F;Ruth_Hellberg;[338.1055   53.4114  428.60626 162.05272];113.0;204.0;188.0;129.0
DerPostmeister-74760.jpeg;M;M;Heinrich_George;[120.42215  78.00865 180.7605  179.07257];66.0;464.0;156.0;374.0
DerPostmeister-74760.jpeg;M;M;Heinrich_George;[371.62473   48.625835 463.82867  160.11469 ];66.0;464.0;156.0;374.0
DerPostmeister-75010.jpeg;F;M;Heinrich_George;[135.7185    83.594345 186.59995  184.89966 ];66.0;464.0;156.0;374.0
DerPostmeister-75010.jpeg;M;M;Heinrich_George;[366.79608   51.026333 459.7234   162.31027 ];66.0;464.0;156.0;374.0
DerPostmeister-75260.jpeg;M;M;Heinrich_George;[150.91437  90.87773 204.58559 191.77783];66.0;464.0;156.0;374.0
DerPostmeister-75260.jpeg;M;M;Heinrich_George;[368.629     52.845623 460.50958  165.92139 ];66.0;464.0;156.0;374.0
DerPostmeister-75693.jpeg;F;F;Ruth_Hellberg;[159.32718  89.20063 273.86774 245.57567];110.0;296.0;239.0;167.0
DerPostmeister-75819.jpeg;F;F;Ruth_Hellberg;[232.8129   71.66366 352.20065 226.38028];82.0;368.0;211.0;239.0
DerPostmeister-77090.jpeg;F;F;Ruth_Hellberg;[224.60161  61.0934  453.1277  305.8163 ];98.0;428.0;284.0;242.0
DerPostmeister-77416.jpeg;M;M;Heinrich_George;[252.21922   63.358635 338.6066   161.18661 ];76.0;344.0;166.0;255.0
DerPostmeister-77416.jpeg;M;M;Heinrich_George;[125.21448   97.691666 182.79251  181.08273 ];76.0;344.0;166.0;255.0
DerPostmeister-77416.jpeg;M;M;Heinrich_George;[425.80484  69.63614 470.77872 161.26291];76.0;344.0;166.0;255.0
DerPostmeister-79421.jpeg;M;M;Heinrich_George;[308.81693   41.915524 403.00613  157.99825 ];44.0;390.0;152.0;282.0
DerPostmeister-79421.jpeg;M;M;Heinrich_George;[ 94.789635  45.21368  149.63144  141.32089 ];44.0;390.0;152.0;282.0
DerPostmeister-79671.jpeg;M;M;Heinrich_George;[ 73.498856  65.93181  143.72034  176.68585 ];56.0;384.0;146.0;295.0
DerPostmeister-79671.jpeg;F;M;Heinrich_George;[311.01648  48.47984 400.20908 150.59885];56.0;384.0;146.0;295.0
DerPostmeister-79671.jpeg;M;M;Heinrich_George;[136.23198 115.86422 181.15068 180.03345];56.0;384.0;146.0;295.0
DerPostmeister-79765.jpeg;F;F;Hilde_Krahl;[362.9921    54.372234 431.0307   140.85367 ];63.0;419.0;138.0;345.0
DerPostmeister-80488.jpeg;F;F;Ruth_Hellberg;[379.27496 114.76662 455.87027 214.32275];126.0;464.0;216.0;374.0
DerPostmeister-80488.jpeg;M;F;Ruth_Hellberg;[257.7236    67.099464 334.8689   169.33679 ];126.0;464.0;216.0;374.0
DerPostmeister-80738.jpeg;F;F;Ruth_Hellberg;[380.09583 107.05419 455.22705 210.07474];126.0;464.0;216.0;374.0
DerPostmeister-80738.jpeg;M;F;Ruth_Hellberg;[238.13689   48.052254 321.93512  166.37183 ];126.0;464.0;216.0;374.0
DerPostmeister-83029.jpeg;M;M;Siegfried_Breuer;[252.24295  37.47851 320.58325 130.85988];46.0;344.0;136.0;255.0
DerPostmeister-83279.jpeg;M;M;Siegfried_Breuer;[308.52197   45.051308 381.0056   147.40652 ];56.0;404.0;146.0;315.0
DerPostmeister-83279.jpeg;M;M;Siegfried_Breuer;[381.3108   81.888   436.02814 169.41019];56.0;404.0;146.0;315.0
DerPostmeister-83529.jpeg;M;F;Hilde_Krahl;[412.59937  86.31874 446.92657 132.77682];94.0;453.0;130.0;417.0
DerPostmeister-83779.jpeg;M;M;Siegfried_Breuer;[377.20065 214.51982 407.74023 255.86986];218.0;401.0;254.0;365.0
DerPostmeister-84518.jpeg;M;M;Siegfried_Breuer;[167.51062  51.84554 237.89253 140.38113];63.0;245.0;138.0;171.0
DerPostmeister-85268.jpeg;M;M;Siegfried_Breuer;[272.07166   44.363052 336.90332  122.86501 ];59.0;342.0;122.0;280.0
DerPostmeister-85268.jpeg;M;M;Siegfried_Breuer;[339.244    68.00696 414.799   162.54242];59.0;342.0;122.0;280.0
DerPostmeister-85883.jpeg;M;M;Siegfried_Breuer;[282.4049    31.293707 320.07205   79.090546];36.0;323.0;79.0;280.0
DerPostmeister-85883.jpeg;M;M;Siegfried_Breuer;[355.0037    29.94814  397.40195   85.240204];36.0;323.0;79.0;280.0
DerPostmeister-88133.jpeg;M;M;Siegfried_Breuer;[410.11047 149.72452 472.89774 236.71022];121.0;560.0;196.0;486.0
DerPostmeister-88133.jpeg;M;M;Siegfried_Breuer;[489.8752   107.329025 563.21704  193.60677 ];121.0;560.0;196.0;486.0
DerPostmeister-88133.jpeg;M;M;Siegfried_Breuer;[176.05984 100.18554 235.95192 192.6254 ];121.0;560.0;196.0;486.0
DerPostmeister-94133.jpeg;M;M;Hans_Holt;[229.68996   84.832184 283.3222   152.96553 ];87.0;280.0;149.0;218.0
DerPostmeister-94869.jpeg;M;M;Hans_Holt;[229.85617   87.226135 365.59775  265.2921  ];125.0;368.0;254.0;239.0
DerPostmeister-95950.jpeg;M;M;Hans_Holt;[216.43227  39.84719 295.3625  142.46811];46.0;305.0;136.0;215.0
DerPostmeister-96860.jpeg;F;F;Hilde_Krahl;[378.19336 100.19504 440.16348 179.84488];105.0;436.0;179.0;361.0
DerPostmeister-96860.jpeg;M;F;Hilde_Krahl;[ 98.4247  132.4786  168.7101  210.82956];105.0;436.0;179.0;361.0
DerPostmeister-96860.jpeg;F;F;Hilde_Krahl;[498.8386  169.49654 571.0621  306.75446];105.0;436.0;179.0;361.0
DerPostmeister-97110.jpeg;M;F;Hilde_Krahl;[144.54535  84.37172 216.2318  166.10254];105.0;436.0;179.0;361.0
DerPostmeister-97110.jpeg;F;F;Hilde_Krahl;[380.76074  99.40042 443.35562 183.19453];105.0;436.0;179.0;361.0
DerPostmeister-97110.jpeg;F;F;Hilde_Krahl;[491.22607 180.55197 563.95044 313.1947 ];105.0;436.0;179.0;361.0
DerPostmeister-97360.jpeg;F;F;Hilde_Krahl;[370.61893   98.292984 432.2572   182.75764 ];105.0;428.0;179.0;353.0
DerPostmeister-97360.jpeg;M;F;Hilde_Krahl;[140.74254  80.15168 207.37427 156.00963];105.0;428.0;179.0;353.0
DerPostmeister-97360.jpeg;F;F;Hilde_Krahl;[531.84375 155.06192 609.3794  291.68814];105.0;428.0;179.0;353.0
DerPostmeister-97610.jpeg;M;M;Heinrich_George;[135.61655  84.01952 205.09401 164.11478];96.0;212.0;171.0;137.0
DerPostmeister-97610.jpeg;F;M;Heinrich_George;[382.968   106.46063 453.17255 198.46582];96.0;212.0;171.0;137.0
DerPostmeister-97610.jpeg;F;M;Heinrich_George;[463.9381  180.58783 521.67725 295.9883 ];96.0;212.0;171.0;137.0
DerzerbrocheneKrug-10035.jpeg;M;M;Emil_Jannings;[305.4601    10.651898 399.67838  131.45096 ];46.0;404.0;136.0;315.0
DerzerbrocheneKrug-101256.jpeg;F;F;Angela_Salloker;[454.18225 152.10283 516.4342  242.30757];171.0;519.0;246.0;444.0
DerzerbrocheneKrug-101256.jpeg;F;F;Angela_Salloker;[137.34528 118.87934 223.25764 222.7739 ];171.0;519.0;246.0;444.0
DerzerbrocheneKrug-101256.jpeg;F;F;Angela_Salloker;[495.21722    -2.4317224 587.31805   132.00839  ];171.0;519.0;246.0;444.0
DerzerbrocheneKrug-101256.jpeg;M;F;Angela_Salloker;[258.00558  70.6648  360.56317 211.70454];171.0;519.0;246.0;444.0
DerzerbrocheneKrug-102048.jpeg;M;M;Emil_Jannings;[538.86865   29.813835 616.9513   128.71059 ];66.0;434.0;156.0;344.0
DerzerbrocheneKrug-102048.jpeg;M;M;Emil_Jannings;[348.77045  37.32016 432.95535 152.80748];66.0;434.0;156.0;344.0
DerzerbrocheneKrug-102378.jpeg;M;M;Emil_Jannings;[595.79535   41.786415 661.9021   122.6433  ];47.0;660.0;121.0;585.0
DerzerbrocheneKrug-102378.jpeg;F;M;Emil_Jannings;[383.84058   51.930714 447.27597  135.33466 ];47.0;660.0;121.0;585.0
DerzerbrocheneKrug-102378.jpeg;M;M;Emil_Jannings;[214.59227   79.714615 287.85718  172.50221 ];47.0;660.0;121.0;585.0
DerzerbrocheneKrug-102378.jpeg;F;M;Emil_Jannings;[156.744    86.39571 212.75635 155.86894];47.0;660.0;121.0;585.0
DerzerbrocheneKrug-102378.jpeg;M;M;Emil_Jannings;[505.31366   52.6606   562.65546  117.270966];47.0;660.0;121.0;585.0
DerzerbrocheneKrug-102491.jpeg;M;M;Emil_Jannings;[601.1624    40.716225 667.1664   123.20442 ];47.0;660.0;121.0;585.0
DerzerbrocheneKrug-102491.jpeg;M;M;Emil_Jannings;[216.24094   66.612045 282.4117   160.13416 ];47.0;660.0;121.0;585.0
DerzerbrocheneKrug-102491.jpeg;M;M;Emil_Jannings;[512.66675   57.336567 562.8304   125.489456];47.0;660.0;121.0;585.0
DerzerbrocheneKrug-102562.jpeg;M;M;Emil_Jannings;[297.85413   44.506256 376.7292   156.64323 ];66.0;394.0;156.0;305.0
DerzerbrocheneKrug-102562.jpeg;M;M;Emil_Jannings;[490.64474   51.785313 556.1528   131.64178 ];66.0;394.0;156.0;305.0
DerzerbrocheneKrug-102870.jpeg;M;M;Emil_Jannings;[303.34116  55.28913 447.5751  266.57373];77.0;489.0;263.0;304.0
DerzerbrocheneKrug-107192.jpeg;M;F;Angela_Salloker;[238.42238 111.65939 304.9388  200.39426];121.0;312.0;196.0;237.0
DerzerbrocheneKrug-107192.jpeg;F;F;Angela_Salloker;[127.84018 132.28098 219.91048 233.61137];121.0;312.0;196.0;237.0
DerzerbrocheneKrug-107192.jpeg;F;F;Angela_Salloker;[372.22894  70.22852 473.59927 206.4881 ];121.0;312.0;196.0;237.0
DerzerbrocheneKrug-107192.jpeg;M;F;Angela_Salloker;[569.7202   68.10208 661.15155 185.78561];121.0;312.0;196.0;237.0
DerzerbrocheneKrug-107192.jpeg;M;F;Angela_Salloker;[666.26935   41.155052 748.0811   172.33716 ];121.0;312.0;196.0;237.0
DerzerbrocheneKrug-107692.jpeg;F;F;Angela_Salloker;[121.686424 122.53413  213.76341  223.01407 ];130.0;295.0;204.0;220.0
DerzerbrocheneKrug-107692.jpeg;F;F;Angela_Salloker;[393.67892  65.47899 494.04782 197.45244];130.0;295.0;204.0;220.0
DerzerbrocheneKrug-107692.jpeg;F;F;Angela_Salloker;[228.8317  119.31053 293.255   205.1971 ];130.0;295.0;204.0;220.0
DerzerbrocheneKrug-107692.jpeg;M;F;Angela_Salloker;[574.99756   68.320175 667.3522   190.14282 ];130.0;295.0;204.0;220.0
DerzerbrocheneKrug-107692.jpeg;M;F;Angela_Salloker;[675.64294   37.755924 749.7614   172.87819 ];130.0;295.0;204.0;220.0
DerzerbrocheneKrug-108571.jpeg;F;M;Emil_Jannings;[128.60411 123.14901 220.95197 230.61479];56.0;736.0;163.0;629.0
DerzerbrocheneKrug-108571.jpeg;M;M;Emil_Jannings;[351.6385    87.181854 453.9406   220.60823 ];56.0;736.0;163.0;629.0
DerzerbrocheneKrug-108571.jpeg;M;M;Emil_Jannings;[231.24869 124.21737 296.718   212.81157];56.0;736.0;163.0;629.0
DerzerbrocheneKrug-108571.jpeg;M;M;Emil_Jannings;[541.1974   92.68697 634.08276 210.66685];56.0;736.0;163.0;629.0
DerzerbrocheneKrug-108571.jpeg;M;M;Emil_Jannings;[653.27686  41.9732  753.5313  182.64543];56.0;736.0;163.0;629.0
DerzerbrocheneKrug-108756.jpeg;M;M;Emil_Jannings;[199.01984  36.82626 283.09576 146.70744];32.0;605.0;140.0;497.0
DerzerbrocheneKrug-108756.jpeg;M;M;Emil_Jannings;[500.5396     9.630548 596.30444  137.16345 ];32.0;605.0;140.0;497.0
DerzerbrocheneKrug-108756.jpeg;M;M;Emil_Jannings;[412.71802   59.267067 453.55212  111.18518 ];32.0;605.0;140.0;497.0
DerzerbrocheneKrug-112270.jpeg;F;F;Angela_Salloker;[212.63623   49.593796 299.20776  149.35677 ];108.0;391.0;170.0;328.0
DerzerbrocheneKrug-112270.jpeg;F;F;Angela_Salloker;[329.579    96.41506 391.6506  175.8558 ];108.0;391.0;170.0;328.0
DerzerbrocheneKrug-112270.jpeg;M;F;Angela_Salloker;[461.10443   47.153507 548.2996   157.4248  ];108.0;391.0;170.0;328.0
DerzerbrocheneKrug-112270.jpeg;M;F;Angela_Salloker;[636.80896   45.511665 718.6723   146.74445 ];108.0;391.0;170.0;328.0
DerzerbrocheneKrug-112567.jpeg;M;M;Emil_Jannings;[470.76276   34.183777 554.6484   139.76834 ];46.0;563.0;136.0;474.0
DerzerbrocheneKrug-112567.jpeg;M;M;Emil_Jannings;[175.20685  70.02468 257.6368  176.47879];46.0;563.0;136.0;474.0
DerzerbrocheneKrug-112567.jpeg;M;M;Emil_Jannings;[596.12933   88.039604 630.40765  130.60295 ];46.0;563.0;136.0;474.0
DerzerbrocheneKrug-112817.jpeg;M;M;Emil_Jannings;[488.3188    23.416983 573.96655  126.23619 ];20.0;593.0;128.0;485.0
DerzerbrocheneKrug-112817.jpeg;M;M;Emil_Jannings;[157.72604   63.954636 239.213    181.81583 ];20.0;593.0;128.0;485.0
DerzerbrocheneKrug-112817.jpeg;M;M;Emil_Jannings;[592.8058    84.40327  627.85156  127.395744];20.0;593.0;128.0;485.0
DerzerbrocheneKrug-113817.jpeg;M;M;Emil_Jannings;[412.39987 143.41925 481.33704 231.16937];155.0;478.0;229.0;403.0
DerzerbrocheneKrug-113817.jpeg;M;M;Emil_Jannings;[324.14725 194.27155 358.70615 242.38156];155.0;478.0;229.0;403.0
DerzerbrocheneKrug-113817.jpeg;M;M;Emil_Jannings;[583.6908    79.799416 640.93774  155.19357 ];155.0;478.0;229.0;403.0
DerzerbrocheneKrug-113817.jpeg;M;M;Emil_Jannings;[261.06155    5.245788 313.35486   88.27816 ];155.0;478.0;229.0;403.0
DerzerbrocheneKrug-118247.jpeg;F;M;Emil_Jannings;[412.44388   65.695816 466.39362  134.74176 ];66.0;460.0;129.0;398.0
DerzerbrocheneKrug-118247.jpeg;M;M;Emil_Jannings;[327.56396   63.506294 380.66382  134.28305 ];66.0;460.0;129.0;398.0
DerzerbrocheneKrug-118247.jpeg;F;M;Emil_Jannings;[507.13245   65.891335 549.2627   137.78807 ];66.0;460.0;129.0;398.0
DerzerbrocheneKrug-14670.jpeg;F;M;Emil_Jannings;[385.65845   47.452576 474.5151   175.22313 ];76.0;474.0;166.0;384.0
DerzerbrocheneKrug-16471.jpeg;M;M;Emil_Jannings;[430.61295 141.69238 553.6168  299.05026];168.0;540.0;297.0;411.0
DerzerbrocheneKrug-16471.jpeg;F;M;Emil_Jannings;[304.51233   27.935432 394.13434  170.89073 ];168.0;540.0;297.0;411.0
DerzerbrocheneKrug-16971.jpeg;M;M;Emil_Jannings;[457.67377  65.19106 578.7266  218.47668];82.0;583.0;211.0;454.0
DerzerbrocheneKrug-16971.jpeg;F;M;Emil_Jannings;[278.95334   47.572247 367.40338  214.61928 ];82.0;583.0;211.0;454.0
DerzerbrocheneKrug-19413.jpeg;M;M;Emil_Jannings;[423.26575 149.03731 509.8743  248.75604];146.0;504.0;236.0;414.0
DerzerbrocheneKrug-20663.jpeg;M;M;Emil_Jannings;[581.2856   86.6001  666.1327  197.55647];106.0;653.0;196.0;563.0
DerzerbrocheneKrug-20663.jpeg;F;M;Emil_Jannings;[362.24036   41.003742 422.18848  147.16824 ];106.0;653.0;196.0;563.0
DerzerbrocheneKrug-21440.jpeg;M;M;Emil_Jannings;[324.26895 149.48956 394.0878  243.86711];177.0;377.0;239.0;315.0
DerzerbrocheneKrug-21753.jpeg;M;M;Emil_Jannings;[356.5135  118.71739 426.71835 216.72482];138.0;419.0;213.0;345.0
DerzerbrocheneKrug-21868.jpeg;M;M;Emil_Jannings;[372.045    81.98755 472.96207 218.00323];96.0;483.0;225.0;354.0
DerzerbrocheneKrug-22148.jpeg;M;M;Emil_Jannings;[377.25415  73.9835  476.04684 213.36502];104.0;462.0;211.0;354.0
DerzerbrocheneKrug-22511.jpeg;M;M;Emil_Jannings;[285.37936 103.3056  357.2083  204.60612];116.0;374.0;206.0;285.0
DerzerbrocheneKrug-22511.jpeg;M;M;Emil_Jannings;[462.8391    23.162802 516.0678   101.18621 ];116.0;374.0;206.0;285.0
DerzerbrocheneKrug-23400.jpeg;M;M;Emil_Jannings;[357.04315   50.103203 466.29938  192.74957 ];80.0;450.0;187.0;342.0
DerzerbrocheneKrug-23919.jpeg;M;M;Emil_Jannings;[390.8388    32.213535 500.82068  182.73741 ];53.0;526.0;182.0;397.0
DerzerbrocheneKrug-24874.jpeg;M;M;Emil_Jannings;[301.70746   52.773575 398.02002  182.60376 ];68.0;414.0;175.0;306.0
DerzerbrocheneKrug-24874.jpeg;F;M;Emil_Jannings;[494.16107   39.710728 565.14136  156.72495 ];68.0;414.0;175.0;306.0
DerzerbrocheneKrug-25260.jpeg;M;M;Emil_Jannings;[385.97232     3.3881552 485.21744   142.91106  ];32.0;497.0;140.0;390.0
DerzerbrocheneKrug-26100.jpeg;M;M;Emil_Jannings;[339.738     26.651915 427.08667  145.3645  ];44.0;438.0;152.0;330.0
DerzerbrocheneKrug-26100.jpeg;M;M;Emil_Jannings;[437.59827 100.15886 506.84625 207.64098];44.0;438.0;152.0;330.0
DerzerbrocheneKrug-27241.jpeg;M;M;Emil_Jannings;[466.34143 119.0712  540.2127  218.96849];126.0;554.0;216.0;464.0
DerzerbrocheneKrug-27241.jpeg;M;M;Emil_Jannings;[182.10086    -1.1251347 264.55362   116.61491  ];126.0;554.0;216.0;464.0
DerzerbrocheneKrug-30395.jpeg;M;M;Emil_Jannings;[431.0549     7.140328 510.85114  118.42715 ];26.0;504.0;116.0;414.0
DerzerbrocheneKrug-31207.jpeg;M;M;Emil_Jannings;[293.4637   42.91353 383.6189  167.93187];68.0;402.0;175.0;294.0
DerzerbrocheneKrug-31207.jpeg;F;M;Emil_Jannings;[651.8162  196.25873 716.9893  312.79944];68.0;402.0;175.0;294.0
DerzerbrocheneKrug-32927.jpeg;M;M;Emil_Jannings;[416.31033  38.38839 511.60724 158.46864];66.0;504.0;156.0;414.0
DerzerbrocheneKrug-32927.jpeg;M;M;Emil_Jannings;[243.57478  73.9246  320.6061  199.6936 ];66.0;504.0;156.0;414.0
DerzerbrocheneKrug-33427.jpeg;M;M;Emil_Jannings;[387.0423    40.914726 488.74213  176.70648 ];68.0;474.0;175.0;366.0
DerzerbrocheneKrug-34501.jpeg;F;F;Angela_Salloker;[363.71844  95.39905 403.94244 142.61842];98.0;400.0;142.0;357.0
DerzerbrocheneKrug-34501.jpeg;F;F;Angela_Salloker;[278.47495  66.93839 316.45236 122.16115];98.0;400.0;142.0;357.0
DerzerbrocheneKrug-34501.jpeg;M;F;Angela_Salloker;[453.341     76.082245 490.3456   129.44153 ];98.0;400.0;142.0;357.0
DerzerbrocheneKrug-34501.jpeg;F;F;Angela_Salloker;[584.6616    62.554287 626.39575  121.910095];98.0;400.0;142.0;357.0
DerzerbrocheneKrug-35001.jpeg;F;F;Angela_Salloker;[521.94586 103.2244  564.31195 152.88736];108.0;564.0;151.0;520.0
DerzerbrocheneKrug-35001.jpeg;F;F;Angela_Salloker;[257.55948   81.586464 301.96838  136.85196 ];108.0;564.0;151.0;520.0
DerzerbrocheneKrug-35001.jpeg;F;F;Angela_Salloker;[580.5114   63.18791 624.0324  123.63068];108.0;564.0;151.0;520.0
DerzerbrocheneKrug-35001.jpeg;F;F;Angela_Salloker;[383.12085   65.331985 424.22473  114.67016 ];108.0;564.0;151.0;520.0
DerzerbrocheneKrug-42371.jpeg;F;M;Emil_Jannings;[480.84814   81.703094 557.94275  198.72528 ];53.0;440.0;182.0;311.0
DerzerbrocheneKrug-42371.jpeg;M;M;Emil_Jannings;[319.64423   23.224573 429.7283   171.58475 ];53.0;440.0;182.0;311.0
DerzerbrocheneKrug-43156.jpeg;M;M;Emil_Jannings;[479.95398 106.23809 550.4453  199.16838];121.0;544.0;196.0;469.0
DerzerbrocheneKrug-43156.jpeg;M;M;Emil_Jannings;[314.9429    29.53853  372.44626  127.223976];121.0;544.0;196.0;469.0
DerzerbrocheneKrug-43449.jpeg;M;M;Emil_Jannings;[490.30612  89.29457 563.02106 187.32414];106.0;563.0;196.0;474.0
DerzerbrocheneKrug-44199.jpeg;M;M;Emil_Jannings;[357.43674   43.520744 443.76562  154.59125 ];80.0;428.0;155.0;353.0
DerzerbrocheneKrug-44199.jpeg;F;M;Emil_Jannings;[245.76324 262.99432 349.4085  365.72385];80.0;428.0;155.0;353.0
DerzerbrocheneKrug-45017.jpeg;M;M;Emil_Jannings;[385.2682   35.46787 471.66376 148.00807];56.0;464.0;146.0;374.0
DerzerbrocheneKrug-45017.jpeg;F;M;Emil_Jannings;[631.8725   110.799034 657.736    144.02716 ];56.0;464.0;146.0;374.0
DerzerbrocheneKrug-45316.jpeg;M;M;Emil_Jannings;[407.29517  21.02643 493.5382  130.4895 ];36.0;494.0;126.0;404.0
DerzerbrocheneKrug-45316.jpeg;F;M;Emil_Jannings;[627.1232   107.185425 653.98395  140.09833 ];36.0;494.0;126.0;404.0
DerzerbrocheneKrug-47912.jpeg;M;M;Emil_Jannings;[358.02652  66.07356 451.94168 198.74788];92.0;462.0;199.0;354.0
DerzerbrocheneKrug-47912.jpeg;M;M;Emil_Jannings;[479.74948 156.96838 571.60284 283.14697];92.0;462.0;199.0;354.0
DerzerbrocheneKrug-48162.jpeg;M;M;Emil_Jannings;[361.52148  56.1324  450.4004  185.99666];80.0;462.0;187.0;354.0
DerzerbrocheneKrug-48162.jpeg;F;M;Emil_Jannings;[504.3064  174.78229 556.4271  283.2833 ];80.0;462.0;187.0;354.0
DerzerbrocheneKrug-48662.jpeg;M;M;Emil_Jannings;[316.4857    48.047638 408.7174   176.79391 ];53.0;440.0;182.0;311.0
DerzerbrocheneKrug-48662.jpeg;F;M;Emil_Jannings;[537.3373  213.80328 595.4728  332.41608];53.0;440.0;182.0;311.0
DerzerbrocheneKrug-48912.jpeg;M;M;Emil_Jannings;[271.24637   30.358725 361.08917  163.99893 ];56.0;378.0;163.0;270.0
DerzerbrocheneKrug-48912.jpeg;M;M;Emil_Jannings;[549.4475  205.78784 645.439   345.81546];56.0;378.0;163.0;270.0
DerzerbrocheneKrug-49125.jpeg;F;F;Angela_Salloker;[473.63336  49.40064 557.82184 167.01128];66.0;563.0;156.0;474.0
DerzerbrocheneKrug-49125.jpeg;F;M;Emil_Jannings;[473.63336  49.40064 557.82184 167.01128];56.0;414.0;163.0;306.0
DerzerbrocheneKrug-49125.jpeg;M;F;Angela_Salloker;[311.3607    43.153866 402.16223  167.06915 ];66.0;563.0;156.0;474.0
DerzerbrocheneKrug-49125.jpeg;M;M;Emil_Jannings;[311.3607    43.153866 402.16223  167.06915 ];56.0;414.0;163.0;306.0
DerzerbrocheneKrug-49375.jpeg;M;F;Angela_Salloker;[318.86447   50.799656 410.84888  171.0602  ];86.0;534.0;176.0;444.0
DerzerbrocheneKrug-49375.jpeg;M;M;Emil_Jannings;[318.86447   50.799656 410.84888  171.0602  ];76.0;414.0;166.0;325.0
DerzerbrocheneKrug-49375.jpeg;M;F;Angela_Salloker;[452.92285  60.67615 536.4305  176.68271];86.0;534.0;176.0;444.0
DerzerbrocheneKrug-49375.jpeg;M;M;Emil_Jannings;[452.92285  60.67615 536.4305  176.68271];76.0;414.0;166.0;325.0
DerzerbrocheneKrug-49375.jpeg;M;F;Angela_Salloker;[248.55586 119.11481 307.20013 217.41734];86.0;534.0;176.0;444.0
DerzerbrocheneKrug-49375.jpeg;M;M;Emil_Jannings;[248.55586 119.11481 307.20013 217.41734];76.0;414.0;166.0;325.0
DerzerbrocheneKrug-49625.jpeg;F;M;Emil_Jannings;[512.52136  73.55876 593.08325 210.89389];67.0;454.0;196.0;325.0
DerzerbrocheneKrug-49625.jpeg;M;M;Emil_Jannings;[325.83365   51.023735 435.79822  199.81181 ];67.0;454.0;196.0;325.0
DerzerbrocheneKrug-49875.jpeg;F;F;Angela_Salloker;[534.35297  80.94834 636.661   216.26933];104.0;629.0;211.0;521.0
DerzerbrocheneKrug-49875.jpeg;M;F;Angela_Salloker;[351.0226    53.048946 466.2074   207.56837 ];104.0;629.0;211.0;521.0
DerzerbrocheneKrug-50159.jpeg;M;M;Emil_Jannings;[277.20303   20.680473 354.87582  124.56893 ];38.0;353.0;113.0;278.0
DerzerbrocheneKrug-50159.jpeg;M;F;Angela_Salloker;[277.20303   20.680473 354.87582  124.56893 ];73.0;515.0;135.0;453.0
DerzerbrocheneKrug-50159.jpeg;M;M;Emil_Jannings;[451.14676  58.94737 509.23642 134.97406];38.0;353.0;113.0;278.0
DerzerbrocheneKrug-50159.jpeg;M;F;Angela_Salloker;[451.14676  58.94737 509.23642 134.97406];73.0;515.0;135.0;453.0
DerzerbrocheneKrug-50409.jpeg;F;M;Emil_Jannings;[305.4883   -18.333443 368.59192   69.87211 ];3.0;348.0;55.0;296.0
DerzerbrocheneKrug-52002.jpeg;M;M;Emil_Jannings;[522.91437  48.50234 610.1848  160.82802];66.0;603.0;156.0;514.0
DerzerbrocheneKrug-52002.jpeg;M;M;Emil_Jannings;[116.79526  81.05483 205.11955 196.43405];66.0;603.0;156.0;514.0
DerzerbrocheneKrug-53002.jpeg;M;M;Emil_Jannings;[411.1719    79.277176 492.69736  183.11696 ];86.0;494.0;176.0;404.0
DerzerbrocheneKrug-53002.jpeg;F;M;Emil_Jannings;[162.22618 111.66535 241.11108 212.23608];86.0;494.0;176.0;404.0
DerzerbrocheneKrug-53108.jpeg;M;M;Emil_Jannings;[531.244     38.517406 610.29443  137.49365 ];46.0;613.0;136.0;524.0
DerzerbrocheneKrug-53108.jpeg;M;M;Emil_Jannings;[207.83849 110.43864 288.60446 208.21729];46.0;613.0;136.0;524.0
DerzerbrocheneKrug-53358.jpeg;M;M;Emil_Jannings;[551.77795  37.95169 629.4575  139.69875];46.0;623.0;136.0;534.0
DerzerbrocheneKrug-53358.jpeg;M;M;Emil_Jannings;[190.29253  81.44462 259.30862 176.99507];46.0;623.0;136.0;534.0
DerzerbrocheneKrug-53507.jpeg;M;F;Angela_Salloker;[525.6108    36.946934 563.63104   90.75553 ];42.0;357.0;78.0;321.0
DerzerbrocheneKrug-53507.jpeg;M;F;Angela_Salloker;[327.36176   38.918476 359.66476   80.79244 ];42.0;357.0;78.0;321.0
DerzerbrocheneKrug-53507.jpeg;M;F;Angela_Salloker;[601.54205  103.878845 650.07623  159.04762 ];42.0;357.0;78.0;321.0
DerzerbrocheneKrug-53507.jpeg;F;F;Angela_Salloker;[443.0691   26.45029 479.6437   68.30691];42.0;357.0;78.0;321.0
DerzerbrocheneKrug-53887.jpeg;M;M;Emil_Jannings;[250.59776   71.185585 337.4131   187.24904 ];92.0;354.0;199.0;247.0
DerzerbrocheneKrug-55717.jpeg;M;M;Emil_Jannings;[367.48825  28.89105 466.3119  163.26707];56.0;474.0;163.0;366.0
DerzerbrocheneKrug-56695.jpeg;M;M;Emil_Jannings;[482.12265   46.471607 573.36816  170.66412 ];56.0;569.0;163.0;462.0
DerzerbrocheneKrug-56695.jpeg;F;M;Emil_Jannings;[268.8803    61.227016 350.9756   186.33699 ];56.0;569.0;163.0;462.0
DerzerbrocheneKrug-57445.jpeg;M;M;Emil_Jannings;[241.58311   63.474808 326.21182  186.3387  ];24.0;569.0;153.0;440.0
DerzerbrocheneKrug-57445.jpeg;M;M;Emil_Jannings;[467.97745   18.260609 561.17523  148.5962  ];24.0;569.0;153.0;440.0
DerzerbrocheneKrug-59737.jpeg;M;M;Emil_Jannings;[382.80838   22.905025 509.97208  209.10286 ];67.0;526.0;196.0;397.0
DerzerbrocheneKrug-60382.jpeg;M;M;Emil_Jannings;[490.6779    27.972574 562.162    127.28301 ];46.0;563.0;136.0;474.0
DerzerbrocheneKrug-60382.jpeg;M;M;Emil_Jannings;[186.67569   44.628643 261.4453   153.89842 ];46.0;563.0;136.0;474.0
DerzerbrocheneKrug-61757.jpeg;M;M;Emil_Jannings;[311.67004   24.621143 419.42676  164.47835 ];39.0;440.0;168.0;311.0
DerzerbrocheneKrug-61757.jpeg;M;M;Emil_Jannings;[612.3597  128.20164 707.37634 243.5263 ];39.0;440.0;168.0;311.0
DerzerbrocheneKrug-61828.jpeg;M;M;Emil_Jannings;[609.55743  121.122406 703.11346  239.51604 ];30.0;476.0;184.0;322.0
DerzerbrocheneKrug-61828.jpeg;M;M;Emil_Jannings;[329.4348   36.68561 436.10367 188.9704 ];30.0;476.0;184.0;322.0
DerzerbrocheneKrug-61888.jpeg;M;M;Emil_Jannings;[611.96075 116.33555 706.3224  235.0609 ];53.0;468.0;182.0;339.0
DerzerbrocheneKrug-61888.jpeg;M;M;Emil_Jannings;[343.7981    37.917385 448.20978  194.79102 ];53.0;468.0;182.0;339.0
DerzerbrocheneKrug-62085.jpeg;M;M;Emil_Jannings;[303.37683   29.321077 411.96313  180.08577 ];39.0;425.0;168.0;296.0
DerzerbrocheneKrug-62085.jpeg;M;M;Emil_Jannings;[614.7159  125.27378 709.2954  244.87988];39.0;425.0;168.0;296.0
DerzerbrocheneKrug-62354.jpeg;M;M;Emil_Jannings;[301.3284    25.566294 405.2206   178.52565 ];39.0;425.0;168.0;296.0
DerzerbrocheneKrug-62354.jpeg;M;M;Emil_Jannings;[640.9499   122.006454 731.3397   240.94102 ];39.0;425.0;168.0;296.0
DerzerbrocheneKrug-62577.jpeg;M;M;Emil_Jannings;[653.18164  121.671234 743.2317   242.33737 ];24.0;411.0;153.0;282.0
DerzerbrocheneKrug-62577.jpeg;M;M;Emil_Jannings;[284.5235    11.311614 391.08463  163.38782 ];24.0;411.0;153.0;282.0
DerzerbrocheneKrug-62968.jpeg;M;M;Emil_Jannings;[652.0725  124.73788 740.08136 246.748  ];67.0;411.0;196.0;282.0
DerzerbrocheneKrug-62968.jpeg;M;M;Emil_Jannings;[296.12848   41.059856 403.96222  185.42294 ];67.0;411.0;196.0;282.0
DerzerbrocheneKrug-64419.jpeg;M;M;Emil_Jannings;[544.4322   43.73055 633.65674 165.38423];76.0;633.0;166.0;544.0
DerzerbrocheneKrug-64419.jpeg;M;M;Emil_Jannings;[157.86171   86.071724 234.23555  185.92326 ];76.0;633.0;166.0;544.0
DerzerbrocheneKrug-64578.jpeg;M;M;Emil_Jannings;[537.3033   32.87991 625.71155 155.49916];66.0;633.0;156.0;544.0
DerzerbrocheneKrug-64578.jpeg;M;M;Emil_Jannings;[157.8096   88.79465 233.43704 187.79141];66.0;633.0;156.0;544.0
DerzerbrocheneKrug-64862.jpeg;F;F;Angela_Salloker;[261.55554   58.287266 348.53085  159.64857 ];76.0;593.0;166.0;504.0
DerzerbrocheneKrug-64862.jpeg;F;F;Angela_Salloker;[522.4567    58.787235 598.59094  170.67879 ];76.0;593.0;166.0;504.0
DerzerbrocheneKrug-65084.jpeg;M;F;Angela_Salloker;[499.82565  53.06606 578.63446 163.57985];66.0;573.0;156.0;484.0
DerzerbrocheneKrug-65084.jpeg;M;F;Angela_Salloker;[273.44376  68.09228 344.58487 162.8078 ];66.0;573.0;156.0;484.0
DerzerbrocheneKrug-66631.jpeg;M;M;Emil_Jannings;[476.88785   39.642242 571.05286  166.26187 ];76.0;563.0;166.0;474.0
DerzerbrocheneKrug-66631.jpeg;M;M;Emil_Jannings;[225.18393  78.03952 305.89447 199.96622];76.0;563.0;166.0;474.0
DerzerbrocheneKrug-67432.jpeg;M;F;Angela_Salloker;[662.1986    60.925735 704.838    118.4702  ];67.0;700.0;118.0;648.0
DerzerbrocheneKrug-67432.jpeg;M;F;Angela_Salloker;[195.46382 100.65058 248.99133 180.06996];67.0;700.0;118.0;648.0
DerzerbrocheneKrug-67432.jpeg;M;F;Angela_Salloker;[278.1162  126.39739 320.64734 184.5313 ];67.0;700.0;118.0;648.0
DerzerbrocheneKrug-67432.jpeg;F;F;Angela_Salloker;[484.9601    31.481335 530.1943   104.84004 ];67.0;700.0;118.0;648.0
DerzerbrocheneKrug-67432.jpeg;F;F;Angela_Salloker;[116.87136 137.83691 163.82143 217.72755];67.0;700.0;118.0;648.0
DerzerbrocheneKrug-67530.jpeg;F;F;Angela_Salloker;[381.99756  65.68523 441.52756 149.17442];80.0;439.0;142.0;377.0
DerzerbrocheneKrug-67530.jpeg;M;F;Angela_Salloker;[489.9907    30.002321 563.3704   132.75261 ];80.0;439.0;142.0;377.0
DerzerbrocheneKrug-67530.jpeg;M;F;Angela_Salloker;[208.73914   47.576004 273.92844  126.30238 ];80.0;439.0;142.0;377.0
DerzerbrocheneKrug-67620.jpeg;M;M;Emil_Jannings;[279.57748 131.85722 357.06107 240.08916];140.0;378.0;247.0;270.0
DerzerbrocheneKrug-67683.jpeg;M;F;Angela_Salloker;[496.4614   30.50293 571.5782  134.59727];80.0;439.0;142.0;377.0
DerzerbrocheneKrug-67683.jpeg;M;F;Angela_Salloker;[384.83377  64.22913 442.73575 146.98254];80.0;439.0;142.0;377.0
DerzerbrocheneKrug-67683.jpeg;F;F;Angela_Salloker;[216.37863   47.141895 282.6224   126.23242 ];80.0;439.0;142.0;377.0
DerzerbrocheneKrug-67744.jpeg;M;M;Emil_Jannings;[272.11984  122.028854 353.52597  231.14189 ];128.0;378.0;235.0;270.0
DerzerbrocheneKrug-67744.jpeg;M;M;Emil_Jannings;[587.265    -19.723167 636.4306   103.42641 ];128.0;378.0;235.0;270.0
DerzerbrocheneKrug-67840.jpeg;M;F;Angela_Salloker;[390.01016  64.12811 449.71573 146.88313];80.0;446.0;142.0;384.0
DerzerbrocheneKrug-67840.jpeg;M;F;Angela_Salloker;[499.10248   30.169968 573.5748   132.94995 ];80.0;446.0;142.0;384.0
DerzerbrocheneKrug-67840.jpeg;M;F;Angela_Salloker;[207.36108   50.189762 274.59778  129.55154 ];80.0;446.0;142.0;384.0
DerzerbrocheneKrug-68111.jpeg;M;M;Emil_Jannings;[221.58301   63.326546 290.45425  138.17044 ];47.0;544.0;121.0;469.0
DerzerbrocheneKrug-68111.jpeg;M;F;Angela_Salloker;[221.58301   63.326546 290.45425  138.17044 ];80.0;439.0;142.0;377.0
DerzerbrocheneKrug-68111.jpeg;M;M;Emil_Jannings;[384.00256  66.02695 442.85394 147.23047];47.0;544.0;121.0;469.0
DerzerbrocheneKrug-68111.jpeg;M;F;Angela_Salloker;[384.00256  66.02695 442.85394 147.23047];80.0;439.0;142.0;377.0
DerzerbrocheneKrug-68111.jpeg;M;M;Emil_Jannings;[479.59302   30.559586 555.4204   133.8008  ];47.0;544.0;121.0;469.0
DerzerbrocheneKrug-68111.jpeg;M;F;Angela_Salloker;[479.59302   30.559586 555.4204   133.8008  ];80.0;439.0;142.0;377.0
DerzerbrocheneKrug-68464.jpeg;M;F;Angela_Salloker;[362.51813  65.57015 419.86258 144.30832];80.0;418.0;142.0;356.0
DerzerbrocheneKrug-68464.jpeg;M;F;Angela_Salloker;[491.3905    24.514254 563.9767   122.87173 ];80.0;418.0;142.0;356.0
DerzerbrocheneKrug-68464.jpeg;M;F;Angela_Salloker;[200.12741  68.31285 268.01572 143.232  ];80.0;418.0;142.0;356.0
DerzerbrocheneKrug-69288.jpeg;M;M;Emil_Jannings;[370.1639    13.922065 488.06442  190.96687 ];53.0;497.0;182.0;368.0
DerzerbrocheneKrug-72640.jpeg;M;M;Emil_Jannings;[357.52875   23.506826 478.33853  195.08432 ];53.0;497.0;182.0;368.0
DerzerbrocheneKrug-72890.jpeg;M;M;Emil_Jannings;[356.90488   29.741888 478.84482  198.1644  ];67.0;483.0;196.0;354.0
DerzerbrocheneKrug-73227.jpeg;M;F;Angela_Salloker;[459.38657  85.73019 532.7455  184.6572 ];87.0;287.0;149.0;225.0
DerzerbrocheneKrug-73227.jpeg;M;F;Angela_Salloker;[242.43738  68.57039 300.0235  152.72461];87.0;287.0;149.0;225.0
DerzerbrocheneKrug-74016.jpeg;M;M;Emil_Jannings;[349.17612   26.532427 471.604    191.96332 ];67.0;483.0;196.0;354.0
DerzerbrocheneKrug-75046.jpeg;M;M;Emil_Jannings;[174.46033  91.00477 258.12567 195.80466];56.0;581.0;163.0;474.0
DerzerbrocheneKrug-75046.jpeg;M;M;Emil_Jannings;[498.2086    32.135548 592.84766  156.57788 ];56.0;581.0;163.0;474.0
DerzerbrocheneKrug-75338.jpeg;M;M;Emil_Jannings;[558.8255      1.1933173 655.4149    129.75166  ];26.0;633.0;116.0;544.0
DerzerbrocheneKrug-75743.jpeg;M;M;Emil_Jannings;[330.5645    37.418873 478.9213   246.2686  ];57.0;489.0;242.0;304.0
DerzerbrocheneKrug-76447.jpeg;M;M;Emil_Jannings;[352.29733   54.121307 495.88547  243.20181 ];57.0;510.0;242.0;324.0
DerzerbrocheneKrug-76537.jpeg;M;M;Emil_Jannings;[343.3785    30.242088 490.66428  225.48692 ];47.0;494.0;202.0;339.0
DerzerbrocheneKrug-76682.jpeg;M;M;Emil_Jannings;[340.28247  25.33382 486.3841  217.51955];47.0;494.0;202.0;339.0
DerzerbrocheneKrug-77401.jpeg;M;M;Emil_Jannings;[482.65106   20.436968 573.9359   137.62259 ];32.0;569.0;140.0;462.0
DerzerbrocheneKrug-77401.jpeg;M;M;Emil_Jannings;[238.68571   46.827892 324.23264  173.69466 ];32.0;569.0;140.0;462.0
DerzerbrocheneKrug-78151.jpeg;M;F;Angela_Salloker;[603.242     98.980606 660.27405  172.90607 ];108.0;660.0;170.0;598.0
DerzerbrocheneKrug-78151.jpeg;M;F;Angela_Salloker;[297.77713  70.6931  381.6505  176.15218];108.0;660.0;170.0;598.0
DerzerbrocheneKrug-78151.jpeg;M;F;Angela_Salloker;[ 96.37106 143.38931 123.93719 220.69478];108.0;660.0;170.0;598.0
DerzerbrocheneKrug-80857.jpeg;F;F;Angela_Salloker;[576.4166    19.905325 651.6942   109.672874];68.0;366.0;175.0;259.0
DerzerbrocheneKrug-80857.jpeg;F;F;Angela_Salloker;[277.39893  51.92345 370.83145 177.56938];68.0;366.0;175.0;259.0
DerzerbrocheneKrug-80908.jpeg;M;M;Emil_Jannings;[548.4972    22.252323 637.4788   146.21855 ];56.0;653.0;146.0;563.0
DerzerbrocheneKrug-80908.jpeg;M;M;Emil_Jannings;[251.80014  59.46252 347.91498 196.26929];56.0;653.0;146.0;563.0
DerzerbrocheneKrug-81158.jpeg;M;M;Emil_Jannings;[208.98196 101.99055 300.5656  218.28244];44.0;700.0;152.0;593.0
DerzerbrocheneKrug-81158.jpeg;M;M;Emil_Jannings;[579.5592    11.990828 682.50916  148.33429 ];44.0;700.0;152.0;593.0
DerzerbrocheneKrug-82306.jpeg;M;M;Emil_Jannings;[234.0987    76.525024 322.2334   192.60023 ];32.0;545.0;140.0;438.0
DerzerbrocheneKrug-82306.jpeg;M;M;Emil_Jannings;[451.34857   33.237465 543.76953  150.92534 ];32.0;545.0;140.0;438.0
DerzerbrocheneKrug-83378.jpeg;M;F;Angela_Salloker;[234.74673  67.4073  316.47385 178.08157];86.0;325.0;176.0;235.0
DerzerbrocheneKrug-83378.jpeg;F;F;Angela_Salloker;[477.87946   62.495342 560.9613   176.83923 ];86.0;325.0;176.0;235.0
DerzerbrocheneKrug-83491.jpeg;F;F;Angela_Salloker;[408.1735    45.399193 561.1729   263.06122 ];77.0;593.0;263.0;407.0
DerzerbrocheneKrug-83580.jpeg;F;F;Angela_Salloker;[309.43335   57.988148 477.6234   298.052   ];98.0;469.0;284.0;283.0
DerzerbrocheneKrug-84049.jpeg;M;F;Angela_Salloker;[558.00806 184.9868  602.19794 251.3967 ];188.0;596.0;239.0;544.0
DerzerbrocheneKrug-84049.jpeg;M;F;Angela_Salloker;[342.1996    36.483402 385.37457  106.28207 ];188.0;596.0;239.0;544.0
DerzerbrocheneKrug-84799.jpeg;F;F;Angela_Salloker;[540.57153  85.62674 656.43207 254.57887];110.0;640.0;239.0;511.0
DerzerbrocheneKrug-84799.jpeg;M;F;Angela_Salloker;[269.6448   -18.104307 409.11023  180.51926 ];110.0;640.0;239.0;511.0
DerzerbrocheneKrug-85195.jpeg;M;M;Emil_Jannings;[318.10944   17.127956 407.4241   141.58524 ];20.0;426.0;128.0;318.0
DerzerbrocheneKrug-85195.jpeg;F;M;Emil_Jannings;[486.9736    58.047924 567.7307   201.38448 ];20.0;426.0;128.0;318.0
DerzerbrocheneKrug-85458.jpeg;M;M;Emil_Jannings;[400.9638   74.30082 467.87524 161.23447];80.0;478.0;155.0;403.0
DerzerbrocheneKrug-85458.jpeg;M;M;Emil_Jannings;[168.72151  76.86916 246.2786  187.70561];80.0;478.0;155.0;403.0
DerzerbrocheneKrug-85458.jpeg;F;M;Emil_Jannings;[561.3256  110.61766 615.5881  188.27092];80.0;478.0;155.0;403.0
DerzerbrocheneKrug-85732.jpeg;M;M;Emil_Jannings;[650.93005  98.8197  733.5847  213.05725];32.0;426.0;140.0;318.0
DerzerbrocheneKrug-85732.jpeg;M;M;Emil_Jannings;[305.1898    5.14965 414.87854 146.94304];32.0;426.0;140.0;318.0
DerzerbrocheneKrug-86037.jpeg;M;M;Emil_Jannings;[341.84268   24.371462 454.46118  181.30698 ];68.0;462.0;175.0;354.0
DerzerbrocheneKrug-86037.jpeg;M;M;Emil_Jannings;[670.53644 139.1022  754.9037  244.95294];68.0;462.0;175.0;354.0
DerzerbrocheneKrug-86723.jpeg;M;M;Emil_Jannings;[516.4344    43.464455 613.9999   174.94167 ];68.0;617.0;175.0;509.0
DerzerbrocheneKrug-86723.jpeg;M;M;Emil_Jannings;[238.54594  96.79184 330.4293  225.44234];68.0;617.0;175.0;509.0
DerzerbrocheneKrug-86973.jpeg;M;M;Emil_Jannings;[538.9329   28.02052 634.505   159.15149];44.0;653.0;152.0;545.0
DerzerbrocheneKrug-86973.jpeg;M;M;Emil_Jannings;[214.85689   75.627525 308.54355  203.47905 ];44.0;653.0;152.0;545.0
DerzerbrocheneKrug-87303.jpeg;M;M;Emil_Jannings;[454.40536  48.14662 544.281   168.46626];68.0;557.0;175.0;450.0
DerzerbrocheneKrug-87303.jpeg;M;M;Emil_Jannings;[273.32764  74.79325 373.7723  208.24586];68.0;557.0;175.0;450.0
DerzerbrocheneKrug-87350.jpeg;F;F;Angela_Salloker;[369.27686  18.08722 476.78186 164.49313];44.0;462.0;152.0;354.0
DerzerbrocheneKrug-87850.jpeg;F;F;Angela_Salloker;[316.37695   23.147943 431.172    177.22351 ];39.0;425.0;168.0;296.0
DerzerbrocheneKrug-87946.jpeg;M;M;Emil_Jannings;[480.82413  66.247   576.76013 198.51251];80.0;581.0;187.0;474.0
DerzerbrocheneKrug-87946.jpeg;M;M;Emil_Jannings;[217.3481    46.138622 318.27203  178.34204 ];80.0;581.0;187.0;474.0
DerzerbrocheneKrug-89620.jpeg;M;M;Emil_Jannings;[521.21075  45.48672 619.7495  176.01881];80.0;629.0;187.0;521.0
DerzerbrocheneKrug-89620.jpeg;F;M;Emil_Jannings;[305.97656   61.819714 386.56335  202.08583 ];80.0;629.0;187.0;521.0
DerzerbrocheneKrug-91459.jpeg;M;M;Emil_Jannings;[517.8839   37.0014  602.5921  145.45284];56.0;593.0;146.0;504.0
DerzerbrocheneKrug-91459.jpeg;M;M;Emil_Jannings;[158.26653   26.459053 219.39726  112.58979 ];56.0;593.0;146.0;504.0
DerzerbrocheneKrug-91959.jpeg;M;M;Emil_Jannings;[455.06296   23.734959 530.1098   129.03136 ];36.0;524.0;126.0;434.0
DerzerbrocheneKrug-91959.jpeg;M;M;Emil_Jannings;[280.52307    4.021037 340.44324  102.91352 ];36.0;524.0;126.0;434.0
DerzerbrocheneKrug-92209.jpeg;M;M;Emil_Jannings;[452.5361    43.409035 531.4815   148.39479 ];56.0;524.0;146.0;434.0
DerzerbrocheneKrug-92209.jpeg;M;M;Emil_Jannings;[280.5847      2.7315512 342.61133   103.127205 ];56.0;524.0;146.0;434.0
DerzerbrocheneKrug-9285.jpeg;M;M;Emil_Jannings;[381.0063    13.984627 482.69638  152.65709 ];32.0;485.0;140.0;378.0
DerzerbrocheneKrug-93638.jpeg;M;M;Emil_Jannings;[320.06784   10.092468 433.87222  156.1337  ];24.0;440.0;153.0;311.0
DerzerbrocheneKrug-93770.jpeg;M;M;Emil_Jannings;[358.82568     6.3829393 473.68237   159.23108  ];24.0;483.0;153.0;354.0
DerzerbrocheneKrug-94020.jpeg;M;M;Emil_Jannings;[353.03262   14.374969 468.37717  165.43512 ];24.0;468.0;153.0;339.0
DerzerbrocheneKrug-94291.jpeg;M;M;Emil_Jannings;[365.74307   25.719688 474.13452  181.22227 ];39.0;468.0;168.0;339.0
DerzerbrocheneKrug-94476.jpeg;M;M;Emil_Jannings;[366.0205    20.794233 485.9246   175.21686 ];39.0;497.0;168.0;368.0
DerzerbrocheneKrug-95573.jpeg;M;M;Emil_Jannings;[530.58636   54.412174 615.3801   172.82158 ];68.0;617.0;175.0;509.0
DerzerbrocheneKrug-95573.jpeg;M;M;Emil_Jannings;[182.67506  61.82627 257.788   180.41249];68.0;617.0;175.0;509.0
DerzerbrocheneKrug-95823.jpeg;M;M;Emil_Jannings;[241.3582    88.420525 315.44217  200.47716 ];121.0;585.0;196.0;511.0
DerzerbrocheneKrug-95823.jpeg;M;M;Emil_Jannings;[524.7482   86.48646 606.0368  198.21161];121.0;585.0;196.0;511.0
DerzerbrocheneKrug-96913.jpeg;M;M;Emil_Jannings;[345.92932   38.369076 460.42212  198.85254 ];80.0;438.0;187.0;330.0
DerzerbrocheneKrug-97413.jpeg;M;M;Emil_Jannings;[384.42596   29.405556 496.70114  191.74583 ];53.0;497.0;182.0;368.0
DerzerbrocheneKrug-9785.jpeg;M;M;Emil_Jannings;[353.43423   15.466216 457.39914  147.35233 ];44.0;462.0;152.0;354.0
DerzerbrocheneKrug-98196.jpeg;M;M;Emil_Jannings;[160.6596   91.18268 253.04526 200.90019];68.0;665.0;175.0;557.0
DerzerbrocheneKrug-98196.jpeg;M;M;Emil_Jannings;[574.64966   60.122536 661.71954  169.50458 ];68.0;665.0;175.0;557.0
DieFeuerzangenbowleDeutscheFilmehdia-100653.jpeg;F;F;Hilde_Sessak;[345.57913 163.04022 489.51974 362.2073 ];202.0;494.0;356.0;339.0
DieFeuerzangenbowleDeutscheFilmehdia-101217.jpeg;F;F;Hilde_Sessak;[326.9748  119.07663 462.80975 317.66913];150.0;494.0;305.0;339.0
DieFeuerzangenbowleDeutscheFilmehdia-103999.jpeg;M;M;Erich_Ponto;[606.9649  187.31865 703.8486  320.73602];196.0;726.0;325.0;597.0
DieFeuerzangenbowleDeutscheFilmehdia-103999.jpeg;M;M;Erich_Ponto;[119.34844 182.9745  195.93567 305.53528];196.0;726.0;325.0;597.0
DieFeuerzangenbowleDeutscheFilmehdia-104383.jpeg;M;M;Hans_Leibelt;[337.30048 237.78107 610.98456 630.9892 ];277.0;633.0;598.0;312.0
DieFeuerzangenbowleDeutscheFilmehdia-104511.jpeg;M;M;Hans_Leibelt;[384.88394 196.17212 631.5354  509.0224 ];231.0;617.0;498.0;349.0
DieFeuerzangenbowleDeutscheFilmehdia-104736.jpeg;M;M;Hans_Leibelt;[545.96985 108.18506 673.7522  273.97778];116.0;666.0;270.0;511.0
DieFeuerzangenbowleDeutscheFilmehdia-104736.jpeg;M;M;Hans_Leibelt;[ 97.973495 373.9396   217.50876  516.9739  ];116.0;666.0;270.0;511.0
DieFeuerzangenbowleDeutscheFilmehdia-104906.jpeg;M;M;Erich_Ponto;[515.31177  85.47703 647.26447 262.5475 ];383.0;239.0;512.0;110.0
DieFeuerzangenbowleDeutscheFilmehdia-104906.jpeg;M;M;Erich_Ponto;[106.167984 366.7973   224.364    516.3045  ];383.0;239.0;512.0;110.0
DieFeuerzangenbowleDeutscheFilmehdia-105759.jpeg;M;M;Erich_Ponto;[321.93466 241.35353 393.57172 341.70938];245.0;404.0;335.0;315.0
DieFeuerzangenbowleDeutscheFilmehdia-105759.jpeg;M;M;Erich_Ponto;[600.7478    85.565605 682.1694   198.97658 ];245.0;404.0;335.0;315.0
DieFeuerzangenbowleDeutscheFilmehdia-106251.jpeg;M;M;Erich_Ponto;[488.64285 267.62225 556.97064 361.1149 ];287.0;560.0;362.0;486.0
DieFeuerzangenbowleDeutscheFilmehdia-106251.jpeg;M;M;Erich_Ponto;[488.97614   45.965088 556.6641   135.84653 ];287.0;560.0;362.0;486.0
DieFeuerzangenbowleDeutscheFilmehdia-106382.jpeg;M;M;Erich_Ponto;[485.37616 284.94843 551.9613  379.3267 ];296.0;552.0;370.0;478.0
DieFeuerzangenbowleDeutscheFilmehdia-107151.jpeg;M;M;Erich_Ponto;[496.62622 157.21744 583.279   275.5211 ];175.0;605.0;283.0;497.0
DieFeuerzangenbowleDeutscheFilmehdia-107151.jpeg;M;M;Erich_Ponto;[706.0822  159.85391 773.3038  247.46846];175.0;605.0;283.0;497.0
DieFeuerzangenbowleDeutscheFilmehdia-107151.jpeg;M;M;Erich_Ponto;[100.479126 101.96989  187.2858   212.6153  ];175.0;605.0;283.0;497.0
DieFeuerzangenbowleDeutscheFilmehdia-107403.jpeg;M;M;Erich_Ponto;[157.0227  275.15256 248.60155 388.4116 ];142.0;706.0;409.0;438.0
DieFeuerzangenbowleDeutscheFilmehdia-107403.jpeg;M;M;Erich_Ponto;[458.18423  111.569466 676.84766  431.27823 ];142.0;706.0;409.0;438.0
DieFeuerzangenbowleDeutscheFilmehdia-107403.jpeg;M;M;Erich_Ponto;[755.2101  379.35385 820.5343  456.07132];142.0;706.0;409.0;438.0
DieFeuerzangenbowleDeutscheFilmehdia-107791.jpeg;M;M;Erich_Ponto;[652.1357  128.48921 803.58795 356.57886];222.0;386.0;407.0;201.0
DieFeuerzangenbowleDeutscheFilmehdia-107791.jpeg;M;M;Erich_Ponto;[207.92795 183.8132  377.1213  402.88474];222.0;386.0;407.0;201.0
DieFeuerzangenbowleDeutscheFilmehdia-107791.jpeg;F;M;Erich_Ponto;[123.044014 328.9267   208.59755  447.87308 ];222.0;386.0;407.0;201.0
DieFeuerzangenbowleDeutscheFilmehdia-107919.jpeg;F;M;Erich_Ponto;[528.7207  349.85077 615.4138  460.69138];219.0;356.0;374.0;201.0
DieFeuerzangenbowleDeutscheFilmehdia-107919.jpeg;M;M;Erich_Ponto;[199.04506 154.5325  363.63553 381.09012];219.0;356.0;374.0;201.0
DieFeuerzangenbowleDeutscheFilmehdia-107919.jpeg;M;M;Erich_Ponto;[618.74506 140.06364 770.82947 361.17767];219.0;356.0;374.0;201.0
DieFeuerzangenbowleDeutscheFilmehdia-107919.jpeg;F;M;Erich_Ponto;[117.17842 333.09433 204.39594 450.91602];219.0;356.0;374.0;201.0
DieFeuerzangenbowleDeutscheFilmehdia-107919.jpeg;M;M;Erich_Ponto;[871.8458  335.28928 936.32855 412.5965 ];219.0;356.0;374.0;201.0
DieFeuerzangenbowleDeutscheFilmehdia-108175.jpeg;M;M;Erich_Ponto;[194.77887  121.560745 357.27216  347.84506 ];184.0;356.0;339.0;201.0
DieFeuerzangenbowleDeutscheFilmehdia-108175.jpeg;M;M;Erich_Ponto;[601.1632  120.13365 755.5665  340.5923 ];184.0;356.0;339.0;201.0
DieFeuerzangenbowleDeutscheFilmehdia-108175.jpeg;M;M;Erich_Ponto;[517.93304 332.4637  605.2451  443.49588];184.0;356.0;339.0;201.0
DieFeuerzangenbowleDeutscheFilmehdia-108175.jpeg;M;M;Erich_Ponto;[ 76.94599 291.52026 178.26984 426.30875];184.0;356.0;339.0;201.0
DieFeuerzangenbowleDeutscheFilmehdia-108431.jpeg;M;M;Erich_Ponto;[185.2936  117.32494 348.1246  347.45972];160.0;366.0;345.0;180.0
DieFeuerzangenbowleDeutscheFilmehdia-108431.jpeg;F;M;Erich_Ponto;[512.1563  340.62207 596.34503 448.21875];160.0;366.0;345.0;180.0
DieFeuerzangenbowleDeutscheFilmehdia-108431.jpeg;M;M;Erich_Ponto;[573.9822  119.54237 730.8221  344.46802];160.0;366.0;345.0;180.0
DieFeuerzangenbowleDeutscheFilmehdia-108431.jpeg;F;M;Erich_Ponto;[ 72.18559 295.90802 169.81671 424.46738];160.0;366.0;345.0;180.0
DieFeuerzangenbowleDeutscheFilmehdia-108431.jpeg;F;M;Erich_Ponto;[899.5268  296.05753 957.54266 370.65036];160.0;366.0;345.0;180.0
DieFeuerzangenbowleDeutscheFilmehdia-112783.jpeg;M;M;Erich_Ponto;[390.28635 134.34596 507.93976 285.51385];153.0;526.0;282.0;397.0
DieFeuerzangenbowleDeutscheFilmehdia-113935.jpeg;F;F;Karin_Himboldt;[319.13556 215.80367 418.0687  346.84946];235.0;426.0;343.0;318.0
DieFeuerzangenbowleDeutscheFilmehdia-113935.jpeg;F;F;Karin_Himboldt;[459.9317  196.80946 562.8714  322.69504];235.0;426.0;343.0;318.0
DieFeuerzangenbowleDeutscheFilmehdia-114703.jpeg;F;F;Karin_Himboldt;[301.58954 159.31435 397.55664 293.80005];175.0;414.0;283.0;306.0
DieFeuerzangenbowleDeutscheFilmehdia-114703.jpeg;M;F;Karin_Himboldt;[498.67    202.16495 592.3962  325.0372 ];175.0;414.0;283.0;306.0
DieFeuerzangenbowleDeutscheFilmehdia-115801.jpeg;F;F;Karin_Himboldt;[197.80354 186.58493 426.25342 492.4386 ];242.0;439.0;464.0;216.0
DieFeuerzangenbowleDeutscheFilmehdia-116137.jpeg;F;F;Karin_Himboldt;[254.39694 230.91634 479.2048  531.5157 ];260.0;527.0;528.0;260.0
DieFeuerzangenbowleDeutscheFilmehdia-116463.jpeg;F;F;Karin_Himboldt;[234.90123 230.86281 463.9616  527.2992 ];291.0;489.0;514.0;266.0
DieFeuerzangenbowleDeutscheFilmehdia-122566.jpeg;F;F;Hilde_Sessak;[503.9739   123.837845 588.1329   231.95372 ];128.0;91.0;235.0;0.0
DieFeuerzangenbowleDeutscheFilmehdia-122566.jpeg;F;F;Hilde_Sessak;[229.56978 149.76143 314.52975 262.60098];128.0;91.0;235.0;0.0
DieFeuerzangenbowleDeutscheFilmehdia-122566.jpeg;F;F;Hilde_Sessak;[ 97.71189 269.56506 207.38017 398.3197 ];128.0;91.0;235.0;0.0
DieFeuerzangenbowleDeutscheFilmehdia-122566.jpeg;M;F;Hilde_Sessak;[ 92.46907  85.78424 161.61316 172.97194];128.0;91.0;235.0;0.0
DieFeuerzangenbowleDeutscheFilmehdia-122566.jpeg;M;F;Hilde_Sessak;[399.83087 255.99112 502.80496 395.44803];128.0;91.0;235.0;0.0
DieFeuerzangenbowleDeutscheFilmehdia-122566.jpeg;F;F;Hilde_Sessak;[-17.857231 118.71484   77.260155 241.3689  ];128.0;91.0;235.0;0.0
DieFeuerzangenbowleDeutscheFilmehdia-122566.jpeg;F;F;Hilde_Sessak;[681.64905 247.43301 787.77826 394.58627];128.0;91.0;235.0;0.0
DieFeuerzangenbowleDeutscheFilmehdia-122566.jpeg;M;F;Hilde_Sessak;[572.57935   34.777126 632.2359   107.05782 ];128.0;91.0;235.0;0.0
DieFeuerzangenbowleDeutscheFilmehdia-122566.jpeg;M;F;Hilde_Sessak;[400.20282 537.50146 545.5201  715.9917 ];128.0;91.0;235.0;0.0
DieFeuerzangenbowleDeutscheFilmehdia-122566.jpeg;M;F;Hilde_Sessak;[690.7758    96.511314 758.1326   180.09682 ];128.0;91.0;235.0;0.0
DieFeuerzangenbowleDeutscheFilmehdia-122566.jpeg;M;F;Hilde_Sessak;[282.4029    82.424805 351.76627  170.41061 ];128.0;91.0;235.0;0.0
DieFeuerzangenbowleDeutscheFilmehdia-122566.jpeg;M;F;Hilde_Sessak;[-9.485808   7.4963346 52.779808  81.978966 ];128.0;91.0;235.0;0.0
DieFeuerzangenbowleDeutscheFilmehdia-122609.jpeg;F;F;Karin_Himboldt;[505.7917  132.15747 591.0883  244.20006];146.0;583.0;236.0;494.0
DieFeuerzangenbowleDeutscheFilmehdia-122609.jpeg;F;F;Karin_Himboldt;[505.7917  132.15747 591.0883  244.20006];163.0;378.0;271.0;270.0
DieFeuerzangenbowleDeutscheFilmehdia-122609.jpeg;M;F;Karin_Himboldt;[402.4001  267.201   505.54193 405.74146];146.0;583.0;236.0;494.0
DieFeuerzangenbowleDeutscheFilmehdia-122609.jpeg;M;F;Karin_Himboldt;[402.4001  267.201   505.54193 405.74146];163.0;378.0;271.0;270.0
DieFeuerzangenbowleDeutscheFilmehdia-122609.jpeg;M;F;Karin_Himboldt;[ 97.38038  85.59866 164.4965  172.71808];146.0;583.0;236.0;494.0
DieFeuerzangenbowleDeutscheFilmehdia-122609.jpeg;M;F;Karin_Himboldt;[ 97.38038  85.59866 164.4965  172.71808];163.0;378.0;271.0;270.0
DieFeuerzangenbowleDeutscheFilmehdia-122609.jpeg;F;F;Karin_Himboldt;[268.05792 156.59341 349.65106 269.05032];146.0;583.0;236.0;494.0
DieFeuerzangenbowleDeutscheFilmehdia-122609.jpeg;F;F;Karin_Himboldt;[268.05792 156.59341 349.65106 269.05032];163.0;378.0;271.0;270.0
DieFeuerzangenbowleDeutscheFilmehdia-122609.jpeg;F;F;Karin_Himboldt;[136.43303 289.86646 236.42514 425.59442];146.0;583.0;236.0;494.0
DieFeuerzangenbowleDeutscheFilmehdia-122609.jpeg;F;F;Karin_Himboldt;[136.43303 289.86646 236.42514 425.59442];163.0;378.0;271.0;270.0
DieFeuerzangenbowleDeutscheFilmehdia-122609.jpeg;F;F;Karin_Himboldt;[ 23.032866 144.34517  102.44163  251.37825 ];146.0;583.0;236.0;494.0
DieFeuerzangenbowleDeutscheFilmehdia-122609.jpeg;F;F;Karin_Himboldt;[ 23.032866 144.34517  102.44163  251.37825 ];163.0;378.0;271.0;270.0
DieFeuerzangenbowleDeutscheFilmehdia-122609.jpeg;M;F;Karin_Himboldt;[399.20224 538.3506  539.51276 718.11304];146.0;583.0;236.0;494.0
DieFeuerzangenbowleDeutscheFilmehdia-122609.jpeg;M;F;Karin_Himboldt;[399.20224 538.3506  539.51276 718.11304];163.0;378.0;271.0;270.0
DieFeuerzangenbowleDeutscheFilmehdia-122609.jpeg;F;F;Karin_Himboldt;[682.10626 247.52829 799.1449  376.28525];146.0;583.0;236.0;494.0
DieFeuerzangenbowleDeutscheFilmehdia-122609.jpeg;F;F;Karin_Himboldt;[682.10626 247.52829 799.1449  376.28525];163.0;378.0;271.0;270.0
DieFeuerzangenbowleDeutscheFilmehdia-122609.jpeg;M;F;Karin_Himboldt;[694.35785 106.68291 758.99036 188.08391];146.0;583.0;236.0;494.0
DieFeuerzangenbowleDeutscheFilmehdia-122609.jpeg;M;F;Karin_Himboldt;[694.35785 106.68291 758.99036 188.08391];163.0;378.0;271.0;270.0
DieFeuerzangenbowleDeutscheFilmehdia-122609.jpeg;M;F;Karin_Himboldt;[810.80206 495.3953  959.6553  672.425  ];146.0;583.0;236.0;494.0
DieFeuerzangenbowleDeutscheFilmehdia-122609.jpeg;M;F;Karin_Himboldt;[810.80206 495.3953  959.6553  672.425  ];163.0;378.0;271.0;270.0
DieFeuerzangenbowleDeutscheFilmehdia-122609.jpeg;M;F;Karin_Himboldt;[576.11914   48.838127 636.4589   123.08035 ];146.0;583.0;236.0;494.0
DieFeuerzangenbowleDeutscheFilmehdia-122609.jpeg;M;F;Karin_Himboldt;[576.11914   48.838127 636.4589   123.08035 ];163.0;378.0;271.0;270.0
DieFeuerzangenbowleDeutscheFilmehdia-122609.jpeg;M;F;Karin_Himboldt;[148.10065  68.19143 203.54488 142.1406 ];146.0;583.0;236.0;494.0
DieFeuerzangenbowleDeutscheFilmehdia-122609.jpeg;M;F;Karin_Himboldt;[148.10065  68.19143 203.54488 142.1406 ];163.0;378.0;271.0;270.0
DieFeuerzangenbowleDeutscheFilmehdia-122609.jpeg;M;F;Karin_Himboldt;[273.36734  93.13611 336.78546 167.06154];146.0;583.0;236.0;494.0
DieFeuerzangenbowleDeutscheFilmehdia-122609.jpeg;M;F;Karin_Himboldt;[273.36734  93.13611 336.78546 167.06154];163.0;378.0;271.0;270.0
DieFeuerzangenbowleDeutscheFilmehdia-125147.jpeg;F;F;Hilde_Sessak;[329.52972 332.3498  360.7433  372.66187];334.0;365.0;370.0;329.0
DieFeuerzangenbowleDeutscheFilmehdia-125147.jpeg;M;F;Hilde_Sessak;[223.56122 363.41037 256.97968 403.83627];334.0;365.0;370.0;329.0
DieFeuerzangenbowleDeutscheFilmehdia-125147.jpeg;M;F;Hilde_Sessak;[575.2597  286.60687 604.7539  323.77866];334.0;365.0;370.0;329.0
DieFeuerzangenbowleDeutscheFilmehdia-125147.jpeg;M;F;Hilde_Sessak;[542.2887  257.59775 567.3732  291.10556];334.0;365.0;370.0;329.0
DieFeuerzangenbowleDeutscheFilmehdia-125147.jpeg;F;F;Hilde_Sessak;[466.8197  270.4137  489.41882 299.47375];334.0;365.0;370.0;329.0
DieFeuerzangenbowleDeutscheFilmehdia-125147.jpeg;M;F;Hilde_Sessak;[699.1434  316.2759  729.81824 362.58423];334.0;365.0;370.0;329.0
DieFeuerzangenbowleDeutscheFilmehdia-125147.jpeg;F;F;Hilde_Sessak;[831.3195  271.84854 856.6325  304.62222];334.0;365.0;370.0;329.0
DieFeuerzangenbowleDeutscheFilmehdia-125147.jpeg;M;F;Hilde_Sessak;[580.24664 229.576   600.57355 256.17615];334.0;365.0;370.0;329.0
DieFeuerzangenbowleDeutscheFilmehdia-125147.jpeg;M;F;Hilde_Sessak;[221.35483 281.39432 245.42601 310.40515];334.0;365.0;370.0;329.0
DieFeuerzangenbowleDeutscheFilmehdia-125147.jpeg;F;F;Hilde_Sessak;[392.48898 241.62852 412.59204 269.77615];334.0;365.0;370.0;329.0
DieFeuerzangenbowleDeutscheFilmehdia-125147.jpeg;M;F;Hilde_Sessak;[487.84265 236.2496  507.49564 260.52054];334.0;365.0;370.0;329.0
DieFeuerzangenbowleDeutscheFilmehdia-125147.jpeg;M;F;Hilde_Sessak;[ 57.753937 267.84296   81.47419  294.89133 ];334.0;365.0;370.0;329.0
DieFeuerzangenbowleDeutscheFilmehdia-125147.jpeg;M;F;Hilde_Sessak;[310.6634  240.32568 330.36868 267.7575 ];334.0;365.0;370.0;329.0
DieFeuerzangenbowleDeutscheFilmehdia-125147.jpeg;M;F;Hilde_Sessak;[382.63037 296.74063 406.43115 325.929  ];334.0;365.0;370.0;329.0
DieFeuerzangenbowleDeutscheFilmehdia-125147.jpeg;M;F;Hilde_Sessak;[310.34253 201.12192 328.2372  223.88438];334.0;365.0;370.0;329.0
DieFeuerzangenbowleDeutscheFilmehdia-125147.jpeg;F;F;Hilde_Sessak;[673.17566 300.39505 697.92084 330.47354];334.0;365.0;370.0;329.0
DieFeuerzangenbowleDeutscheFilmehdia-125147.jpeg;M;F;Hilde_Sessak;[370.94324 335.3334  398.08884 371.7371 ];334.0;365.0;370.0;329.0
DieFeuerzangenbowleDeutscheFilmehdia-125147.jpeg;M;F;Hilde_Sessak;[275.72    252.88176 298.77625 281.97348];334.0;365.0;370.0;329.0
DieFeuerzangenbowleDeutscheFilmehdia-125147.jpeg;M;F;Hilde_Sessak;[ 17.00852 380.92148  46.72524 416.86572];334.0;365.0;370.0;329.0
DieFeuerzangenbowleDeutscheFilmehdia-125147.jpeg;M;F;Hilde_Sessak;[768.0445  274.65582 791.36145 303.6024 ];334.0;365.0;370.0;329.0
DieFeuerzangenbowleDeutscheFilmehdia-125147.jpeg;M;F;Hilde_Sessak;[579.10065 339.60016 609.4618  382.16998];334.0;365.0;370.0;329.0
DieFeuerzangenbowleDeutscheFilmehdia-125147.jpeg;M;F;Hilde_Sessak;[ 28.083223 293.13232   55.711845 327.8118  ];334.0;365.0;370.0;329.0
DieFeuerzangenbowleDeutscheFilmehdia-125147.jpeg;F;F;Hilde_Sessak;[120.56876 244.4977  137.26703 266.1156 ];334.0;365.0;370.0;329.0
DieFeuerzangenbowleDeutscheFilmehdia-125147.jpeg;F;F;Hilde_Sessak;[199.27798 316.92267 224.93599 354.43225];334.0;365.0;370.0;329.0
DieFeuerzangenbowleDeutscheFilmehdia-125147.jpeg;M;F;Hilde_Sessak;[ 90.776405 265.88367  110.88325  292.05716 ];334.0;365.0;370.0;329.0
DieFeuerzangenbowleDeutscheFilmehdia-125147.jpeg;M;F;Hilde_Sessak;[739.5949  215.14253 757.00214 236.16272];334.0;365.0;370.0;329.0
DieFeuerzangenbowleDeutscheFilmehdia-125147.jpeg;M;F;Hilde_Sessak;[613.4571  224.48114 631.1881  246.72664];334.0;365.0;370.0;329.0
DieFeuerzangenbowleDeutscheFilmehdia-125147.jpeg;F;F;Hilde_Sessak;[666.3828  248.31888 686.36237 272.46652];334.0;365.0;370.0;329.0
DieFeuerzangenbowleDeutscheFilmehdia-125147.jpeg;M;F;Hilde_Sessak;[165.44627 218.22688 182.64824 241.07358];334.0;365.0;370.0;329.0
DieFeuerzangenbowleDeutscheFilmehdia-125147.jpeg;M;F;Hilde_Sessak;[751.83704 257.37894 770.56744 281.7125 ];334.0;365.0;370.0;329.0
DieFeuerzangenbowleDeutscheFilmehdia-125147.jpeg;F;F;Hilde_Sessak;[411.27658 251.19908 428.76413 273.9577 ];334.0;365.0;370.0;329.0
DieFeuerzangenbowleDeutscheFilmehdia-125147.jpeg;M;F;Hilde_Sessak;[500.13287 216.12961 518.1735  238.95537];334.0;365.0;370.0;329.0
DieFeuerzangenbowleDeutscheFilmehdia-125147.jpeg;M;F;Hilde_Sessak;[719.54126 270.49664 739.75354 294.60214];334.0;365.0;370.0;329.0
DieFeuerzangenbowleDeutscheFilmehdia-125147.jpeg;M;F;Hilde_Sessak;[676.0501  230.491   693.9627  250.71928];334.0;365.0;370.0;329.0
DieFeuerzangenbowleDeutscheFilmehdia-125147.jpeg;F;F;Hilde_Sessak;[105.44241  236.3187   119.063866 254.43652 ];334.0;365.0;370.0;329.0
DieFeuerzangenbowleDeutscheFilmehdia-125663.jpeg;F;F;Karin_Himboldt;[337.65128 170.61798 471.1054  345.98303];184.0;476.0;339.0;322.0
DieFeuerzangenbowleDeutscheFilmehdia-125663.jpeg;F;F;Karin_Himboldt;[337.65128 170.61798 471.1054  345.98303];128.0;270.0;235.0;163.0
DieFeuerzangenbowleDeutscheFilmehdia-125663.jpeg;M;F;Karin_Himboldt;[567.7467  118.99424 657.52106 234.92032];184.0;476.0;339.0;322.0
DieFeuerzangenbowleDeutscheFilmehdia-125663.jpeg;M;F;Karin_Himboldt;[567.7467  118.99424 657.52106 234.92032];128.0;270.0;235.0;163.0
DieFeuerzangenbowleDeutscheFilmehdia-125663.jpeg;M;F;Karin_Himboldt;[165.58702 102.02786 266.04996 235.78976];184.0;476.0;339.0;322.0
DieFeuerzangenbowleDeutscheFilmehdia-125663.jpeg;M;F;Karin_Himboldt;[165.58702 102.02786 266.04996 235.78976];128.0;270.0;235.0;163.0
DieFeuerzangenbowleDeutscheFilmehdia-125663.jpeg;M;F;Karin_Himboldt;[645.7029  146.43048 718.65985 243.23355];184.0;476.0;339.0;322.0
DieFeuerzangenbowleDeutscheFilmehdia-125663.jpeg;M;F;Karin_Himboldt;[645.7029  146.43048 718.65985 243.23355];128.0;270.0;235.0;163.0
DieFeuerzangenbowleDeutscheFilmehdia-131551.jpeg;F;F;Karin_Himboldt;[110.412155  97.035545 248.72325  283.21378 ];266.0;613.0;489.0;390.0
DieFeuerzangenbowleDeutscheFilmehdia-131551.jpeg;M;F;Karin_Himboldt;[805.0305   59.3649  947.19556 239.8202 ];266.0;613.0;489.0;390.0
DieFeuerzangenbowleDeutscheFilmehdia-131551.jpeg;F;F;Karin_Himboldt;[393.07718 229.6826  601.60724 503.0293 ];266.0;613.0;489.0;390.0
DieFeuerzangenbowleDeutscheFilmehdia-131679.jpeg;M;F;Karin_Himboldt;[801.88855   50.734577 940.9562   230.23566 ];291.0;613.0;514.0;390.0
DieFeuerzangenbowleDeutscheFilmehdia-131679.jpeg;F;F;Karin_Himboldt;[393.79785 234.02313 604.1217  508.0208 ];291.0;613.0;514.0;390.0
DieFeuerzangenbowleDeutscheFilmehdia-131679.jpeg;F;F;Karin_Himboldt;[194.03773 129.55266 318.49606 295.80038];291.0;613.0;514.0;390.0
DieFeuerzangenbowleDeutscheFilmehdia-132319.jpeg;M;M;Hans_Leibelt;[655.49347   75.114784 750.9041   209.99934 ];125.0;167.0;254.0;38.0
DieFeuerzangenbowleDeutscheFilmehdia-132319.jpeg;M;M;Hans_Leibelt;[388.12524 181.69638 465.6331  301.52972];125.0;167.0;254.0;38.0
DieFeuerzangenbowleDeutscheFilmehdia-132319.jpeg;M;M;Hans_Leibelt;[ 70.321396 120.388855 173.61026  256.81805 ];125.0;167.0;254.0;38.0
DieFeuerzangenbowleDeutscheFilmehdia-132319.jpeg;M;M;Hans_Leibelt;[ 19.687132 110.09529   84.04564  223.29112 ];125.0;167.0;254.0;38.0
DieFeuerzangenbowleDeutscheFilmehdia-132319.jpeg;M;M;Hans_Leibelt;[434.1643  333.52484 533.378   482.91702];125.0;167.0;254.0;38.0
DieFeuerzangenbowleDeutscheFilmehdia-133215.jpeg;M;F;Hilde_Sessak;[549.1259  245.08066 598.5707  304.21375];251.0;602.0;303.0;550.0
DieFeuerzangenbowleDeutscheFilmehdia-133215.jpeg;M;F;Hilde_Sessak;[270.21664 196.00012 356.70755 297.69208];251.0;602.0;303.0;550.0
DieFeuerzangenbowleDeutscheFilmehdia-133215.jpeg;M;F;Hilde_Sessak;[107.4251  257.35925 153.65674 313.14215];251.0;602.0;303.0;550.0
DieFeuerzangenbowleDeutscheFilmehdia-133215.jpeg;M;F;Hilde_Sessak;[625.7979  202.27524 659.5318  245.86778];251.0;602.0;303.0;550.0
DieFeuerzangenbowleDeutscheFilmehdia-133215.jpeg;M;F;Hilde_Sessak;[678.32135 285.09598 762.6531  413.78485];251.0;602.0;303.0;550.0
DieFeuerzangenbowleDeutscheFilmehdia-133215.jpeg;M;F;Hilde_Sessak;[881.36255 124.03719 916.02905 165.54913];251.0;602.0;303.0;550.0
DieFeuerzangenbowleDeutscheFilmehdia-133215.jpeg;M;F;Hilde_Sessak;[835.0699  200.90048 876.8172  250.88359];251.0;602.0;303.0;550.0
DieFeuerzangenbowleDeutscheFilmehdia-133215.jpeg;M;F;Hilde_Sessak;[666.31793 165.84692 696.58734 202.66583];251.0;602.0;303.0;550.0
DieFeuerzangenbowleDeutscheFilmehdia-133215.jpeg;M;F;Hilde_Sessak;[729.7638  150.94496 766.61383 193.55351];251.0;602.0;303.0;550.0
DieFeuerzangenbowleDeutscheFilmehdia-133215.jpeg;M;F;Hilde_Sessak;[799.4775  147.91745 828.8105  184.09047];251.0;602.0;303.0;550.0
DieFeuerzangenbowleDeutscheFilmehdia-133215.jpeg;M;F;Hilde_Sessak;[731.8362  216.18439 786.9893  282.64172];251.0;602.0;303.0;550.0
DieFeuerzangenbowleDeutscheFilmehdia-133215.jpeg;M;F;Hilde_Sessak;[ 73.98571  288.32617  113.302666 331.48065 ];251.0;602.0;303.0;550.0
DieFeuerzangenbowleDeutscheFilmehdia-133215.jpeg;M;F;Hilde_Sessak;[360.2473  241.40967 393.67093 281.8464 ];251.0;602.0;303.0;550.0
DieFeuerzangenbowleDeutscheFilmehdia-133215.jpeg;M;F;Hilde_Sessak;[541.204   195.53682 575.4275  238.61046];251.0;602.0;303.0;550.0
DieFeuerzangenbowleDeutscheFilmehdia-135983.jpeg;M;F;Hilde_Sessak;[584.1457  375.78433 629.8209  437.08762];342.0;309.0;378.0;273.0
DieFeuerzangenbowleDeutscheFilmehdia-135983.jpeg;M;F;Hilde_Sessak;[378.05154 406.99    422.27368 461.52228];342.0;309.0;378.0;273.0
DieFeuerzangenbowleDeutscheFilmehdia-135983.jpeg;M;F;Hilde_Sessak;[487.90988 310.79913 518.7098  349.52692];342.0;309.0;378.0;273.0
DieFeuerzangenbowleDeutscheFilmehdia-135983.jpeg;M;F;Hilde_Sessak;[833.6462  288.3443  867.99207 329.97113];342.0;309.0;378.0;273.0
DieFeuerzangenbowleDeutscheFilmehdia-135983.jpeg;F;F;Hilde_Sessak;[670.3579  328.36325 705.4642  375.39368];342.0;309.0;378.0;273.0
DieFeuerzangenbowleDeutscheFilmehdia-135983.jpeg;M;F;Hilde_Sessak;[412.8256  326.2295  445.9076  368.48843];342.0;309.0;378.0;273.0
DieFeuerzangenbowleDeutscheFilmehdia-135983.jpeg;M;F;Hilde_Sessak;[177.67822 380.97958 214.65222 426.00986];342.0;309.0;378.0;273.0
DieFeuerzangenbowleDeutscheFilmehdia-135983.jpeg;M;F;Hilde_Sessak;[760.7378  354.61658 805.4817  404.974  ];342.0;309.0;378.0;273.0
DieFeuerzangenbowleDeutscheFilmehdia-135983.jpeg;F;F;Hilde_Sessak;[509.76083 375.222   546.4813  420.54358];342.0;309.0;378.0;273.0
DieFeuerzangenbowleDeutscheFilmehdia-135983.jpeg;M;F;Hilde_Sessak;[883.1205  288.30606 914.1722  327.01086];342.0;309.0;378.0;273.0
DieFeuerzangenbowleDeutscheFilmehdia-135983.jpeg;M;F;Hilde_Sessak;[380.25897 324.52695 408.19852 360.95984];342.0;309.0;378.0;273.0
DieFeuerzangenbowleDeutscheFilmehdia-135983.jpeg;F;F;Hilde_Sessak;[222.33066 443.11505 274.73526 506.35776];342.0;309.0;378.0;273.0
DieFeuerzangenbowleDeutscheFilmehdia-135983.jpeg;M;F;Hilde_Sessak;[773.3442  283.0519  802.01385 319.22327];342.0;309.0;378.0;273.0
DieFeuerzangenbowleDeutscheFilmehdia-135983.jpeg;M;F;Hilde_Sessak;[ 57.104065 407.02655   98.808136 456.3335  ];342.0;309.0;378.0;273.0
DieFeuerzangenbowleDeutscheFilmehdia-135983.jpeg;M;F;Hilde_Sessak;[279.21625 337.33618 308.59143 376.78745];342.0;309.0;378.0;273.0
DieFeuerzangenbowleDeutscheFilmehdia-135983.jpeg;M;F;Hilde_Sessak;[306.87845 362.69937 340.20758 407.5283 ];342.0;309.0;378.0;273.0
DieFeuerzangenbowleDeutscheFilmehdia-135983.jpeg;M;F;Hilde_Sessak;[565.5365  310.48196 591.13666 342.57123];342.0;309.0;378.0;273.0
DieFeuerzangenbowleDeutscheFilmehdia-135983.jpeg;M;F;Hilde_Sessak;[464.86624 316.63916 488.28632 348.31158];342.0;309.0;378.0;273.0
DieFeuerzangenbowleDeutscheFilmehdia-135983.jpeg;F;F;Hilde_Sessak;[550.5451  288.84735 573.5586  319.73532];342.0;309.0;378.0;273.0
DieFeuerzangenbowleDeutscheFilmehdia-135983.jpeg;F;F;Hilde_Sessak;[424.88217 456.38135 480.65643 530.853  ];342.0;309.0;378.0;273.0
DieFeuerzangenbowleDeutscheFilmehdia-135983.jpeg;M;F;Hilde_Sessak;[625.74365 279.4045  651.74585 313.92508];342.0;309.0;378.0;273.0
DieFeuerzangenbowleDeutscheFilmehdia-135983.jpeg;M;F;Hilde_Sessak;[887.50665 396.3884  960.74066 490.9477 ];342.0;309.0;378.0;273.0
DieFeuerzangenbowleDeutscheFilmehdia-135983.jpeg;F;F;Hilde_Sessak;[706.2588  313.65372 732.3743  352.12234];342.0;309.0;378.0;273.0
DieFeuerzangenbowleDeutscheFilmehdia-136111.jpeg;M;F;Hilde_Sessak;[364.57886 383.94778 409.1558  430.5614 ];386.0;410.0;430.0;367.0
DieFeuerzangenbowleDeutscheFilmehdia-136111.jpeg;M;F;Hilde_Sessak;[876.0488  279.36655 909.4687  321.8153 ];386.0;410.0;430.0;367.0
DieFeuerzangenbowleDeutscheFilmehdia-136111.jpeg;M;F;Hilde_Sessak;[731.8029  308.70804 763.58234 348.5168 ];386.0;410.0;430.0;367.0
DieFeuerzangenbowleDeutscheFilmehdia-136111.jpeg;M;F;Hilde_Sessak;[433.70047 328.55914 466.95642 370.3503 ];386.0;410.0;430.0;367.0
DieFeuerzangenbowleDeutscheFilmehdia-136111.jpeg;M;F;Hilde_Sessak;[  3.3569639 392.48218    43.12006   444.80927  ];386.0;410.0;430.0;367.0
DieFeuerzangenbowleDeutscheFilmehdia-136111.jpeg;M;F;Hilde_Sessak;[146.7085  374.29892 184.03415 419.0848 ];386.0;410.0;430.0;367.0
DieFeuerzangenbowleDeutscheFilmehdia-136111.jpeg;M;F;Hilde_Sessak;[325.8845  361.92593 360.08365 406.10486];386.0;410.0;430.0;367.0
DieFeuerzangenbowleDeutscheFilmehdia-136111.jpeg;F;F;Hilde_Sessak;[814.9626  276.66968 844.66876 311.9799 ];386.0;410.0;430.0;367.0
DieFeuerzangenbowleDeutscheFilmehdia-136111.jpeg;M;F;Hilde_Sessak;[457.20883   34.377663 506.22217   98.79292 ];386.0;410.0;430.0;367.0
DieFeuerzangenbowleDeutscheFilmehdia-136111.jpeg;M;F;Hilde_Sessak;[395.12143 321.2282  423.11612 356.2212 ];386.0;410.0;430.0;367.0
DieFeuerzangenbowleDeutscheFilmehdia-136111.jpeg;M;F;Hilde_Sessak;[307.7373  333.92966 339.91824 371.39075];386.0;410.0;430.0;367.0
DieFeuerzangenbowleDeutscheFilmehdia-136111.jpeg;F;F;Hilde_Sessak;[774.4459  345.13516 813.90424 390.78482];386.0;410.0;430.0;367.0
DieFeuerzangenbowleDeutscheFilmehdia-136111.jpeg;F;F;Hilde_Sessak;[207.305   428.2675  262.303   479.12546];386.0;410.0;430.0;367.0
DieFeuerzangenbowleDeutscheFilmehdia-136111.jpeg;M;F;Hilde_Sessak;[661.0695  271.24255 687.1195  303.9868 ];386.0;410.0;430.0;367.0
DieFeuerzangenbowleDeutscheFilmehdia-136111.jpeg;M;F;Hilde_Sessak;[193.11226 373.11462 233.12968 414.42444];386.0;410.0;430.0;367.0
DieFeuerzangenbowleDeutscheFilmehdia-136111.jpeg;F;F;Hilde_Sessak;[853.7067 275.3169 878.7892 313.0917];386.0;410.0;430.0;367.0
DieFeuerzangenbowleDeutscheFilmehdia-136111.jpeg;M;F;Hilde_Sessak;[591.5731  307.88214 617.9761  340.66037];386.0;410.0;430.0;367.0
DieFeuerzangenbowleDeutscheFilmehdia-136111.jpeg;F;F;Hilde_Sessak;[647.84247 364.2325  679.416   417.00024];386.0;410.0;430.0;367.0
DieFeuerzangenbowleDeutscheFilmehdia-136432.jpeg;F;F;Karin_Himboldt;[466.0761  208.40451 558.9673  333.3234 ];236.0;563.0;325.0;474.0
DieFeuerzangenbowleDeutscheFilmehdia-136432.jpeg;M;F;Karin_Himboldt;[631.4918  174.05423 729.2862  306.68265];236.0;563.0;325.0;474.0
DieFeuerzangenbowleDeutscheFilmehdia-136432.jpeg;M;F;Karin_Himboldt;[148.80948 137.48521 253.18413 292.2319 ];236.0;563.0;325.0;474.0
DieFeuerzangenbowleDeutscheFilmehdia-136607.jpeg;M;F;Karin_Himboldt;[688.19666 142.25113 797.17145 287.27817];211.0;545.0;319.0;438.0
DieFeuerzangenbowleDeutscheFilmehdia-136607.jpeg;M;F;Karin_Himboldt;[455.48032 198.93175 552.729   327.51065];211.0;545.0;319.0;438.0
DieFeuerzangenbowleDeutscheFilmehdia-136607.jpeg;M;F;Karin_Himboldt;[226.90474 124.46992 340.15482 286.92053];211.0;545.0;319.0;438.0
DieFeuerzangenbowleDeutscheFilmehdia-136991.jpeg;F;F;Karin_Himboldt;[388.88766 196.14456 484.66998 322.35208];211.0;474.0;319.0;366.0
DieFeuerzangenbowleDeutscheFilmehdia-136991.jpeg;M;F;Karin_Himboldt;[647.2605  122.44871 746.75476 282.15674];211.0;474.0;319.0;366.0
DieFeuerzangenbowleDeutscheFilmehdia-136991.jpeg;M;F;Karin_Himboldt;[127.785  190.47   252.4401 353.8349];211.0;474.0;319.0;366.0
DieFeuerzangenbowleDeutscheFilmehdia-137439.jpeg;M;M;Erich_Ponto;[353.7567  262.21207 459.2615  401.4233 ];268.0;483.0;397.0;354.0
DieFeuerzangenbowleDeutscheFilmehdia-137439.jpeg;M;M;Erich_Ponto;[541.0031  201.48254 642.54724 343.77502];268.0;483.0;397.0;354.0
DieFeuerzangenbowleDeutscheFilmehdia-137439.jpeg;M;M;Erich_Ponto;[137.7407  253.51949 252.07994 398.60345];268.0;483.0;397.0;354.0
DieFeuerzangenbowleDeutscheFilmehdia-137613.jpeg;M;M;Erich_Ponto;[351.24313 249.07928 455.58228 388.63812];271.0;462.0;378.0;354.0
DieFeuerzangenbowleDeutscheFilmehdia-137613.jpeg;M;M;Hans_Leibelt;[351.24313 249.07928 455.58228 388.63812];239.0;626.0;368.0;497.0
DieFeuerzangenbowleDeutscheFilmehdia-137613.jpeg;M;M;Erich_Ponto;[513.2102  227.56047 622.0018  369.3622 ];271.0;462.0;378.0;354.0
DieFeuerzangenbowleDeutscheFilmehdia-137613.jpeg;M;M;Hans_Leibelt;[513.2102  227.56047 622.0018  369.3622 ];239.0;626.0;368.0;497.0
DieFeuerzangenbowleDeutscheFilmehdia-137613.jpeg;F;M;Erich_Ponto;[150.49011 219.0837  245.98518 358.80048];271.0;462.0;378.0;354.0
DieFeuerzangenbowleDeutscheFilmehdia-137613.jpeg;F;M;Hans_Leibelt;[150.49011 219.0837  245.98518 358.80048];239.0;626.0;368.0;497.0
DieFeuerzangenbowleDeutscheFilmehdia-137613.jpeg;M;M;Erich_Ponto;[779.39044 248.92456 839.4151  331.18005];271.0;462.0;378.0;354.0
DieFeuerzangenbowleDeutscheFilmehdia-137613.jpeg;M;M;Hans_Leibelt;[779.39044 248.92456 839.4151  331.18005];239.0;626.0;368.0;497.0
DieFeuerzangenbowleDeutscheFilmehdia-18311.jpeg;M;M;Erich_Ponto;[432.9495   98.71079 567.63684 276.76492];116.0;597.0;270.0;442.0
DieFeuerzangenbowleDeutscheFilmehdia-18479.jpeg;M;M;Erich_Ponto;[403.31128   61.970085 556.2615   264.75867 ];77.0;572.0;263.0;386.0
DieFeuerzangenbowleDeutscheFilmehdia-21314.jpeg;M;M;Erich_Ponto;[455.2475  226.03496 550.75665 358.0003 ];247.0;545.0;355.0;438.0
DieFeuerzangenbowleDeutscheFilmehdia-28095.jpeg;F;F;Hilde_Sessak;[496.49814 192.39241 634.56104 375.31522];236.0;648.0;391.0;494.0
DieFeuerzangenbowleDeutscheFilmehdia-28225.jpeg;F;F;Hilde_Sessak;[497.54956 192.34982 635.8495  374.91507];236.0;648.0;391.0;494.0
DieFeuerzangenbowleDeutscheFilmehdia-29631.jpeg;F;F;Hilde_Sessak;[305.8416  125.56082 453.38354 344.66714];139.0;448.0;325.0;262.0
DieFeuerzangenbowleDeutscheFilmehdia-33279.jpeg;M;M;Paul_Henckels;[519.21954 121.72064 599.97473 233.97096];128.0;629.0;235.0;521.0
DieFeuerzangenbowleDeutscheFilmehdia-49423.jpeg;M;M;Erich_Ponto;[385.35953  86.39962 438.7245  153.78624];155.0;627.0;229.0;552.0
DieFeuerzangenbowleDeutscheFilmehdia-49423.jpeg;M;M;Erich_Ponto;[551.43964 136.48752 595.0069  194.82846];155.0;627.0;229.0;552.0
DieFeuerzangenbowleDeutscheFilmehdia-49423.jpeg;M;M;Erich_Ponto;[572.31165 154.27481 626.142   228.94597];155.0;627.0;229.0;552.0
DieFeuerzangenbowleDeutscheFilmehdia-49423.jpeg;M;M;Erich_Ponto;[777.2359  144.06999 830.64777 219.52328];155.0;627.0;229.0;552.0
DieFeuerzangenbowleDeutscheFilmehdia-49679.jpeg;M;M;Erich_Ponto;[506.61465 139.84685 634.8791  326.07318];167.0;631.0;322.0;476.0
DieFeuerzangenbowleDeutscheFilmehdia-50180.jpeg;M;M;Erich_Ponto;[ 58.791965 119.51266  171.81197  239.28984 ];199.0;474.0;307.0;366.0
DieFeuerzangenbowleDeutscheFilmehdia-50180.jpeg;M;M;Erich_Ponto;[364.6524  174.39029 472.55795 317.4329 ];199.0;474.0;307.0;366.0
DieFeuerzangenbowleDeutscheFilmehdia-50180.jpeg;M;M;Erich_Ponto;[669.2289  169.62549 748.6809  288.58398];199.0;474.0;307.0;366.0
DieFeuerzangenbowleDeutscheFilmehdia-50180.jpeg;F;M;Erich_Ponto;[721.60144 133.0489  807.00244 277.5841 ];199.0;474.0;307.0;366.0
DieFeuerzangenbowleDeutscheFilmehdia-51439.jpeg;M;M;Erich_Ponto;[447.2255   125.530815 528.7768   236.30017 ];146.0;524.0;236.0;434.0
DieFeuerzangenbowleDeutscheFilmehdia-51695.jpeg;M;F;Karin_Himboldt;[491.92657 294.97    526.30634 340.4428 ];242.0;741.0;278.0;705.0
DieFeuerzangenbowleDeutscheFilmehdia-51695.jpeg;M;F;Karin_Himboldt;[544.7734 287.8318 583.8095 337.4692];242.0;741.0;278.0;705.0
DieFeuerzangenbowleDeutscheFilmehdia-51695.jpeg;M;F;Karin_Himboldt;[227.6843  372.08112 265.51224 425.33844];242.0;741.0;278.0;705.0
DieFeuerzangenbowleDeutscheFilmehdia-51695.jpeg;M;F;Karin_Himboldt;[132.751   346.93692 174.97603 398.1847 ];242.0;741.0;278.0;705.0
DieFeuerzangenbowleDeutscheFilmehdia-51695.jpeg;M;F;Karin_Himboldt;[615.2911  238.44678 647.371   280.70233];242.0;741.0;278.0;705.0
DieFeuerzangenbowleDeutscheFilmehdia-51695.jpeg;M;F;Karin_Himboldt;[743.0449  296.12827 790.51587 362.38177];242.0;741.0;278.0;705.0
DieFeuerzangenbowleDeutscheFilmehdia-51695.jpeg;M;F;Karin_Himboldt;[709.16534 236.57123 746.57336 281.65668];242.0;741.0;278.0;705.0
DieFeuerzangenbowleDeutscheFilmehdia-51695.jpeg;M;F;Karin_Himboldt;[ 77.23398  328.3769   110.178085 369.00787 ];242.0;741.0;278.0;705.0
DieFeuerzangenbowleDeutscheFilmehdia-51695.jpeg;M;F;Karin_Himboldt;[451.21442 241.85538 480.29663 279.76776];242.0;741.0;278.0;705.0
DieFeuerzangenbowleDeutscheFilmehdia-51695.jpeg;M;F;Karin_Himboldt;[145.95486 315.24463 182.32635 354.0271 ];242.0;741.0;278.0;705.0
DieFeuerzangenbowleDeutscheFilmehdia-51695.jpeg;M;F;Karin_Himboldt;[286.72528 250.56134 342.09592 327.60162];242.0;741.0;278.0;705.0
DieFeuerzangenbowleDeutscheFilmehdia-51695.jpeg;M;F;Karin_Himboldt;[247.98428 297.6792  273.1721  329.86194];242.0;741.0;278.0;705.0
DieFeuerzangenbowleDeutscheFilmehdia-51695.jpeg;M;F;Karin_Himboldt;[578.8998  314.18884 628.36224 379.37625];242.0;741.0;278.0;705.0
DieFeuerzangenbowleDeutscheFilmehdia-51695.jpeg;F;F;Karin_Himboldt;[605.6619  356.4735  657.933   440.01987];242.0;741.0;278.0;705.0
DieFeuerzangenbowleDeutscheFilmehdia-51695.jpeg;M;F;Karin_Himboldt;[357.6888  313.46564 400.3478  366.12683];242.0;741.0;278.0;705.0
DieFeuerzangenbowleDeutscheFilmehdia-51695.jpeg;F;F;Karin_Himboldt;[280.43576 322.36655 309.35712 360.59198];242.0;741.0;278.0;705.0
DieFeuerzangenbowleDeutscheFilmehdia-51695.jpeg;M;F;Karin_Himboldt;[792.7501  272.2113  839.90594 325.15985];242.0;741.0;278.0;705.0
DieFeuerzangenbowleDeutscheFilmehdia-52434.jpeg;M;M;Erich_Ponto;[419.8768   99.56312 534.93134 260.92688];125.0;554.0;254.0;425.0
DieFeuerzangenbowleDeutscheFilmehdia-52977.jpeg;M;M;Erich_Ponto;[411.46457  95.11142 522.7527  258.0727 ];125.0;540.0;254.0;411.0
DieFeuerzangenbowleDeutscheFilmehdia-53437.jpeg;M;M;Erich_Ponto;[398.7211   82.43687 508.2798  222.83208];82.0;526.0;211.0;397.0
DieFeuerzangenbowleDeutscheFilmehdia-55391.jpeg;M;M;Erich_Ponto;[488.41757 139.78828 606.3043  297.006  ];168.0;612.0;297.0;483.0
DieFeuerzangenbowleDeutscheFilmehdia-55535.jpeg;M;M;Erich_Ponto;[444.76892  97.66769 558.4174  254.3759 ];125.0;569.0;254.0;440.0
DieFeuerzangenbowleDeutscheFilmehdia-57311.jpeg;M;M;Erich_Ponto;[266.38058  71.14036 367.84988 202.87314];92.0;366.0;199.0;259.0
DieFeuerzangenbowleDeutscheFilmehdia-57622.jpeg;M;M;Erich_Ponto;[199.1352  172.64404 313.3956  330.2247 ];211.0;325.0;340.0;196.0
DieFeuerzangenbowleDeutscheFilmehdia-57622.jpeg;M;M;Erich_Ponto;[512.6784   106.708275 623.1913   255.32784 ];211.0;325.0;340.0;196.0
DieFeuerzangenbowleDeutscheFilmehdia-57797.jpeg;M;M;Erich_Ponto;[193.97398 176.76248 309.4538  333.21286];211.0;325.0;340.0;196.0
DieFeuerzangenbowleDeutscheFilmehdia-57797.jpeg;M;M;Erich_Ponto;[544.21173 114.89248 657.9037  268.96317];211.0;325.0;340.0;196.0
DieFeuerzangenbowleDeutscheFilmehdia-60847.jpeg;F;F;Hilde_Sessak;[719.0845  110.44332 856.35156 292.89346];133.0;889.0;288.0;734.0
DieFeuerzangenbowleDeutscheFilmehdia-61101.jpeg;F;F;Karin_Himboldt;[174.26974 134.08572 252.9898  249.22694];176.0;444.0;265.0;354.0
DieFeuerzangenbowleDeutscheFilmehdia-61101.jpeg;F;F;Karin_Himboldt;[345.26016 164.57135 423.82526 268.80096];176.0;444.0;265.0;354.0
DieFeuerzangenbowleDeutscheFilmehdia-61101.jpeg;F;F;Karin_Himboldt;[513.572  195.6862 593.3191 294.8862];176.0;444.0;265.0;354.0
DieFeuerzangenbowleDeutscheFilmehdia-61101.jpeg;F;F;Karin_Himboldt;[647.4866  160.72223 709.4591  267.88632];176.0;444.0;265.0;354.0
DieFeuerzangenbowleDeutscheFilmehdia-63263.jpeg;M;F;Karin_Himboldt;[184.10155   92.372604 278.02716  228.80873 ];128.0;724.0;235.0;617.0
DieFeuerzangenbowleDeutscheFilmehdia-63263.jpeg;M;F;Karin_Himboldt;[641.99457  118.090065 734.4946   237.84525 ];128.0;724.0;235.0;617.0
DieFeuerzangenbowleDeutscheFilmehdia-72527.jpeg;M;M;Paul_Henckels;[450.3518  115.68616 568.6568  286.39206];133.0;597.0;288.0;442.0
DieFeuerzangenbowleDeutscheFilmehdia-73503.jpeg;M;M;Paul_Henckels;[597.94727 222.30444 664.827   315.41492];237.0;668.0;312.0;594.0
DieFeuerzangenbowleDeutscheFilmehdia-73503.jpeg;M;M;Paul_Henckels;[426.31387 201.81393 527.7967  336.9989 ];237.0;668.0;312.0;594.0
DieFeuerzangenbowleDeutscheFilmehdia-73503.jpeg;M;M;Paul_Henckels;[239.41089 185.04465 352.03986 317.4503 ];237.0;668.0;312.0;594.0
DieFeuerzangenbowleDeutscheFilmehdia-73503.jpeg;M;M;Paul_Henckels;[ 54.344433 165.16841  204.60417  356.14746 ];237.0;668.0;312.0;594.0
DieFeuerzangenbowleDeutscheFilmehdia-73631.jpeg;M;M;Paul_Henckels;[612.8767  226.99326 682.43335 314.64758];237.0;685.0;312.0;610.0
DieFeuerzangenbowleDeutscheFilmehdia-73631.jpeg;F;M;Paul_Henckels;[317.20322 229.92737 386.07895 333.72086];237.0;685.0;312.0;610.0
DieFeuerzangenbowleDeutscheFilmehdia-73631.jpeg;M;M;Paul_Henckels;[153.25792 221.59245 244.39737 372.78128];237.0;685.0;312.0;610.0
DieFeuerzangenbowleDeutscheFilmehdia-79711.jpeg;M;M;Erich_Ponto;[582.78394 196.19757 751.5005  445.43372];217.0;761.0;440.0;538.0
DieFeuerzangenbowleDeutscheFilmehdia-79967.jpeg;F;F;Hilde_Sessak;[447.27774 174.79507 568.533   352.4318 ];211.0;569.0;340.0;440.0
DieFeuerzangenbowleDeutscheFilmehdia-81343.jpeg;F;F;Hilde_Sessak;[279.7635  196.20184 389.31314 340.84604];211.0;382.0;340.0;253.0
DieFeuerzangenbowleDeutscheFilmehdia-81983.jpeg;F;F;Hilde_Sessak;[534.31085 164.40666 587.8705  243.0407 ];177.0;577.0;239.0;515.0
DieFeuerzangenbowleDeutscheFilmehdia-82495.jpeg;F;F;Hilde_Sessak;[601.8176  220.47682 673.20404 328.71213];236.0;663.0;325.0;573.0
DieFeuerzangenbowleDeutscheFilmehdia-82495.jpeg;M;F;Hilde_Sessak;[311.85648 158.50871 381.70627 240.60805];236.0;663.0;325.0;573.0
DieFeuerzangenbowleDeutscheFilmehdia-82623.jpeg;F;F;Hilde_Sessak;[614.01624 228.00748 687.6703  332.2377 ];236.0;693.0;325.0;603.0
DieFeuerzangenbowleDeutscheFilmehdia-82623.jpeg;M;F;Hilde_Sessak;[329.25247 190.47148 398.71808 278.69977];236.0;693.0;325.0;603.0
DieFeuerzangenbowleDeutscheFilmehdia-84203.jpeg;F;F;Hilde_Sessak;[465.38696 162.0399  541.55597 270.60992];176.0;563.0;265.0;474.0
DieFeuerzangenbowleDeutscheFilmehdia-84671.jpeg;F;F;Hilde_Sessak;[449.0655  163.77965 511.98026 265.23007];179.0;536.0;254.0;461.0
DieFeuerzangenbowleDeutscheFilmehdia-84671.jpeg;M;F;Hilde_Sessak;[617.616   133.0807  683.626   233.82935];179.0;536.0;254.0;461.0
DieFeuerzangenbowleDeutscheFilmehdia-85311.jpeg;F;F;Hilde_Sessak;[241.68683 155.04803 362.59225 319.72913];182.0;368.0;311.0;239.0
DieFeuerzangenbowleDeutscheFilmehdia-85311.jpeg;M;F;Hilde_Sessak;[545.8777  110.23923 670.91205 292.62415];182.0;368.0;311.0;239.0
DieFeuerzangenbowleDeutscheFilmehdia-85439.jpeg;F;F;Hilde_Sessak;[261.73843 146.0656  375.23996 316.89044];168.0;397.0;297.0;268.0
DieFeuerzangenbowleDeutscheFilmehdia-85439.jpeg;M;F;Hilde_Sessak;[580.60626 100.19984 689.83673 288.9768 ];168.0;397.0;297.0;268.0
DieFeuerzangenbowleDeutscheFilmehdia-85567.jpeg;F;F;Hilde_Sessak;[592.0651  154.24042 729.0263  322.3498 ];182.0;411.0;311.0;282.0
DieFeuerzangenbowleDeutscheFilmehdia-85567.jpeg;F;F;Hilde_Sessak;[277.06406 154.88507 383.6537  319.5146 ];182.0;411.0;311.0;282.0
DieFeuerzangenbowleDeutscheFilmehdia-85695.jpeg;F;F;Hilde_Sessak;[276.81128 144.68477 387.8357  307.9746 ];168.0;411.0;297.0;282.0
DieFeuerzangenbowleDeutscheFilmehdia-86319.jpeg;F;F;Hilde_Sessak;[281.14532  98.45406 362.85635 218.72263];116.0;374.0;206.0;285.0
DieFeuerzangenbowleDeutscheFilmehdia-86319.jpeg;F;F;Hilde_Sessak;[641.0713  161.59843 714.588   277.00528];116.0;374.0;206.0;285.0
DieFeuerzangenbowleDeutscheFilmehdia-86447.jpeg;F;F;Hilde_Sessak;[299.43262 113.64092 382.2268  232.5488 ];116.0;378.0;223.0;270.0
DieFeuerzangenbowleDeutscheFilmehdia-86447.jpeg;M;F;Hilde_Sessak;[672.4932  171.91362 740.8233  291.77576];116.0;378.0;223.0;270.0
DieFeuerzangenbowleDeutscheFilmehdia-86703.jpeg;F;F;Hilde_Sessak;[656.1711  110.60446 737.1643  222.97328];116.0;724.0;223.0;617.0
DieFeuerzangenbowleDeutscheFilmehdia-86703.jpeg;M;F;Hilde_Sessak;[428.09116 131.56981 494.0238  239.65425];116.0;724.0;223.0;617.0
DieFeuerzangenbowleDeutscheFilmehdia-86803.jpeg;F;F;Hilde_Sessak;[658.19727  102.432655 738.72253  229.70761 ];116.0;724.0;223.0;617.0
DieFeuerzangenbowleDeutscheFilmehdia-86803.jpeg;F;F;Hilde_Sessak;[408.8287  158.22195 464.48642 269.38513];116.0;724.0;223.0;617.0
DieFeuerzangenbowleDeutscheFilmehdia-87327.jpeg;F;F;Hilde_Sessak;[362.63504 145.62775 553.7456  422.256  ];192.0;563.0;415.0;340.0
DieFeuerzangenbowleDeutscheFilmehdia-87327.jpeg;F;F;Hilde_Sessak;[ 758.34863  238.52872 1038.8926   619.55884];192.0;563.0;415.0;340.0
DieFeuerzangenbowleDeutscheFilmehdia-88911.jpeg;M;F;Karin_Himboldt;[726.4269  246.02574 807.43286 345.6211 ];287.0;610.0;362.0;536.0
DieFeuerzangenbowleDeutscheFilmehdia-88911.jpeg;M;F;Karin_Himboldt;[276.94385 258.30963 348.43698 352.84714];287.0;610.0;362.0;536.0
DieFeuerzangenbowleDeutscheFilmehdia-88911.jpeg;M;F;Karin_Himboldt;[546.2403  281.62537 620.1563  367.12936];287.0;610.0;362.0;536.0
DieFeuerzangenbowleDeutscheFilmehdia-88911.jpeg;F;F;Karin_Himboldt;[167.10785 269.21225 242.39226 367.95862];287.0;610.0;362.0;536.0
DieFeuerzangenbowleDeutscheFilmehdia-88911.jpeg;M;F;Karin_Himboldt;[345.8515  168.29347 393.90823 226.3444 ];287.0;610.0;362.0;536.0
DieFeuerzangenbowleDeutscheFilmehdia-88911.jpeg;F;F;Karin_Himboldt;[622.02136 146.3373  668.7683  204.04086];287.0;610.0;362.0;536.0
DieFeuerzangenbowleDeutscheFilmehdia-92655.jpeg;F;M;Erich_Ponto;[156.8326  320.49478 231.93639 407.6638 ];285.0;374.0;375.0;285.0
DieFeuerzangenbowleDeutscheFilmehdia-92655.jpeg;M;M;Erich_Ponto;[700.23395 291.8889  784.1573  399.28156];285.0;374.0;375.0;285.0
DieFeuerzangenbowleDeutscheFilmehdia-92655.jpeg;M;M;Erich_Ponto;[284.29587 288.52    351.06107 372.34393];285.0;374.0;375.0;285.0
DieFeuerzangenbowleDeutscheFilmehdia-92655.jpeg;M;M;Erich_Ponto;[530.115   278.78738 594.33154 360.89505];285.0;374.0;375.0;285.0
DieFeuerzangenbowleDeutscheFilmehdia-92655.jpeg;M;M;Erich_Ponto;[132.73216 184.23198 163.08415 232.75427];285.0;374.0;375.0;285.0
DieFeuerzangenbowleDeutscheFilmehdia-92655.jpeg;F;M;Erich_Ponto;[372.5198  312.16708 399.4249  351.20975];285.0;374.0;375.0;285.0
DieFeuerzangenbowleDeutscheFilmehdia-92655.jpeg;M;M;Erich_Ponto;[863.89105 313.36066 893.11646 349.40085];285.0;374.0;375.0;285.0
DieFeuerzangenbowleDeutscheFilmehdia-92655.jpeg;M;M;Erich_Ponto;[558.22437 212.12497 584.94586 248.51936];285.0;374.0;375.0;285.0
DieFeuerzangenbowleDeutscheFilmehdia-92655.jpeg;M;M;Erich_Ponto;[ 53.037556 290.36395   72.46018  315.78052 ];285.0;374.0;375.0;285.0
DieFeuerzangenbowleDeutscheFilmehdia-93791.jpeg;F;F;Hilde_Sessak;[376.725  188.0531 549.0262 431.1606];222.0;572.0;407.0;386.0
DieFeuerzangenbowleDeutscheFilmehdia-93837.jpeg;F;F;Hilde_Sessak;[310.45395 224.6728  428.1749  384.1063 ];254.0;440.0;383.0;311.0
DieFeuerzangenbowleDeutscheFilmehdia-94542.jpeg;M;F;Hilde_Sessak;[313.50974 219.49358 429.27625 366.5371 ];239.0;440.0;368.0;311.0
DieFeuerzangenbowleDeutscheFilmehdia-94799.jpeg;M;F;Hilde_Sessak;[392.97125 337.06195 445.23636 410.18033];349.0;446.0;401.0;394.0
DieFeuerzangenbowleDeutscheFilmehdia-95088.jpeg;M;F;Hilde_Sessak;[508.83716 130.44861 567.28436 209.36116];142.0;570.0;205.0;508.0
DieFeuerzangenbowleDeutscheFilmehdia-95088.jpeg;M;F;Hilde_Sessak;[605.2638  274.3389  677.29535 346.0667 ];142.0;570.0;205.0;508.0
DieFeuerzangenbowleDeutscheFilmehdia-95088.jpeg;M;F;Hilde_Sessak;[452.0677  235.21407 514.35095 301.87518];142.0;570.0;205.0;508.0
DieFeuerzangenbowleDeutscheFilmehdia-95311.jpeg;F;F;Hilde_Sessak;[504.50262 138.76918 572.42633 229.12851];155.0;577.0;229.0;502.0
DieFeuerzangenbowleDeutscheFilmehdia-95311.jpeg;M;F;Hilde_Sessak;[278.3214  169.42775 356.2605  267.99158];155.0;577.0;229.0;502.0
DieFeuerzangenbowleDeutscheFilmehdia-95311.jpeg;M;F;Hilde_Sessak;[196.5016  270.10962 277.39917 383.4684 ];155.0;577.0;229.0;502.0
DieFeuerzangenbowleDeutscheFilmehdia-96312.jpeg;F;F;Hilde_Sessak;[359.93304 200.76607 546.5369  461.46146];242.0;563.0;464.0;340.0
DieFeuerzangenbowleDeutscheFilmehdia-96393.jpeg;F;F;Hilde_Sessak;[362.31998 199.58199 548.2569  458.2902 ];242.0;563.0;464.0;340.0
DieFeuerzangenbowleDeutscheFilmehdia-96687.jpeg;F;F;Hilde_Sessak;[354.07996 182.5945  497.76016 382.4218 ];219.0;511.0;374.0;356.0
DieFeuerzangenbowleDeutscheFilmehdia-96815.jpeg;F;F;Hilde_Sessak;[354.55634 179.8044  502.29922 375.00546];219.0;511.0;374.0;356.0
DieFeuerzangenbowleDeutscheFilmehdia-98412.jpeg;F;F;Hilde_Sessak;[339.52414 177.02069 519.10114 435.50934];217.0;563.0;440.0;340.0
DieFeuerzangenbowleDeutscheFilmehdia-98687.jpeg;F;F;Hilde_Sessak;[351.33978 171.45482 534.211   430.4132 ];222.0;551.0;407.0;366.0
DieFeuerzangenbowleDeutscheFilmehdia-98815.jpeg;F;F;Hilde_Sessak;[378.53073 169.0309  507.9625  350.14648];211.0;511.0;340.0;382.0
DieFeuerzangenbowleDeutscheFilmehdia-98943.jpeg;F;F;Hilde_Sessak;[202.86452 158.03192 334.62347 343.98822];184.0;339.0;339.0;184.0
DieFeuerzangenbowleDeutscheFilmehdia-99583.jpeg;F;F;Hilde_Sessak;[240.50829   67.129425 317.51868  192.56235 ];96.0;335.0;186.0;245.0
DieFeuerzangenbowleDeutscheFilmehdia-99583.jpeg;F;F;Hilde_Sessak;[706.2058   101.793365 770.8783   190.27524 ];96.0;335.0;186.0;245.0
DieFeuerzangenbowleDeutscheFilmehdia-99711.jpeg;F;F;Hilde_Sessak;[266.4704   85.47168 339.93024 187.38075];96.0;354.0;186.0;265.0
DieFeuerzangenbowleDeutscheFilmehdia-99711.jpeg;F;M;Hans_Leibelt;[266.4704   85.47168 339.93024 187.38075];116.0;683.0;206.0;593.0
DieFeuerzangenbowleDeutscheFilmehdia-99711.jpeg;M;F;Hilde_Sessak;[606.30383  94.29653 689.098   205.97316];96.0;354.0;186.0;265.0
DieFeuerzangenbowleDeutscheFilmehdia-99711.jpeg;M;M;Hans_Leibelt;[606.30383  94.29653 689.098   205.97316];116.0;683.0;206.0;593.0
DieGrosseLiebe-102535.jpeg;F;F;Grethe_Weiser;[236.87561 186.23396 292.2078  259.72925];191.0;301.0;253.0;239.0
DieGrosseLiebe-102535.jpeg;M;F;Grethe_Weiser;[349.9538   65.77816 401.50638 154.63666];191.0;301.0;253.0;239.0
DieGrosseLiebe-102660.jpeg;M;F;Grethe_Weiser;[345.3231   64.21435 401.75793 156.96025];205.0;280.0;267.0;218.0
DieGrosseLiebe-102660.jpeg;F;F;Grethe_Weiser;[217.06085 197.55415 268.844   271.09995];205.0;280.0;267.0;218.0
DieGrosseLiebe-102785.jpeg;M;M;Hans_Schwarz;[368.84354   33.566643 439.88666  136.2991  ];55.0;444.0;130.0;370.0
DieGrosseLiebe-10357.jpeg;F;F;Zarah_Leander;[300.10757 123.6638  449.2653  317.07767];150.0;442.0;305.0;287.0
DieGrosseLiebe-10382.jpeg;F;F;Zarah_Leander;[302.76895  110.193565 450.51855  301.91837 ];133.0;442.0;288.0;287.0
DieGrosseLiebe-103951.jpeg;F;F;Zarah_Leander;[123.28159 109.38638 192.01631 204.31421];96.0;497.0;225.0;368.0
DieGrosseLiebe-103951.jpeg;F;F;Zarah_Leander;[418.6817   71.58091 523.47107 233.42409];96.0;497.0;225.0;368.0
DieGrosseLiebe-10407.jpeg;F;F;Zarah_Leander;[293.44434 127.53178 440.90463 315.33752];150.0;425.0;305.0;270.0
DieGrosseLiebe-104324.jpeg;F;F;Zarah_Leander;[251.4205    44.535645 341.77182  176.57156 ];116.0;426.0;223.0;318.0
DieGrosseLiebe-104324.jpeg;F;F;Zarah_Leander;[344.88123 100.59473 439.41602 218.57024];116.0;426.0;223.0;318.0
DieGrosseLiebe-104474.jpeg;M;M;Viktor_Staal;[353.20682   61.586765 424.91644  167.8773  ];80.0;411.0;155.0;337.0
DieGrosseLiebe-104574.jpeg;F;M;Viktor_Staal;[340.5241   90.88878 406.5422  188.77196];66.0;285.0;156.0;195.0
DieGrosseLiebe-104574.jpeg;M;M;Viktor_Staal;[192.22234   42.923153 272.3588   158.2734  ];66.0;285.0;156.0;195.0
DieGrosseLiebe-104699.jpeg;F;M;Viktor_Staal;[328.18518   99.517944 400.82904  194.71367 ];56.0;364.0;146.0;275.0
DieGrosseLiebe-104699.jpeg;M;M;Viktor_Staal;[269.52368  44.1545  349.99432 153.87077];56.0;364.0;146.0;275.0
DieGrosseLiebe-104824.jpeg;M;F;Zarah_Leander;[260.77817   46.469543 338.44012  156.24814 ];113.0;395.0;188.0;320.0
DieGrosseLiebe-104824.jpeg;F;F;Zarah_Leander;[328.20798  98.83332 415.67297 191.38672];113.0;395.0;188.0;320.0
DieGrosseLiebe-104949.jpeg;F;M;Viktor_Staal;[344.17548  92.96761 420.50012 188.90164];76.0;344.0;166.0;255.0
DieGrosseLiebe-104949.jpeg;F;F;Zarah_Leander;[344.17548  92.96761 420.50012 188.90164];105.0;403.0;179.0;328.0
DieGrosseLiebe-104949.jpeg;M;M;Viktor_Staal;[260.68784   61.162434 335.9282   173.68585 ];76.0;344.0;166.0;255.0
DieGrosseLiebe-104949.jpeg;M;F;Zarah_Leander;[260.68784   61.162434 335.9282   173.68585 ];105.0;403.0;179.0;328.0
DieGrosseLiebe-105592.jpeg;F;F;Zarah_Leander;[288.62775  79.94622 448.85767 299.97876];118.0;448.0;304.0;262.0
DieGrosseLiebe-105742.jpeg;M;M;Viktor_Staal;[301.4412   71.60442 462.72803 296.00415];116.0;459.0;270.0;304.0
DieGrosseLiebe-106635.jpeg;M;M;Viktor_Staal;[426.27658  76.19956 492.66113 176.75774];86.0;484.0;176.0;394.0
DieGrosseLiebe-106635.jpeg;M;M;Viktor_Staal;[309.5888  106.25156 353.4024  198.3351 ];86.0;484.0;176.0;394.0
DieGrosseLiebe-107135.jpeg;M;M;Viktor_Staal;[459.6969  95.5366 557.1324 242.8466];116.0;545.0;223.0;438.0
DieGrosseLiebe-107135.jpeg;M;M;Viktor_Staal;[294.85068 148.53743 347.60828 271.108  ];116.0;545.0;223.0;438.0
DieGrosseLiebe-108156.jpeg;F;M;Viktor_Staal;[191.16434   89.020805 227.18669  133.79124 ];94.0;225.0;130.0;189.0
DieGrosseLiebe-108156.jpeg;F;M;Viktor_Staal;[512.9205  196.15065 543.0733  236.7613 ];94.0;225.0;130.0;189.0
DieGrosseLiebe-108428.jpeg;F;F;Zarah_Leander;[345.6472   78.31928 444.73566 214.46957];92.0;438.0;199.0;330.0
DieGrosseLiebe-108528.jpeg;F;F;Zarah_Leander;[344.28073  94.02144 445.7532  229.95421];116.0;438.0;223.0;330.0
DieGrosseLiebe-108800.jpeg;F;F;Zarah_Leander;[343.01453   92.432655 446.5559   230.48875 ];116.0;438.0;223.0;330.0
DieGrosseLiebe-108945.jpeg;M;M;Viktor_Staal;[215.09071  -12.177855 325.85922  155.68236 ];24.0;325.0;153.0;196.0
DieGrosseLiebe-109044.jpeg;M;M;Viktor_Staal;[351.66666  54.68158 464.7691  225.84865];92.0;450.0;199.0;342.0
DieGrosseLiebe-109189.jpeg;F;F;Zarah_Leander;[253.48517 133.0151  379.7113  304.56656];168.0;368.0;297.0;239.0
DieGrosseLiebe-109189.jpeg;M;F;Zarah_Leander;[369.39398  115.179924 496.93225  289.7922  ];168.0;368.0;297.0;239.0
DieGrosseLiebe-109314.jpeg;F;F;Zarah_Leander;[256.33527  112.985245 377.83636  288.39056 ];153.0;368.0;282.0;239.0
DieGrosseLiebe-109314.jpeg;M;F;Zarah_Leander;[360.0075    99.430916 488.67108  285.33868 ];153.0;368.0;282.0;239.0
DieGrosseLiebe-109439.jpeg;M;M;Viktor_Staal;[405.5562    91.053505 532.6548   275.22742 ];139.0;526.0;268.0;397.0
DieGrosseLiebe-109439.jpeg;M;F;Zarah_Leander;[405.5562    91.053505 532.6548   275.22742 ];182.0;382.0;311.0;253.0
DieGrosseLiebe-109439.jpeg;F;M;Viktor_Staal;[271.2544 144.6267 397.5097 311.0346];139.0;526.0;268.0;397.0
DieGrosseLiebe-109439.jpeg;F;F;Zarah_Leander;[271.2544 144.6267 397.5097 311.0346];182.0;382.0;311.0;253.0
DieGrosseLiebe-109557.jpeg;M;M;Viktor_Staal;[308.85147   54.219784 443.37097  251.06566 ];98.0;442.0;253.0;287.0
DieGrosseLiebe-109807.jpeg;M;F;Zarah_Leander;[381.62982   46.906525 488.27057  218.5589  ];163.0;438.0;271.0;330.0
DieGrosseLiebe-109807.jpeg;F;F;Zarah_Leander;[309.17938 132.15062 410.87347 281.57956];163.0;438.0;271.0;330.0
DieGrosseLiebe-110201.jpeg;F;F;Zarah_Leander;[320.84006   82.769905 441.15616  247.82904 ];110.0;440.0;239.0;311.0
DieGrosseLiebe-110294.jpeg;M;M;Viktor_Staal;[325.98828   82.144295 449.20667  253.02188 ];125.0;454.0;254.0;325.0
DieGrosseLiebe-110557.jpeg;F;F;Zarah_Leander;[340.72565  90.39103 459.32172 251.12206];110.0;454.0;239.0;325.0
DieGrosseLiebe-110707.jpeg;F;F;Zarah_Leander;[343.27942  89.78705 463.90677 250.93073];125.0;454.0;254.0;325.0
DieGrosseLiebe-110807.jpeg;F;F;Zarah_Leander;[353.01453  89.30446 471.6024  252.24109];125.0;468.0;254.0;339.0
DieGrosseLiebe-111060.jpeg;M;M;Viktor_Staal;[368.9892   56.64347 478.43042 213.81602];82.0;497.0;211.0;368.0
DieGrosseLiebe-111185.jpeg;F;F;Zarah_Leander;[521.7306  135.42137 628.3848  278.4881 ];163.0;617.0;271.0;509.0
DieGrosseLiebe-111185.jpeg;M;F;Zarah_Leander;[203.30661 102.67626 294.5151  241.47083];163.0;617.0;271.0;509.0
DieGrosseLiebe-111310.jpeg;F;F;Zarah_Leander;[418.90454 107.96266 524.6667  251.28078];140.0;521.0;247.0;414.0
DieGrosseLiebe-111310.jpeg;M;F;Zarah_Leander;[207.17973  68.27093 302.3009  206.86755];140.0;521.0;247.0;414.0
DieGrosseLiebe-111460.jpeg;F;F;Zarah_Leander;[314.8848   90.03719 422.62537 231.61717];96.0;411.0;225.0;282.0
DieGrosseLiebe-117088.jpeg;F;F;Zarah_Leander;[289.16278  87.3898  438.17557 281.00354];116.0;425.0;270.0;270.0
DieGrosseLiebe-117213.jpeg;F;F;Zarah_Leander;[289.1265   86.60726 438.4768  281.69873];116.0;425.0;270.0;270.0
DieGrosseLiebe-119001.jpeg;F;F;Zarah_Leander;[166.17604 203.19954 241.54808 291.05508];213.0;229.0;287.0;154.0
DieGrosseLiebe-119001.jpeg;F;F;Zarah_Leander;[377.08417  70.38745 435.3848  146.93675];213.0;229.0;287.0;154.0
DieGrosseLiebe-119626.jpeg;F;F;Grethe_Weiser;[414.61374 181.19992 485.20493 271.02533];38.0;458.0;90.0;406.0
DieGrosseLiebe-119626.jpeg;F;F;Grethe_Weiser;[411.5083    23.531298 468.081     94.251144];38.0;458.0;90.0;406.0
DieGrosseLiebe-119876.jpeg;F;F;Zarah_Leander;[441.6143  205.04048 513.5239  298.36172];221.0;502.0;296.0;428.0
DieGrosseLiebe-119876.jpeg;F;F;Grethe_Weiser;[441.6143  205.04048 513.5239  298.36172];72.0;303.0;146.0;229.0
DieGrosseLiebe-119876.jpeg;M;F;Zarah_Leander;[231.60655  62.80419 289.85327 137.02495];221.0;502.0;296.0;428.0
DieGrosseLiebe-119876.jpeg;M;F;Grethe_Weiser;[231.60655  62.80419 289.85327 137.02495];72.0;303.0;146.0;229.0
DieGrosseLiebe-121510.jpeg;F;F;Zarah_Leander;[474.83615 162.46454 509.5185  206.92203];170.0;501.0;206.0;465.0
DieGrosseLiebe-121510.jpeg;F;F;Zarah_Leander;[263.2274  207.29991 292.22617 258.2865 ];170.0;501.0;206.0;465.0
DieGrosseLiebe-121510.jpeg;M;F;Zarah_Leander;[589.3341    11.146821 615.85065   43.47211 ];170.0;501.0;206.0;465.0
DieGrosseLiebe-122660.jpeg;F;F;Zarah_Leander;[341.68164  72.9554  456.67343 231.34293];96.0;454.0;225.0;325.0
DieGrosseLiebe-122910.jpeg;F;F;Grethe_Weiser;[441.1968   119.374176 489.479    185.13034 ];122.0;487.0;184.0;425.0
DieGrosseLiebe-123175.jpeg;F;F;Zarah_Leander;[330.5107   84.39102 435.82    222.98997];104.0;426.0;211.0;318.0
DieGrosseLiebe-123300.jpeg;F;F;Zarah_Leander;[332.91907  79.35965 437.64316 219.69186];104.0;426.0;211.0;318.0
DieGrosseLiebe-124218.jpeg;F;F;Zarah_Leander;[316.19418  85.84378 468.71777 283.0968 ];98.0;469.0;284.0;283.0
DieGrosseLiebe-124318.jpeg;F;F;Zarah_Leander;[314.63187  87.0459  465.1695  286.3345 ];98.0;469.0;284.0;283.0
DieGrosseLiebe-124468.jpeg;F;F;Zarah_Leander;[274.63278 110.36367 428.93192 314.3395 ];150.0;425.0;305.0;270.0
DieGrosseLiebe-126643.jpeg;M;F;Zarah_Leander;[229.06012  96.57801 321.52048 221.53702];116.0;545.0;223.0;438.0
DieGrosseLiebe-126643.jpeg;F;F;Zarah_Leander;[450.26117   96.236984 547.5728   228.38562 ];116.0;545.0;223.0;438.0
DieGrosseLiebe-128406.jpeg;F;F;Zarah_Leander;[389.30963 113.75379 468.49622 218.50311];126.0;464.0;216.0;374.0
DieGrosseLiebe-128806.jpeg;F;F;Zarah_Leander;[455.43478 188.49808 529.9967  285.926  ];213.0;519.0;287.0;444.0
DieGrosseLiebe-128806.jpeg;M;F;Zarah_Leander;[241.48549   22.729025 320.1636   107.60125 ];213.0;519.0;287.0;444.0
DieGrosseLiebe-129181.jpeg;F;F;Zarah_Leander;[486.3177  171.89584 562.21014 263.8853 ];186.0;563.0;275.0;474.0
DieGrosseLiebe-129181.jpeg;M;F;Zarah_Leander;[140.79042 194.96947 205.46286 271.0441 ];186.0;563.0;275.0;474.0
DieGrosseLiebe-129306.jpeg;F;F;Zarah_Leander;[486.33832 171.96843 561.2329  265.02332];186.0;563.0;275.0;474.0
DieGrosseLiebe-129306.jpeg;M;F;Zarah_Leander;[150.72595 194.89754 213.14842 274.13525];186.0;563.0;275.0;474.0
DieGrosseLiebe-129556.jpeg;F;F;Zarah_Leander;[335.42316   95.453766 440.8995   240.43643 ];110.0;425.0;239.0;296.0
DieGrosseLiebe-130797.jpeg;F;F;Zarah_Leander;[292.5198  151.14241 500.94424 435.6808 ];217.0;513.0;440.0;291.0
DieGrosseLiebe-130947.jpeg;F;F;Zarah_Leander;[282.49316 115.5478  489.17508 396.13873];167.0;464.0;390.0;241.0
DieGrosseLiebe-131072.jpeg;F;F;Zarah_Leander;[286.87784 135.52486 490.03275 409.6704 ];192.0;464.0;415.0;241.0
DieGrosseLiebe-131719.jpeg;F;F;Zarah_Leander;[515.15094 224.36778 616.416   363.1605 ];259.0;617.0;367.0;509.0
DieGrosseLiebe-131844.jpeg;F;F;Zarah_Leander;[422.61984 197.1947  499.00314 303.563  ];221.0;494.0;296.0;419.0
DieGrosseLiebe-131844.jpeg;M;F;Zarah_Leander;[250.33955  49.31558 305.01605 125.3739 ];221.0;494.0;296.0;419.0
DieGrosseLiebe-132866.jpeg;F;F;Zarah_Leander;[321.24338   95.926125 350.86752  130.58359 ];98.0;353.0;134.0;317.0
DieGrosseLiebe-134655.jpeg;F;F;Zarah_Leander;[322.90683  79.56935 405.46548 184.71259];96.0;404.0;186.0;315.0
DieGrosseLiebe-134905.jpeg;F;F;Zarah_Leander;[319.95703  89.08417 403.57126 202.26219];106.0;404.0;196.0;315.0
DieGrosseLiebe-135430.jpeg;F;F;Zarah_Leander;[337.01166  87.62527 457.14786 234.56993];116.0;450.0;223.0;342.0
DieGrosseLiebe-135555.jpeg;F;F;Zarah_Leander;[280.45993  86.5578  467.56985 327.91608];93.0;464.0;316.0;241.0
DieGrosseLiebe-135805.jpeg;F;F;Grethe_Weiser;[316.4662  109.93052 453.02087 289.43704];133.0;476.0;288.0;322.0
DieGrosseLiebe-135949.jpeg;F;F;Zarah_Leander;[300.31934   99.601555 469.05838  325.75046 ];118.0;448.0;304.0;262.0
DieGrosseLiebe-136315.jpeg;F;F;Zarah_Leander;[301.72894 109.26388 468.82733 336.53217];139.0;469.0;325.0;283.0
DieGrosseLiebe-136715.jpeg;F;F;Zarah_Leander;[199.85696  39.23039 491.268   389.15073];63.0;491.0;384.0;170.0
DieGrosseLiebe-136840.jpeg;F;F;Zarah_Leander;[232.40773   63.565556 527.36664  427.84848 ];112.0;498.0;379.0;230.0
DieGrosseLiebe-13749.jpeg;M;F;Zarah_Leander;[352.51535 184.40921 393.32196 235.37488];126.0;285.0;216.0;195.0
DieGrosseLiebe-13749.jpeg;F;F;Zarah_Leander;[193.4421   117.566246 277.06302  223.35608 ];126.0;285.0;216.0;195.0
DieGrosseLiebe-13749.jpeg;M;F;Zarah_Leander;[424.35953  47.62174 503.44217 183.54132];126.0;285.0;216.0;195.0
DieGrosseLiebe-138070.jpeg;F;F;Zarah_Leander;[320.01807  79.03997 458.12436 263.3592 ];98.0;442.0;253.0;287.0
DieGrosseLiebe-138070.jpeg;M;F;Zarah_Leander;[ 73.82569 114.38367 165.39043 310.20578];98.0;442.0;253.0;287.0
DieGrosseLiebe-138344.jpeg;F;F;Zarah_Leander;[302.28342  71.41981 350.2718  132.71074];73.0;363.0;135.0;301.0
DieGrosseLiebe-138344.jpeg;M;F;Zarah_Leander;[240.11565  72.71647 283.8903  136.79727];73.0;363.0;135.0;301.0
DieGrosseLiebe-138738.jpeg;F;F;Zarah_Leander;[394.0816   79.43359 457.17737 163.99022];88.0;453.0;163.0;378.0
DieGrosseLiebe-138738.jpeg;M;F;Zarah_Leander;[219.07578  74.55193 283.33585 164.33305];88.0;453.0;163.0;378.0
DieGrosseLiebe-138987.jpeg;F;F;Zarah_Leander;[394.8637  118.50122 502.54822 276.29205];139.0;483.0;268.0;354.0
DieGrosseLiebe-138987.jpeg;F;F;Zarah_Leander;[228.46573  81.82383 326.44855 259.21793];139.0;483.0;268.0;354.0
DieGrosseLiebe-139858.jpeg;F;F;Zarah_Leander;[349.3809   116.523735 473.0151   281.68677 ];139.0;454.0;268.0;325.0
DieGrosseLiebe-139858.jpeg;M;F;Zarah_Leander;[210.67912  82.69412 289.1768  277.74228];139.0;454.0;268.0;325.0
DieGrosseLiebe-140383.jpeg;M;M;Viktor_Staal;[295.90735  95.70217 444.51965 294.46906];133.0;459.0;288.0;304.0
DieGrosseLiebe-140508.jpeg;F;F;Zarah_Leander;[343.9196  128.96336 473.0931  293.17966];153.0;454.0;282.0;325.0
DieGrosseLiebe-140508.jpeg;M;F;Zarah_Leander;[222.00331   82.303635 308.0945   283.04678 ];153.0;454.0;282.0;325.0
DieGrosseLiebe-141033.jpeg;M;M;Viktor_Staal;[142.83873   48.848087 339.05298  327.36356 ];93.0;340.0;316.0;117.0
DieGrosseLiebe-141033.jpeg;M;F;Zarah_Leander;[142.83873   48.848087 339.05298  327.36356 ];192.0;588.0;415.0;365.0
DieGrosseLiebe-141033.jpeg;F;M;Viktor_Staal;[384.611   148.33185 590.4311  418.31393];93.0;340.0;316.0;117.0
DieGrosseLiebe-141033.jpeg;F;F;Zarah_Leander;[384.611   148.33185 590.4311  418.31393];192.0;588.0;415.0;365.0
DieGrosseLiebe-14387.jpeg;F;F;Grethe_Weiser;[285.0603  208.80711 382.13235 309.10107];216.0;364.0;305.0;275.0
DieGrosseLiebe-14753.jpeg;F;F;Zarah_Leander;[397.10416 117.53699 485.07214 226.68867];136.0;474.0;226.0;384.0
DieGrosseLiebe-15121.jpeg;F;F;Zarah_Leander;[228.67569  90.8068  283.68686 162.09567];130.0;403.0;204.0;328.0
DieGrosseLiebe-15121.jpeg;F;F;Zarah_Leander;[358.80096 126.44535 413.43765 211.22958];130.0;403.0;204.0;328.0
DieGrosseLiebe-18701.jpeg;F;F;Zarah_Leander;[298.99826  97.09554 442.04968 288.60025];116.0;425.0;270.0;270.0
DieGrosseLiebe-18950.jpeg;F;F;Zarah_Leander;[357.78848  109.097015 498.1928   301.90643 ];133.0;476.0;288.0;322.0
DieGrosseLiebe-19225.jpeg;F;F;Zarah_Leander;[318.0095   93.95425 457.5797  287.661  ];116.0;442.0;270.0;287.0
DieGrosseLiebe-21018.jpeg;F;F;Zarah_Leander;[446.84912 112.43638 537.16534 221.83199];116.0;533.0;223.0;426.0
DieGrosseLiebe-21018.jpeg;F;F;Zarah_Leander;[368.37173 107.35077 418.64667 171.38452];116.0;533.0;223.0;426.0
DieGrosseLiebe-21018.jpeg;M;F;Zarah_Leander;[ 76.34508 110.19091 166.33174 230.79752];116.0;533.0;223.0;426.0
DieGrosseLiebe-21131.jpeg;F;F;Zarah_Leander;[497.09714 100.80453 585.7128  214.3268 ];104.0;581.0;211.0;474.0
DieGrosseLiebe-21131.jpeg;M;F;Zarah_Leander;[625.6391   102.657555 682.3946   171.8577  ];104.0;581.0;211.0;474.0
DieGrosseLiebe-21131.jpeg;M;F;Zarah_Leander;[112.54339 118.86195 202.53976 246.20114];104.0;581.0;211.0;474.0
DieGrosseLiebe-21131.jpeg;F;F;Zarah_Leander;[604.46216 143.61711 620.555   164.13394];104.0;581.0;211.0;474.0
DieGrosseLiebe-21256.jpeg;M;F;Zarah_Leander;[593.7689    96.277336 652.2043   167.3813  ];136.0;593.0;226.0;504.0
DieGrosseLiebe-21256.jpeg;F;F;Zarah_Leander;[494.06033 113.95594 585.5256  232.76567];136.0;593.0;226.0;504.0
DieGrosseLiebe-21256.jpeg;M;F;Zarah_Leander;[ 91.601944 116.642624 185.32547  237.08765 ];136.0;593.0;226.0;504.0
DieGrosseLiebe-2204.jpeg;M;M;Viktor_Staal;[258.1012     -1.4641905 436.71387   250.54681  ];19.0;489.0;242.0;266.0
DieGrosseLiebe-23165.jpeg;M;F;Zarah_Leander;[209.18509  89.26196 317.85745 222.73099];125.0;583.0;254.0;454.0
DieGrosseLiebe-23165.jpeg;F;F;Zarah_Leander;[475.92868  95.96884 592.7889  246.7918 ];125.0;583.0;254.0;454.0
DieGrosseLiebe-23290.jpeg;F;F;Zarah_Leander;[473.75122  97.67334 591.12115 251.70186];125.0;583.0;254.0;454.0
DieGrosseLiebe-23290.jpeg;F;F;Zarah_Leander;[164.80798 136.64764 266.98056 250.53192];125.0;583.0;254.0;454.0
DieGrosseLiebe-23690.jpeg;F;F;Zarah_Leander;[463.10144   92.085266 579.06744  250.74347 ];125.0;569.0;254.0;440.0
DieGrosseLiebe-23690.jpeg;M;F;Zarah_Leander;[225.91022  83.51258 332.77856 227.96005];125.0;569.0;254.0;440.0
DieGrosseLiebe-23690.jpeg;M;F;Zarah_Leander;[ 23.98903  151.90083   67.574974 218.32925 ];125.0;569.0;254.0;440.0
DieGrosseLiebe-23815.jpeg;M;F;Zarah_Leander;[237.37979  93.3601  342.365   239.24187];125.0;583.0;254.0;454.0
DieGrosseLiebe-23815.jpeg;F;F;Zarah_Leander;[466.78732  94.27854 581.13214 248.67014];125.0;583.0;254.0;454.0
DieGrosseLiebe-2392.jpeg;M;M;Viktor_Staal;[253.34662   19.116245 438.39252  288.34412 ];43.0;489.0;266.0;266.0
DieGrosseLiebe-24060.jpeg;F;F;Zarah_Leander;[454.4413   92.23602 571.916   249.38976];125.0;569.0;254.0;440.0
DieGrosseLiebe-24060.jpeg;F;F;Zarah_Leander;[237.65523  80.59537 348.3323  230.15282];125.0;569.0;254.0;440.0
DieGrosseLiebe-24185.jpeg;F;F;Zarah_Leander;[454.00235   91.344284 571.5158   246.56088 ];110.0;569.0;239.0;440.0
DieGrosseLiebe-24185.jpeg;F;F;Zarah_Leander;[171.745   125.90676 277.4951  250.9212 ];110.0;569.0;239.0;440.0
DieGrosseLiebe-24310.jpeg;F;F;Zarah_Leander;[433.95682 117.4537  543.50494 276.2095 ];139.0;526.0;268.0;397.0
DieGrosseLiebe-24310.jpeg;M;F;Zarah_Leander;[207.52179  85.74607 315.5514  226.9229 ];139.0;526.0;268.0;397.0
DieGrosseLiebe-24435.jpeg;F;F;Zarah_Leander;[441.9548   95.87966 560.0724  252.24757];125.0;554.0;254.0;425.0
DieGrosseLiebe-24435.jpeg;F;F;Zarah_Leander;[193.64857   89.995834 300.9152   224.19427 ];125.0;554.0;254.0;425.0
DieGrosseLiebe-25184.jpeg;F;F;Zarah_Leander;[296.95374 101.91788 451.41977 316.4515 ];150.0;442.0;305.0;287.0
DieGrosseLiebe-25334.jpeg;F;F;Zarah_Leander;[283.89404 102.92433 446.2339  321.9965 ];150.0;425.0;305.0;270.0
DieGrosseLiebe-2559.jpeg;M;M;Viktor_Staal;[233.24896  56.26724 432.2683  304.53442];68.0;439.0;291.0;216.0
DieGrosseLiebe-25703.jpeg;M;M;Viktor_Staal;[346.36426   57.702938 461.67004  223.79439 ];82.0;454.0;211.0;325.0
DieGrosseLiebe-27345.jpeg;M;F;Zarah_Leander;[303.6409   104.832146 354.20953  170.86026 ];113.0;348.0;164.0;296.0
DieGrosseLiebe-27345.jpeg;F;F;Zarah_Leander;[521.7141    75.229225 568.69855  147.41858 ];113.0;348.0;164.0;296.0
DieGrosseLiebe-27345.jpeg;M;F;Zarah_Leander;[118.546196 128.43568  149.83438  165.3998  ];113.0;348.0;164.0;296.0
DieGrosseLiebe-27345.jpeg;F;F;Zarah_Leander;[359.23853 129.72522 395.58472 178.659  ];113.0;348.0;164.0;296.0
DieGrosseLiebe-27345.jpeg;M;F;Zarah_Leander;[209.52295 117.80692 246.34897 171.00703];113.0;348.0;164.0;296.0
DieGrosseLiebe-27595.jpeg;F;F;Zarah_Leander;[301.15482   90.378685 349.07672  157.8845  ];94.0;342.0;156.0;280.0
DieGrosseLiebe-27595.jpeg;F;F;Zarah_Leander;[491.31616   66.606865 543.1515   144.04506 ];94.0;342.0;156.0;280.0
DieGrosseLiebe-27595.jpeg;M;F;Zarah_Leander;[434.35672 112.81315 487.73706 177.20804];94.0;342.0;156.0;280.0
DieGrosseLiebe-27595.jpeg;F;F;Zarah_Leander;[368.44556 125.06787 402.79428 175.86113];94.0;342.0;156.0;280.0
DieGrosseLiebe-27595.jpeg;M;F;Zarah_Leander;[240.53252  95.63666 282.17343 162.06454];94.0;342.0;156.0;280.0
DieGrosseLiebe-27820.jpeg;F;F;Zarah_Leander;[473.34225   47.419167 544.6739   146.65634 ];86.0;275.0;176.0;185.0
DieGrosseLiebe-27820.jpeg;F;F;Zarah_Leander;[204.64375   74.944855 279.28317  174.87924 ];86.0;275.0;176.0;185.0
DieGrosseLiebe-27820.jpeg;M;F;Zarah_Leander;[339.19565 156.29509 386.93878 214.19098];86.0;275.0;176.0;185.0
DieGrosseLiebe-28095.jpeg;F;F;Zarah_Leander;[295.19342  83.67935 396.00104 223.39372];104.0;414.0;211.0;306.0
DieGrosseLiebe-28616.jpeg;F;F;Zarah_Leander;[422.02798 114.13733 500.9684  224.53146];126.0;494.0;216.0;404.0
DieGrosseLiebe-28616.jpeg;F;F;Zarah_Leander;[237.1026   86.85248 298.03046 203.45963];126.0;494.0;216.0;404.0
DieGrosseLiebe-28741.jpeg;F;F;Zarah_Leander;[416.05603 104.73877 496.97775 213.43916];126.0;494.0;216.0;404.0
DieGrosseLiebe-28741.jpeg;F;F;Zarah_Leander;[231.0702   84.15845 283.26218 198.53902];126.0;494.0;216.0;404.0
DieGrosseLiebe-29016.jpeg;M;F;Zarah_Leander;[241.48587  68.17794 325.8449  183.31638];128.0;462.0;235.0;354.0
DieGrosseLiebe-29016.jpeg;F;F;Zarah_Leander;[390.67966  110.778465 472.29477  245.6187  ];128.0;462.0;235.0;354.0
DieGrosseLiebe-31443.jpeg;M;M;Viktor_Staal;[234.07506  76.06382 304.5783  175.72633];86.0;325.0;176.0;235.0
DieGrosseLiebe-32058.jpeg;F;F;Zarah_Leander;[352.06494   70.120834 429.34473  185.54283 ];86.0;414.0;176.0;325.0
DieGrosseLiebe-32183.jpeg;F;F;Zarah_Leander;[353.15405   65.269066 433.13846  179.88628 ];86.0;424.0;176.0;335.0
DieGrosseLiebe-32308.jpeg;F;F;Zarah_Leander;[277.99905  71.86964 368.93802 195.71098];80.0;354.0;187.0;247.0
DieGrosseLiebe-33980.jpeg;F;F;Zarah_Leander;[383.61514  58.03887 474.12695 201.11844];67.0;468.0;196.0;339.0
DieGrosseLiebe-36650.jpeg;F;F;Zarah_Leander;[427.00238 103.27139 498.92325 219.40169];126.0;484.0;216.0;394.0
DieGrosseLiebe-36650.jpeg;M;F;Zarah_Leander;[215.07167  72.11861 285.70303 195.61958];126.0;484.0;216.0;394.0
DieGrosseLiebe-37275.jpeg;F;F;Zarah_Leander;[375.9784   95.90032 453.89346 224.19331];104.0;438.0;211.0;330.0
DieGrosseLiebe-37275.jpeg;M;F;Zarah_Leander;[217.55032   57.604237 293.15146  186.30908 ];104.0;438.0;211.0;330.0
DieGrosseLiebe-38075.jpeg;F;F;Zarah_Leander;[194.85054 146.37709 259.50204 231.36487];94.0;515.0;156.0;453.0
DieGrosseLiebe-38075.jpeg;M;F;Zarah_Leander;[277.09604   76.211136 330.96756  145.8533  ];94.0;515.0;156.0;453.0
DieGrosseLiebe-38075.jpeg;F;F;Zarah_Leander;[471.94382   83.060356 525.44763  162.5183  ];94.0;515.0;156.0;453.0
DieGrosseLiebe-41135.jpeg;F;F;Zarah_Leander;[274.98187 104.86044 465.35336 370.58466];142.0;489.0;365.0;266.0
DieGrosseLiebe-41504.jpeg;M;F;Zarah_Leander;[265.9903  142.92447 326.31137 224.32515];188.0;561.0;239.0;510.0
DieGrosseLiebe-41504.jpeg;M;F;Grethe_Weiser;[265.9903  142.92447 326.31137 224.32515];67.0;446.0;118.0;394.0
DieGrosseLiebe-41504.jpeg;M;M;Viktor_Staal;[265.9903  142.92447 326.31137 224.32515];156.0;335.0;218.0;273.0
DieGrosseLiebe-41504.jpeg;F;F;Zarah_Leander;[511.7599  176.41025 565.52185 242.9331 ];188.0;561.0;239.0;510.0
DieGrosseLiebe-41504.jpeg;F;F;Grethe_Weiser;[511.7599  176.41025 565.52185 242.9331 ];67.0;446.0;118.0;394.0
DieGrosseLiebe-41504.jpeg;F;M;Viktor_Staal;[511.7599  176.41025 565.52185 242.9331 ];156.0;335.0;218.0;273.0
DieGrosseLiebe-41504.jpeg;M;F;Zarah_Leander;[394.07855   61.474285 439.51523  117.72919 ];188.0;561.0;239.0;510.0
DieGrosseLiebe-41504.jpeg;M;F;Grethe_Weiser;[394.07855   61.474285 439.51523  117.72919 ];67.0;446.0;118.0;394.0
DieGrosseLiebe-41504.jpeg;M;M;Viktor_Staal;[394.07855   61.474285 439.51523  117.72919 ];156.0;335.0;218.0;273.0
DieGrosseLiebe-41504.jpeg;M;F;Zarah_Leander;[ 75.40897 208.53258 147.54    310.22565];188.0;561.0;239.0;510.0
DieGrosseLiebe-41504.jpeg;M;F;Grethe_Weiser;[ 75.40897 208.53258 147.54    310.22565];67.0;446.0;118.0;394.0
DieGrosseLiebe-41504.jpeg;M;M;Viktor_Staal;[ 75.40897 208.53258 147.54    310.22565];156.0;335.0;218.0;273.0
DieGrosseLiebe-41504.jpeg;M;F;Zarah_Leander;[279.47156   53.950016 303.88443   85.84739 ];188.0;561.0;239.0;510.0
DieGrosseLiebe-41504.jpeg;M;F;Grethe_Weiser;[279.47156   53.950016 303.88443   85.84739 ];67.0;446.0;118.0;394.0
DieGrosseLiebe-41504.jpeg;M;M;Viktor_Staal;[279.47156   53.950016 303.88443   85.84739 ];156.0;335.0;218.0;273.0
DieGrosseLiebe-41504.jpeg;F;F;Zarah_Leander;[180.80469 300.0746  228.58664 358.33844];188.0;561.0;239.0;510.0
DieGrosseLiebe-41504.jpeg;F;F;Grethe_Weiser;[180.80469 300.0746  228.58664 358.33844];67.0;446.0;118.0;394.0
DieGrosseLiebe-41504.jpeg;F;M;Viktor_Staal;[180.80469 300.0746  228.58664 358.33844];156.0;335.0;218.0;273.0
DieGrosseLiebe-41504.jpeg;M;F;Zarah_Leander;[ 95.43117   98.45157  111.940216 120.2334  ];188.0;561.0;239.0;510.0
DieGrosseLiebe-41504.jpeg;M;F;Grethe_Weiser;[ 95.43117   98.45157  111.940216 120.2334  ];67.0;446.0;118.0;394.0
DieGrosseLiebe-41504.jpeg;M;M;Viktor_Staal;[ 95.43117   98.45157  111.940216 120.2334  ];156.0;335.0;218.0;273.0
DieGrosseLiebe-41654.jpeg;F;F;Zarah_Leander;[478.09988 110.58543 592.04944 260.01852];139.0;597.0;268.0;468.0
DieGrosseLiebe-41654.jpeg;F;F;Zarah_Leander;[326.2339  214.81621 405.00888 325.3191 ];139.0;597.0;268.0;468.0
DieGrosseLiebe-41654.jpeg;F;F;Zarah_Leander;[143.46552  46.62686 252.48601 221.09389];139.0;597.0;268.0;468.0
DieGrosseLiebe-41654.jpeg;M;F;Zarah_Leander;[307.26657  54.6926  338.53305 103.24582];139.0;597.0;268.0;468.0
DieGrosseLiebe-41754.jpeg;F;F;Zarah_Leander;[481.84842 100.45906 596.5358  250.02002];125.0;597.0;254.0;468.0
DieGrosseLiebe-41754.jpeg;M;F;Zarah_Leander;[157.7482  100.27086 269.2324  250.24857];125.0;597.0;254.0;468.0
DieGrosseLiebe-41754.jpeg;M;F;Zarah_Leander;[343.51395 232.9192  437.10266 338.1043 ];125.0;597.0;254.0;468.0
DieGrosseLiebe-41754.jpeg;M;F;Zarah_Leander;[309.2861    56.28362  340.51608  105.405304];125.0;597.0;254.0;468.0
DieGrosseLiebe-41904.jpeg;F;F;Zarah_Leander;[451.083   111.88148 567.1802  268.28394];139.0;569.0;268.0;440.0
DieGrosseLiebe-41904.jpeg;F;M;Viktor_Staal;[451.083   111.88148 567.1802  268.28394];125.0;296.0;254.0;167.0
DieGrosseLiebe-41904.jpeg;M;F;Zarah_Leander;[330.01788 258.31586 422.07373 356.62814];139.0;569.0;268.0;440.0
DieGrosseLiebe-41904.jpeg;M;M;Viktor_Staal;[330.01788 258.31586 422.07373 356.62814];125.0;296.0;254.0;167.0
DieGrosseLiebe-41904.jpeg;M;F;Zarah_Leander;[156.42029  87.00115 276.73602 252.2594 ];139.0;569.0;268.0;440.0
DieGrosseLiebe-41904.jpeg;M;M;Viktor_Staal;[156.42029  87.00115 276.73602 252.2594 ];125.0;296.0;254.0;167.0
DieGrosseLiebe-41904.jpeg;M;F;Zarah_Leander;[305.79056   59.907608 333.79263  104.909325];139.0;569.0;268.0;440.0
DieGrosseLiebe-41904.jpeg;M;M;Viktor_Staal;[305.79056   59.907608 333.79263  104.909325];125.0;296.0;254.0;167.0
DieGrosseLiebe-42029.jpeg;F;F;Zarah_Leander;[435.59402   74.653206 540.62665  222.8254  ];82.0;526.0;211.0;397.0
DieGrosseLiebe-42029.jpeg;M;F;Zarah_Leander;[328.71628 248.64401 421.6242  349.85547];82.0;526.0;211.0;397.0
DieGrosseLiebe-42029.jpeg;F;F;Zarah_Leander;[187.13406  42.92562 293.4998  203.08401];82.0;526.0;211.0;397.0
DieGrosseLiebe-42525.jpeg;M;M;Viktor_Staal;[334.91928 192.21    390.73785 266.93457];211.0;389.0;262.0;337.0
DieGrosseLiebe-42525.jpeg;F;M;Viktor_Staal;[497.39276 191.77528 552.57776 263.3136 ];211.0;389.0;262.0;337.0
DieGrosseLiebe-42525.jpeg;F;M;Viktor_Staal;[419.46945 271.24744 460.18268 323.50952];211.0;389.0;262.0;337.0
DieGrosseLiebe-42525.jpeg;M;M;Viktor_Staal;[162.35085 119.22462 184.58632 148.41548];211.0;389.0;262.0;337.0
DieGrosseLiebe-42775.jpeg;M;F;Zarah_Leander;[516.37054 251.54376 576.60016 322.4497 ];260.0;570.0;322.0;508.0
DieGrosseLiebe-42775.jpeg;M;F;Zarah_Leander;[516.37054 251.54376 576.60016 322.4497 ];287.0;270.0;362.0;196.0
DieGrosseLiebe-42775.jpeg;F;F;Zarah_Leander;[186.41289 278.498   243.89035 369.7517 ];260.0;570.0;322.0;508.0
DieGrosseLiebe-42775.jpeg;F;F;Zarah_Leander;[186.41289 278.498   243.89035 369.7517 ];287.0;270.0;362.0;196.0
DieGrosseLiebe-42775.jpeg;F;F;Zarah_Leander;[323.0122  188.68732 371.82718 259.47272];260.0;570.0;322.0;508.0
DieGrosseLiebe-42775.jpeg;F;F;Zarah_Leander;[323.0122  188.68732 371.82718 259.47272];287.0;270.0;362.0;196.0
DieGrosseLiebe-42775.jpeg;M;F;Zarah_Leander;[436.6721  305.19803 481.991   358.9259 ];260.0;570.0;322.0;508.0
DieGrosseLiebe-42775.jpeg;M;F;Zarah_Leander;[436.6721  305.19803 481.991   358.9259 ];287.0;270.0;362.0;196.0
DieGrosseLiebe-42775.jpeg;F;F;Zarah_Leander;[204.40318 156.1155  227.48917 186.33838];260.0;570.0;322.0;508.0
DieGrosseLiebe-42775.jpeg;F;F;Zarah_Leander;[204.40318 156.1155  227.48917 186.33838];287.0;270.0;362.0;196.0
DieGrosseLiebe-42775.jpeg;F;F;Zarah_Leander;[167.55602   34.643414 212.89917   97.449844];260.0;570.0;322.0;508.0
DieGrosseLiebe-42775.jpeg;F;F;Zarah_Leander;[167.55602   34.643414 212.89917   97.449844];287.0;270.0;362.0;196.0
DieGrosseLiebe-43422.jpeg;M;M;Viktor_Staal;[200.22923  41.20847 278.9369  151.04424];56.0;285.0;146.0;195.0
DieGrosseLiebe-43422.jpeg;M;M;Viktor_Staal;[574.864   74.0635 632.1988 148.8056];56.0;285.0;146.0;195.0
DieGrosseLiebe-43422.jpeg;M;M;Viktor_Staal;[350.29428  51.27696 416.6962  139.83672];56.0;285.0;146.0;195.0
DieGrosseLiebe-43422.jpeg;F;M;Viktor_Staal;[621.34204 103.95938 681.8376  184.94232];56.0;285.0;146.0;195.0
DieGrosseLiebe-43422.jpeg;M;M;Viktor_Staal;[ 42.14603 104.50247 105.2319  203.2738 ];56.0;285.0;146.0;195.0
DieGrosseLiebe-43422.jpeg;F;M;Viktor_Staal;[430.13007 134.33792 494.59122 216.72577];56.0;285.0;146.0;195.0
DieGrosseLiebe-43422.jpeg;M;M;Viktor_Staal;[100.93116 100.95283 152.47763 175.82648];56.0;285.0;146.0;195.0
DieGrosseLiebe-43422.jpeg;M;M;Viktor_Staal;[ 34.34662 210.87088 100.11875 328.88596];56.0;285.0;146.0;195.0
DieGrosseLiebe-43422.jpeg;M;M;Viktor_Staal;[404.76535  95.53862 450.59354 160.60954];56.0;285.0;146.0;195.0
DieGrosseLiebe-43822.jpeg;M;F;Grethe_Weiser;[328.57962   55.187157 387.7614   144.97119 ];146.0;486.0;221.0;411.0
DieGrosseLiebe-43822.jpeg;F;F;Grethe_Weiser;[431.9323  140.08359 502.65942 225.82407];146.0;486.0;221.0;411.0
DieGrosseLiebe-43822.jpeg;F;F;Grethe_Weiser;[604.96454 108.97501 664.0509  187.9093 ];146.0;486.0;221.0;411.0
DieGrosseLiebe-43822.jpeg;F;F;Grethe_Weiser;[273.70773  56.78026 332.20413 162.00914];146.0;486.0;221.0;411.0
DieGrosseLiebe-43822.jpeg;M;F;Grethe_Weiser;[ 71.81128 111.87027 120.34043 191.97769];146.0;486.0;221.0;411.0
DieGrosseLiebe-43822.jpeg;M;F;Grethe_Weiser;[167.03613  101.320915 220.39386  168.26431 ];146.0;486.0;221.0;411.0
DieGrosseLiebe-43822.jpeg;M;F;Grethe_Weiser;[ 27.21644  219.4094    83.116104 338.15747 ];146.0;486.0;221.0;411.0
DieGrosseLiebe-43822.jpeg;M;F;Grethe_Weiser;[572.1865   94.58293 621.73224 162.7292 ];146.0;486.0;221.0;411.0
DieGrosseLiebe-43822.jpeg;F;F;Grethe_Weiser;[ 36.340588 104.593216  72.28927  195.9619  ];146.0;486.0;221.0;411.0
DieGrosseLiebe-43947.jpeg;F;M;Viktor_Staal;[473.1264  154.7132  539.88367 236.6299 ];56.0;275.0;146.0;185.0
DieGrosseLiebe-43947.jpeg;F;F;Grethe_Weiser;[473.1264  154.7132  539.88367 236.6299 ];163.0;544.0;237.0;469.0
DieGrosseLiebe-43947.jpeg;F;M;Viktor_Staal;[615.37164 124.10689 678.863   210.01152];56.0;275.0;146.0;185.0
DieGrosseLiebe-43947.jpeg;F;F;Grethe_Weiser;[615.37164 124.10689 678.863   210.01152];163.0;544.0;237.0;469.0
DieGrosseLiebe-43947.jpeg;F;M;Viktor_Staal;[ 37.408398 106.16118   89.45982  187.62373 ];56.0;275.0;146.0;185.0
DieGrosseLiebe-43947.jpeg;F;F;Grethe_Weiser;[ 37.408398 106.16118   89.45982  187.62373 ];163.0;544.0;237.0;469.0
DieGrosseLiebe-43947.jpeg;M;M;Viktor_Staal;[341.94775   49.981133 402.96143  147.30516 ];56.0;275.0;146.0;185.0
DieGrosseLiebe-43947.jpeg;M;F;Grethe_Weiser;[341.94775   49.981133 402.96143  147.30516 ];163.0;544.0;237.0;469.0
DieGrosseLiebe-43947.jpeg;M;M;Viktor_Staal;[182.03682   41.060337 258.36456  150.00014 ];56.0;275.0;146.0;185.0
DieGrosseLiebe-43947.jpeg;M;F;Grethe_Weiser;[182.03682   41.060337 258.36456  150.00014 ];163.0;544.0;237.0;469.0
DieGrosseLiebe-43947.jpeg;M;M;Viktor_Staal;[424.118   109.6186  477.93457 176.65572];56.0;275.0;146.0;185.0
DieGrosseLiebe-43947.jpeg;M;F;Grethe_Weiser;[424.118   109.6186  477.93457 176.65572];163.0;544.0;237.0;469.0
DieGrosseLiebe-43947.jpeg;M;M;Viktor_Staal;[566.44305  86.65971 623.9126  152.50734];56.0;275.0;146.0;185.0
DieGrosseLiebe-43947.jpeg;M;F;Grethe_Weiser;[566.44305  86.65971 623.9126  152.50734];163.0;544.0;237.0;469.0
DieGrosseLiebe-43947.jpeg;M;M;Viktor_Staal;[ 37.721806 238.88257   95.45105  357.99295 ];56.0;275.0;146.0;185.0
DieGrosseLiebe-43947.jpeg;M;F;Grethe_Weiser;[ 37.721806 238.88257   95.45105  357.99295 ];163.0;544.0;237.0;469.0
DieGrosseLiebe-45222.jpeg;F;F;Zarah_Leander;[287.67474 212.27318 369.2926  316.23825];128.0;557.0;235.0;450.0
DieGrosseLiebe-45222.jpeg;F;F;Zarah_Leander;[475.3553   118.000626 569.98206  235.83252 ];128.0;557.0;235.0;450.0
DieGrosseLiebe-45222.jpeg;F;F;Zarah_Leander;[176.61621  59.0981  248.73645 200.0378 ];128.0;557.0;235.0;450.0
DieGrosseLiebe-45472.jpeg;F;F;Zarah_Leander;[304.46338 200.6688  385.142   301.37936];128.0;569.0;235.0;462.0
DieGrosseLiebe-45472.jpeg;M;F;Zarah_Leander;[483.911    114.718605 570.4433   228.94461 ];128.0;569.0;235.0;462.0
DieGrosseLiebe-45472.jpeg;M;F;Zarah_Leander;[212.7995  112.44947 314.33017 250.91463];128.0;569.0;235.0;462.0
DieGrosseLiebe-45730.jpeg;F;F;Grethe_Weiser;[247.79837 223.76503 325.41803 319.63644];237.0;320.0;312.0;245.0
DieGrosseLiebe-45730.jpeg;M;F;Grethe_Weiser;[343.6797   50.36239 414.75095 136.15771];237.0;320.0;312.0;245.0
DieGrosseLiebe-46245.jpeg;F;F;Grethe_Weiser;[394.38422 127.70609 442.3115  191.49294];130.0;435.0;182.0;383.0
DieGrosseLiebe-46245.jpeg;M;F;Grethe_Weiser;[537.5362  127.78981 567.0346  165.64629];130.0;435.0;182.0;383.0
DieGrosseLiebe-46245.jpeg;M;F;Grethe_Weiser;[349.58942 138.35477 383.8476  188.03409];130.0;435.0;182.0;383.0
DieGrosseLiebe-46245.jpeg;F;F;Grethe_Weiser;[225.66847   50.992523 271.58704  132.61806 ];130.0;435.0;182.0;383.0
DieGrosseLiebe-46245.jpeg;M;F;Grethe_Weiser;[615.1784  132.11397 642.45197 169.97354];130.0;435.0;182.0;383.0
DieGrosseLiebe-46245.jpeg;M;F;Grethe_Weiser;[478.45    129.78043 500.93008 166.12334];130.0;435.0;182.0;383.0
DieGrosseLiebe-46370.jpeg;F;F;Grethe_Weiser;[392.36237 126.50029 442.06244 190.13805];130.0;429.0;182.0;377.0
DieGrosseLiebe-46370.jpeg;M;F;Grethe_Weiser;[228.2509    55.971478 273.1268   139.72514 ];130.0;429.0;182.0;377.0
DieGrosseLiebe-46370.jpeg;M;F;Grethe_Weiser;[568.5151  118.10177 595.5733  159.75671];130.0;429.0;182.0;377.0
DieGrosseLiebe-46635.jpeg;F;F;Zarah_Leander;[464.71625  82.2446  529.933   170.89221];96.0;527.0;171.0;453.0
DieGrosseLiebe-48481.jpeg;M;M;Viktor_Staal;[501.4952    99.974625 583.5303   213.65063 ];92.0;235.0;199.0;127.0
DieGrosseLiebe-48481.jpeg;M;M;Viktor_Staal;[256.2555  116.87652 296.44803 176.0541 ];92.0;235.0;199.0;127.0
DieGrosseLiebe-48481.jpeg;M;M;Viktor_Staal;[140.86894  75.98472 226.07222 197.73073];92.0;235.0;199.0;127.0
DieGrosseLiebe-48481.jpeg;M;M;Viktor_Staal;[371.2792  107.95502 415.81445 167.18642];92.0;235.0;199.0;127.0
DieGrosseLiebe-48631.jpeg;M;M;Viktor_Staal;[510.486   100.78972 593.98254 215.31532];96.0;225.0;186.0;135.0
DieGrosseLiebe-48631.jpeg;M;M;Viktor_Staal;[140.97075  75.31419 226.29527 197.57474];96.0;225.0;186.0;135.0
DieGrosseLiebe-48631.jpeg;M;M;Viktor_Staal;[262.0149   113.066864 302.63187  167.12794 ];96.0;225.0;186.0;135.0
DieGrosseLiebe-48631.jpeg;F;M;Viktor_Staal;[371.6439  107.07484 419.6509  168.39774];96.0;225.0;186.0;135.0
DieGrosseLiebe-48756.jpeg;M;M;Viktor_Staal;[518.30945  99.48557 604.96405 214.12677];96.0;235.0;186.0;145.0
DieGrosseLiebe-48756.jpeg;M;M;Viktor_Staal;[141.22758  75.89767 226.8318  195.17224];96.0;235.0;186.0;145.0
DieGrosseLiebe-48756.jpeg;M;M;Viktor_Staal;[260.44803 113.85475 300.7179  167.59467];96.0;235.0;186.0;145.0
DieGrosseLiebe-48756.jpeg;F;M;Viktor_Staal;[370.06696  107.759254 414.42307  167.13138 ];96.0;235.0;186.0;145.0
DieGrosseLiebe-49540.jpeg;M;F;Zarah_Leander;[378.023     91.728966 477.31522  207.5491  ];116.0;474.0;206.0;384.0
DieGrosseLiebe-49765.jpeg;M;F;Zarah_Leander;[276.58276  88.33957 374.33652 223.30113];104.0;354.0;211.0;247.0
DieGrosseLiebe-50283.jpeg;F;F;Zarah_Leander;[311.41446  63.2311  419.175   209.36224];92.0;426.0;199.0;318.0
DieGrosseLiebe-50551.jpeg;F;F;Zarah_Leander;[222.3341    73.221535 274.75034  147.31331 ];80.0;266.0;142.0;204.0
DieGrosseLiebe-50551.jpeg;F;F;Zarah_Leander;[461.97498   98.852875 513.0146   176.17102 ];80.0;266.0;142.0;204.0
DieGrosseLiebe-51296.jpeg;M;F;Zarah_Leander;[232.77818 104.46788 300.21802 192.92209];121.0;303.0;196.0;229.0
DieGrosseLiebe-51296.jpeg;F;F;Zarah_Leander;[410.66464 167.03737 468.74078 253.87599];121.0;303.0;196.0;229.0
DieGrosseLiebe-52055.jpeg;F;F;Zarah_Leander;[348.8593   91.24635 449.21658 224.69179];116.0;426.0;223.0;318.0
DieGrosseLiebe-52055.jpeg;M;F;Zarah_Leander;[212.94334  115.675186 297.70337  232.50677 ];116.0;426.0;223.0;318.0
DieGrosseLiebe-52302.jpeg;F;F;Zarah_Leander;[330.79495 107.41937 449.77213 256.1585 ];125.0;440.0;254.0;311.0
DieGrosseLiebe-52802.jpeg;F;F;Grethe_Weiser;[436.58304 120.55676 493.41962 211.70064];130.0;486.0;204.0;411.0
DieGrosseLiebe-52802.jpeg;M;F;Grethe_Weiser;[143.91286  38.87972 204.19214 152.36217];130.0;486.0;204.0;411.0
DieGrosseLiebe-53077.jpeg;F;F;Grethe_Weiser;[405.957   116.64398 440.35617 162.63417];118.0;448.0;161.0;405.0
DieGrosseLiebe-53327.jpeg;F;F;Zarah_Leander;[339.7062    93.283966 390.0974   157.85081 ];101.0;394.0;153.0;343.0
DieGrosseLiebe-53327.jpeg;M;F;Zarah_Leander;[208.80128 102.29286 248.67221 157.23152];101.0;394.0;153.0;343.0
DieGrosseLiebe-53327.jpeg;M;F;Zarah_Leander;[524.72015 327.3959  611.4261  433.38507];101.0;394.0;153.0;343.0
DieGrosseLiebe-53852.jpeg;F;F;Grethe_Weiser;[241.66351 141.95334 285.18045 203.59721];147.0;296.0;199.0;245.0
DieGrosseLiebe-53852.jpeg;M;F;Grethe_Weiser;[384.42288  46.89185 429.08734 116.79198];147.0;296.0;199.0;245.0
DieGrosseLiebe-54227.jpeg;F;F;Grethe_Weiser;[305.77316 153.50296 349.3847  206.90186];153.0;360.0;205.0;308.0
DieGrosseLiebe-54877.jpeg;F;F;Grethe_Weiser;[193.00777  109.566124 288.4683   235.78642 ];116.0;318.0;223.0;211.0
DieGrosseLiebe-54877.jpeg;M;F;Grethe_Weiser;[435.51892  -11.023044 551.9054   168.95006 ];116.0;318.0;223.0;211.0
DieGrosseLiebe-55125.jpeg;M;M;Hans_Schwarz;[415.79135   36.585648 525.9997   186.93521 ];68.0;521.0;175.0;414.0
DieGrosseLiebe-55400.jpeg;M;F;Grethe_Weiser;[4.3367938e+02 2.1123323e-01 5.6456409e+02 1.7844063e+02];136.0;335.0;226.0;245.0
DieGrosseLiebe-55400.jpeg;F;F;Grethe_Weiser;[235.8705  114.73002 322.54105 226.282  ];136.0;335.0;226.0;245.0
DieGrosseLiebe-56023.jpeg;F;F;Grethe_Weiser;[484.85284   41.320557 538.1747   122.34667 ];124.0;412.0;176.0;360.0
DieGrosseLiebe-56023.jpeg;M;F;Grethe_Weiser;[166.33232   57.413597 213.95863  127.6224  ];124.0;412.0;176.0;360.0
DieGrosseLiebe-56023.jpeg;F;F;Grethe_Weiser;[359.78946 122.50736 404.77417 178.11002];124.0;412.0;176.0;360.0
DieGrosseLiebe-56148.jpeg;F;F;Grethe_Weiser;[280.24734 149.53397 341.8757  233.52856];156.0;349.0;218.0;287.0
DieGrosseLiebe-56148.jpeg;F;M;Hans_Schwarz;[280.24734 149.53397 341.8757  233.52856];44.0;497.0;152.0;390.0
DieGrosseLiebe-56148.jpeg;M;F;Grethe_Weiser;[420.3151    34.169376 501.83978  147.85764 ];156.0;349.0;218.0;287.0
DieGrosseLiebe-56148.jpeg;M;M;Hans_Schwarz;[420.3151    34.169376 501.83978  147.85764 ];44.0;497.0;152.0;390.0
DieGrosseLiebe-56298.jpeg;F;F;Grethe_Weiser;[199.72354 180.17613 269.6417  276.00586];186.0;295.0;275.0;205.0
DieGrosseLiebe-56298.jpeg;M;F;Grethe_Weiser;[415.15775  38.91487 506.9677  171.43816];186.0;295.0;275.0;205.0
DieGrosseLiebe-56820.jpeg;M;F;Grethe_Weiser;[293.4846   81.03334 405.69736 238.09422];96.0;397.0;225.0;268.0
DieGrosseLiebe-57945.jpeg;F;F;Zarah_Leander;[288.159   121.12061 456.88895 339.90848];160.0;469.0;345.0;283.0
DieGrosseLiebe-58605.jpeg;F;F;Zarah_Leander;[302.5172  126.19578 470.04987 336.15436];139.0;448.0;325.0;262.0
DieGrosseLiebe-59130.jpeg;M;F;Zarah_Leander;[188.79124 161.97504 268.9581  261.42664];156.0;504.0;245.0;414.0
DieGrosseLiebe-59130.jpeg;M;F;Zarah_Leander;[442.9637  145.17075 517.2767  250.27654];156.0;504.0;245.0;414.0
DieGrosseLiebe-59130.jpeg;F;F;Zarah_Leander;[375.45645 148.83249 401.52817 185.98412];156.0;504.0;245.0;414.0
DieGrosseLiebe-59130.jpeg;F;F;Zarah_Leander;[311.42252 160.14606 343.3891  201.59637];156.0;504.0;245.0;414.0
DieGrosseLiebe-59498.jpeg;F;F;Zarah_Leander;[527.0633  221.59978 592.6701  298.79807];232.0;577.0;294.0;515.0
DieGrosseLiebe-59498.jpeg;M;F;Zarah_Leander;[469.09418 206.80582 494.86157 240.91643];232.0;577.0;294.0;515.0
DieGrosseLiebe-59498.jpeg;F;F;Zarah_Leander;[289.53616 178.81189 342.97168 256.90347];232.0;577.0;294.0;515.0
DieGrosseLiebe-59723.jpeg;F;F;Zarah_Leander;[469.49707 157.15631 550.6511  256.56177];166.0;534.0;255.0;444.0
DieGrosseLiebe-59723.jpeg;M;F;Zarah_Leander;[183.48392 191.7517  266.1266  278.30826];166.0;534.0;255.0;444.0
DieGrosseLiebe-59723.jpeg;M;F;Zarah_Leander;[383.3622  113.97794 411.22906 152.49539];166.0;534.0;255.0;444.0
DieGrosseLiebe-59723.jpeg;M;F;Zarah_Leander;[317.36716 126.24267 347.54425 169.96634];166.0;534.0;255.0;444.0
DieGrosseLiebe-60248.jpeg;F;F;Zarah_Leander;[458.9418  144.60095 539.1013  243.00249];156.0;524.0;245.0;434.0
DieGrosseLiebe-60248.jpeg;M;F;Zarah_Leander;[181.72063 173.22977 263.90515 279.62094];156.0;524.0;245.0;434.0
DieGrosseLiebe-60248.jpeg;M;F;Zarah_Leander;[375.8515   116.030106 404.08533  152.2085  ];156.0;524.0;245.0;434.0
DieGrosseLiebe-60248.jpeg;M;F;Zarah_Leander;[256.25748   87.069534 273.2658   110.41633 ];156.0;524.0;245.0;434.0
DieGrosseLiebe-60248.jpeg;F;F;Zarah_Leander;[257.4752    50.037395 276.21368   73.83533 ];156.0;524.0;245.0;434.0
DieGrosseLiebe-60248.jpeg;M;F;Zarah_Leander;[294.15704 136.19487 322.78452 172.878  ];156.0;524.0;245.0;434.0
DieGrosseLiebe-61539.jpeg;F;F;Zarah_Leander;[422.92477 107.30094 489.0834  189.89748];113.0;478.0;188.0;403.0
DieGrosseLiebe-62162.jpeg;F;F;Zarah_Leander;[344.2214   93.34677 473.57437 261.6122 ];98.0;476.0;253.0;322.0
DieGrosseLiebe-62404.jpeg;F;F;Zarah_Leander;[287.9561  114.58892 413.20383 269.272  ];139.0;411.0;268.0;282.0
DieGrosseLiebe-62928.jpeg;M;M;Viktor_Staal;[236.78235  -14.480591 481.21774  266.1789  ];19.0;489.0;242.0;266.0
DieGrosseLiebe-63603.jpeg;F;F;Zarah_Leander;[413.21262 113.66612 527.1147  255.4906 ];125.0;511.0;254.0;382.0
DieGrosseLiebe-63603.jpeg;M;F;Zarah_Leander;[294.31256 157.80534 369.69968 299.50882];125.0;511.0;254.0;382.0
DieGrosseLiebe-63703.jpeg;F;F;Zarah_Leander;[409.09528 115.73253 524.13715 254.62051];125.0;511.0;254.0;382.0
DieGrosseLiebe-63853.jpeg;F;F;Zarah_Leander;[407.01233 111.55897 523.41144 251.10735];110.0;511.0;239.0;382.0
DieGrosseLiebe-65115.jpeg;F;F;Zarah_Leander;[168.8711   87.57789 474.44482 478.10205];134.0;526.0;455.0;205.0
DieGrosseLiebe-65490.jpeg;F;F;Zarah_Leander;[341.9514   66.35248 459.93777 233.47815];82.0;454.0;211.0;325.0
DieGrosseLiebe-66140.jpeg;F;F;Zarah_Leander;[330.96957  82.40484 471.11887 269.3196 ];98.0;459.0;253.0;304.0
DieGrosseLiebe-66901.jpeg;M;M;Viktor_Staal;[327.66953   40.741398 428.22528  192.39957 ];68.0;438.0;175.0;330.0
DieGrosseLiebe-67040.jpeg;M;M;Viktor_Staal;[324.4184   41.77425 424.2649  194.93309];53.0;440.0;182.0;311.0
DieGrosseLiebe-67140.jpeg;M;M;Viktor_Staal;[340.91495  45.51642 443.35446 199.55307];67.0;454.0;196.0;325.0
DieGrosseLiebe-67390.jpeg;M;M;Viktor_Staal;[ 76.07678 271.03967 178.2729  427.66336];297.0;210.0;426.0;81.0
DieGrosseLiebe-67390.jpeg;F;M;Viktor_Staal;[346.7894    88.150925 430.88867  230.74435 ];297.0;210.0;426.0;81.0
DieGrosseLiebe-67790.jpeg;M;F;Zarah_Leander;[212.68369 147.48119 311.95    289.9554 ];311.0;368.0;440.0;239.0
DieGrosseLiebe-67790.jpeg;F;F;Zarah_Leander;[284.89474 297.759   381.0375  439.40115];311.0;368.0;440.0;239.0
DieGrosseLiebe-67903.jpeg;F;F;Zarah_Leander;[252.84099 283.2623  354.78558 418.27814];282.0;354.0;411.0;225.0
DieGrosseLiebe-67903.jpeg;M;F;Zarah_Leander;[214.67897 147.17053 308.18625 276.74573];282.0;354.0;411.0;225.0
DieGrosseLiebe-68749.jpeg;F;F;Zarah_Leander;[418.63992 132.66113 535.3031  266.5131 ];125.0;526.0;254.0;397.0
DieGrosseLiebe-68749.jpeg;M;F;Zarah_Leander;[215.76561 135.77647 317.90057 271.19635];125.0;526.0;254.0;397.0
DieGrosseLiebe-68749.jpeg;M;F;Zarah_Leander;[349.3179    52.265278 403.6521   130.25539 ];125.0;526.0;254.0;397.0
DieGrosseLiebe-68749.jpeg;F;F;Zarah_Leander;[588.51776     1.7932838 634.0326     51.759163 ];125.0;526.0;254.0;397.0
DieGrosseLiebe-68749.jpeg;M;F;Zarah_Leander;[170.3162   -14.907888 207.25725   31.638823];125.0;526.0;254.0;397.0
DieGrosseLiebe-68749.jpeg;M;F;Zarah_Leander;[446.811     19.875284 485.53595   59.54172 ];125.0;526.0;254.0;397.0
DieGrosseLiebe-68749.jpeg;M;F;Zarah_Leander;[ 31.25102   -15.2598295  74.21352    70.36726  ];125.0;526.0;254.0;397.0
DieGrosseLiebe-68999.jpeg;F;F;Zarah_Leander;[416.2514  139.08224 533.25287 266.9968 ];152.0;509.0;259.0;402.0
DieGrosseLiebe-68999.jpeg;M;F;Zarah_Leander;[574.1529      5.6635833 617.91876    58.36756  ];152.0;509.0;259.0;402.0
DieGrosseLiebe-68999.jpeg;M;F;Zarah_Leander;[172.87163  -11.951069 209.78404   34.74652 ];152.0;509.0;259.0;402.0
DieGrosseLiebe-68999.jpeg;M;F;Zarah_Leander;[211.47734 121.32013 310.98828 264.6361 ];152.0;509.0;259.0;402.0
DieGrosseLiebe-68999.jpeg;M;F;Zarah_Leander;[349.6712    62.429226 405.92007  140.21301 ];152.0;509.0;259.0;402.0
DieGrosseLiebe-68999.jpeg;M;F;Zarah_Leander;[ 26.365366 -16.03351   72.305305  68.78284 ];152.0;509.0;259.0;402.0
DieGrosseLiebe-68999.jpeg;F;F;Zarah_Leander;[465.71124   10.510142 505.92715   60.941635];152.0;509.0;259.0;402.0
DieGrosseLiebe-68999.jpeg;F;F;Zarah_Leander;[657.2582    32.301502 692.2066   127.76257 ];152.0;509.0;259.0;402.0
DieGrosseLiebe-69274.jpeg;F;F;Zarah_Leander;[411.0186  139.46707 524.07855 272.0807 ];139.0;511.0;268.0;382.0
DieGrosseLiebe-69274.jpeg;M;F;Zarah_Leander;[ 36.270554 -18.70789   89.10658   63.953274];139.0;511.0;268.0;382.0
DieGrosseLiebe-69274.jpeg;M;F;Zarah_Leander;[201.11572 131.49054 308.1685  264.5404 ];139.0;511.0;268.0;382.0
DieGrosseLiebe-69274.jpeg;F;F;Zarah_Leander;[441.21832    8.064193 479.83286   55.110577];139.0;511.0;268.0;382.0
DieGrosseLiebe-69274.jpeg;F;F;Zarah_Leander;[161.4061   -16.275768 199.59036   31.677961];139.0;511.0;268.0;382.0
DieGrosseLiebe-69274.jpeg;M;F;Zarah_Leander;[350.6317    57.242786 401.46228  134.73695 ];139.0;511.0;268.0;382.0
DieGrosseLiebe-69274.jpeg;M;F;Zarah_Leander;[585.3473     7.807123 630.0774    57.48976 ];139.0;511.0;268.0;382.0
DieGrosseLiebe-69274.jpeg;M;F;Zarah_Leander;[241.59592   -15.3654785 280.6668     39.19029  ];139.0;511.0;268.0;382.0
DieGrosseLiebe-70024.jpeg;M;M;Viktor_Staal;[114.01488  82.95689 182.27942 173.3542 ];96.0;196.0;171.0;121.0
DieGrosseLiebe-70024.jpeg;M;M;Viktor_Staal;[473.83762 126.80102 535.26086 203.32047];96.0;196.0;171.0;121.0
DieGrosseLiebe-70299.jpeg;M;M;Viktor_Staal;[189.19441 116.15084 247.51826 203.42964];130.0;262.0;204.0;187.0
DieGrosseLiebe-70399.jpeg;M;M;Viktor_Staal;[259.97504  73.06694 333.48816 178.17717];86.0;354.0;176.0;265.0
DieGrosseLiebe-71198.jpeg;F;F;Grethe_Weiser;[331.98026 142.55762 392.58273 236.35237];155.0;386.0;229.0;312.0
DieGrosseLiebe-71198.jpeg;M;F;Grethe_Weiser;[242.25365 100.86347 289.8545  173.21223];155.0;386.0;229.0;312.0
DieGrosseLiebe-71833.jpeg;F;F;Zarah_Leander;[195.78111 198.4714  299.5295  329.83475];223.0;306.0;331.0;199.0
DieGrosseLiebe-71833.jpeg;M;F;Zarah_Leander;[420.40228 217.99792 528.2163  352.72058];223.0;306.0;331.0;199.0
DieGrosseLiebe-71958.jpeg;M;F;Zarah_Leander;[433.26434 185.00964 540.9696  317.89856];223.0;294.0;331.0;187.0
DieGrosseLiebe-71958.jpeg;F;F;Zarah_Leander;[185.66203 196.91322 291.71442 327.38913];223.0;294.0;331.0;187.0
DieGrosseLiebe-72183.jpeg;F;F;Zarah_Leander;[192.5191  195.31776 294.49747 323.65894];211.0;306.0;319.0;199.0
DieGrosseLiebe-72183.jpeg;M;F;Zarah_Leander;[424.51373 204.67606 529.96625 331.84238];211.0;306.0;319.0;199.0
DieGrosseLiebe-72333.jpeg;F;F;Zarah_Leander;[185.75198 195.17819 292.25308 321.7057 ];211.0;294.0;319.0;187.0
DieGrosseLiebe-72333.jpeg;M;F;Zarah_Leander;[463.84634 185.2079  567.04376 315.86063];211.0;294.0;319.0;187.0
DieGrosseLiebe-72458.jpeg;F;F;Zarah_Leander;[233.90625 196.21286 327.84363 327.08298];211.0;354.0;319.0;247.0
DieGrosseLiebe-72458.jpeg;M;F;Zarah_Leander;[424.64087 178.93973 527.04065 316.7413 ];211.0;354.0;319.0;247.0
DieGrosseLiebe-72697.jpeg;M;F;Grethe_Weiser;[102.645996 140.60257  172.04857  234.97417 ];155.0;179.0;229.0;104.0
DieGrosseLiebe-72697.jpeg;M;F;Grethe_Weiser;[573.9349   80.54237 620.1614  142.3884 ];155.0;179.0;229.0;104.0
DieGrosseLiebe-76928.jpeg;M;M;Viktor_Staal;[344.97165   53.583427 455.6875   227.9148  ];82.0;468.0;211.0;339.0
DieGrosseLiebe-77153.jpeg;M;F;Zarah_Leander;[240.97624  70.95032 312.81555 174.39288];80.0;533.0;187.0;426.0
DieGrosseLiebe-77153.jpeg;F;F;Zarah_Leander;[446.20544   71.592476 532.8438   194.42383 ];80.0;533.0;187.0;426.0
DieGrosseLiebe-77153.jpeg;M;F;Zarah_Leander;[362.6159    73.213745 469.99875  241.3829  ];80.0;533.0;187.0;426.0
DieGrosseLiebe-77428.jpeg;M;F;Zarah_Leander;[220.70435  79.12766 294.77405 178.9933 ];80.0;509.0;187.0;402.0
DieGrosseLiebe-77428.jpeg;F;F;Zarah_Leander;[428.7784   73.12103 521.3565  196.80003];80.0;509.0;187.0;402.0
DieGrosseLiebe-80003.jpeg;F;F;Zarah_Leander;[329.28522  69.78718 428.46097 210.41792];92.0;426.0;199.0;318.0
DieGrosseLiebe-80128.jpeg;F;F;Zarah_Leander;[368.51282  75.40502 472.0793  196.78938];92.0;485.0;199.0;378.0
DieGrosseLiebe-80522.jpeg;F;F;Zarah_Leander;[327.68356   62.328506 430.0111   194.17665 ];80.0;426.0;187.0;318.0
DieGrosseLiebe-81137.jpeg;F;F;Zarah_Leander;[304.53394  98.9545  402.25504 228.3829 ];126.0;374.0;216.0;285.0
DieGrosseLiebe-81277.jpeg;F;F;Zarah_Leander;[314.29324  64.64752 417.3611  195.52054];80.0;426.0;187.0;318.0
DieGrosseLiebe-81402.jpeg;F;F;Zarah_Leander;[270.48038  73.53174 379.7714  202.08115];92.0;378.0;199.0;270.0
DieGrosseLiebe-82528.jpeg;M;M;Viktor_Staal;[182.78499     1.9483196 268.05383   111.793274 ];26.0;285.0;116.0;195.0
DieGrosseLiebe-82528.jpeg;M;M;Viktor_Staal;[398.05133  90.86026 458.60217 199.20804];26.0;285.0;116.0;195.0
DieGrosseLiebe-82653.jpeg;M;M;Viktor_Staal;[197.97636  49.5106  271.7703  155.43608];56.0;285.0;146.0;195.0
DieGrosseLiebe-82653.jpeg;M;M;Viktor_Staal;[456.28546 158.8197  519.1098  262.86966];56.0;285.0;146.0;195.0
DieGrosseLiebe-82903.jpeg;M;M;Viktor_Staal;[231.4941    56.171722 312.19897  162.5807  ];66.0;325.0;156.0;235.0
DieGrosseLiebe-82903.jpeg;M;M;Viktor_Staal;[481.32855 169.79895 542.4661  278.19846];66.0;325.0;156.0;235.0
DieGrosseLiebe-83691.jpeg;F;F;Zarah_Leander;[434.82312 143.28871 493.16467 223.97076];146.0;486.0;221.0;411.0
DieGrosseLiebe-83691.jpeg;M;F;Zarah_Leander;[262.0411  155.98093 328.88467 234.43921];146.0;486.0;221.0;411.0
DieGrosseLiebe-83691.jpeg;F;F;Zarah_Leander;[ 66.61423  182.63562  102.408966 222.34763 ];146.0;486.0;221.0;411.0
DieGrosseLiebe-83691.jpeg;M;F;Zarah_Leander;[577.5557  171.30736 614.89703 215.8413 ];146.0;486.0;221.0;411.0
DieGrosseLiebe-83691.jpeg;F;F;Zarah_Leander;[643.59      58.692757 675.1498   100.915085];146.0;486.0;221.0;411.0
DieGrosseLiebe-83941.jpeg;M;F;Zarah_Leander;[242.62102 164.18784 309.17075 240.84637];149.0;481.0;211.0;418.0
DieGrosseLiebe-83941.jpeg;F;F;Zarah_Leander;[434.45602 141.51064 491.759   219.26367];149.0;481.0;211.0;418.0
DieGrosseLiebe-83941.jpeg;M;F;Zarah_Leander;[570.5563  169.07399 607.4629  213.43301];149.0;481.0;211.0;418.0
DieGrosseLiebe-83941.jpeg;M;F;Zarah_Leander;[628.59845 161.52043 647.81067 186.73361];149.0;481.0;211.0;418.0
DieGrosseLiebe-83941.jpeg;F;F;Zarah_Leander;[370.57516 163.14658 397.5782  195.93202];149.0;481.0;211.0;418.0
DieGrosseLiebe-84066.jpeg;F;F;Zarah_Leander;[302.8004  158.03027 437.70807 343.43207];167.0;425.0;322.0;270.0
DieGrosseLiebe-84066.jpeg;M;F;Zarah_Leander;[606.3723  202.4993  663.71826 280.90985];167.0;425.0;322.0;270.0
DieGrosseLiebe-84216.jpeg;F;F;Zarah_Leander;[297.95316 154.02623 438.98657 339.75916];184.0;425.0;339.0;270.0
DieGrosseLiebe-84216.jpeg;M;F;Zarah_Leander;[600.2326  206.86163 660.52905 282.4383 ];184.0;425.0;339.0;270.0
DieGrosseLiebe-84591.jpeg;F;F;Zarah_Leander;[284.3402  119.33408 426.5336  312.49307];150.0;408.0;305.0;253.0
DieGrosseLiebe-84591.jpeg;M;F;Zarah_Leander;[596.61957 176.55742 653.9879  251.29825];150.0;408.0;305.0;253.0
DieGrosseLiebe-84591.jpeg;M;F;Zarah_Leander;[149.49153 150.95587 212.87206 233.47737];150.0;408.0;305.0;253.0
DieGrosseLiebe-84691.jpeg;F;F;Zarah_Leander;[608.21234 173.90489 670.19684 253.20076];133.0;425.0;288.0;270.0
DieGrosseLiebe-84691.jpeg;F;F;Zarah_Leander;[289.432   116.71978 433.3463  303.7072 ];133.0;425.0;288.0;270.0
DieGrosseLiebe-86482.jpeg;M;M;Viktor_Staal;[247.36801  98.78095 317.67087 197.51028];94.0;432.0;156.0;370.0
DieGrosseLiebe-86482.jpeg;M;M;Viktor_Staal;[377.97235   75.846275 438.32858  161.73706 ];94.0;432.0;156.0;370.0
DieGrosseLiebe-86482.jpeg;F;M;Viktor_Staal;[568.1546    84.814384 588.6229   112.38655 ];94.0;432.0;156.0;370.0
DieGrosseLiebe-87907.jpeg;M;F;Zarah_Leander;[341.76718   53.304607 394.5486   123.74633 ];205.0;515.0;267.0;453.0
DieGrosseLiebe-87907.jpeg;F;F;Zarah_Leander;[448.65686 191.44374 508.48923 267.2374 ];205.0;515.0;267.0;453.0
DieGrosseLiebe-87907.jpeg;M;F;Zarah_Leander;[557.623   113.90922 586.83246 150.42368];205.0;515.0;267.0;453.0
DieGrosseLiebe-87907.jpeg;M;F;Zarah_Leander;[248.71773 191.96002 290.46295 265.5064 ];205.0;515.0;267.0;453.0
DieGrosseLiebe-90462.jpeg;M;M;Wolfgang_Preiss;[ 66.81565  169.23619  122.120766 238.38535 ];67.0;440.0;196.0;311.0
DieGrosseLiebe-90462.jpeg;M;M;Wolfgang_Preiss;[251.59375 168.91818 303.7096  236.68193];67.0;440.0;196.0;311.0
DieGrosseLiebe-90462.jpeg;F;M;Wolfgang_Preiss;[555.7263  207.85678 607.2647  276.95682];67.0;440.0;196.0;311.0
DieGrosseLiebe-90462.jpeg;M;M;Wolfgang_Preiss;[301.93518  44.32773 421.99954 217.10767];67.0;440.0;196.0;311.0
DieGrosseLiebe-90462.jpeg;F;M;Wolfgang_Preiss;[430.59644 163.59155 469.5887  209.3029 ];67.0;440.0;196.0;311.0
DieGrosseLiebe-90462.jpeg;F;M;Wolfgang_Preiss;[156.63588 194.58424 198.85266 242.4518 ];67.0;440.0;196.0;311.0
DieGrosseLiebe-90462.jpeg;M;M;Wolfgang_Preiss;[502.93723 169.3031  546.9702  222.24512];67.0;440.0;196.0;311.0
DieGrosseLiebe-90462.jpeg;F;M;Wolfgang_Preiss;[128.84436 149.34253 168.78508 199.89754];67.0;440.0;196.0;311.0
DieGrosseLiebe-90580.jpeg;M;M;Viktor_Staal;[457.91638   63.910378 585.93054  250.04976 ];81.0;580.0;236.0;425.0
DieGrosseLiebe-90580.jpeg;F;M;Viktor_Staal;[186.64375 125.78266 297.21548 263.47256];81.0;580.0;236.0;425.0
DieGrosseLiebe-90580.jpeg;M;M;Viktor_Staal;[ 37.454025 218.77043   77.95301  281.40808 ];81.0;580.0;236.0;425.0
DieGrosseLiebe-90580.jpeg;F;M;Viktor_Staal;[408.7064  198.42796 447.54425 252.89272];81.0;580.0;236.0;425.0
DieGrosseLiebe-90580.jpeg;M;M;Viktor_Staal;[285.21045 213.54433 325.36914 266.99103];81.0;580.0;236.0;425.0
DieGrosseLiebe-90705.jpeg;M;M;Viktor_Staal;[226.22838  73.27452 358.81616 257.09708];98.0;390.0;253.0;236.0
DieGrosseLiebe-90705.jpeg;M;M;Viktor_Staal;[434.30228 167.7416  543.60187 325.45642];98.0;390.0;253.0;236.0
DieGrosseLiebe-90705.jpeg;M;M;Viktor_Staal;[110.25061 194.93163 159.16003 260.4634 ];98.0;390.0;253.0;236.0
DieGrosseLiebe-92755.jpeg;F;F;Zarah_Leander;[468.29474 212.12973 547.21466 311.5869 ];237.0;544.0;312.0;469.0
DieGrosseLiebe-92755.jpeg;M;F;Zarah_Leander;[280.5938   88.30756 356.1938  171.29382];237.0;544.0;312.0;469.0
DieGrosseLiebe-92755.jpeg;F;F;Zarah_Leander;[402.7023   61.36247 449.03607 114.43809];237.0;544.0;312.0;469.0
DieGrosseLiebe-92880.jpeg;F;F;Grethe_Weiser;[482.14005 225.7934  556.60046 318.21854];237.0;544.0;312.0;469.0
DieGrosseLiebe-92880.jpeg;M;F;Grethe_Weiser;[274.7046   41.19735 342.61084 140.03236];237.0;544.0;312.0;469.0
DieGrosseLiebe-92880.jpeg;F;F;Grethe_Weiser;[403.69363   59.529823 448.91476  112.345795];237.0;544.0;312.0;469.0
DieGrosseLiebe-92880.jpeg;F;F;Grethe_Weiser;[189.75594   34.920376 213.2979    67.96269 ];237.0;544.0;312.0;469.0
DieGrosseLiebe-93255.jpeg;F;F;Zarah_Leander;[206.83658 210.47385 266.62137 284.16223];218.0;266.0;281.0;204.0
DieGrosseLiebe-93255.jpeg;M;F;Zarah_Leander;[304.35522  97.2072  369.2904  160.28685];218.0;266.0;281.0;204.0
DieGrosseLiebe-93255.jpeg;M;F;Zarah_Leander;[139.15689  71.13011 182.20186 120.12319];218.0;266.0;281.0;204.0
DieGrosseLiebe-9466.jpeg;M;F;Zarah_Leander;[323.49396  53.72053 412.68677 174.67516];76.0;404.0;166.0;315.0
DieGrosseLiebe-96733.jpeg;M;F;Grethe_Weiser;[169.99306 131.77443 225.61372 206.24837];147.0;222.0;199.0;170.0
DieGrosseLiebe-96733.jpeg;M;F;Grethe_Weiser;[518.25745 129.08852 574.91754 220.08226];147.0;222.0;199.0;170.0
DieGrosseLiebe-96733.jpeg;M;F;Grethe_Weiser;[439.20633 171.49612 459.24057 197.04794];147.0;222.0;199.0;170.0
DieGrosseLiebe-96733.jpeg;M;F;Grethe_Weiser;[395.1694  147.5305  415.34076 177.85788];147.0;222.0;199.0;170.0
DieGrosseLiebe-96733.jpeg;F;F;Grethe_Weiser;[103.10752 156.9073  115.39917 171.37283];147.0;222.0;199.0;170.0
DieGrosseLiebe-97847.jpeg;F;M;Hans_Schwarz;[172.81903  62.53217 246.23077 159.49918];63.0;552.0;138.0;478.0
DieGrosseLiebe-97847.jpeg;M;M;Hans_Schwarz;[478.43234  40.32242 550.0376  149.48892];63.0;552.0;138.0;478.0
DieGrosseLiebe-98122.jpeg;F;F;Grethe_Weiser;[436.59058  86.1154  500.62958 175.29631];96.0;494.0;171.0;419.0
DieGrosseLiebe-98122.jpeg;M;F;Grethe_Weiser;[222.12445   49.946854 301.29074  139.09319 ];96.0;494.0;171.0;419.0
DieGrosseLiebe-98247.jpeg;F;F;Grethe_Weiser;[451.67828  85.30813 513.66266 175.75777];96.0;502.0;171.0;428.0
DieGrosseLiebe-98247.jpeg;M;F;Grethe_Weiser;[234.19154   49.088276 312.24503  140.42348 ];96.0;502.0;171.0;428.0
DieGrosseLiebe-98372.jpeg;F;F;Grethe_Weiser;[501.52234  119.996895 561.87213  204.73032 ];130.0;560.0;204.0;486.0
DieGrosseLiebe-98372.jpeg;M;F;Grethe_Weiser;[289.05106  69.07676 345.46454 141.6042 ];130.0;560.0;204.0;486.0
DieGrosseLiebe-99422.jpeg;F;F;Grethe_Weiser;[457.83054  120.365425 518.58435  205.14404 ];130.0;511.0;204.0;436.0
DieGrosseLiebe-99422.jpeg;F;F;Grethe_Weiser;[167.27632   38.924236 225.90013  122.71678 ];130.0;511.0;204.0;436.0
DieGrosseLiebe-99422.jpeg;F;F;Grethe_Weiser;[396.85086  97.76613 410.86224 115.65882];130.0;511.0;204.0;436.0
DieUnheimlicheWandlungdesAlexRoscherOscarSima-101280.jpeg;M;F;Martha_Ziegler;[330.68814 236.0187  453.61954 383.17313];253.0;476.0;408.0;322.0
DieUnheimlicheWandlungdesAlexRoscherOscarSima-102240.jpeg;F;F;Viktoria_von_Ballasko;[263.2395  262.02448 520.08093 565.1911 ];290.0;557.0;558.0;290.0
DieUnheimlicheWandlungdesAlexRoscherOscarSima-102400.jpeg;F;F;Viktoria_von_Ballasko;[258.35406 255.1725  512.9246  558.803  ];290.0;557.0;558.0;290.0
DieUnheimlicheWandlungdesAlexRoscherOscarSima-102560.jpeg;F;F;Lisa_Helwig;[263.7695  262.89243 519.45447 558.03815];290.0;557.0;558.0;290.0
DieUnheimlicheWandlungdesAlexRoscherOscarSima-107360.jpeg;M;F;Angela_Salloker;[402.66037 198.7912  583.62555 410.52365];222.0;551.0;407.0;366.0
DieUnheimlicheWandlungdesAlexRoscherOscarSima-107520.jpeg;M;F;Angela_Salloker;[235.10944 102.25665 383.2484  314.42618];236.0;683.0;391.0;528.0
DieUnheimlicheWandlungdesAlexRoscherOscarSima-107520.jpeg;M;F;Angela_Salloker;[568.77826 243.13632 692.72217 388.0806 ];236.0;683.0;391.0;528.0
DieUnheimlicheWandlungdesAlexRoscherOscarSima-113600.jpeg;M;F;Martha_Ziegler;[425.94766 194.46675 566.9821  367.89017];202.0;562.0;356.0;408.0
DieUnheimlicheWandlungdesAlexRoscherOscarSima-118400.jpeg;M;M;Karl_Martell;[477.85474 163.4898  611.75836 346.17844];184.0;597.0;339.0;442.0
DieUnheimlicheWandlungdesAlexRoscherOscarSima-120640.jpeg;F;F;Hilde_von_Stolz;[355.32166 184.90062 601.823   499.26913];201.0;587.0;468.0;319.0
DieUnheimlicheWandlungdesAlexRoscherOscarSima-126720.jpeg;M;F;Inge_Landgut;[410.06088 250.89473 622.6674  510.789  ];266.0;637.0;489.0;414.0
DieUnheimlicheWandlungdesAlexRoscherOscarSima-133760.jpeg;F;F;Edith_Oss;[469.37402 225.04701 628.0582  412.26306];222.0;613.0;407.0;428.0
DieUnheimlicheWandlungdesAlexRoscherOscarSima-145760.jpeg;M;M;Rudolf_Prack;[457.28085 147.46692 564.8799  297.23505];168.0;583.0;297.0;454.0
DieUnheimlicheWandlungdesAlexRoscherOscarSima-145760.jpeg;F;M;Rudolf_Prack;[853.1758  220.06134 947.27856 353.62592];168.0;583.0;297.0;454.0
DieUnheimlicheWandlungdesAlexRoscherOscarSima-145760.jpeg;M;M;Rudolf_Prack;[  7.210373 179.15771  128.40935  334.97308 ];168.0;583.0;297.0;454.0
DieUnheimlicheWandlungdesAlexRoscherOscarSima-21120.jpeg;M;F;Inge_Landgut;[281.53748 144.76067 372.23257 260.48508];152.0;390.0;259.0;282.0
DieUnheimlicheWandlungdesAlexRoscherOscarSima-21120.jpeg;M;F;Inge_Landgut;[568.424   255.19305 688.67456 401.5961 ];152.0;390.0;259.0;282.0
DieUnheimlicheWandlungdesAlexRoscherOscarSima-21440.jpeg;M;F;Martha_Ziegler;[289.1442  148.04398 380.2729  265.16068];163.0;402.0;271.0;294.0
DieUnheimlicheWandlungdesAlexRoscherOscarSima-21440.jpeg;M;F;Martha_Ziegler;[530.58246 196.69727 620.56165 338.48703];163.0;402.0;271.0;294.0
DieUnheimlicheWandlungdesAlexRoscherOscarSima-21600.jpeg;M;F;Martha_Ziegler;[289.79117 157.7013  377.7693  269.4363 ];163.0;402.0;271.0;294.0
DieUnheimlicheWandlungdesAlexRoscherOscarSima-21600.jpeg;M;F;Martha_Ziegler;[570.9269  263.9743  693.3586  405.02948];163.0;402.0;271.0;294.0
DieUnheimlicheWandlungdesAlexRoscherOscarSima-40000.jpeg;F;F;Ursula_Grabley;[140.49153 320.44424 212.30919 401.76508];329.0;212.0;403.0;137.0
DieUnheimlicheWandlungdesAlexRoscherOscarSima-40480.jpeg;M;F;Maria_Nicklisch;[344.9505   112.187164 441.01862  244.33156 ];325.0;669.0;454.0;540.0
DieUnheimlicheWandlungdesAlexRoscherOscarSima-40480.jpeg;F;F;Maria_Nicklisch;[572.09314 323.51532 691.9159  467.43164];325.0;669.0;454.0;540.0
DieUnheimlicheWandlungdesAlexRoscherOscarSima-40960.jpeg;M;F;Inge_List;[254.96567  118.406166 362.3801   275.63712 ];311.0;669.0;440.0;540.0
DieUnheimlicheWandlungdesAlexRoscherOscarSima-40960.jpeg;F;F;Inge_List;[561.4648  309.86572 683.7292  460.17685];311.0;669.0;440.0;540.0
DieUnheimlicheWandlungdesAlexRoscherOscarSima-54240.jpeg;M;F;Angela_Salloker;[670.229   172.05945 769.587   269.02234];262.0;328.0;337.0;254.0
DieUnheimlicheWandlungdesAlexRoscherOscarSima-54240.jpeg;F;F;Angela_Salloker;[248.00569 256.81833 316.21893 346.69473];262.0;328.0;337.0;254.0
DieUnheimlicheWandlungdesAlexRoscherOscarSima-56160.jpeg;M;M;Karl_Martell;[472.1457  197.59064 597.1315  358.08804];202.0;597.0;356.0;442.0
DieUnheimlicheWandlungdesAlexRoscherOscarSima-56640.jpeg;M;M;Karl_Martell;[343.23022  94.91801 446.712   232.76186];225.0;612.0;354.0;483.0
DieUnheimlicheWandlungdesAlexRoscherOscarSima-56640.jpeg;M;M;Karl_Martell;[505.409   196.1853  625.816   350.96808];225.0;612.0;354.0;483.0
DieUnheimlicheWandlungdesAlexRoscherOscarSima-61600.jpeg;M;M;Rudolf_Prack;[348.33984 192.17291 500.08258 378.52728];219.0;494.0;374.0;339.0
DieUnheimlicheWandlungdesAlexRoscherOscarSima-61600.jpeg;F;M;Rudolf_Prack;[712.53314 115.81169 916.05176 370.19077];219.0;494.0;374.0;339.0
DieUnheimlicheWandlungdesAlexRoscherOscarSima-61784.jpeg;M;M;Karl_Martell;[345.32437 199.71693 497.61923 383.15652];219.0;494.0;374.0;339.0
DieUnheimlicheWandlungdesAlexRoscherOscarSima-61784.jpeg;F;M;Karl_Martell;[724.35565 122.28358 927.83997 373.36572];219.0;494.0;374.0;339.0
DieUnheimlicheWandlungdesAlexRoscherOscarSima-62124.jpeg;M;M;Rudolf_Prack;[282.76428 159.37994 406.26617 317.4893 ];182.0;397.0;311.0;268.0
DieUnheimlicheWandlungdesAlexRoscherOscarSima-62124.jpeg;M;M;Rudolf_Prack;[626.02435 191.83879 751.23987 359.8722 ];182.0;397.0;311.0;268.0
DieUnheimlicheWandlungdesAlexRoscherOscarSima-62400.jpeg;M;M;Rudolf_Prack;[281.64624 166.09776 402.92477 325.95593];182.0;397.0;311.0;268.0
DieUnheimlicheWandlungdesAlexRoscherOscarSima-62400.jpeg;M;M;Rudolf_Prack;[628.5989  209.19737 754.2541  370.33804];182.0;397.0;311.0;268.0
DieUnheimlicheWandlungdesAlexRoscherOscarSima-68640.jpeg;M;F;Angela_Salloker;[422.85803 276.95993 556.9572  442.15073];270.0;304.0;425.0;150.0
DieUnheimlicheWandlungdesAlexRoscherOscarSima-68640.jpeg;F;F;Angela_Salloker;[124.47755 267.08688 257.418   431.57986];270.0;304.0;425.0;150.0
DieUnheimlicheWandlungdesAlexRoscherOscarSima-73920.jpeg;M;F;Hilde_von_Stolz;[661.8339  143.30475 728.75995 225.46492];146.0;718.0;221.0;643.0
DieUnheimlicheWandlungdesAlexRoscherOscarSima-74080.jpeg;F;F;Hilde_von_Stolz;[662.69995 146.0858  728.73486 230.76448];155.0;718.0;229.0;643.0
DieUnheimlicheWandlungdesAlexRoscherOscarSima-76960.jpeg;F;F;Angela_Salloker;[573.8141  253.35243 657.1517  370.69922];259.0;665.0;367.0;557.0
DieUnheimlicheWandlungdesAlexRoscherOscarSima-77920.jpeg;F;F;Hilde_Krahl;[323.54602 221.11583 573.7478  565.5189 ];241.0;562.0;562.0;241.0
DieUnheimlicheWandlungdesAlexRoscherOscarSima-79680.jpeg;M;M;Rudolf_Prack;[398.86917 207.19565 654.56635 522.878  ];260.0;617.0;528.0;349.0
DieUnheimlicheWandlungdesAlexRoscherOscarSima-79680.jpeg;M;M;Rudolf_Prack;[ 56.007477 201.78383  286.28268  526.7186  ];260.0;617.0;528.0;349.0
DieUnheimlicheWandlungdesAlexRoscherOscarSima-82720.jpeg;M;F;Maria_Nicklisch;[523.88214 174.79399 627.78973 310.0746 ];211.0;318.0;319.0;211.0
DieUnheimlicheWandlungdesAlexRoscherOscarSima-82720.jpeg;F;F;Maria_Nicklisch;[205.82964 209.23851 301.14133 324.15622];211.0;318.0;319.0;211.0
DieUnheimlicheWandlungdesAlexRoscherOscarSima-83040.jpeg;M;F;Angela_Salloker;[634.1302  185.34778 783.68427 396.5504 ];270.0;373.0;425.0;218.0
DieUnheimlicheWandlungdesAlexRoscherOscarSima-83040.jpeg;M;F;Angela_Salloker;[205.8485  269.59387 343.2106  437.26862];270.0;373.0;425.0;218.0
DieUnheimlicheWandlungdesAlexRoscherOscarSima-8320.jpeg;M;M;Eduard_von_Winterstein;[633.94006 157.00974 771.12476 342.4048 ];184.0;752.0;339.0;597.0
DieUnheimlicheWandlungdesAlexRoscherOscarSima-8320.jpeg;F;M;Eduard_von_Winterstein;[240.82848 152.32738 375.0858  344.5495 ];184.0;752.0;339.0;597.0
DieUnheimlicheWandlungdesAlexRoscherOscarSima-83200.jpeg;F;F;Hilde_Krahl;[196.64151 294.5319  332.09668 462.14896];305.0;356.0;460.0;201.0
DieUnheimlicheWandlungdesAlexRoscherOscarSima-83200.jpeg;M;F;Hilde_Krahl;[622.79596 199.55942 783.0242  400.96243];305.0;356.0;460.0;201.0
DieUnheimlicheWandlungdesAlexRoscherOscarSima-83360.jpeg;F;F;Maria_Nicklisch;[214.60982 277.92297 352.74982 445.1877 ];288.0;373.0;442.0;218.0
DieUnheimlicheWandlungdesAlexRoscherOscarSima-83360.jpeg;M;F;Maria_Nicklisch;[622.1041  201.72011 781.00836 402.70554];288.0;373.0;442.0;218.0
DieUnheimlicheWandlungdesAlexRoscherOscarSima-90720.jpeg;F;F;Edith_Oss;[570.8083  235.89502 655.2142  333.8032 ];245.0;643.0;335.0;554.0
DieUnheimlicheWandlungdesAlexRoscherOscarSima-90720.jpeg;M;F;Edith_Oss;[340.5564  141.7639  425.2287  255.59483];245.0;643.0;335.0;554.0
DieUnheimlicheWandlungdesAlexRoscherOscarSima-94080.jpeg;F;F;Angela_Salloker;[323.07443 229.09792 435.76807 374.9993 ];239.0;468.0;368.0;339.0
DonnerBlitzundSonnenschein-109373.jpeg;M;M;Reinhold_Bernt;[296.751   162.82513 351.35156 229.23044];205.0;147.0;257.0;95.0
DonnerBlitzundSonnenschein-109373.jpeg;M;M;Reinhold_Bernt;[ 89.976746 190.95839  147.96053  266.6317  ];205.0;147.0;257.0;95.0
DonnerBlitzundSonnenschein-109373.jpeg;F;M;Reinhold_Bernt;[471.47507 177.75128 515.7641  242.6278 ];205.0;147.0;257.0;95.0
DonnerBlitzundSonnenschein-109373.jpeg;F;M;Reinhold_Bernt;[481.00757  73.59488 512.8362  119.88278];205.0;147.0;257.0;95.0
DonnerBlitzundSonnenschein-112880.jpeg;F;F;Ilse_Petri;[418.9546  106.75137 539.28705 273.21338];139.0;540.0;268.0;411.0
DonnerBlitzundSonnenschein-112880.jpeg;M;F;Ilse_Petri;[154.22183   42.253365 256.78864  190.48947 ];139.0;540.0;268.0;411.0
DonnerBlitzundSonnenschein-113201.jpeg;M;F;Ilse_Petri;[143.50739   19.473694 247.35793  175.64102 ];125.0;526.0;254.0;397.0
DonnerBlitzundSonnenschein-113201.jpeg;F;F;Ilse_Petri;[416.42944  82.93345 538.73724 254.40067];125.0;526.0;254.0;397.0
DonnerBlitzundSonnenschein-118380.jpeg;F;F;Ilse_Petri;[ 86.067055  84.980194 178.17838  235.03616 ];110.0;225.0;239.0;96.0
DonnerBlitzundSonnenschein-118380.jpeg;M;F;Ilse_Petri;[415.16373   20.253174 525.7894   200.14362 ];110.0;225.0;239.0;96.0
DonnerBlitzundSonnenschein-118531.jpeg;M;F;Ilse_Petri;[440.70728   36.243034 546.8283   203.55847 ];139.0;239.0;268.0;110.0
DonnerBlitzundSonnenschein-118531.jpeg;F;F;Ilse_Petri;[100.59107  116.766426 200.46478  274.23502 ];139.0;239.0;268.0;110.0
DonnerBlitzundSonnenschein-17731.jpeg;M;M;Volker_von_Collande;[200.4111    62.938393 339.12872  274.40356 ];98.0;322.0;253.0;167.0
DonnerBlitzundSonnenschein-18059.jpeg;M;M;Hans_Leibelt;[250.90134   22.764877 379.54465  207.95934 ];67.0;382.0;196.0;253.0
DonnerBlitzundSonnenschein-21591.jpeg;M;F;Ilse_Petri;[319.55655   -9.552612 421.86908  143.81778 ];10.0;454.0;139.0;325.0
DonnerBlitzundSonnenschein-31671.jpeg;M;F;Ilse_Petri;[278.2897  104.15782 418.93896 303.2089 ];150.0;408.0;305.0;253.0
DonnerBlitzundSonnenschein-31760.jpeg;F;F;Ilse_Petri;[255.55919   54.968178 394.6978   258.62198 ];98.0;390.0;253.0;236.0
DonnerBlitzundSonnenschein-32391.jpeg;M;F;Ilse_Petri;[227.76959    3.168007 357.7638   185.62364 ];53.0;354.0;182.0;225.0
DonnerBlitzundSonnenschein-41774.jpeg;M;F;Ilse_Petri;[171.50047 137.44029 253.85452 251.79921];176.0;434.0;265.0;344.0
DonnerBlitzundSonnenschein-41774.jpeg;M;F;Ilse_Petri;[352.3567  153.18878 426.9407  260.82693];176.0;434.0;265.0;344.0
DonnerBlitzundSonnenschein-42088.jpeg;M;F;Ilse_Petri;[152.59213  103.281715 230.55531  209.94221 ];166.0;414.0;255.0;325.0
DonnerBlitzundSonnenschein-42088.jpeg;M;F;Ilse_Petri;[334.3731  145.59552 410.43982 256.3662 ];166.0;414.0;255.0;325.0
DonnerBlitzundSonnenschein-57567.jpeg;F;F;Ilse_Petri;[241.81073 180.51668 305.0239  265.5886 ];198.0;308.0;260.0;246.0
DonnerBlitzundSonnenschein-57567.jpeg;M;F;Ilse_Petri;[320.32126 286.2714  395.93634 378.7101 ];198.0;308.0;260.0;246.0
DonnerBlitzundSonnenschein-57567.jpeg;M;F;Ilse_Petri;[148.42706   70.204025 217.77187  177.18826 ];198.0;308.0;260.0;246.0
DonnerBlitzundSonnenschein-57567.jpeg;M;F;Ilse_Petri;[502.2372     -0.6166611 550.90607   131.47934  ];198.0;308.0;260.0;246.0
DonnerBlitzundSonnenschein-71828.jpeg;M;M;Reinhold_Bernt;[260.9922    27.045746 414.24258  242.4952  ];57.0;407.0;242.0;221.0
DonnerBlitzundSonnenschein-73841.jpeg;M;M;Reinhold_Bernt;[338.7486  226.5394  458.50632 326.5441 ];82.0;296.0;211.0;167.0
DonnerBlitzundSonnenschein-73841.jpeg;F;M;Reinhold_Bernt;[148.59668   36.563187 255.92726  215.63454 ];82.0;296.0;211.0;167.0
DonnerBlitzundSonnenschein-80036.jpeg;M;M;Hans_Leibelt;[253.64764 162.59555 335.92676 276.72147];176.0;335.0;265.0;245.0
DonnerBlitzundSonnenschein-80036.jpeg;M;M;Hans_Leibelt;[366.49213 185.90932 417.0295  289.69495];176.0;335.0;265.0;245.0
DonnerBlitzundSonnenschein-80036.jpeg;F;M;Hans_Leibelt;[ 86.15759   56.394524 122.25376  115.99901 ];176.0;335.0;265.0;245.0
DonnerBlitzundSonnenschein-80475.jpeg;F;F;Ilse_Petri;[351.54312  61.97056 447.46045 198.73895];92.0;450.0;199.0;342.0
DonnerBlitzundSonnenschein-80475.jpeg;M;F;Ilse_Petri;[123.747314    5.2019157 212.95142   133.30646  ];92.0;450.0;199.0;342.0
DonnerBlitzundSonnenschein-81067.jpeg;M;M;Hans_Leibelt;[421.92172  89.00866 536.26935 247.92828];139.0;196.0;268.0;67.0
DonnerBlitzundSonnenschein-81067.jpeg;M;M;Hans_Leibelt;[ 82.59928 105.47544 215.3162  265.34723];139.0;196.0;268.0;67.0
DonnerBlitzundSonnenschein-82536.jpeg;M;F;Ilse_Petri;[201.29927  83.73646 247.24643 148.8722 ];59.0;121.0;122.0;59.0
DonnerBlitzundSonnenschein-82536.jpeg;M;F;Ilse_Petri;[ 56.791615  50.711086 108.762375 127.97235 ];59.0;121.0;122.0;59.0
DonnerBlitzundSonnenschein-82536.jpeg;F;F;Ilse_Petri;[304.90768   36.469406 344.26102  100.01254 ];59.0;121.0;122.0;59.0
DonnerBlitzundSonnenschein-82536.jpeg;M;F;Ilse_Petri;[531.18506 102.8203  589.9668  185.5925 ];59.0;121.0;122.0;59.0
DonnerBlitzundSonnenschein-82536.jpeg;F;F;Ilse_Petri;[361.19366 152.18047 400.4979  233.87158];59.0;121.0;122.0;59.0
DonnerBlitzundSonnenschein-90202.jpeg;M;F;Ilse_Petri;[ 26.695427  83.84245   90.31199  174.01596 ];70.0;204.0;113.0;160.0
DonnerBlitzundSonnenschein-90202.jpeg;M;F;Ilse_Petri;[135.20349 119.73879 183.74669 187.19191];70.0;204.0;113.0;160.0
DonnerBlitzundSonnenschein-90202.jpeg;M;F;Ilse_Petri;[158.36989   61.82     202.97433  118.327675];70.0;204.0;113.0;160.0
DonnerBlitzundSonnenschein-90202.jpeg;F;F;Ilse_Petri;[230.9862   66.59933 298.18823 162.14552];70.0;204.0;113.0;160.0
DonnerBlitzundSonnenschein-90202.jpeg;M;F;Ilse_Petri;[573.14496   58.408844 628.4082   145.62057 ];70.0;204.0;113.0;160.0
DonnerBlitzundSonnenschein-90202.jpeg;F;F;Ilse_Petri;[312.83032  46.74854 352.85074 103.37552];70.0;204.0;113.0;160.0
DonnerBlitzundSonnenschein-90202.jpeg;M;F;Ilse_Petri;[ 50.413467  45.30097   95.42356  102.17881 ];70.0;204.0;113.0;160.0
DonnerBlitzundSonnenschein-90202.jpeg;M;F;Ilse_Petri;[381.60052  65.91561 443.90994 161.72476];70.0;204.0;113.0;160.0
DonnerBlitzundSonnenschein-92160.jpeg;F;M;Reinhold_Bernt;[472.39243 210.11125 570.3912  333.53406];92.0;533.0;199.0;426.0
DonnerBlitzundSonnenschein-92160.jpeg;M;M;Reinhold_Bernt;[112.79935  82.59811 192.0714  188.98035];92.0;533.0;199.0;426.0
DonnerBlitzundSonnenschein-92160.jpeg;M;M;Reinhold_Bernt;[240.87671 106.55083 326.4914  230.13293];92.0;533.0;199.0;426.0
DonnerBlitzundSonnenschein-92160.jpeg;M;M;Reinhold_Bernt;[443.77106  71.37105 529.6818  195.17828];92.0;533.0;199.0;426.0
DonnerBlitzundSonnenschein-94455.jpeg;M;M;Hans_Leibelt;[ 68.460396  86.27118  124.83389  164.4528  ];108.0;280.0;170.0;218.0
DonnerBlitzundSonnenschein-94455.jpeg;M;M;Hans_Leibelt;[221.4425  101.35112 273.4128  171.90396];108.0;280.0;170.0;218.0
DonnerBlitzundSonnenschein-94455.jpeg;M;M;Hans_Leibelt;[435.2077  100.75691 484.4987  178.26514];108.0;280.0;170.0;218.0
DonnerBlitzundSonnenschein-94455.jpeg;F;M;Hans_Leibelt;[330.23962 110.81807 361.63586 175.4908 ];108.0;280.0;170.0;218.0
DreizehnSthleHeinzRhmannHansMoserIngeListRudolfCarlHedwigBleibtreuEWEmo-10752.jpeg;F;F;Clementia_Egies;[311.471     56.361435 366.2277   141.96608 ];63.0;361.0;138.0;287.0
DreizehnSthleHeinzRhmannHansMoserIngeListRudolfCarlHedwigBleibtreuEWEmo-10752.jpeg;M;F;Clementia_Egies;[128.85399  31.43078 196.51291 128.28381];63.0;361.0;138.0;287.0
DreizehnSthleHeinzRhmannHansMoserIngeListRudolfCarlHedwigBleibtreuEWEmo-127616.jpeg;M;F;Clementia_Egies;[243.57697   51.221916 271.42538   89.274284];54.0;281.0;90.0;245.0
DreizehnSthleHeinzRhmannHansMoserIngeListRudolfCarlHedwigBleibtreuEWEmo-127616.jpeg;M;F;Clementia_Egies;[331.3052    39.685368 359.07745   82.023346];54.0;281.0;90.0;245.0
DreizehnSthleHeinzRhmannHansMoserIngeListRudolfCarlHedwigBleibtreuEWEmo-135168.jpeg;M;M;Hans_Moser;[195.65439   42.786236 266.01462  143.50867 ];46.0;265.0;136.0;175.0
DreizehnSthleHeinzRhmannHansMoserIngeListRudolfCarlHedwigBleibtreuEWEmo-31744.jpeg;F;F;Clementia_Egies;[127.778625  78.2479   180.56505  154.56694 ];87.0;197.0;149.0;135.0
DreizehnSthleHeinzRhmannHansMoserIngeListRudolfCarlHedwigBleibtreuEWEmo-31744.jpeg;M;F;Clementia_Egies;[307.6015   72.00798 363.50403 152.06712];87.0;197.0;149.0;135.0
DreizehnSthleHeinzRhmannHansMoserIngeListRudolfCarlHedwigBleibtreuEWEmo-32256.jpeg;F;F;Inge_List;[117.53444  71.69355 176.58746 149.34636];80.0;183.0;142.0;121.0
DreizehnSthleHeinzRhmannHansMoserIngeListRudolfCarlHedwigBleibtreuEWEmo-32256.jpeg;M;F;Inge_List;[338.85303  80.90465 397.2746  156.41272];80.0;183.0;142.0;121.0
DreizehnSthleHeinzRhmannHansMoserIngeListRudolfCarlHedwigBleibtreuEWEmo-32384.jpeg;F;F;Inge_List;[131.16113  77.21784 181.00555 153.055  ];87.0;197.0;149.0;135.0
DreizehnSthleHeinzRhmannHansMoserIngeListRudolfCarlHedwigBleibtreuEWEmo-32384.jpeg;M;F;Inge_List;[297.02408   74.839676 358.14633  154.49904 ];87.0;197.0;149.0;135.0
DreizehnSthleHeinzRhmannHansMoserIngeListRudolfCarlHedwigBleibtreuEWEmo-32512.jpeg;F;F;Inge_List;[120.67221   79.034645 178.05296  155.78879 ];87.0;183.0;149.0;121.0
DreizehnSthleHeinzRhmannHansMoserIngeListRudolfCarlHedwigBleibtreuEWEmo-32512.jpeg;M;F;Inge_List;[294.9418   72.15831 350.61246 156.01608];87.0;183.0;149.0;121.0
DreizehnSthleHeinzRhmannHansMoserIngeListRudolfCarlHedwigBleibtreuEWEmo-32896.jpeg;F;F;Inge_List;[126.59525   78.856445 180.37904  154.85829 ];87.0;197.0;149.0;135.0
DreizehnSthleHeinzRhmannHansMoserIngeListRudolfCarlHedwigBleibtreuEWEmo-32896.jpeg;M;F;Inge_List;[300.8729   73.38489 356.13007 155.90886];87.0;197.0;149.0;135.0
DreizehnSthleHeinzRhmannHansMoserIngeListRudolfCarlHedwigBleibtreuEWEmo-33152.jpeg;F;F;Inge_List;[116.280945  74.22853  175.00127  152.86565 ];87.0;183.0;149.0;121.0
DreizehnSthleHeinzRhmannHansMoserIngeListRudolfCarlHedwigBleibtreuEWEmo-33152.jpeg;M;F;Inge_List;[308.83447  86.18654 370.1575  166.08873];87.0;183.0;149.0;121.0
DreizehnSthleHeinzRhmannHansMoserIngeListRudolfCarlHedwigBleibtreuEWEmo-33408.jpeg;F;F;Inge_List;[115.86971   78.543434 174.06592  159.42201 ];87.0;183.0;149.0;121.0
DreizehnSthleHeinzRhmannHansMoserIngeListRudolfCarlHedwigBleibtreuEWEmo-33408.jpeg;M;F;Inge_List;[313.1102   80.05493 369.1928  158.48035];87.0;183.0;149.0;121.0
DreizehnSthleHeinzRhmannHansMoserIngeListRudolfCarlHedwigBleibtreuEWEmo-33792.jpeg;F;F;Inge_List;[111.55344  80.82774 169.0976  160.49991];94.0;176.0;156.0;114.0
DreizehnSthleHeinzRhmannHansMoserIngeListRudolfCarlHedwigBleibtreuEWEmo-33792.jpeg;M;F;Inge_List;[361.46796   76.104195 420.91022  154.30183 ];94.0;176.0;156.0;114.0
DreizehnSthleHeinzRhmannHansMoserIngeListRudolfCarlHedwigBleibtreuEWEmo-51712.jpeg;M;M;Karl_Skraup;[219.47635   44.596317 260.97647   94.62523 ];50.0;256.0;94.0;213.0
DreizehnSthleHeinzRhmannHansMoserIngeListRudolfCarlHedwigBleibtreuEWEmo-51712.jpeg;M;M;Karl_Skraup;[141.18303   51.340714 181.56212  106.48972 ];50.0;256.0;94.0;213.0
DreizehnSthleHeinzRhmannHansMoserIngeListRudolfCarlHedwigBleibtreuEWEmo-51712.jpeg;M;M;Karl_Skraup;[339.29095  80.0682  376.58975 122.72424];50.0;256.0;94.0;213.0
DreizehnSthleHeinzRhmannHansMoserIngeListRudolfCarlHedwigBleibtreuEWEmo-73216.jpeg;F;F;Clementia_Egies;[188.2186    56.022152 286.62387  182.86473 ];68.0;270.0;175.0;163.0
DreizehnSthleHeinzRhmannHansMoserIngeListRudolfCarlHedwigBleibtreuEWEmo-73600.jpeg;F;F;Clementia_Egies;[179.48538  67.36612 231.47672 133.35457];78.0;227.0;130.0;175.0
DreizehnSthleHeinzRhmannHansMoserIngeListRudolfCarlHedwigBleibtreuEWEmo-73728.jpeg;F;F;Clementia_Egies;[178.53082  68.97641 229.8166  133.89743];78.0;222.0;130.0;170.0
DreizehnSthleHeinzRhmannHansMoserIngeListRudolfCarlHedwigBleibtreuEWEmo-73856.jpeg;M;F;Clementia_Egies;[182.4484    60.502773 233.29546  126.91699 ];59.0;232.0;122.0;170.0
DreizehnSthleHeinzRhmannHansMoserIngeListRudolfCarlHedwigBleibtreuEWEmo-75008.jpeg;F;F;Clementia_Egies;[199.61395  89.82931 265.92737 169.65504];101.0;259.0;163.0;197.0
DreizehnSthleHeinzRhmannHansMoserIngeListRudolfCarlHedwigBleibtreuEWEmo-75136.jpeg;F;F;Clementia_Egies;[200.04048  89.87426 266.52728 169.85808];101.0;259.0;163.0;197.0
DreizehnSthleHeinzRhmannHansMoserIngeListRudolfCarlHedwigBleibtreuEWEmo-80128.jpeg;M;F;Clementia_Egies;[145.28285   84.694084 246.97787  222.95418 ];96.0;253.0;225.0;124.0
DreizehnSthleHeinzRhmannHansMoserIngeListRudolfCarlHedwigBleibtreuEWEmo-80256.jpeg;M;F;Clementia_Egies;[141.67343  78.86537 244.15756 219.50267];116.0;235.0;206.0;145.0
DreizehnSthleHeinzRhmannHansMoserIngeListRudolfCarlHedwigBleibtreuEWEmo-80384.jpeg;F;F;Clementia_Egies;[117.784515  82.96852  222.07439  225.97682 ];104.0;211.0;211.0;103.0
DreizehnSthleHeinzRhmannHansMoserIngeListRudolfCarlHedwigBleibtreuEWEmo-92160.jpeg;F;F;Inge_List;[183.97092  71.31223 287.4714  215.15182];82.0;311.0;211.0;182.0
DreizehnSthleHeinzRhmannHansMoserIngeListRudolfCarlHedwigBleibtreuEWEmo-92160.jpeg;M;F;Inge_List;[365.61047   54.515568 421.9628   116.84985 ];82.0;311.0;211.0;182.0
DreizehnSthleHeinzRhmannHansMoserIngeListRudolfCarlHedwigBleibtreuEWEmo-92288.jpeg;F;F;Inge_List;[190.2305    59.951584 291.08176  201.40329 ];82.0;311.0;211.0;182.0
DreizehnSthleHeinzRhmannHansMoserIngeListRudolfCarlHedwigBleibtreuEWEmo-92288.jpeg;M;F;Inge_List;[338.84647   45.440792 394.76688  109.48764 ];82.0;311.0;211.0;182.0
DreizehnSthleHeinzRhmannHansMoserIngeListRudolfCarlHedwigBleibtreuEWEmo-94336.jpeg;M;F;Clementia_Egies;[ 52.57498   51.080784 137.94868  175.92496 ];96.0;235.0;186.0;145.0
DreizehnSthleHeinzRhmannHansMoserIngeListRudolfCarlHedwigBleibtreuEWEmo-94336.jpeg;F;F;Clementia_Egies;[162.04709  79.34788 241.86673 194.95322];96.0;235.0;186.0;145.0
DreizehnSthleHeinzRhmannHansMoserIngeListRudolfCarlHedwigBleibtreuEWEmo-9472.jpeg;F;F;Clementia_Egies;[175.11884  70.2423  279.80902 219.63295];82.0;282.0;211.0;153.0
DreizehnSthleHeinzRhmannHansMoserIngeListRudolfCarlHedwigBleibtreuEWEmo-9600.jpeg;F;F;Inge_List;[170.0437   68.89966 271.9284  214.32385];104.0;270.0;211.0;163.0
DreizehnSthleHeinzRhmannHansMoserIngeListRudolfCarlHedwigBleibtreuEWEmo-97024.jpeg;F;F;Inge_List;[140.80078  87.73137 196.17412 166.47585];101.0;204.0;163.0;142.0
DreizehnSthleHeinzRhmannHansMoserIngeListRudolfCarlHedwigBleibtreuEWEmo-97024.jpeg;M;F;Inge_List;[240.56645  70.83456 303.3931  153.99718];101.0;204.0;163.0;142.0
DreizehnSthleHeinzRhmannHansMoserIngeListRudolfCarlHedwigBleibtreuEWEmo-97152.jpeg;F;F;Inge_List;[146.15869  91.32249 203.22482 169.8045 ];101.0;211.0;163.0;149.0
DreizehnSthleHeinzRhmannHansMoserIngeListRudolfCarlHedwigBleibtreuEWEmo-97152.jpeg;M;F;Inge_List;[248.2198    56.199303 312.1018   139.81392 ];101.0;211.0;163.0;149.0
DreizehnSthleHeinzRhmannHansMoserIngeListRudolfCarlHedwigBleibtreuEWEmo-98176.jpeg;M;F;Inge_List;[ 65.847725  97.137474  99.73322  142.11615 ];102.0;101.0;138.0;65.0
DreizehnSthleHeinzRhmannHansMoserIngeListRudolfCarlHedwigBleibtreuEWEmo-98176.jpeg;M;F;Inge_List;[185.44264  87.24032 220.31741 131.42792];102.0;101.0;138.0;65.0
DreizehnSthleHeinzRhmannHansMoserIngeListRudolfCarlHedwigBleibtreuEWEmo-98176.jpeg;M;F;Inge_List;[253.3756   64.0523  307.06262 128.22694];102.0;101.0;138.0;65.0
DreizehnSthleHeinzRhmannHansMoserIngeListRudolfCarlHedwigBleibtreuEWEmo-98176.jpeg;M;F;Inge_List;[ -2.6413436  95.90488    29.882275  142.61101  ];102.0;101.0;138.0;65.0
DreizehnSthleHeinzRhmannHansMoserIngeListRudolfCarlHedwigBleibtreuEWEmo-98176.jpeg;M;F;Inge_List;[112.024796  24.353125 139.25917   60.374393];102.0;101.0;138.0;65.0
DreizehnSthleHeinzRhmannHansMoserIngeListRudolfCarlHedwigBleibtreuEWEmo-98688.jpeg;F;F;Inge_List;[ 56.219604  46.5538   103.51134  109.58288 ];55.0;106.0;107.0;55.0
DreizehnSthleHeinzRhmannHansMoserIngeListRudolfCarlHedwigBleibtreuEWEmo-98688.jpeg;M;F;Inge_List;[186.95439   56.236553 246.21558  123.04303 ];55.0;106.0;107.0;55.0
FrauensinddochbessereDiplomaten-102080.jpeg;M;M;Hans_Leibelt;[522.4252   127.995445 621.2474   255.55925 ];152.0;629.0;259.0;521.0
FrauensinddochbessereDiplomaten-102080.jpeg;M;M;Hans_Leibelt;[280.1563   99.72606 352.7259  235.81187];152.0;629.0;259.0;521.0
FrauensinddochbessereDiplomaten-105108.jpeg;M;M;Willy_Fritsch;[492.93677 120.91095 703.717   404.16635];167.0;687.0;390.0;464.0
FrauensinddochbessereDiplomaten-105379.jpeg;M;M;Willy_Fritsch;[485.6748  127.56336 698.61255 413.85654];167.0;662.0;390.0;439.0
FrauensinddochbessereDiplomaten-105592.jpeg;M;M;Willy_Fritsch;[484.7138   96.07961 696.68945 390.31122];142.0;662.0;365.0;439.0
FrauensinddochbessereDiplomaten-105600.jpeg;M;M;Willy_Fritsch;[484.05234 100.52626 698.06146 399.40332];142.0;662.0;365.0;439.0
FrauensinddochbessereDiplomaten-114595.jpeg;M;M;Carl_Kuhlmann;[279.4296  111.28569 417.8792  307.80942];150.0;425.0;305.0;270.0
FrauensinddochbessereDiplomaten-121336.jpeg;M;M;Willy_Fritsch;[392.29608 108.75513 588.0244  378.2265 ];142.0;613.0;365.0;390.0
FrauensinddochbessereDiplomaten-124964.jpeg;M;F;Ursula_Herking;[766.5214  165.2689  866.07794 299.19455];139.0;497.0;268.0;368.0
FrauensinddochbessereDiplomaten-124964.jpeg;M;F;Ursula_Herking;[373.0861  134.14015 472.37952 275.37946];139.0;497.0;268.0;368.0
FrauensinddochbessereDiplomaten-124964.jpeg;F;F;Ursula_Herking;[242.6121  174.90137 333.13568 283.63373];139.0;497.0;268.0;368.0
FrauensinddochbessereDiplomaten-124964.jpeg;M;F;Ursula_Herking;[584.27795 125.42473 693.2279  280.83185];139.0;497.0;268.0;368.0
FrauensinddochbessereDiplomaten-124964.jpeg;M;F;Ursula_Herking;[539.70044 206.30223 595.8899  275.12012];139.0;497.0;268.0;368.0
FrauensinddochbessereDiplomaten-124964.jpeg;M;F;Ursula_Herking;[487.04428 177.89273 533.0646  255.93307];139.0;497.0;268.0;368.0
FrauensinddochbessereDiplomaten-124964.jpeg;M;F;Ursula_Herking;[131.47723 161.8504  192.52539 247.8595 ];139.0;497.0;268.0;368.0
FrauensinddochbessereDiplomaten-125440.jpeg;F;F;Ursula_Herking;[367.30847 128.08748 462.0871  264.80615];152.0;474.0;259.0;366.0
FrauensinddochbessereDiplomaten-125440.jpeg;F;F;Ursula_Herking;[456.94705 184.28618 525.6779  272.4123 ];152.0;474.0;259.0;366.0
FrauensinddochbessereDiplomaten-125440.jpeg;M;F;Ursula_Herking;[706.1857  154.7234  792.06396 264.85016];152.0;474.0;259.0;366.0
FrauensinddochbessereDiplomaten-125440.jpeg;M;F;Ursula_Herking;[792.9546  175.3235  875.77594 304.43918];152.0;474.0;259.0;366.0
FrauensinddochbessereDiplomaten-125440.jpeg;M;F;Ursula_Herking;[542.82465 129.66898 638.4589  281.93747];152.0;474.0;259.0;366.0
FrauensinddochbessereDiplomaten-125440.jpeg;M;F;Ursula_Herking;[174.49924 190.72948 271.74692 302.0722 ];152.0;474.0;259.0;366.0
FrauensinddochbessereDiplomaten-125440.jpeg;M;F;Ursula_Herking;[265.31857 155.0913  332.7826  253.49416];152.0;474.0;259.0;366.0
FrauensinddochbessereDiplomaten-126240.jpeg;M;M;Willy_Fritsch;[214.71141  78.74201 323.3566  232.05566];96.0;655.0;225.0;526.0
FrauensinddochbessereDiplomaten-126240.jpeg;M;M;Willy_Fritsch;[137.33688 173.781   215.74545 269.8792 ];96.0;655.0;225.0;526.0
FrauensinddochbessereDiplomaten-126240.jpeg;M;M;Willy_Fritsch;[550.41156  82.61323 659.0477  233.36826];96.0;655.0;225.0;526.0
FrauensinddochbessereDiplomaten-126240.jpeg;M;M;Willy_Fritsch;[ 36.31124 159.34837  84.20925 246.53522];96.0;655.0;225.0;526.0
FrauensinddochbessereDiplomaten-126240.jpeg;M;M;Willy_Fritsch;[755.407   196.34108 801.603   261.5095 ];96.0;655.0;225.0;526.0
FrauensinddochbessereDiplomaten-126880.jpeg;F;M;Willy_Fritsch;[ 26.053816 199.09096  105.68383  298.92755 ];125.0;411.0;254.0;282.0
FrauensinddochbessereDiplomaten-126880.jpeg;M;M;Willy_Fritsch;[564.8357    82.983215 667.0988   230.26132 ];125.0;411.0;254.0;282.0
FrauensinddochbessereDiplomaten-126880.jpeg;F;M;Willy_Fritsch;[819.4192  213.84059 921.0685  333.50128];125.0;411.0;254.0;282.0
FrauensinddochbessereDiplomaten-126880.jpeg;M;M;Willy_Fritsch;[436.19138 162.4059  519.57794 267.18063];125.0;411.0;254.0;282.0
FrauensinddochbessereDiplomaten-126880.jpeg;M;M;Willy_Fritsch;[284.35278 120.52876 389.32004 265.73395];125.0;411.0;254.0;282.0
FrauensinddochbessereDiplomaten-126880.jpeg;F;M;Willy_Fritsch;[666.24567 123.63741 754.6647  235.42242];125.0;411.0;254.0;282.0
FrauensinddochbessereDiplomaten-126880.jpeg;M;M;Willy_Fritsch;[129.90012 160.88922 210.86588 252.22714];125.0;411.0;254.0;282.0
FrauensinddochbessereDiplomaten-126880.jpeg;M;M;Willy_Fritsch;[234.75423 170.25133 293.35046 249.44247];125.0;411.0;254.0;282.0
FrauensinddochbessereDiplomaten-127040.jpeg;F;M;Willy_Fritsch;[754.2911  152.13089 845.29016 262.70404];96.0;511.0;225.0;382.0
FrauensinddochbessereDiplomaten-127040.jpeg;M;M;Willy_Fritsch;[617.6319   95.07596 719.82825 236.60417];96.0;511.0;225.0;382.0
FrauensinddochbessereDiplomaten-127040.jpeg;F;M;Willy_Fritsch;[113.22201 191.84608 189.92134 296.85062];96.0;511.0;225.0;382.0
FrauensinddochbessereDiplomaten-127040.jpeg;M;M;Willy_Fritsch;[384.77246  76.39112 490.02017 225.89865];96.0;511.0;225.0;382.0
FrauensinddochbessereDiplomaten-127040.jpeg;M;M;Willy_Fritsch;[880.66284 197.41495 943.4991  313.09225];96.0;511.0;225.0;382.0
FrauensinddochbessereDiplomaten-127040.jpeg;M;M;Willy_Fritsch;[251.73509 211.95503 321.66193 305.072  ];96.0;511.0;225.0;382.0
FrauensinddochbessereDiplomaten-127040.jpeg;F;M;Willy_Fritsch;[176.82152 195.31802 229.82529 281.77908];96.0;511.0;225.0;382.0
FrauensinddochbessereDiplomaten-135680.jpeg;M;M;Willy_Fritsch;[267.15533 122.71012 346.19858 224.46762];146.0;345.0;221.0;270.0
FrauensinddochbessereDiplomaten-135680.jpeg;F;M;Willy_Fritsch;[470.96823 156.50049 539.61664 254.77419];146.0;345.0;221.0;270.0
FrauensinddochbessereDiplomaten-135680.jpeg;M;M;Willy_Fritsch;[693.0116   117.571175 762.263    214.39426 ];146.0;345.0;221.0;270.0
FrauensinddochbessereDiplomaten-135680.jpeg;M;M;Willy_Fritsch;[792.44476 121.63584 857.11035 245.39783];146.0;345.0;221.0;270.0
FrauensinddochbessereDiplomaten-137280.jpeg;F;F;Ursula_Herking;[736.56714  104.938736 844.8933   258.84015 ];125.0;855.0;254.0;726.0
FrauensinddochbessereDiplomaten-137280.jpeg;M;F;Ursula_Herking;[561.5266  216.69759 688.0443  352.3905 ];125.0;855.0;254.0;726.0
FrauensinddochbessereDiplomaten-143200.jpeg;F;F;Ursula_Herking;[280.47968   84.940544 360.97424  205.67342 ];92.0;366.0;199.0;259.0
FrauensinddochbessereDiplomaten-143200.jpeg;M;F;Ursula_Herking;[532.99475  90.44059 609.0575  218.14807];92.0;366.0;199.0;259.0
FrauensinddochbessereDiplomaten-143200.jpeg;M;F;Ursula_Herking;[ 11.456909 231.57248   46.711143 311.00406 ];92.0;366.0;199.0;259.0
FrauensinddochbessereDiplomaten-17920.jpeg;M;M;Willy_Fritsch;[597.7973  176.47424 688.5156  309.7198 ];125.0;339.0;254.0;210.0
FrauensinddochbessereDiplomaten-17920.jpeg;M;M;Willy_Fritsch;[232.6807   100.514656 343.60748  259.1045  ];125.0;339.0;254.0;210.0
FrauensinddochbessereDiplomaten-18217.jpeg;M;M;Willy_Fritsch;[383.24084 133.61499 470.44785 255.2723 ];140.0;497.0;247.0;390.0
FrauensinddochbessereDiplomaten-22572.jpeg;M;M;Willy_Fritsch;[463.30518   86.572044 614.3989   301.38327 ];98.0;613.0;284.0;428.0
FrauensinddochbessereDiplomaten-26677.jpeg;M;M;Willy_Fritsch;[347.52966 103.27337 561.0354  418.13565];167.0;588.0;390.0;365.0
FrauensinddochbessereDiplomaten-28960.jpeg;M;M;Willy_Fritsch;[559.57654   52.823387 670.0671   210.49083 ];82.0;669.0;211.0;540.0
FrauensinddochbessereDiplomaten-29844.jpeg;M;M;Willy_Fritsch;[353.4596   93.8915  544.4657  375.56885];142.0;588.0;365.0;365.0
FrauensinddochbessereDiplomaten-30090.jpeg;M;M;Willy_Fritsch;[340.9227  100.38362 541.792   387.39203];142.0;563.0;365.0;340.0
FrauensinddochbessereDiplomaten-32093.jpeg;M;M;Willy_Fritsch;[419.62537  87.85867 560.67676 291.46518];133.0;562.0;288.0;408.0
FrauensinddochbessereDiplomaten-35760.jpeg;M;M;Carl_Kuhlmann;[457.6885  138.09984 603.75824 340.74307];184.0;597.0;339.0;442.0
FrauensinddochbessereDiplomaten-35760.jpeg;M;M;Carl_Kuhlmann;[160.03445 175.84282 254.32037 356.73212];184.0;597.0;339.0;442.0
FrauensinddochbessereDiplomaten-35840.jpeg;M;M;Carl_Kuhlmann;[459.90036 159.10582 603.3232  361.40738];202.0;597.0;356.0;442.0
FrauensinddochbessereDiplomaten-35840.jpeg;M;M;Carl_Kuhlmann;[140.70874 153.89017 241.33269 352.8571 ];202.0;597.0;356.0;442.0
FrauensinddochbessereDiplomaten-36055.jpeg;M;M;Carl_Kuhlmann;[461.40823 165.65738 616.12933 369.02014];202.0;597.0;356.0;442.0
FrauensinddochbessereDiplomaten-36055.jpeg;M;M;Carl_Kuhlmann;[162.43369 180.98497 281.19568 384.3013 ];202.0;597.0;356.0;442.0
FrauensinddochbessereDiplomaten-36196.jpeg;M;M;Carl_Kuhlmann;[458.0787  148.80583 604.4693  357.98157];202.0;597.0;356.0;442.0
FrauensinddochbessereDiplomaten-36539.jpeg;M;M;Carl_Kuhlmann;[459.1995  164.25539 621.7472  355.13812];180.0;613.0;366.0;428.0
FrauensinddochbessereDiplomaten-36640.jpeg;M;M;Carl_Kuhlmann;[456.40622 171.02315 621.4942  372.7566 ];201.0;613.0;387.0;428.0
FrauensinddochbessereDiplomaten-39360.jpeg;M;M;Willy_Fritsch;[452.2938  109.69998 666.7334  417.8117 ];142.0;646.0;409.0;379.0
FrauensinddochbessereDiplomaten-44000.jpeg;M;M;Willy_Fritsch;[529.579   143.07967 632.8041  286.03116];175.0;629.0;283.0;521.0
FrauensinddochbessereDiplomaten-44550.jpeg;M;M;Willy_Fritsch;[538.25946  65.68251 657.3036  228.35706];96.0;655.0;225.0;526.0
FrauensinddochbessereDiplomaten-44719.jpeg;M;M;Willy_Fritsch;[466.70905  76.04315 579.6452  228.67776];96.0;583.0;225.0;454.0
FrauensinddochbessereDiplomaten-45968.jpeg;M;M;Willy_Fritsch;[331.29474 128.55748 492.03094 349.53113];160.0;489.0;345.0;304.0
FrauensinddochbessereDiplomaten-46080.jpeg;M;M;Willy_Fritsch;[410.16577  68.90745 552.8132  281.14706];77.0;551.0;263.0;366.0
FrauensinddochbessereDiplomaten-47200.jpeg;M;M;Willy_Fritsch;[436.02063  98.6998  531.64514 231.38953];116.0;545.0;223.0;438.0
FrauensinddochbessereDiplomaten-48640.jpeg;M;M;Willy_Fritsch;[462.3913  106.52344 591.8834  296.1459 ];133.0;614.0;288.0;459.0
FrauensinddochbessereDiplomaten-48800.jpeg;M;M;Willy_Fritsch;[455.78506  125.010864 585.9156   313.1686  ];150.0;614.0;305.0;459.0
FrauensinddochbessereDiplomaten-6080.jpeg;M;M;Carl_Kuhlmann;[375.28534 138.3713  485.08167 287.27142];175.0;497.0;283.0;390.0
FrauensinddochbessereDiplomaten-6080.jpeg;M;M;Carl_Kuhlmann;[519.437    95.69703 604.69995 238.87184];175.0;497.0;283.0;390.0
FrauensinddochbessereDiplomaten-6720.jpeg;M;M;Carl_Kuhlmann;[314.50522 112.10605 423.36172 262.2783 ];125.0;411.0;254.0;282.0
FrauensinddochbessereDiplomaten-6720.jpeg;M;M;Carl_Kuhlmann;[204.41695  86.0585  276.21384 212.07445];125.0;411.0;254.0;282.0
FrauensinddochbessereDiplomaten-80480.jpeg;M;M;Willy_Fritsch;[540.7634  344.1261  608.1339  435.89194];354.0;619.0;428.0;544.0
FrauensinddochbessereDiplomaten-80480.jpeg;M;M;Willy_Fritsch;[177.01167 367.78592 245.6786  463.32797];354.0;619.0;428.0;544.0
FrauensinddochbessereDiplomaten-80480.jpeg;M;M;Willy_Fritsch;[385.30466 251.7854  424.703   308.50223];354.0;619.0;428.0;544.0
FrauensinddochbessereDiplomaten-80480.jpeg;M;M;Willy_Fritsch;[179.16908 282.77835 216.28995 330.4258 ];354.0;619.0;428.0;544.0
FrauensinddochbessereDiplomaten-80480.jpeg;F;M;Willy_Fritsch;[ 74.8959  402.3544  131.34297 498.56894];354.0;619.0;428.0;544.0
FrauensinddochbessereDiplomaten-80480.jpeg;F;M;Willy_Fritsch;[724.73035 391.87637 780.2216  470.0735 ];354.0;619.0;428.0;544.0
FrauensinddochbessereDiplomaten-80480.jpeg;M;M;Willy_Fritsch;[762.8152  266.72186 792.1419  308.87375];354.0;619.0;428.0;544.0
FrauensinddochbessereDiplomaten-84480.jpeg;M;M;Willy_Fritsch;[385.8243  196.11818 481.76523 329.22266];211.0;509.0;319.0;402.0
FrauensinddochbessereDiplomaten-84480.jpeg;F;M;Willy_Fritsch;[697.67633 225.64613 777.66266 342.23172];211.0;509.0;319.0;402.0
FrauensinddochbessereDiplomaten-84480.jpeg;M;M;Willy_Fritsch;[ 95.86117   24.472013 157.83861  113.06886 ];211.0;509.0;319.0;402.0
FrauensinddochbessereDiplomaten-84480.jpeg;M;M;Willy_Fritsch;[150.67493 288.4044  260.78284 439.97153];211.0;509.0;319.0;402.0
FrauensinddochbessereDiplomaten-84480.jpeg;F;M;Willy_Fritsch;[827.57263 229.61    886.99567 307.90488];211.0;509.0;319.0;402.0
FrauensinddochbessereDiplomaten-84480.jpeg;F;M;Willy_Fritsch;[566.6431   90.45981 598.465   140.72021];211.0;509.0;319.0;402.0
FrauensinddochbessereDiplomaten-87840.jpeg;M;M;Willy_Fritsch;[268.59702  79.22588 376.24826 229.10144];110.0;397.0;239.0;268.0
FrauensinddochbessereDiplomaten-87840.jpeg;F;M;Willy_Fritsch;[465.992   166.01259 570.9137  318.092  ];110.0;397.0;239.0;268.0
FrauensinddochbessereDiplomaten-89760.jpeg;M;F;Ursula_Herking;[290.59216 196.07301 396.65323 370.76172];225.0;425.0;354.0;296.0
FrauensinddochbessereDiplomaten-89760.jpeg;M;F;Ursula_Herking;[459.54843 198.49022 563.91095 383.27682];225.0;425.0;354.0;296.0
FrauensinddochbessereDiplomaten-89920.jpeg;F;F;Ursula_Herking;[247.82497 178.2366  370.29913 359.12613];202.0;390.0;356.0;236.0
FrauensinddochbessereDiplomaten-89920.jpeg;M;F;Ursula_Herking;[531.85034 175.27473 668.90826 375.22626];202.0;390.0;356.0;236.0
FrauensinddochbessereDiplomaten-90400.jpeg;M;F;Ursula_Herking;[304.8089  180.58022 418.0793  352.2988 ];211.0;440.0;340.0;311.0
FrauensinddochbessereDiplomaten-90400.jpeg;M;F;Ursula_Herking;[488.97998 195.52084 611.2946  377.08902];211.0;440.0;340.0;311.0
FrauensinddochbessereDiplomaten-93280.jpeg;M;M;Willy_Fritsch;[281.5502  149.4354  377.60257 280.90164];139.0;612.0;268.0;483.0
FrauensinddochbessereDiplomaten-93280.jpeg;M;M;Willy_Fritsch;[522.6426  124.92666 619.68365 267.08066];139.0;612.0;268.0;483.0
FrauensinddochbessereDiplomaten-94080.jpeg;M;M;Willy_Fritsch;[415.24365 107.03209 508.13025 243.22989];82.0;741.0;211.0;612.0
FrauensinddochbessereDiplomaten-94080.jpeg;M;M;Willy_Fritsch;[654.3695   75.46206 747.50244 214.42284];82.0;741.0;211.0;612.0
GeheimzeichenLBWillyBirgelReneDeltgenia-100608.jpeg;F;F;Clementia_Egies;[456.11713 270.9462  613.7181  461.1575 ];263.0;655.0;449.0;469.0
GeheimzeichenLBWillyBirgelReneDeltgenia-100864.jpeg;F;F;Elga_Brink;[436.1477  214.88612 577.8228  407.67258];236.0;614.0;391.0;459.0
GeheimzeichenLBWillyBirgelReneDeltgenia-100864.jpeg;M;F;Elga_Brink;[589.8418   96.07522 783.71674 243.59924];236.0;614.0;391.0;459.0
GeheimzeichenLBWillyBirgelReneDeltgenia-100992.jpeg;F;F;Hilde_von_Stolz;[427.23407 217.68562 568.80023 401.4176 ];219.0;597.0;374.0;442.0
GeheimzeichenLBWillyBirgelReneDeltgenia-100992.jpeg;M;F;Hilde_von_Stolz;[575.8567   74.75578 763.9541  234.01093];219.0;597.0;374.0;442.0
GeheimzeichenLBWillyBirgelReneDeltgenia-101120.jpeg;M;M;Otto_Wernicke;[582.5414    49.275734 763.15594  288.86597 ];77.0;737.0;263.0;551.0
GeheimzeichenLBWillyBirgelReneDeltgenia-101248.jpeg;M;M;Otto_Wernicke;[562.93506  75.22187 744.59894 304.49   ];68.0;736.0;291.0;513.0
GeheimzeichenLBWillyBirgelReneDeltgenia-105856.jpeg;M;M;Otto_Wernicke;[580.29785   25.928452 761.4818   270.93323 ];43.0;761.0;266.0;538.0
GeheimzeichenLBWillyBirgelReneDeltgenia-114432.jpeg;F;F;Marina_von_Ditmar;[601.36145 104.67111 663.3076  185.84058];113.0;668.0;188.0;594.0
GeheimzeichenLBWillyBirgelReneDeltgenia-114432.jpeg;F;F;Marina_von_Ditmar;[834.9001    26.171036 915.66016  147.94812 ];113.0;668.0;188.0;594.0
GeheimzeichenLBWillyBirgelReneDeltgenia-115584.jpeg;F;F;Brigitte_Horney;[654.5821    15.857483 848.33075  296.8451  ];43.0;835.0;266.0;613.0
GeheimzeichenLBWillyBirgelReneDeltgenia-115584.jpeg;F;F;Brigitte_Horney;[422.10144 -93.01524 559.3197  200.93202];43.0;835.0;266.0;613.0
GeheimzeichenLBWillyBirgelReneDeltgenia-115840.jpeg;F;F;Hella_Graf;[545.92694   33.261887 736.23584  305.57385 ];68.0;712.0;291.0;489.0
GeheimzeichenLBWillyBirgelReneDeltgenia-116224.jpeg;F;F;Annemarie_Korff;[590.9849   68.11974 748.95856 286.2749 ];77.0;737.0;263.0;551.0
GeheimzeichenLBWillyBirgelReneDeltgenia-116352.jpeg;F;F;Hella_Graf;[640.5379   83.86755 805.21686 297.20462];98.0;799.0;284.0;613.0
GeheimzeichenLBWillyBirgelReneDeltgenia-116608.jpeg;F;F;Hilde_Weissner;[682.98    104.96884 834.0867  315.43146];150.0;855.0;305.0;700.0
GeheimzeichenLBWillyBirgelReneDeltgenia-127744.jpeg;M;M;Herbert_Gernot;[800.47595  91.41253 945.2959  288.54587];98.0;944.0;284.0;758.0
GeheimzeichenLBWillyBirgelReneDeltgenia-127744.jpeg;F;M;Herbert_Gernot;[381.75616  34.13733 493.75824 247.87726];98.0;944.0;284.0;758.0
GeheimzeichenLBWillyBirgelReneDeltgenia-127872.jpeg;M;M;Herbert_Gernot;[708.13635  95.57819 857.932   305.8864 ];118.0;861.0;304.0;675.0
GeheimzeichenLBWillyBirgelReneDeltgenia-127872.jpeg;F;M;Herbert_Gernot;[379.5964    25.398773 509.137    252.44269 ];118.0;861.0;304.0;675.0
GeheimzeichenLBWillyBirgelReneDeltgenia-157824.jpeg;M;M;Willy_Birgel;[710.8362  346.63715 887.8794  570.1149 ];139.0;593.0;325.0;407.0
GeheimzeichenLBWillyBirgelReneDeltgenia-157824.jpeg;M;M;Willy_Birgel;[418.7954   96.46896 593.8039  325.03204];139.0;593.0;325.0;407.0
GeheimzeichenLBWillyBirgelReneDeltgenia-157952.jpeg;M;M;Willy_Birgel;[712.61285 346.76947 888.6995  572.3097 ];139.0;613.0;325.0;428.0
GeheimzeichenLBWillyBirgelReneDeltgenia-157952.jpeg;M;M;Willy_Birgel;[412.07602 108.87271 582.0092  333.36063];139.0;613.0;325.0;428.0
GeheimzeichenLBWillyBirgelReneDeltgenia-163072.jpeg;M;M;Hubert_von_Meyerinck;[ 951.1948     32.668095 1086.6304    188.66876 ];168.0;798.0;297.0;669.0
GeheimzeichenLBWillyBirgelReneDeltgenia-163072.jpeg;M;M;Hubert_von_Meyerinck;[272.84473  99.57181 406.56995 269.27325];168.0;798.0;297.0;669.0
GeheimzeichenLBWillyBirgelReneDeltgenia-163072.jpeg;M;M;Hubert_von_Meyerinck;[477.70523 122.16978 578.5827  260.08298];168.0;798.0;297.0;669.0
GeheimzeichenLBWillyBirgelReneDeltgenia-163072.jpeg;F;M;Hubert_von_Meyerinck;[734.8973   76.04394 844.21606 224.9404 ];168.0;798.0;297.0;669.0
GeheimzeichenLBWillyBirgelReneDeltgenia-163072.jpeg;M;M;Hubert_von_Meyerinck;[642.4152  113.60226 785.13983 304.6245 ];168.0;798.0;297.0;669.0
GeheimzeichenLBWillyBirgelReneDeltgenia-163072.jpeg;M;M;Hubert_von_Meyerinck;[ 907.6794   115.62098 1007.4535   234.92802];168.0;798.0;297.0;669.0
GeheimzeichenLBWillyBirgelReneDeltgenia-44032.jpeg;F;F;Hilde_von_Stolz;[510.99405   69.737335 581.08276  157.11282 ];94.0;584.0;156.0;522.0
GeheimzeichenLBWillyBirgelReneDeltgenia-44032.jpeg;M;F;Hilde_von_Stolz;[703.317   102.61311 761.4841  180.69226];94.0;584.0;156.0;522.0
GeheimzeichenLBWillyBirgelReneDeltgenia-44032.jpeg;M;F;Hilde_von_Stolz;[612.1216   97.38652 692.43353 195.63287];94.0;584.0;156.0;522.0
GeheimzeichenLBWillyBirgelReneDeltgenia-44032.jpeg;M;F;Hilde_von_Stolz;[424.2732    82.101944 481.0196   163.5723  ];94.0;584.0;156.0;522.0
GeheimzeichenLBWillyBirgelReneDeltgenia-44032.jpeg;F;F;Hilde_von_Stolz;[375.9794  134.40784 434.1916  223.7471 ];94.0;584.0;156.0;522.0
GeheimzeichenLBWillyBirgelReneDeltgenia-44032.jpeg;M;F;Hilde_von_Stolz;[836.9949  163.44385 900.8276  250.7312 ];94.0;584.0;156.0;522.0
GeheimzeichenLBWillyBirgelReneDeltgenia-45440.jpeg;M;F;Julia_Serda;[667.7523  136.55978 782.4958  294.57224];139.0;769.0;268.0;640.0
GeheimzeichenLBWillyBirgelReneDeltgenia-45440.jpeg;M;F;Julia_Serda;[588.313    47.70997 675.09863 198.63852];139.0;769.0;268.0;640.0
GeheimzeichenLBWillyBirgelReneDeltgenia-56448.jpeg;M;M;Otto_Wernicke;[583.9204   121.393585 821.20685  420.24585 ];142.0;795.0;409.0;527.0
GeheimzeichenLBWillyBirgelReneDeltgenia-56832.jpeg;M;M;Otto_Wernicke;[576.4998   124.417496 808.272    426.26846 ];171.0;795.0;439.0;527.0
GeheimzeichenLBWillyBirgelReneDeltgenia-56832.jpeg;M;M;Otto_Wernicke;[239.87784 128.38368 423.94104 471.6308 ];171.0;795.0;439.0;527.0
GeheimzeichenLBWillyBirgelReneDeltgenia-56960.jpeg;M;M;Otto_Wernicke;[574.7446  122.96649 807.65894 425.0399 ];142.0;795.0;409.0;527.0
GeheimzeichenLBWillyBirgelReneDeltgenia-56960.jpeg;M;M;Otto_Wernicke;[259.70212 138.46207 435.45312 468.2238 ];142.0;795.0;409.0;527.0
GeheimzeichenLBWillyBirgelReneDeltgenia-58112.jpeg;M;M;Otto_Wernicke;[ 850.44696  178.80704 1014.51227  400.20215];201.0;1005.0;387.0;820.0
GeheimzeichenLBWillyBirgelReneDeltgenia-58112.jpeg;M;M;Otto_Wernicke;[455.67108  93.74138 622.82153 305.0455 ];201.0;1005.0;387.0;820.0
GeheimzeichenLBWillyBirgelReneDeltgenia-58368.jpeg;F;M;Otto_Wernicke;[804.51074 202.47675 966.66943 404.30145];236.0;941.0;391.0;786.0
GeheimzeichenLBWillyBirgelReneDeltgenia-58368.jpeg;M;M;Otto_Wernicke;[516.59686  99.37868 683.0468  309.95294];236.0;941.0;391.0;786.0
GeheimzeichenLBWillyBirgelReneDeltgenia-62336.jpeg;F;F;Brigitte_Horney;[417.204   106.10686 534.3219  277.60883];116.0;580.0;270.0;425.0
GeheimzeichenLBWillyBirgelReneDeltgenia-62336.jpeg;M;F;Brigitte_Horney;[750.3508   67.87699 881.8361  253.92126];116.0;580.0;270.0;425.0
GeheimzeichenLBWillyBirgelReneDeltgenia-66560.jpeg;M;F;Dorit_Kreysler;[771.0563  113.11238 850.84937 211.68787];126.0;852.0;216.0;763.0
GeheimzeichenLBWillyBirgelReneDeltgenia-66560.jpeg;M;F;Dorit_Kreysler;[704.5614  152.50085 754.5521  220.25052];126.0;852.0;216.0;763.0
GeheimzeichenLBWillyBirgelReneDeltgenia-66560.jpeg;M;F;Dorit_Kreysler;[462.9317   89.9314  532.2672  198.48294];126.0;852.0;216.0;763.0
GeheimzeichenLBWillyBirgelReneDeltgenia-76672.jpeg;M;M;Herbert_Gernot;[702.01044   53.056152 835.77783  235.764   ];81.0;855.0;236.0;700.0
GeheimzeichenLBWillyBirgelReneDeltgenia-76672.jpeg;M;M;Herbert_Gernot;[591.1339  250.69168 740.9558  467.16766];81.0;855.0;236.0;700.0
GeheimzeichenLBWillyBirgelReneDeltgenia-76672.jpeg;M;M;Herbert_Gernot;[247.43329 -67.51839 364.50464  85.93635];81.0;855.0;236.0;700.0
GeheimzeichenLBWillyBirgelReneDeltgenia-80512.jpeg;F;F;Elisabeth_Flickenschild;[828.79047  78.47904 927.2374  212.96632];92.0;903.0;199.0;796.0
GeheimzeichenLBWillyBirgelReneDeltgenia-80512.jpeg;M;F;Elisabeth_Flickenschild;[465.79266  47.53276 560.2119  203.6329 ];92.0;903.0;199.0;796.0
GeheimzeichenLBWillyBirgelReneDeltgenia-81408.jpeg;M;M;Herbert_Gernot;[474.1079    57.781845 586.8778   214.85881 ];82.0;612.0;211.0;483.0
GeheimzeichenLBWillyBirgelReneDeltgenia-81408.jpeg;M;M;Herbert_Gernot;[646.5634   87.34072 724.3106  199.79936];82.0;612.0;211.0;483.0
GeheimzeichenLBWillyBirgelReneDeltgenia-89728.jpeg;F;F;Dorit_Kreysler;[606.07184 241.40805 639.8122  286.60553];251.0;872.0;303.0;821.0
GeheimzeichenLBWillyBirgelReneDeltgenia-89728.jpeg;F;F;Dorit_Kreysler;[464.77203 188.72134 500.2959  231.63814];251.0;872.0;303.0;821.0
GeheimzeichenLBWillyBirgelReneDeltgenia-89728.jpeg;M;F;Dorit_Kreysler;[824.5291  248.6786  868.63104 299.7379 ];251.0;872.0;303.0;821.0
GeheimzeichenLBWillyBirgelReneDeltgenia-89728.jpeg;F;F;Dorit_Kreysler;[703.3564  220.23398 739.4632  266.51672];251.0;872.0;303.0;821.0
GeheimzeichenLBWillyBirgelReneDeltgenia-89728.jpeg;F;F;Dorit_Kreysler;[215.02211 287.56738 241.32446 321.74783];251.0;872.0;303.0;821.0
GeheimzeichenLBWillyBirgelReneDeltgenia-89728.jpeg;F;F;Dorit_Kreysler;[932.77783 215.7935  969.3069  261.74738];251.0;872.0;303.0;821.0
GeheimzeichenLBWillyBirgelReneDeltgenia-89728.jpeg;M;F;Dorit_Kreysler;[1068.8363   249.276   1108.0654   301.66666];251.0;872.0;303.0;821.0
GeheimzeichenLBWillyBirgelReneDeltgenia-96128.jpeg;F;F;Hella_Graf;[783.76337  81.31426 935.4232  281.48737];98.0;923.0;284.0;737.0
GeheimzeichenLBWillyBirgelReneDeltgenia-96128.jpeg;M;F;Hella_Graf;[256.5501  153.91469 373.8687  334.7112 ];98.0;923.0;284.0;737.0
GroeFreiheitNrHansAlbersVhsFilmDeutschia-10187.jpeg;M;M;Hans_Albers;[259.58618  99.66228 344.68    205.28677];106.0;335.0;196.0;245.0
GroeFreiheitNrHansAlbersVhsFilmDeutschia-10187.jpeg;F;M;Hans_Albers;[ -7.438154 415.5708    33.21281  465.13565 ];106.0;335.0;196.0;245.0
GroeFreiheitNrHansAlbersVhsFilmDeutschia-10187.jpeg;F;M;Hans_Albers;[ 82.24571 488.3764  122.69002 527.5571 ];106.0;335.0;196.0;245.0
GroeFreiheitNrHansAlbersVhsFilmDeutschia-102841.jpeg;M;M;Gustav_Knuth;[135.5685  222.15735 197.85272 304.98187];229.0;212.0;304.0;137.0
GroeFreiheitNrHansAlbersVhsFilmDeutschia-102841.jpeg;M;M;Gustav_Knuth;[463.07605 199.8545  525.3432  296.44223];229.0;212.0;304.0;137.0
GroeFreiheitNrHansAlbersVhsFilmDeutschia-103081.jpeg;M;M;Hans_Albers;[281.01776  73.70345 346.12662 154.9842 ];80.0;353.0;155.0;278.0
GroeFreiheitNrHansAlbersVhsFilmDeutschia-103081.jpeg;M;M;Hans_Albers;[469.67755 237.23198 523.8795  321.86722];80.0;353.0;155.0;278.0
GroeFreiheitNrHansAlbersVhsFilmDeutschia-103081.jpeg;M;M;Hans_Albers;[118.061584  56.886463 167.19017  138.16357 ];80.0;353.0;155.0;278.0
GroeFreiheitNrHansAlbersVhsFilmDeutschia-103201.jpeg;M;M;Hans_Albers;[290.82855  78.93687 355.52713 164.78284];88.0;370.0;163.0;295.0
GroeFreiheitNrHansAlbersVhsFilmDeutschia-103201.jpeg;M;M;Hans_Albers;[474.75317 227.21562 529.5941  319.3875 ];88.0;370.0;163.0;295.0
GroeFreiheitNrHansAlbersVhsFilmDeutschia-103201.jpeg;M;M;Hans_Albers;[112.57418  48.84306 167.67442 133.90254];88.0;370.0;163.0;295.0
GroeFreiheitNrHansAlbersVhsFilmDeutschia-103561.jpeg;M;M;Hans_Albers;[209.21004   43.948727 375.6159   266.77615 ];77.0;407.0;263.0;221.0
GroeFreiheitNrHansAlbersVhsFilmDeutschia-105128.jpeg;M;F;Ilse_Werner;[230.5395   95.41139 363.54758 279.77222];139.0;382.0;268.0;253.0
GroeFreiheitNrHansAlbersVhsFilmDeutschia-10530.jpeg;M;M;Hans_Albers;[162.65031 118.31789 245.97418 217.7701 ];126.0;245.0;216.0;155.0
GroeFreiheitNrHansAlbersVhsFilmDeutschia-10743.jpeg;M;M;Hans_Albers;[275.99213 123.12452 356.74518 217.35658];126.0;354.0;216.0;265.0
GroeFreiheitNrHansAlbersVhsFilmDeutschia-10743.jpeg;F;M;Hans_Albers;[468.00784 477.57675 520.6702  526.85565];126.0;354.0;216.0;265.0
GroeFreiheitNrHansAlbersVhsFilmDeutschia-109755.jpeg;F;F;Hilde_Hildebrand;[447.78287  61.36397 506.13358 153.34196];72.0;494.0;146.0;419.0
GroeFreiheitNrHansAlbersVhsFilmDeutschia-109755.jpeg;M;F;Hilde_Hildebrand;[180.42108 198.09363 247.80249 297.60226];72.0;494.0;146.0;419.0
GroeFreiheitNrHansAlbersVhsFilmDeutschia-110564.jpeg;F;F;Hilde_Hildebrand;[425.77762 104.10241 493.53308 195.66632];106.0;514.0;196.0;424.0
GroeFreiheitNrHansAlbersVhsFilmDeutschia-110987.jpeg;F;F;Hilde_Hildebrand;[178.60756 198.77524 242.33852 284.18616];218.0;246.0;281.0;183.0
GroeFreiheitNrHansAlbersVhsFilmDeutschia-111057.jpeg;F;F;Hilde_Hildebrand;[179.11206 195.70244 242.83467 286.79678];225.0;246.0;288.0;183.0
GroeFreiheitNrHansAlbersVhsFilmDeutschia-111414.jpeg;F;F;Hilde_Hildebrand;[171.35234 152.1147  277.001   303.06793];187.0;282.0;295.0;175.0
GroeFreiheitNrHansAlbersVhsFilmDeutschia-111624.jpeg;F;F;Hilde_Hildebrand;[219.78723 174.75652 341.24185 342.1556 ];211.0;354.0;340.0;225.0
GroeFreiheitNrHansAlbersVhsFilmDeutschia-111998.jpeg;M;M;Hans_Albers;[278.6814   89.44885 341.8539  177.42552];108.0;349.0;170.0;287.0
GroeFreiheitNrHansAlbersVhsFilmDeutschia-112099.jpeg;M;M;Hans_Albers;[343.40677   90.255264 418.5652   192.56966 ];96.0;444.0;186.0;354.0
GroeFreiheitNrHansAlbersVhsFilmDeutschia-113424.jpeg;M;M;Hans_Albers;[493.1694  201.41434 559.7027  286.42224];213.0;560.0;287.0;486.0
GroeFreiheitNrHansAlbersVhsFilmDeutschia-113424.jpeg;F;M;Hans_Albers;[155.90364 184.36943 212.36287 256.231  ];213.0;560.0;287.0;486.0
GroeFreiheitNrHansAlbersVhsFilmDeutschia-113970.jpeg;F;F;Hilde_Hildebrand;[221.33899 115.81619 348.65305 269.36423];139.0;354.0;268.0;225.0
GroeFreiheitNrHansAlbersVhsFilmDeutschia-114110.jpeg;F;F;Hilde_Hildebrand;[249.20508   94.365715 370.72815  269.38596 ];116.0;408.0;270.0;253.0
GroeFreiheitNrHansAlbersVhsFilmDeutschia-115407.jpeg;F;F;Ilse_Werner;[442.32056 131.273   518.6775  232.78522];146.0;511.0;221.0;436.0
GroeFreiheitNrHansAlbersVhsFilmDeutschia-115407.jpeg;F;F;Hilde_Hildebrand;[442.32056 131.273   518.6775  232.78522];138.0;378.0;213.0;303.0
GroeFreiheitNrHansAlbersVhsFilmDeutschia-115407.jpeg;F;F;Ilse_Werner;[308.75974 127.55574 383.0466  220.77164];146.0;511.0;221.0;436.0
GroeFreiheitNrHansAlbersVhsFilmDeutschia-115407.jpeg;F;F;Hilde_Hildebrand;[308.75974 127.55574 383.0466  220.77164];138.0;378.0;213.0;303.0
GroeFreiheitNrHansAlbersVhsFilmDeutschia-115407.jpeg;M;F;Ilse_Werner;[278.877    61.64988 307.43756  97.47115];146.0;511.0;221.0;436.0
GroeFreiheitNrHansAlbersVhsFilmDeutschia-115407.jpeg;M;F;Hilde_Hildebrand;[278.877    61.64988 307.43756  97.47115];138.0;378.0;213.0;303.0
GroeFreiheitNrHansAlbersVhsFilmDeutschia-115407.jpeg;M;F;Ilse_Werner;[ 73.179276  75.47356  103.29816  112.02192 ];146.0;511.0;221.0;436.0
GroeFreiheitNrHansAlbersVhsFilmDeutschia-115407.jpeg;M;F;Hilde_Hildebrand;[ 73.179276  75.47356  103.29816  112.02192 ];138.0;378.0;213.0;303.0
GroeFreiheitNrHansAlbersVhsFilmDeutschia-115407.jpeg;M;F;Ilse_Werner;[172.76047   32.126335 206.55614   73.945465];146.0;511.0;221.0;436.0
GroeFreiheitNrHansAlbersVhsFilmDeutschia-115407.jpeg;M;F;Hilde_Hildebrand;[172.76047   32.126335 206.55614   73.945465];138.0;378.0;213.0;303.0
GroeFreiheitNrHansAlbersVhsFilmDeutschia-115407.jpeg;M;F;Ilse_Werner;[554.4344  143.77219 600.962   204.51297];146.0;511.0;221.0;436.0
GroeFreiheitNrHansAlbersVhsFilmDeutschia-115407.jpeg;M;F;Hilde_Hildebrand;[554.4344  143.77219 600.962   204.51297];138.0;378.0;213.0;303.0
GroeFreiheitNrHansAlbersVhsFilmDeutschia-115407.jpeg;M;F;Ilse_Werner;[650.27606 141.38066 695.5709  193.06412];146.0;511.0;221.0;436.0
GroeFreiheitNrHansAlbersVhsFilmDeutschia-115407.jpeg;M;F;Hilde_Hildebrand;[650.27606 141.38066 695.5709  193.06412];138.0;378.0;213.0;303.0
GroeFreiheitNrHansAlbersVhsFilmDeutschia-115407.jpeg;F;F;Ilse_Werner;[127.04892  60.54979 155.3752   99.64139];146.0;511.0;221.0;436.0
GroeFreiheitNrHansAlbersVhsFilmDeutschia-115407.jpeg;F;F;Hilde_Hildebrand;[127.04892  60.54979 155.3752   99.64139];138.0;378.0;213.0;303.0
GroeFreiheitNrHansAlbersVhsFilmDeutschia-115522.jpeg;F;F;Ilse_Werner;[301.42746 128.92749 377.5383  222.94673];146.0;504.0;236.0;414.0
GroeFreiheitNrHansAlbersVhsFilmDeutschia-115522.jpeg;F;F;Hilde_Hildebrand;[301.42746 128.92749 377.5383  222.94673];136.0;384.0;226.0;295.0
GroeFreiheitNrHansAlbersVhsFilmDeutschia-115522.jpeg;F;F;Ilse_Werner;[430.9914  131.81099 508.69833 233.47145];146.0;504.0;236.0;414.0
GroeFreiheitNrHansAlbersVhsFilmDeutschia-115522.jpeg;F;F;Hilde_Hildebrand;[430.9914  131.81099 508.69833 233.47145];136.0;384.0;226.0;295.0
GroeFreiheitNrHansAlbersVhsFilmDeutschia-115522.jpeg;M;F;Ilse_Werner;[643.24036 135.89673 687.3763  188.39809];146.0;504.0;236.0;414.0
GroeFreiheitNrHansAlbersVhsFilmDeutschia-115522.jpeg;M;F;Hilde_Hildebrand;[643.24036 135.89673 687.3763  188.39809];136.0;384.0;226.0;295.0
GroeFreiheitNrHansAlbersVhsFilmDeutschia-115522.jpeg;M;F;Ilse_Werner;[172.13815   31.077528 206.5094    73.681984];146.0;504.0;236.0;414.0
GroeFreiheitNrHansAlbersVhsFilmDeutschia-115522.jpeg;M;F;Hilde_Hildebrand;[172.13815   31.077528 206.5094    73.681984];136.0;384.0;226.0;295.0
GroeFreiheitNrHansAlbersVhsFilmDeutschia-115522.jpeg;M;F;Ilse_Werner;[556.4558  144.62231 603.1723  204.71053];146.0;504.0;236.0;414.0
GroeFreiheitNrHansAlbersVhsFilmDeutschia-115522.jpeg;M;F;Hilde_Hildebrand;[556.4558  144.62231 603.1723  204.71053];136.0;384.0;226.0;295.0
GroeFreiheitNrHansAlbersVhsFilmDeutschia-115522.jpeg;M;F;Ilse_Werner;[ 83.63422  78.14086 112.77234 114.50186];146.0;504.0;236.0;414.0
GroeFreiheitNrHansAlbersVhsFilmDeutschia-115522.jpeg;M;F;Hilde_Hildebrand;[ 83.63422  78.14086 112.77234 114.50186];136.0;384.0;226.0;295.0
GroeFreiheitNrHansAlbersVhsFilmDeutschia-115522.jpeg;M;F;Ilse_Werner;[279.96704   60.729103 307.4006    95.71892 ];146.0;504.0;236.0;414.0
GroeFreiheitNrHansAlbersVhsFilmDeutschia-115522.jpeg;M;F;Hilde_Hildebrand;[279.96704   60.729103 307.4006    95.71892 ];136.0;384.0;226.0;295.0
GroeFreiheitNrHansAlbersVhsFilmDeutschia-115935.jpeg;F;F;Hilde_Hildebrand;[463.92435 130.44533 541.17914 227.29051];126.0;374.0;216.0;285.0
GroeFreiheitNrHansAlbersVhsFilmDeutschia-115935.jpeg;F;F;Hilde_Hildebrand;[285.64304 126.14152 360.4238  217.11269];126.0;374.0;216.0;285.0
GroeFreiheitNrHansAlbersVhsFilmDeutschia-115935.jpeg;M;F;Hilde_Hildebrand;[ 76.56273   75.328156 106.90944  112.894424];126.0;374.0;216.0;285.0
GroeFreiheitNrHansAlbersVhsFilmDeutschia-115935.jpeg;M;F;Hilde_Hildebrand;[637.6796  139.09077 681.2765  192.81042];126.0;374.0;216.0;285.0
GroeFreiheitNrHansAlbersVhsFilmDeutschia-115935.jpeg;M;F;Hilde_Hildebrand;[169.62929   32.112236 205.64503   73.82827 ];126.0;374.0;216.0;285.0
GroeFreiheitNrHansAlbersVhsFilmDeutschia-115935.jpeg;M;F;Hilde_Hildebrand;[560.92694 153.4605  607.14954 207.81148];126.0;374.0;216.0;285.0
GroeFreiheitNrHansAlbersVhsFilmDeutschia-116295.jpeg;F;F;Hilde_Hildebrand;[546.064   285.74905 608.82904 365.92236];267.0;432.0;329.0;370.0
GroeFreiheitNrHansAlbersVhsFilmDeutschia-116295.jpeg;M;F;Hilde_Hildebrand;[170.74736   49.460567 235.87552  140.17047 ];267.0;432.0;329.0;370.0
GroeFreiheitNrHansAlbersVhsFilmDeutschia-116295.jpeg;F;F;Hilde_Hildebrand;[385.5301  255.83093 445.12207 327.73984];267.0;432.0;329.0;370.0
GroeFreiheitNrHansAlbersVhsFilmDeutschia-116761.jpeg;F;F;Ilse_Werner;[499.74106 126.13954 580.78546 234.30922];146.0;573.0;236.0;484.0
GroeFreiheitNrHansAlbersVhsFilmDeutschia-116761.jpeg;F;F;Hilde_Hildebrand;[499.74106 126.13954 580.78546 234.30922];156.0;414.0;245.0;325.0
GroeFreiheitNrHansAlbersVhsFilmDeutschia-116761.jpeg;F;F;Ilse_Werner;[339.45465 136.65004 416.84988 238.37453];146.0;573.0;236.0;484.0
GroeFreiheitNrHansAlbersVhsFilmDeutschia-116761.jpeg;F;F;Hilde_Hildebrand;[339.45465 136.65004 416.84988 238.37453];156.0;414.0;245.0;325.0
GroeFreiheitNrHansAlbersVhsFilmDeutschia-116761.jpeg;M;F;Ilse_Werner;[106.91008  93.74295 185.05096 196.87338];146.0;573.0;236.0;484.0
GroeFreiheitNrHansAlbersVhsFilmDeutschia-116761.jpeg;M;F;Hilde_Hildebrand;[106.91008  93.74295 185.05096 196.87338];156.0;414.0;245.0;325.0
GroeFreiheitNrHansAlbersVhsFilmDeutschia-117001.jpeg;F;M;Gustav_Knuth;[329.19885 148.71507 394.5821  248.16982];92.0;175.0;199.0;67.0
GroeFreiheitNrHansAlbersVhsFilmDeutschia-117001.jpeg;F;M;Gustav_Knuth;[478.53854 151.0935  544.0702  255.24187];92.0;175.0;199.0;67.0
GroeFreiheitNrHansAlbersVhsFilmDeutschia-117001.jpeg;M;M;Gustav_Knuth;[ 70.73725  92.93044 152.87163 196.17053];92.0;175.0;199.0;67.0
GroeFreiheitNrHansAlbersVhsFilmDeutschia-117121.jpeg;F;F;Hilde_Hildebrand;[348.02206 150.2356  424.48694 251.14326];171.0;411.0;246.0;337.0
GroeFreiheitNrHansAlbersVhsFilmDeutschia-117121.jpeg;F;F;Ilse_Werner;[348.02206 150.2356  424.48694 251.14326];146.0;544.0;236.0;454.0
GroeFreiheitNrHansAlbersVhsFilmDeutschia-117121.jpeg;F;F;Hilde_Hildebrand;[485.3748 136.9239 558.7742 245.0965];171.0;411.0;246.0;337.0
GroeFreiheitNrHansAlbersVhsFilmDeutschia-117121.jpeg;F;F;Ilse_Werner;[485.3748 136.9239 558.7742 245.0965];146.0;544.0;236.0;454.0
GroeFreiheitNrHansAlbersVhsFilmDeutschia-117121.jpeg;M;F;Hilde_Hildebrand;[ 92.38599  97.80133 172.39171 208.37564];171.0;411.0;246.0;337.0
GroeFreiheitNrHansAlbersVhsFilmDeutschia-117121.jpeg;M;F;Ilse_Werner;[ 92.38599  97.80133 172.39171 208.37564];146.0;544.0;236.0;454.0
GroeFreiheitNrHansAlbersVhsFilmDeutschia-117628.jpeg;F;F;Hilde_Hildebrand;[295.02298 223.2565  347.59848 292.8996 ];225.0;204.0;288.0;142.0
GroeFreiheitNrHansAlbersVhsFilmDeutschia-117628.jpeg;F;F;Hilde_Hildebrand;[144.14212 209.61781 200.91336 280.97015];225.0;204.0;288.0;142.0
GroeFreiheitNrHansAlbersVhsFilmDeutschia-117628.jpeg;M;F;Hilde_Hildebrand;[652.1887  223.86423 685.64185 266.2846 ];225.0;204.0;288.0;142.0
GroeFreiheitNrHansAlbersVhsFilmDeutschia-117628.jpeg;M;F;Hilde_Hildebrand;[445.6187  242.1015  484.41946 288.0032 ];225.0;204.0;288.0;142.0
GroeFreiheitNrHansAlbersVhsFilmDeutschia-117628.jpeg;F;F;Hilde_Hildebrand;[549.77    220.81758 578.71436 253.48018];225.0;204.0;288.0;142.0
GroeFreiheitNrHansAlbersVhsFilmDeutschia-117748.jpeg;M;F;Hilde_Hildebrand;[296.673   225.45605 348.7788  295.83603];225.0;204.0;288.0;142.0
GroeFreiheitNrHansAlbersVhsFilmDeutschia-117748.jpeg;F;F;Hilde_Hildebrand;[143.71786 212.12506 200.39415 281.07098];225.0;204.0;288.0;142.0
GroeFreiheitNrHansAlbersVhsFilmDeutschia-117748.jpeg;M;F;Hilde_Hildebrand;[652.85645 224.51823 685.89624 265.22046];225.0;204.0;288.0;142.0
GroeFreiheitNrHansAlbersVhsFilmDeutschia-117748.jpeg;M;F;Hilde_Hildebrand;[387.42056 110.88721 438.92633 183.73918];225.0;204.0;288.0;142.0
GroeFreiheitNrHansAlbersVhsFilmDeutschia-118794.jpeg;F;F;Ilse_Werner;[161.27974   90.175354 249.67833  212.03722 ];104.0;247.0;211.0;139.0
GroeFreiheitNrHansAlbersVhsFilmDeutschia-12908.jpeg;M;M;Hans_Albers;[230.73822 173.82173 343.13687 324.7356 ];211.0;330.0;319.0;223.0
GroeFreiheitNrHansAlbersVhsFilmDeutschia-12908.jpeg;F;M;Hans_Albers;[499.95737 160.20561 604.1997  290.7371 ];211.0;330.0;319.0;223.0
GroeFreiheitNrHansAlbersVhsFilmDeutschia-12908.jpeg;M;M;Hans_Albers;[109.824814 177.48396  201.58601  312.6697  ];211.0;330.0;319.0;223.0
GroeFreiheitNrHansAlbersVhsFilmDeutschia-130649.jpeg;F;M;Hans_Albers;[251.99281 187.44168 334.00183 298.17047];196.0;335.0;285.0;245.0
GroeFreiheitNrHansAlbersVhsFilmDeutschia-136390.jpeg;M;M;Hans_Albers;[302.66602   93.309044 358.5473   154.25165 ];101.0;360.0;153.0;308.0
GroeFreiheitNrHansAlbersVhsFilmDeutschia-136390.jpeg;M;M;Hans_Albers;[574.7242  116.20091 628.56616 177.55067];101.0;360.0;153.0;308.0
GroeFreiheitNrHansAlbersVhsFilmDeutschia-136390.jpeg;M;M;Hans_Albers;[115.220825 184.43176  172.05942  245.95828 ];101.0;360.0;153.0;308.0
GroeFreiheitNrHansAlbersVhsFilmDeutschia-136927.jpeg;M;F;Ilse_Werner;[347.33917 124.44588 539.5115  398.2164 ];192.0;563.0;415.0;340.0
GroeFreiheitNrHansAlbersVhsFilmDeutschia-138502.jpeg;M;M;Hans_Albers;[226.10115   52.327717 345.66046  211.29977 ];82.0;354.0;211.0;225.0
GroeFreiheitNrHansAlbersVhsFilmDeutschia-140494.jpeg;M;M;Hans_Albers;[132.59254   83.852295 186.62642  156.46959 ];94.0;197.0;156.0;135.0
GroeFreiheitNrHansAlbersVhsFilmDeutschia-140614.jpeg;M;M;Hans_Albers;[141.04562  82.94602 193.84663 155.88866];94.0;197.0;156.0;135.0
GroeFreiheitNrHansAlbersVhsFilmDeutschia-146885.jpeg;M;F;Ilse_Werner;[278.91333  62.55363 565.28064 435.12244];142.0;557.0;409.0;290.0
GroeFreiheitNrHansAlbersVhsFilmDeutschia-149520.jpeg;M;M;Hans_Albers;[233.31787 139.99886 358.03168 323.71442];182.0;368.0;311.0;239.0
GroeFreiheitNrHansAlbersVhsFilmDeutschia-14993.jpeg;M;M;Gustav_Knuth;[406.913   159.80724 469.2726  233.72466];199.0;569.0;307.0;462.0
GroeFreiheitNrHansAlbersVhsFilmDeutschia-14993.jpeg;M;M;Gustav_Knuth;[256.44208 254.73106 343.00986 358.9312 ];199.0;569.0;307.0;462.0
GroeFreiheitNrHansAlbersVhsFilmDeutschia-14993.jpeg;M;M;Gustav_Knuth;[ 54.385757 268.92673  134.33037  367.5754  ];199.0;569.0;307.0;462.0
GroeFreiheitNrHansAlbersVhsFilmDeutschia-14993.jpeg;M;M;Gustav_Knuth;[478.60864 187.95212 581.6095  303.51093];199.0;569.0;307.0;462.0
GroeFreiheitNrHansAlbersVhsFilmDeutschia-154144.jpeg;M;M;Hans_Albers;[163.86427 192.25664 234.69608 296.14566];206.0;255.0;295.0;165.0
GroeFreiheitNrHansAlbersVhsFilmDeutschia-154144.jpeg;M;M;Hans_Albers;[375.10864 195.9768  452.79974 306.29596];206.0;255.0;295.0;165.0
GroeFreiheitNrHansAlbersVhsFilmDeutschia-15505.jpeg;F;F;Hilde_Hildebrand;[336.58926  74.71138 445.98505 216.7295 ];104.0;438.0;211.0;330.0
GroeFreiheitNrHansAlbersVhsFilmDeutschia-155246.jpeg;M;M;Hans_Albers;[282.4321      2.6783607 555.5235    387.80682  ];63.0;598.0;384.0;277.0
GroeFreiheitNrHansAlbersVhsFilmDeutschia-15568.jpeg;F;M;Gustav_Knuth;[636.7356  107.98943 702.6411  192.34766];199.0;581.0;307.0;474.0
GroeFreiheitNrHansAlbersVhsFilmDeutschia-15568.jpeg;F;M;Hans_Albers;[636.7356  107.98943 702.6411  192.34766];259.0;330.0;367.0;223.0
GroeFreiheitNrHansAlbersVhsFilmDeutschia-15568.jpeg;M;M;Gustav_Knuth;[ 74.39316 231.33408 150.66599 331.9589 ];199.0;581.0;307.0;474.0
GroeFreiheitNrHansAlbersVhsFilmDeutschia-15568.jpeg;M;M;Hans_Albers;[ 74.39316 231.33408 150.66599 331.9589 ];259.0;330.0;367.0;223.0
GroeFreiheitNrHansAlbersVhsFilmDeutschia-15568.jpeg;M;M;Gustav_Knuth;[235.28223 256.7159  321.50314 357.23917];199.0;581.0;307.0;474.0
GroeFreiheitNrHansAlbersVhsFilmDeutschia-15568.jpeg;M;M;Hans_Albers;[235.28223 256.7159  321.50314 357.23917];259.0;330.0;367.0;223.0
GroeFreiheitNrHansAlbersVhsFilmDeutschia-15568.jpeg;M;M;Gustav_Knuth;[481.49164 191.95375 582.04877 316.41705];199.0;581.0;307.0;474.0
GroeFreiheitNrHansAlbersVhsFilmDeutschia-15568.jpeg;M;M;Hans_Albers;[481.49164 191.95375 582.04877 316.41705];259.0;330.0;367.0;223.0
GroeFreiheitNrHansAlbersVhsFilmDeutschia-15568.jpeg;M;M;Gustav_Knuth;[432.9122  119.13037 494.67474 197.41882];199.0;581.0;307.0;474.0
GroeFreiheitNrHansAlbersVhsFilmDeutschia-15568.jpeg;M;M;Hans_Albers;[432.9122  119.13037 494.67474 197.41882];259.0;330.0;367.0;223.0
GroeFreiheitNrHansAlbersVhsFilmDeutschia-15568.jpeg;M;M;Gustav_Knuth;[244.7716  170.54942 294.9024  233.34952];199.0;581.0;307.0;474.0
GroeFreiheitNrHansAlbersVhsFilmDeutschia-15568.jpeg;M;M;Hans_Albers;[244.7716  170.54942 294.9024  233.34952];259.0;330.0;367.0;223.0
GroeFreiheitNrHansAlbersVhsFilmDeutschia-155726.jpeg;M;M;Hans_Albers;[262.4589  122.13874 489.25455 448.1269 ];171.0;557.0;439.0;290.0
GroeFreiheitNrHansAlbersVhsFilmDeutschia-17894.jpeg;M;M;Hans_Albers;[207.94695   56.827885 328.21982  227.0608  ];96.0;339.0;225.0;210.0
GroeFreiheitNrHansAlbersVhsFilmDeutschia-18896.jpeg;M;M;Hans_Albers;[203.77277   55.050888 320.0523   226.26431 ];96.0;339.0;225.0;210.0
GroeFreiheitNrHansAlbersVhsFilmDeutschia-19592.jpeg;M;M;Hans_Albers;[ 72.35523 175.45781 181.69913 325.99292];211.0;187.0;319.0;79.0
GroeFreiheitNrHansAlbersVhsFilmDeutschia-25550.jpeg;F;F;Hilde_Hildebrand;[441.55978 134.7918  528.41833 249.6126 ];156.0;524.0;245.0;434.0
GroeFreiheitNrHansAlbersVhsFilmDeutschia-25550.jpeg;M;F;Hilde_Hildebrand;[195.61517 105.27592 313.42178 233.87042];156.0;524.0;245.0;434.0
GroeFreiheitNrHansAlbersVhsFilmDeutschia-25657.jpeg;M;M;Gustav_Knuth;[143.89532  76.87247 294.3573  290.23666];116.0;322.0;270.0;167.0
GroeFreiheitNrHansAlbersVhsFilmDeutschia-25777.jpeg;M;M;Gustav_Knuth;[156.98329   65.231316 300.74683  274.86948 ];98.0;322.0;253.0;167.0
GroeFreiheitNrHansAlbersVhsFilmDeutschia-27294.jpeg;F;F;Hilde_Hildebrand;[413.13925 118.54908 520.9461  247.70143];140.0;509.0;247.0;402.0
GroeFreiheitNrHansAlbersVhsFilmDeutschia-27294.jpeg;F;F;Hilde_Hildebrand;[ 23.750315  92.8998   123.40396  212.06789 ];140.0;509.0;247.0;402.0
GroeFreiheitNrHansAlbersVhsFilmDeutschia-27294.jpeg;M;F;Hilde_Hildebrand;[219.54193 186.34756 300.0826  329.88058];140.0;509.0;247.0;402.0
GroeFreiheitNrHansAlbersVhsFilmDeutschia-27534.jpeg;F;F;Hilde_Hildebrand;[417.1512   90.28666 528.65247 230.02292];128.0;509.0;235.0;402.0
GroeFreiheitNrHansAlbersVhsFilmDeutschia-27534.jpeg;F;F;Hilde_Hildebrand;[ 42.014957  48.53057  145.16957  160.27629 ];128.0;509.0;235.0;402.0
GroeFreiheitNrHansAlbersVhsFilmDeutschia-27534.jpeg;M;F;Hilde_Hildebrand;[134.7355  222.53435 216.60703 397.2356 ];128.0;509.0;235.0;402.0
GroeFreiheitNrHansAlbersVhsFilmDeutschia-27654.jpeg;F;F;Hilde_Hildebrand;[420.44342  93.57594 538.9921  230.74869];128.0;509.0;235.0;402.0
GroeFreiheitNrHansAlbersVhsFilmDeutschia-27654.jpeg;M;F;Hilde_Hildebrand;[ 74.501526 182.21239  214.29337  387.93408 ];128.0;509.0;235.0;402.0
GroeFreiheitNrHansAlbersVhsFilmDeutschia-27654.jpeg;F;F;Hilde_Hildebrand;[ 46.889587  37.01352  154.04668  156.2655  ];128.0;509.0;235.0;402.0
GroeFreiheitNrHansAlbersVhsFilmDeutschia-28147.jpeg;F;F;Hilde_Hildebrand;[430.37112 177.74588 533.7266  324.35257];196.0;526.0;325.0;397.0
GroeFreiheitNrHansAlbersVhsFilmDeutschia-28147.jpeg;M;F;Hilde_Hildebrand;[203.61519 139.19626 333.99338 314.20883];196.0;526.0;325.0;397.0
GroeFreiheitNrHansAlbersVhsFilmDeutschia-28435.jpeg;F;F;Hilde_Hildebrand;[216.57338 151.2327  381.34805 351.53494];184.0;373.0;339.0;218.0
GroeFreiheitNrHansAlbersVhsFilmDeutschia-29808.jpeg;M;M;Hans_Albers;[310.18796 109.21345 390.84668 209.19542];116.0;404.0;206.0;315.0
GroeFreiheitNrHansAlbersVhsFilmDeutschia-29990.jpeg;M;M;Hans_Albers;[296.76447  115.892876 374.06598  209.67282 ];116.0;384.0;206.0;295.0
GroeFreiheitNrHansAlbersVhsFilmDeutschia-30631.jpeg;M;M;Hans_Albers;[214.14072   72.295906 329.86624  228.26154 ];96.0;339.0;225.0;210.0
GroeFreiheitNrHansAlbersVhsFilmDeutschia-30871.jpeg;M;M;Hans_Albers;[236.37173  81.11782 384.15005 267.58496];98.0;390.0;253.0;236.0
GroeFreiheitNrHansAlbersVhsFilmDeutschia-31709.jpeg;M;F;Ilse_Werner;[445.8206  201.36974 571.13385 368.62338];235.0;533.0;343.0;426.0
GroeFreiheitNrHansAlbersVhsFilmDeutschia-31709.jpeg;M;F;Ilse_Werner;[ 78.54686    -6.4293966 271.83835   221.4602   ];235.0;533.0;343.0;426.0
GroeFreiheitNrHansAlbersVhsFilmDeutschia-37895.jpeg;M;F;Ilse_Werner;[192.23633  59.72881 307.65402 221.34285];82.0;325.0;211.0;196.0
GroeFreiheitNrHansAlbersVhsFilmDeutschia-40044.jpeg;F;F;Ilse_Werner;[240.01086  81.34189 457.09497 358.44183];118.0;464.0;341.0;241.0
GroeFreiheitNrHansAlbersVhsFilmDeutschia-40496.jpeg;F;F;Ilse_Werner;[218.29147  81.47585 414.12027 352.6464 ];118.0;414.0;341.0;191.0
GroeFreiheitNrHansAlbersVhsFilmDeutschia-40716.jpeg;M;F;Ilse_Werner;[227.7699    94.687904 426.46564  360.25522 ];142.0;414.0;365.0;191.0
GroeFreiheitNrHansAlbersVhsFilmDeutschia-42398.jpeg;F;F;Hilde_Hildebrand;[314.56     90.91776 385.07602 189.79396];105.0;378.0;179.0;303.0
GroeFreiheitNrHansAlbersVhsFilmDeutschia-42398.jpeg;M;F;Hilde_Hildebrand;[631.28265 264.7395  682.75574 336.41772];105.0;378.0;179.0;303.0
GroeFreiheitNrHansAlbersVhsFilmDeutschia-42398.jpeg;F;F;Hilde_Hildebrand;[608.6848  162.71802 635.4041  201.92474];105.0;378.0;179.0;303.0
GroeFreiheitNrHansAlbersVhsFilmDeutschia-42398.jpeg;F;F;Hilde_Hildebrand;[568.05    132.8012  590.52374 162.93988];105.0;378.0;179.0;303.0
GroeFreiheitNrHansAlbersVhsFilmDeutschia-42398.jpeg;M;F;Hilde_Hildebrand;[691.5498  198.31273 728.412   245.90929];105.0;378.0;179.0;303.0
GroeFreiheitNrHansAlbersVhsFilmDeutschia-42638.jpeg;F;F;Hilde_Hildebrand;[273.83517  99.23058 420.81195 288.88483];133.0;408.0;288.0;253.0
GroeFreiheitNrHansAlbersVhsFilmDeutschia-43044.jpeg;F;F;Hilde_Hildebrand;[226.11646  98.42287 381.21216 309.58612];118.0;366.0;304.0;180.0
GroeFreiheitNrHansAlbersVhsFilmDeutschia-43554.jpeg;F;F;Hilde_Hildebrand;[280.5502  135.33447 442.04758 354.75287];139.0;428.0;325.0;242.0
GroeFreiheitNrHansAlbersVhsFilmDeutschia-43858.jpeg;F;F;Hilde_Hildebrand;[268.42844 118.41094 431.9317  325.7946 ];150.0;408.0;305.0;253.0
GroeFreiheitNrHansAlbersVhsFilmDeutschia-44218.jpeg;F;F;Hilde_Hildebrand;[282.78763 141.22552 443.3668  360.92484];160.0;428.0;345.0;242.0
GroeFreiheitNrHansAlbersVhsFilmDeutschia-44338.jpeg;F;F;Hilde_Hildebrand;[285.24847 131.68182 453.61322 344.97864];139.0;428.0;325.0;242.0
GroeFreiheitNrHansAlbersVhsFilmDeutschia-45646.jpeg;F;F;Ilse_Werner;[135.25734 146.45117 265.82486 317.65536];167.0;253.0;322.0;98.0
GroeFreiheitNrHansAlbersVhsFilmDeutschia-45646.jpeg;M;F;Ilse_Werner;[440.1919    55.063248 548.41766  215.94595 ];167.0;253.0;322.0;98.0
GroeFreiheitNrHansAlbersVhsFilmDeutschia-45886.jpeg;M;F;Ilse_Werner;[467.40808   81.549095 583.3966   245.97972 ];110.0;282.0;239.0;153.0
GroeFreiheitNrHansAlbersVhsFilmDeutschia-45886.jpeg;F;F;Ilse_Werner;[168.46169  81.50237 293.05203 252.57274];110.0;282.0;239.0;153.0
GroeFreiheitNrHansAlbersVhsFilmDeutschia-48268.jpeg;F;F;Ilse_Werner;[310.33    113.41296 410.84122 245.52672];140.0;402.0;247.0;294.0
GroeFreiheitNrHansAlbersVhsFilmDeutschia-50063.jpeg;M;M;Gustav_Knuth;[253.31902 192.85165 357.20038 324.41464];196.0;382.0;325.0;253.0
GroeFreiheitNrHansAlbersVhsFilmDeutschia-51644.jpeg;F;F;Hilde_Hildebrand;[433.97705 129.51952 503.66724 217.64818];146.0;511.0;221.0;436.0
GroeFreiheitNrHansAlbersVhsFilmDeutschia-51644.jpeg;F;F;Hilde_Hildebrand;[144.58902 303.08603 158.06589 322.6875 ];146.0;511.0;221.0;436.0
GroeFreiheitNrHansAlbersVhsFilmDeutschia-57196.jpeg;M;M;Hans_Albers;[121.57426   85.532234 290.79312  313.46957 ];118.0;324.0;304.0;139.0
GroeFreiheitNrHansAlbersVhsFilmDeutschia-59128.jpeg;M;F;Ilse_Werner;[198.20204   92.279236 353.29694  304.8783  ];118.0;386.0;304.0;201.0
GroeFreiheitNrHansAlbersVhsFilmDeutschia-59266.jpeg;M;F;Ilse_Werner;[207.20297  103.797745 351.00546  301.07333 ];150.0;373.0;305.0;218.0
GroeFreiheitNrHansAlbersVhsFilmDeutschia-65428.jpeg;M;M;Hans_Albers;[239.94571 174.09671 295.88516 252.59656];191.0;308.0;253.0;246.0
GroeFreiheitNrHansAlbersVhsFilmDeutschia-65428.jpeg;M;M;Hans_Albers;[508.02905 212.22708 555.8143  275.13748];191.0;308.0;253.0;246.0
GroeFreiheitNrHansAlbersVhsFilmDeutschia-65428.jpeg;M;M;Hans_Albers;[521.28894  60.17246 539.1125   84.49198];191.0;308.0;253.0;246.0
GroeFreiheitNrHansAlbersVhsFilmDeutschia-66338.jpeg;M;M;Hans_Albers;[344.68793  90.0379  464.00504 258.45422];125.0;483.0;254.0;354.0
GroeFreiheitNrHansAlbersVhsFilmDeutschia-66458.jpeg;M;M;Hans_Albers;[364.16663  88.55439 486.15802 260.29355];125.0;497.0;254.0;368.0
GroeFreiheitNrHansAlbersVhsFilmDeutschia-66982.jpeg;M;M;Hans_Albers;[291.82327  74.8113  396.5549  214.20392];104.0;402.0;211.0;294.0
GroeFreiheitNrHansAlbersVhsFilmDeutschia-67102.jpeg;M;M;Hans_Albers;[322.49878  72.02955 432.87442 209.73744];104.0;426.0;211.0;318.0
GroeFreiheitNrHansAlbersVhsFilmDeutschia-67102.jpeg;M;F;Ilse_Werner;[322.49878  72.02955 432.87442 209.73744];176.0;583.0;265.0;494.0
GroeFreiheitNrHansAlbersVhsFilmDeutschia-67102.jpeg;F;M;Hans_Albers;[499.7383  145.13467 597.58405 269.2068 ];104.0;426.0;211.0;318.0
GroeFreiheitNrHansAlbersVhsFilmDeutschia-67102.jpeg;F;F;Ilse_Werner;[499.7383  145.13467 597.58405 269.2068 ];176.0;583.0;265.0;494.0
GroeFreiheitNrHansAlbersVhsFilmDeutschia-67462.jpeg;M;F;Ilse_Werner;[317.54388  63.21157 427.59784 210.95374];152.0;545.0;259.0;438.0
GroeFreiheitNrHansAlbersVhsFilmDeutschia-67462.jpeg;M;M;Hans_Albers;[317.54388  63.21157 427.59784 210.95374];82.0;440.0;211.0;311.0
GroeFreiheitNrHansAlbersVhsFilmDeutschia-67462.jpeg;F;F;Ilse_Werner;[458.921   135.37437 546.4056  256.50043];152.0;545.0;259.0;438.0
GroeFreiheitNrHansAlbersVhsFilmDeutschia-67462.jpeg;F;M;Hans_Albers;[458.921   135.37437 546.4056  256.50043];82.0;440.0;211.0;311.0
GroeFreiheitNrHansAlbersVhsFilmDeutschia-67582.jpeg;M;F;Ilse_Werner;[328.59985  74.74096 441.3288  217.66135];166.0;554.0;255.0;464.0
GroeFreiheitNrHansAlbersVhsFilmDeutschia-67582.jpeg;M;M;Hans_Albers;[328.59985  74.74096 441.3288  217.66135];104.0;438.0;211.0;330.0
GroeFreiheitNrHansAlbersVhsFilmDeutschia-67582.jpeg;F;F;Ilse_Werner;[481.07187 131.85866 574.01666 257.96518];166.0;554.0;255.0;464.0
GroeFreiheitNrHansAlbersVhsFilmDeutschia-67582.jpeg;F;M;Hans_Albers;[481.07187 131.85866 574.01666 257.96518];104.0;438.0;211.0;330.0
GroeFreiheitNrHansAlbersVhsFilmDeutschia-68669.jpeg;M;M;Hans_Albers;[210.92027  90.42098 462.0319  441.39383];171.0;498.0;439.0;230.0
GroeFreiheitNrHansAlbersVhsFilmDeutschia-70222.jpeg;M;M;Hans_Albers;[261.443     72.986435 329.00778  164.77083 ];96.0;328.0;171.0;254.0
GroeFreiheitNrHansAlbersVhsFilmDeutschia-70222.jpeg;M;M;Hans_Albers;[378.45917   81.081276 444.68372  169.19424 ];96.0;328.0;171.0;254.0
GroeFreiheitNrHansAlbersVhsFilmDeutschia-71988.jpeg;M;M;Hans_Albers;[133.48769  94.07305 239.59502 246.74416];125.0;268.0;254.0;139.0
GroeFreiheitNrHansAlbersVhsFilmDeutschia-74035.jpeg;M;M;Hans_Albers;[147.43805   81.504425 260.39813  220.88188 ];96.0;282.0;225.0;153.0
GroeFreiheitNrHansAlbersVhsFilmDeutschia-75428.jpeg;M;M;Hans_Albers;[102.13864  85.06588 216.75305 215.94624];96.0;239.0;225.0;110.0
GroeFreiheitNrHansAlbersVhsFilmDeutschia-75626.jpeg;F;F;Hilde_Hildebrand;[386.26257  77.31923 462.59222 171.29819];216.0;235.0;305.0;145.0
GroeFreiheitNrHansAlbersVhsFilmDeutschia-75626.jpeg;F;F;Hilde_Hildebrand;[154.92505 203.6071  236.4653  307.09906];216.0;235.0;305.0;145.0
GroeFreiheitNrHansAlbersVhsFilmDeutschia-75626.jpeg;M;F;Hilde_Hildebrand;[680.63196 170.60423 716.5746  214.35645];216.0;235.0;305.0;145.0
GroeFreiheitNrHansAlbersVhsFilmDeutschia-75626.jpeg;M;F;Hilde_Hildebrand;[218.91005  51.40565 261.24612 105.36708];216.0;235.0;305.0;145.0
GroeFreiheitNrHansAlbersVhsFilmDeutschia-75626.jpeg;M;F;Hilde_Hildebrand;[20.069817 15.687295 64.878494 73.63531 ];216.0;235.0;305.0;145.0
GroeFreiheitNrHansAlbersVhsFilmDeutschia-75626.jpeg;M;F;Hilde_Hildebrand;[563.42145 143.38376 599.6802  196.02922];216.0;235.0;305.0;145.0
GroeFreiheitNrHansAlbersVhsFilmDeutschia-75626.jpeg;M;F;Hilde_Hildebrand;[288.41876  65.31034 328.6358  123.23173];216.0;235.0;305.0;145.0
GroeFreiheitNrHansAlbersVhsFilmDeutschia-75626.jpeg;M;F;Hilde_Hildebrand;[117.34743   35.013855 158.89806   87.42021 ];216.0;235.0;305.0;145.0
GroeFreiheitNrHansAlbersVhsFilmDeutschia-76107.jpeg;F;F;Hilde_Hildebrand;[114.28678 241.0589  217.12851 370.9122 ];259.0;211.0;367.0;103.0
GroeFreiheitNrHansAlbersVhsFilmDeutschia-76107.jpeg;F;F;Hilde_Hildebrand;[397.6588    74.922226 492.15167  197.76619 ];259.0;211.0;367.0;103.0
GroeFreiheitNrHansAlbersVhsFilmDeutschia-76107.jpeg;M;F;Hilde_Hildebrand;[ 90.297165  38.99711  136.07796   96.06403 ];259.0;211.0;367.0;103.0
GroeFreiheitNrHansAlbersVhsFilmDeutschia-76107.jpeg;M;F;Hilde_Hildebrand;[209.908     55.274406 254.04651  115.32662 ];259.0;211.0;367.0;103.0
GroeFreiheitNrHansAlbersVhsFilmDeutschia-76107.jpeg;M;F;Hilde_Hildebrand;[-9.938573 18.031761 34.78734  79.64762 ];259.0;211.0;367.0;103.0
GroeFreiheitNrHansAlbersVhsFilmDeutschia-76107.jpeg;M;F;Hilde_Hildebrand;[284.70087  76.09588 327.0714  136.73778];259.0;211.0;367.0;103.0
GroeFreiheitNrHansAlbersVhsFilmDeutschia-76347.jpeg;F;F;Hilde_Hildebrand;[426.6321    84.994995 547.41766  238.0067  ];305.0;201.0;460.0;46.0
GroeFreiheitNrHansAlbersVhsFilmDeutschia-76347.jpeg;F;F;Hilde_Hildebrand;[ 66.34023 284.01334 193.88634 463.79214];305.0;201.0;460.0;46.0
GroeFreiheitNrHansAlbersVhsFilmDeutschia-76347.jpeg;M;F;Hilde_Hildebrand;[206.77737   67.640884 253.33624  128.82216 ];305.0;201.0;460.0;46.0
GroeFreiheitNrHansAlbersVhsFilmDeutschia-76347.jpeg;M;F;Hilde_Hildebrand;[ 73.58616   48.39285  122.897736 107.61575 ];305.0;201.0;460.0;46.0
GroeFreiheitNrHansAlbersVhsFilmDeutschia-76768.jpeg;M;M;Hans_Albers;[135.40701  94.28697 304.1856  305.2177 ];118.0;345.0;304.0;159.0
GroeFreiheitNrHansAlbersVhsFilmDeutschia-78505.jpeg;F;F;Hilde_Hildebrand;[378.35364   77.639435 430.99515  145.06773 ];90.0;429.0;141.0;377.0
GroeFreiheitNrHansAlbersVhsFilmDeutschia-78505.jpeg;M;F;Hilde_Hildebrand;[269.1241  293.568   348.10648 385.90872];90.0;429.0;141.0;377.0
GroeFreiheitNrHansAlbersVhsFilmDeutschia-78538.jpeg;F;M;Hans_Albers;[335.026     12.198548 417.22186  110.135704];128.0;282.0;235.0;175.0
GroeFreiheitNrHansAlbersVhsFilmDeutschia-78538.jpeg;M;M;Hans_Albers;[164.52411 105.93738 273.4943  242.23856];128.0;282.0;235.0;175.0
GroeFreiheitNrHansAlbersVhsFilmDeutschia-78898.jpeg;M;F;Hilde_Hildebrand;[138.8496   69.96159 241.6114  211.76343];136.0;514.0;226.0;424.0
GroeFreiheitNrHansAlbersVhsFilmDeutschia-78898.jpeg;F;F;Hilde_Hildebrand;[439.32193 114.75175 522.6268  232.83592];136.0;514.0;226.0;424.0
GroeFreiheitNrHansAlbersVhsFilmDeutschia-79138.jpeg;F;F;Hilde_Hildebrand;[382.46753 134.20813 467.4918  256.2849 ];156.0;454.0;245.0;364.0
GroeFreiheitNrHansAlbersVhsFilmDeutschia-79138.jpeg;F;M;Hans_Albers;[382.46753 134.20813 467.4918  256.2849 ];140.0;282.0;247.0;175.0
GroeFreiheitNrHansAlbersVhsFilmDeutschia-79138.jpeg;M;F;Hilde_Hildebrand;[157.83246 128.09763 262.2506  252.1911 ];156.0;454.0;245.0;364.0
GroeFreiheitNrHansAlbersVhsFilmDeutschia-79138.jpeg;M;M;Hans_Albers;[157.83246 128.09763 262.2506  252.1911 ];140.0;282.0;247.0;175.0
GroeFreiheitNrHansAlbersVhsFilmDeutschia-79378.jpeg;M;M;Hans_Albers;[150.11626  75.72482 254.42699 209.43599];82.0;282.0;211.0;153.0
GroeFreiheitNrHansAlbersVhsFilmDeutschia-79378.jpeg;M;F;Hilde_Hildebrand;[150.11626  75.72482 254.42699 209.43599];140.0;450.0;247.0;342.0
GroeFreiheitNrHansAlbersVhsFilmDeutschia-79378.jpeg;F;M;Hans_Albers;[375.39877 129.17741 457.99084 248.6495 ];82.0;282.0;211.0;153.0
GroeFreiheitNrHansAlbersVhsFilmDeutschia-79378.jpeg;F;F;Hilde_Hildebrand;[375.39877 129.17741 457.99084 248.6495 ];140.0;450.0;247.0;342.0
GroeFreiheitNrHansAlbersVhsFilmDeutschia-79498.jpeg;M;F;Hilde_Hildebrand;[161.73836  85.68071 265.637   219.29597];156.0;424.0;245.0;335.0
GroeFreiheitNrHansAlbersVhsFilmDeutschia-79498.jpeg;M;M;Hans_Albers;[161.73836  85.68071 265.637   219.29597];104.0;282.0;211.0;175.0
GroeFreiheitNrHansAlbersVhsFilmDeutschia-79498.jpeg;F;F;Hilde_Hildebrand;[356.45508 133.4776  441.69028 254.29782];156.0;424.0;245.0;335.0
GroeFreiheitNrHansAlbersVhsFilmDeutschia-79498.jpeg;F;M;Hans_Albers;[356.45508 133.4776  441.69028 254.29782];104.0;282.0;211.0;175.0
GroeFreiheitNrHansAlbersVhsFilmDeutschia-79618.jpeg;F;F;Hilde_Hildebrand;[425.1689  123.94103 505.60486 240.12619];146.0;494.0;236.0;404.0
GroeFreiheitNrHansAlbersVhsFilmDeutschia-79618.jpeg;F;M;Hans_Albers;[425.1689  123.94103 505.60486 240.12619];96.0;296.0;225.0;167.0
GroeFreiheitNrHansAlbersVhsFilmDeutschia-79618.jpeg;M;F;Hilde_Hildebrand;[166.21478   87.101715 271.01416  220.53342 ];146.0;494.0;236.0;404.0
GroeFreiheitNrHansAlbersVhsFilmDeutschia-79618.jpeg;M;M;Hans_Albers;[166.21478   87.101715 271.01416  220.53342 ];96.0;296.0;225.0;167.0
GroeFreiheitNrHansAlbersVhsFilmDeutschia-79978.jpeg;F;F;Hilde_Hildebrand;[474.60638 155.42133 559.93243 268.60028];176.0;554.0;265.0;464.0
GroeFreiheitNrHansAlbersVhsFilmDeutschia-79978.jpeg;F;F;Hilde_Hildebrand;[ 76.96012 330.37872  94.39566 353.0556 ];176.0;554.0;265.0;464.0
GroeFreiheitNrHansAlbersVhsFilmDeutschia-80415.jpeg;M;M;Hans_Albers;[195.70851 161.92311 288.30966 272.32874];176.0;295.0;265.0;205.0
GroeFreiheitNrHansAlbersVhsFilmDeutschia-80415.jpeg;F;M;Hans_Albers;[540.1022  192.48479 602.202   289.54486];176.0;295.0;265.0;205.0
GroeFreiheitNrHansAlbersVhsFilmDeutschia-8074.jpeg;M;M;Gustav_Knuth;[357.50534 189.4706  424.82248 278.48056];196.0;554.0;285.0;464.0
GroeFreiheitNrHansAlbersVhsFilmDeutschia-8074.jpeg;M;M;Gustav_Knuth;[618.5904  214.26978 671.86255 277.80466];196.0;554.0;285.0;464.0
GroeFreiheitNrHansAlbersVhsFilmDeutschia-8074.jpeg;M;M;Gustav_Knuth;[231.65887 231.34142 266.074   275.482  ];196.0;554.0;285.0;464.0
GroeFreiheitNrHansAlbersVhsFilmDeutschia-8074.jpeg;M;M;Gustav_Knuth;[475.84552 182.5283  571.8594  296.58426];196.0;554.0;285.0;464.0
GroeFreiheitNrHansAlbersVhsFilmDeutschia-8074.jpeg;M;M;Gustav_Knuth;[189.68051 231.81577 238.35901 326.62766];196.0;554.0;285.0;464.0
GroeFreiheitNrHansAlbersVhsFilmDeutschia-8074.jpeg;M;M;Gustav_Knuth;[  7.5725517 202.4539     50.080708  264.6273   ];196.0;554.0;285.0;464.0
GroeFreiheitNrHansAlbersVhsFilmDeutschia-8074.jpeg;M;M;Gustav_Knuth;[340.77426 242.83105 369.9941  287.78064];196.0;554.0;285.0;464.0
GroeFreiheitNrHansAlbersVhsFilmDeutschia-8074.jpeg;M;M;Gustav_Knuth;[101.07135 215.60701 145.34375 267.91568];196.0;554.0;285.0;464.0
GroeFreiheitNrHansAlbersVhsFilmDeutschia-81347.jpeg;M;M;Hans_Albers;[144.16707  99.0591  335.21185 348.37167];118.0;390.0;341.0;167.0
GroeFreiheitNrHansAlbersVhsFilmDeutschia-81723.jpeg;F;F;Hilde_Hildebrand;[543.5748  130.15753 605.64386 206.7334 ];130.0;594.0;204.0;519.0
GroeFreiheitNrHansAlbersVhsFilmDeutschia-81723.jpeg;M;F;Hilde_Hildebrand;[216.53857 128.00148 266.02652 199.38126];130.0;594.0;204.0;519.0
GroeFreiheitNrHansAlbersVhsFilmDeutschia-81723.jpeg;M;F;Hilde_Hildebrand;[375.2973  129.78757 434.0697  196.71133];130.0;594.0;204.0;519.0
GroeFreiheitNrHansAlbersVhsFilmDeutschia-81723.jpeg;M;F;Hilde_Hildebrand;[154.81819 123.55683 216.89891 201.48033];130.0;594.0;204.0;519.0
GroeFreiheitNrHansAlbersVhsFilmDeutschia-81723.jpeg;M;F;Hilde_Hildebrand;[493.8064  124.15947 508.41537 142.49147];130.0;594.0;204.0;519.0
GroeFreiheitNrHansAlbersVhsFilmDeutschia-81963.jpeg;M;M;Gustav_Knuth;[134.83865  106.278145 207.24133  188.8036  ];113.0;204.0;188.0;129.0
GroeFreiheitNrHansAlbersVhsFilmDeutschia-81963.jpeg;M;M;Gustav_Knuth;[439.35782 112.29185 495.29636 181.2693 ];113.0;204.0;188.0;129.0
GroeFreiheitNrHansAlbersVhsFilmDeutschia-81963.jpeg;M;M;Gustav_Knuth;[290.14035 125.47847 345.03058 198.06168];113.0;204.0;188.0;129.0
GroeFreiheitNrHansAlbersVhsFilmDeutschia-81963.jpeg;F;M;Gustav_Knuth;[634.51575 261.67245 658.17865 294.57486];113.0;204.0;188.0;129.0
GroeFreiheitNrHansAlbersVhsFilmDeutschia-81963.jpeg;M;M;Gustav_Knuth;[594.2998  243.9709  612.68335 274.36478];113.0;204.0;188.0;129.0
GroeFreiheitNrHansAlbersVhsFilmDeutschia-81963.jpeg;M;M;Gustav_Knuth;[528.2212  127.48118 542.79    144.51497];113.0;204.0;188.0;129.0
GroeFreiheitNrHansAlbersVhsFilmDeutschia-81963.jpeg;M;M;Gustav_Knuth;[539.8976  160.57883 554.9731  181.16513];113.0;204.0;188.0;129.0
GroeFreiheitNrHansAlbersVhsFilmDeutschia-8289.jpeg;M;M;Hans_Albers;[299.8824   84.22894 468.32733 305.19806];98.0;489.0;284.0;304.0
GroeFreiheitNrHansAlbersVhsFilmDeutschia-85158.jpeg;M;M;Hans_Albers;[502.04654 208.14597 555.51337 275.26785];216.0;556.0;268.0;504.0
GroeFreiheitNrHansAlbersVhsFilmDeutschia-85158.jpeg;F;M;Hans_Albers;[666.7455  469.70355 709.008   526.90173];216.0;556.0;268.0;504.0
GroeFreiheitNrHansAlbersVhsFilmDeutschia-85420.jpeg;M;M;Hans_Albers;[522.67413 164.75012 575.42224 230.74806];163.0;584.0;225.0;522.0
GroeFreiheitNrHansAlbersVhsFilmDeutschia-86499.jpeg;M;M;Hans_Albers;[309.5895  106.55332 391.08987 208.13795];116.0;404.0;206.0;315.0
GroeFreiheitNrHansAlbersVhsFilmDeutschia-86707.jpeg;F;F;Ilse_Werner;[149.94621 122.40232 248.50336 261.13763];152.0;247.0;259.0;139.0
GroeFreiheitNrHansAlbersVhsFilmDeutschia-86707.jpeg;M;F;Ilse_Werner;[363.21185 151.06757 459.81418 281.66522];152.0;247.0;259.0;139.0
GroeFreiheitNrHansAlbersVhsFilmDeutschia-86707.jpeg;M;F;Ilse_Werner;[628.68494 147.72499 725.12286 278.04205];152.0;247.0;259.0;139.0
GroeFreiheitNrHansAlbersVhsFilmDeutschia-87644.jpeg;M;M;Hans_Albers;[439.52975 132.20901 544.3279  271.50296];152.0;557.0;259.0;450.0
GroeFreiheitNrHansAlbersVhsFilmDeutschia-88265.jpeg;F;F;Ilse_Werner;[195.60689 132.87503 299.48288 278.77307];163.0;294.0;271.0;187.0
GroeFreiheitNrHansAlbersVhsFilmDeutschia-88265.jpeg;M;F;Ilse_Werner;[422.9649  133.89091 537.2038  285.22302];163.0;294.0;271.0;187.0
GroeFreiheitNrHansAlbersVhsFilmDeutschia-88553.jpeg;M;M;Hans_Albers;[398.66708 139.96695 497.57724 262.54852];152.0;509.0;259.0;402.0
GroeFreiheitNrHansAlbersVhsFilmDeutschia-90100.jpeg;M;F;Ilse_Werner;[404.89453  86.69113 519.2435  254.09587];168.0;239.0;297.0;110.0
GroeFreiheitNrHansAlbersVhsFilmDeutschia-90100.jpeg;F;F;Ilse_Werner;[123.96237 143.43211 242.00017 306.08783];168.0;239.0;297.0;110.0
GroeFreiheitNrHansAlbersVhsFilmDeutschia-90667.jpeg;F;F;Ilse_Werner;[215.44829  116.350044 346.10324  308.7429  ];168.0;354.0;297.0;225.0
GroeFreiheitNrHansAlbersVhsFilmDeutschia-90667.jpeg;M;F;Ilse_Werner;[586.8169   96.20281 712.67444 333.04816];168.0;354.0;297.0;225.0
GroeFreiheitNrHansAlbersVhsFilmDeutschia-9947.jpeg;M;M;Hans_Albers;[267.1434   83.12763 350.31494 188.7667 ];96.0;344.0;186.0;255.0
GroeFreiheitNrHansAlbersVhsFilmDeutschia-9947.jpeg;M;M;Hans_Albers;[ 45.0405   406.27768   83.846214 450.22992 ];96.0;344.0;186.0;255.0
GroeFreiheitNrHansAlbersVhsFilmDeutschia-9947.jpeg;F;M;Hans_Albers;[445.05734 481.11813 497.64252 529.7019 ];96.0;344.0;186.0;255.0
GroeFreiheitNrHansAlbersVhsFilmDeutschia-9947.jpeg;F;M;Hans_Albers;[ 73.43935 490.55096 122.07019 530.4959 ];96.0;344.0;186.0;255.0
Heimkehrhmxkb-50550.jpeg;M;M;Hans_Halden;[177.8422   58.55744 233.09055 135.10533];73.0;239.0;135.0;176.0
Heimkehrhmxkb-55698.jpeg;M;F;Charlotte_Schellhorn;[131.66782   19.812305 173.35489   75.58818 ];20.0;170.0;72.0;118.0
Heimkehrhmxkb-71034.jpeg;M;M;Hans_Unterkircher;[126.01884   31.732685 171.44144   96.02273 ];38.0;181.0;90.0;129.0
JudS-101510.jpeg;M;M;Ferdinand_Marian;[445.5077   86.03146 496.8052  154.36136];101.0;492.0;153.0;440.0
JudS-101510.jpeg;M;M;Ferdinand_Marian;[281.8423    98.443275 331.0515   158.18208 ];101.0;492.0;153.0;440.0
JudS-104339.jpeg;M;M;Albert_Florath;[267.278    77.17391 395.79254 239.4225 ];110.0;411.0;239.0;282.0
JudS-104401.jpeg;M;M;Ferdinand_Marian;[107.29891   99.489006 183.30492  199.33234 ];80.0;593.0;187.0;485.0
JudS-104401.jpeg;M;M;Ferdinand_Marian;[480.59512  76.38015 566.02765 188.99724];80.0;593.0;187.0;485.0
JudS-105237.jpeg;M;M;Albert_Florath;[296.58478  62.09351 426.88412 218.93346];96.0;440.0;225.0;311.0
JudS-106280.jpeg;M;M;Ferdinand_Marian;[417.26886  84.65037 518.12115 223.07344];104.0;509.0;211.0;402.0
JudS-106280.jpeg;M;M;Ferdinand_Marian;[152.1363  104.13949 243.99222 214.3519 ];104.0;509.0;211.0;402.0
JudS-107683.jpeg;M;M;Ferdinand_Marian;[187.71754 113.02372 272.5081  219.94133];92.0;497.0;199.0;390.0
JudS-107683.jpeg;M;M;Ferdinand_Marian;[413.1191   86.64953 508.2712  213.29692];92.0;497.0;199.0;390.0
JudS-109478.jpeg;F;F;Hilde_von_Stolz;[314.63763   56.034386 463.53165  259.18332 ];57.0;448.0;242.0;262.0
JudS-109478.jpeg;M;F;Hilde_von_Stolz;[ 76.31723 186.08669 239.60811 400.02664];57.0;448.0;242.0;262.0
JudS-110277.jpeg;F;F;Hilde_von_Stolz;[351.14792  78.76579 518.89215 273.1649 ];116.0;494.0;270.0;339.0
JudS-110277.jpeg;M;F;Hilde_von_Stolz;[147.32169 131.16924 309.1328  360.44495];116.0;494.0;270.0;339.0
JudS-11134.jpeg;M;F;Hilde_von_Stolz;[313.40628 112.50606 424.8111  274.92188];168.0;311.0;297.0;182.0
JudS-11134.jpeg;F;F;Hilde_von_Stolz;[162.25761 136.75352 276.66443 295.52084];168.0;311.0;297.0;182.0
JudS-113812.jpeg;M;M;Ferdinand_Marian;[337.3786    83.693985 445.53918  249.82846 ];110.0;425.0;239.0;296.0
JudS-113812.jpeg;M;M;Ferdinand_Marian;[100.18034  81.36884 249.11348 256.56573];110.0;425.0;239.0;296.0
JudS-113812.jpeg;M;M;Ferdinand_Marian;[461.34998  60.11667 575.2872  292.92365];110.0;425.0;239.0;296.0
JudS-114412.jpeg;M;M;Ferdinand_Marian;[381.85196   87.014656 516.23627  262.17166 ];98.0;511.0;253.0;356.0
JudS-114412.jpeg;M;M;Ferdinand_Marian;[143.30347   82.157234 288.03607  260.73254 ];98.0;511.0;253.0;356.0
JudS-114412.jpeg;M;M;Ferdinand_Marian;[510.16647   61.449593 612.51764  268.18625 ];98.0;511.0;253.0;356.0
JudS-11924.jpeg;M;F;Hilde_von_Stolz;[316.64963  72.07764 370.73566 136.45953];107.0;193.0;159.0;141.0
JudS-11924.jpeg;M;F;Hilde_von_Stolz;[547.0185    60.324177 599.9822   121.21917 ];107.0;193.0;159.0;141.0
JudS-11924.jpeg;M;F;Hilde_von_Stolz;[139.61124 102.64328 181.03151 159.29971];107.0;193.0;159.0;141.0
JudS-11924.jpeg;M;F;Hilde_von_Stolz;[ 36.384506 112.54116   80.38298  164.574   ];107.0;193.0;159.0;141.0
JudS-11924.jpeg;M;F;Hilde_von_Stolz;[449.31256 129.82797 490.99615 174.19296];107.0;193.0;159.0;141.0
JudS-127083.jpeg;M;M;Ferdinand_Marian;[231.43604  92.5628  375.44733 289.8905 ];133.0;390.0;288.0;236.0
JudS-128250.jpeg;M;M;Ferdinand_Marian;[123.20597     0.4197236 375.26437   362.35504  ];63.0;419.0;384.0;98.0
JudS-128250.jpeg;M;M;Ferdinand_Marian;[496.65558  -97.026306 791.6445   324.76227 ];63.0;419.0;384.0;98.0
JudS-129411.jpeg;M;M;Albert_Florath;[216.63312  61.18535 418.1289  317.9468 ];118.0;439.0;341.0;216.0
JudS-129673.jpeg;M;M;Albert_Florath;[208.85843   58.743156 412.1324   322.92175 ];118.0;439.0;341.0;216.0
JudS-131249.jpeg;M;M;Ferdinand_Marian;[378.39368   22.028723 488.69803  163.3588  ];56.0;485.0;163.0;378.0
JudS-131417.jpeg;M;M;Ferdinand_Marian;[380.50842   41.794422 487.5993   177.01079 ];68.0;485.0;175.0;378.0
JudS-131853.jpeg;M;M;Ferdinand_Marian;[115.75795  79.78731 189.1671  169.68379];66.0;524.0;156.0;434.0
JudS-131853.jpeg;M;M;Ferdinand_Marian;[458.36646   52.486828 533.8891   157.60544 ];66.0;524.0;156.0;434.0
JudS-131853.jpeg;M;M;Ferdinand_Marian;[334.6927    44.230732 402.5188   155.25366 ];66.0;524.0;156.0;434.0
JudS-131853.jpeg;M;M;Ferdinand_Marian;[228.30786  74.88668 278.89056 140.32059];66.0;524.0;156.0;434.0
JudS-132079.jpeg;M;M;Ferdinand_Marian;[277.01102   12.000435 574.5113   377.236   ];63.0;562.0;384.0;241.0
JudS-132401.jpeg;M;M;Ferdinand_Marian;[306.28714   16.621761 596.87524  367.24332 ];82.0;557.0;350.0;290.0
JudS-132523.jpeg;M;M;Ferdinand_Marian;[509.1506   65.34868 576.1     160.26799];80.0;569.0;155.0;494.0
JudS-132523.jpeg;M;M;Ferdinand_Marian;[130.71182   82.744675 202.39838  172.57771 ];80.0;569.0;155.0;494.0
JudS-132523.jpeg;M;M;Ferdinand_Marian;[333.57272  43.30875 396.05573 150.51942];80.0;569.0;155.0;494.0
JudS-132523.jpeg;M;M;Ferdinand_Marian;[201.19244   76.537735 246.89133  144.64627 ];80.0;569.0;155.0;494.0
JudS-135035.jpeg;M;M;Ferdinand_Marian;[232.2946   78.66538 328.29312 209.76266];104.0;342.0;211.0;235.0
JudS-135256.jpeg;M;M;Ferdinand_Marian;[206.37036  40.14223 335.2408  224.59944];82.0;339.0;211.0;210.0
JudS-135695.jpeg;M;M;Ferdinand_Marian;[247.08124   40.385902 390.86224  239.86514 ];81.0;408.0;236.0;253.0
JudS-135860.jpeg;M;M;Ferdinand_Marian;[254.97723   50.675896 398.8914   248.75946 ];81.0;408.0;236.0;253.0
JudS-139153.jpeg;M;M;Ferdinand_Marian;[213.70422  64.70533 265.60406 136.55714];73.0;280.0;135.0;218.0
JudS-139153.jpeg;F;M;Ferdinand_Marian;[664.0962    86.021774 705.66486  158.93721 ];73.0;280.0;135.0;218.0
JudS-140126.jpeg;M;M;Ferdinand_Marian;[146.56139   52.553417 275.36844  218.4326  ];81.0;304.0;236.0;150.0
JudS-140861.jpeg;M;M;Ferdinand_Marian;[188.08461   71.373634 319.09033  250.12947 ];110.0;325.0;239.0;196.0
JudS-14131.jpeg;M;M;Ferdinand_Marian;[331.9341   98.00608 502.35324 339.9991 ];142.0;513.0;365.0;291.0
JudS-143073.jpeg;M;M;Ferdinand_Marian;[286.47647  69.58725 389.40793 206.71419];92.0;402.0;199.0;294.0
JudS-143073.jpeg;F;M;Ferdinand_Marian;[427.8977  133.70116 518.78064 258.50943];92.0;402.0;199.0;294.0
JudS-149970.jpeg;M;F;Hilde_von_Stolz;[392.21432  92.07252 443.5911  158.99295];211.0;66.0;262.0;14.0
JudS-149970.jpeg;M;F;Hilde_von_Stolz;[392.21432  92.07252 443.5911  158.99295];113.0;640.0;156.0;597.0
JudS-149970.jpeg;M;F;Hilde_von_Stolz;[130.85382   49.535915 165.86072   93.8593  ];211.0;66.0;262.0;14.0
JudS-149970.jpeg;M;F;Hilde_von_Stolz;[130.85382   49.535915 165.86072   93.8593  ];113.0;640.0;156.0;597.0
JudS-149970.jpeg;F;F;Hilde_von_Stolz;[326.1812     6.251703 360.9393    45.586006];211.0;66.0;262.0;14.0
JudS-149970.jpeg;F;F;Hilde_von_Stolz;[326.1812     6.251703 360.9393    45.586006];113.0;640.0;156.0;597.0
JudS-149970.jpeg;F;F;Hilde_von_Stolz;[162.65172   32.679768 194.00551   69.21124 ];211.0;66.0;262.0;14.0
JudS-149970.jpeg;F;F;Hilde_von_Stolz;[162.65172   32.679768 194.00551   69.21124 ];113.0;640.0;156.0;597.0
JudS-149970.jpeg;M;F;Hilde_von_Stolz;[257.4965    22.652145 294.07944   66.871056];211.0;66.0;262.0;14.0
JudS-149970.jpeg;M;F;Hilde_von_Stolz;[257.4965    22.652145 294.07944   66.871056];113.0;640.0;156.0;597.0
JudS-149970.jpeg;M;F;Hilde_von_Stolz;[364.61356    8.718276 393.9099    40.436214];211.0;66.0;262.0;14.0
JudS-149970.jpeg;M;F;Hilde_von_Stolz;[364.61356    8.718276 393.9099    40.436214];113.0;640.0;156.0;597.0
JudS-149970.jpeg;M;F;Hilde_von_Stolz;[206.81154  85.57127 243.7342  132.49586];211.0;66.0;262.0;14.0
JudS-149970.jpeg;M;F;Hilde_von_Stolz;[206.81154  85.57127 243.7342  132.49586];113.0;640.0;156.0;597.0
JudS-149970.jpeg;M;F;Hilde_von_Stolz;[273.4576    76.717415 321.10892  136.38658 ];211.0;66.0;262.0;14.0
JudS-149970.jpeg;M;F;Hilde_von_Stolz;[273.4576    76.717415 321.10892  136.38658 ];113.0;640.0;156.0;597.0
JudS-149970.jpeg;F;F;Hilde_von_Stolz;[157.61275 139.97682 202.46866 194.8312 ];211.0;66.0;262.0;14.0
JudS-149970.jpeg;F;F;Hilde_von_Stolz;[157.61275 139.97682 202.46866 194.8312 ];113.0;640.0;156.0;597.0
JudS-149970.jpeg;M;F;Hilde_von_Stolz;[453.8431   68.04143 492.0688  121.61705];211.0;66.0;262.0;14.0
JudS-149970.jpeg;M;F;Hilde_von_Stolz;[453.8431   68.04143 492.0688  121.61705];113.0;640.0;156.0;597.0
JudS-149970.jpeg;M;F;Hilde_von_Stolz;[596.24634 112.65162 636.3041  157.75156];211.0;66.0;262.0;14.0
JudS-149970.jpeg;M;F;Hilde_von_Stolz;[596.24634 112.65162 636.3041  157.75156];113.0;640.0;156.0;597.0
JudS-149970.jpeg;M;F;Hilde_von_Stolz;[ 66.59093   53.296055 100.31175   92.88159 ];211.0;66.0;262.0;14.0
JudS-149970.jpeg;M;F;Hilde_von_Stolz;[ 66.59093   53.296055 100.31175   92.88159 ];113.0;640.0;156.0;597.0
JudS-149970.jpeg;F;F;Hilde_von_Stolz;[ 18.981436  76.75551   57.054287 120.63092 ];211.0;66.0;262.0;14.0
JudS-149970.jpeg;F;F;Hilde_von_Stolz;[ 18.981436  76.75551   57.054287 120.63092 ];113.0;640.0;156.0;597.0
JudS-149970.jpeg;M;F;Hilde_von_Stolz;[347.45657  87.05626 383.43933 129.45952];211.0;66.0;262.0;14.0
JudS-149970.jpeg;M;F;Hilde_von_Stolz;[347.45657  87.05626 383.43933 129.45952];113.0;640.0;156.0;597.0
JudS-149970.jpeg;M;F;Hilde_von_Stolz;[ 95.26294 176.25871 145.3003  233.30777];211.0;66.0;262.0;14.0
JudS-149970.jpeg;M;F;Hilde_von_Stolz;[ 95.26294 176.25871 145.3003  233.30777];113.0;640.0;156.0;597.0
JudS-149970.jpeg;F;F;Hilde_von_Stolz;[ 79.7373  254.30522 130.60857 310.8007 ];211.0;66.0;262.0;14.0
JudS-149970.jpeg;F;F;Hilde_von_Stolz;[ 79.7373  254.30522 130.60857 310.8007 ];113.0;640.0;156.0;597.0
JudS-149970.jpeg;M;F;Hilde_von_Stolz;[529.452    112.803856 573.8276   168.88397 ];211.0;66.0;262.0;14.0
JudS-149970.jpeg;M;F;Hilde_von_Stolz;[529.452    112.803856 573.8276   168.88397 ];113.0;640.0;156.0;597.0
JudS-149970.jpeg;M;F;Hilde_von_Stolz;[125.97025    7.551898 154.86484   40.52607 ];211.0;66.0;262.0;14.0
JudS-149970.jpeg;M;F;Hilde_von_Stolz;[125.97025    7.551898 154.86484   40.52607 ];113.0;640.0;156.0;597.0
JudS-149970.jpeg;M;F;Hilde_von_Stolz;[ 11.206467 206.16507   58.521297 265.0822  ];211.0;66.0;262.0;14.0
JudS-149970.jpeg;M;F;Hilde_von_Stolz;[ 11.206467 206.16507   58.521297 265.0822  ];113.0;640.0;156.0;597.0
JudS-149970.jpeg;M;F;Hilde_von_Stolz;[403.5161    13.964288 434.1217    50.439556];211.0;66.0;262.0;14.0
JudS-149970.jpeg;M;F;Hilde_von_Stolz;[403.5161    13.964288 434.1217    50.439556];113.0;640.0;156.0;597.0
JudS-149970.jpeg;M;F;Hilde_von_Stolz;[575.12976   18.127184 608.5286    61.4726  ];211.0;66.0;262.0;14.0
JudS-149970.jpeg;M;F;Hilde_von_Stolz;[575.12976   18.127184 608.5286    61.4726  ];113.0;640.0;156.0;597.0
JudS-149970.jpeg;M;F;Hilde_von_Stolz;[450.97516   28.30835  487.66937   67.406555];211.0;66.0;262.0;14.0
JudS-149970.jpeg;M;F;Hilde_von_Stolz;[450.97516   28.30835  487.66937   67.406555];113.0;640.0;156.0;597.0
JudS-149970.jpeg;M;F;Hilde_von_Stolz;[ 75.4183  134.39078 113.11768 179.31734];211.0;66.0;262.0;14.0
JudS-149970.jpeg;M;F;Hilde_von_Stolz;[ 75.4183  134.39078 113.11768 179.31734];113.0;640.0;156.0;597.0
JudS-149970.jpeg;M;F;Hilde_von_Stolz;[656.72485  66.2021  699.09125 117.63227];211.0;66.0;262.0;14.0
JudS-149970.jpeg;M;F;Hilde_von_Stolz;[656.72485  66.2021  699.09125 117.63227];113.0;640.0;156.0;597.0
JudS-149970.jpeg;F;F;Hilde_von_Stolz;[ 19.554522 159.56667   64.71937  212.21454 ];211.0;66.0;262.0;14.0
JudS-149970.jpeg;F;F;Hilde_von_Stolz;[ 19.554522 159.56667   64.71937  212.21454 ];113.0;640.0;156.0;597.0
JudS-149970.jpeg;F;F;Hilde_von_Stolz;[386.63037   56.377094 423.77484   98.25632 ];211.0;66.0;262.0;14.0
JudS-149970.jpeg;F;F;Hilde_von_Stolz;[386.63037   56.377094 423.77484   98.25632 ];113.0;640.0;156.0;597.0
JudS-149970.jpeg;M;F;Hilde_von_Stolz;[108.7424    42.649178 135.9894    77.38236 ];211.0;66.0;262.0;14.0
JudS-149970.jpeg;M;F;Hilde_von_Stolz;[108.7424    42.649178 135.9894    77.38236 ];113.0;640.0;156.0;597.0
JudS-149970.jpeg;M;F;Hilde_von_Stolz;[295.84116   25.572493 319.7461    55.23234 ];211.0;66.0;262.0;14.0
JudS-149970.jpeg;M;F;Hilde_von_Stolz;[295.84116   25.572493 319.7461    55.23234 ];113.0;640.0;156.0;597.0
JudS-149970.jpeg;M;F;Hilde_von_Stolz;[516.1708    20.525911 550.4171    57.57004 ];211.0;66.0;262.0;14.0
JudS-149970.jpeg;M;F;Hilde_von_Stolz;[516.1708    20.525911 550.4171    57.57004 ];113.0;640.0;156.0;597.0
JudS-149970.jpeg;M;F;Hilde_von_Stolz;[308.4717  123.01461 336.46854 159.80403];211.0;66.0;262.0;14.0
JudS-149970.jpeg;M;F;Hilde_von_Stolz;[308.4717  123.01461 336.46854 159.80403];113.0;640.0;156.0;597.0
JudS-154404.jpeg;M;F;Hilde_von_Stolz;[416.58887  87.68583 450.94348 126.86302];147.0;475.0;199.0;423.0
JudS-154404.jpeg;M;F;Hilde_von_Stolz;[299.52975  82.43161 334.40857 125.36093];147.0;475.0;199.0;423.0
JudS-154404.jpeg;M;F;Hilde_von_Stolz;[494.66977  89.44358 525.387   128.60196];147.0;475.0;199.0;423.0
JudS-154404.jpeg;M;F;Hilde_von_Stolz;[530.598     56.325665 570.17206  101.62753 ];147.0;475.0;199.0;423.0
JudS-154404.jpeg;M;F;Hilde_von_Stolz;[456.5789    96.963196 484.00275  133.14665 ];147.0;475.0;199.0;423.0
JudS-154404.jpeg;M;F;Hilde_von_Stolz;[ 26.536495  89.22195   56.772083 125.28359 ];147.0;475.0;199.0;423.0
JudS-154404.jpeg;M;F;Hilde_von_Stolz;[596.4922    54.961864 630.4032    91.67145 ];147.0;475.0;199.0;423.0
JudS-154404.jpeg;M;F;Hilde_von_Stolz;[233.80382 134.5333  280.8624  190.98636];147.0;475.0;199.0;423.0
JudS-154404.jpeg;F;F;Hilde_von_Stolz;[418.4165  144.84694 463.3857  203.11633];147.0;475.0;199.0;423.0
JudS-154404.jpeg;F;F;Hilde_von_Stolz;[243.0681   93.65119 280.24606 132.13765];147.0;475.0;199.0;423.0
JudS-154404.jpeg;M;F;Hilde_von_Stolz;[171.1471    62.180645 210.82979  110.8478  ];147.0;475.0;199.0;423.0
JudS-154404.jpeg;F;F;Hilde_von_Stolz;[122.43063  87.16084 152.27066 126.71104];147.0;475.0;199.0;423.0
JudS-154404.jpeg;M;F;Hilde_von_Stolz;[381.34857   86.579994 409.81097  121.73825 ];147.0;475.0;199.0;423.0
JudS-154404.jpeg;M;F;Hilde_von_Stolz;[648.93365  77.90246 676.43567 112.72456];147.0;475.0;199.0;423.0
JudS-154653.jpeg;F;F;Hilde_von_Stolz;[572.77747  -27.516949 647.919     67.60922 ];133.0;390.0;288.0;236.0
JudS-154653.jpeg;F;F;Hilde_von_Stolz;[244.00473 103.17591 383.85776 271.90414];133.0;390.0;288.0;236.0
JudS-154653.jpeg;M;F;Hilde_von_Stolz;[514.484    -31.463152 570.234     51.21128 ];133.0;390.0;288.0;236.0
JudS-154653.jpeg;F;F;Hilde_von_Stolz;[439.79645  -19.064976 498.80127   53.130947];133.0;390.0;288.0;236.0
JudS-154653.jpeg;M;F;Hilde_von_Stolz;[163.51425   26.503288 230.25671   98.01368 ];133.0;390.0;288.0;236.0
JudS-154653.jpeg;M;F;Hilde_von_Stolz;[31.757336  8.158738 90.179245 78.256645];133.0;390.0;288.0;236.0
JudS-154653.jpeg;M;F;Hilde_von_Stolz;[595.3435   112.768036 717.2263   319.9141  ];133.0;390.0;288.0;236.0
JudS-16042.jpeg;M;M;Ferdinand_Marian;[467.06894   51.579166 542.30804  160.68303 ];66.0;534.0;156.0;444.0
JudS-16042.jpeg;M;M;Ferdinand_Marian;[147.08302 262.0739  222.75987 363.33533];66.0;534.0;156.0;444.0
JudS-160454.jpeg;M;M;Ferdinand_Marian;[452.55563 102.59354 515.6472  187.47954];122.0;515.0;184.0;453.0
JudS-160454.jpeg;M;M;Ferdinand_Marian;[267.2391   98.40021 349.9258  201.48633];122.0;515.0;184.0;453.0
JudS-160454.jpeg;F;M;Ferdinand_Marian;[609.2     203.89514 669.6518  297.07007];122.0;515.0;184.0;453.0
JudS-160454.jpeg;F;M;Ferdinand_Marian;[548.9958  151.4351  586.59784 193.46777];122.0;515.0;184.0;453.0
JudS-161490.jpeg;M;M;Ferdinand_Marian;[282.74603  86.08257 422.71786 284.73386];133.0;408.0;288.0;253.0
JudS-161776.jpeg;F;F;Hilde_von_Stolz;[224.53293  93.8456  327.02008 225.77   ];116.0;342.0;223.0;235.0
JudS-161776.jpeg;M;F;Hilde_von_Stolz;[447.27866   61.559105 543.2918   179.36073 ];116.0;342.0;223.0;235.0
JudS-161776.jpeg;M;F;Hilde_von_Stolz;[428.10806 163.92322 451.96548 194.0972 ];116.0;342.0;223.0;235.0
JudS-162046.jpeg;M;F;Hilde_von_Stolz;[458.0784    62.604813 555.58984  184.82426 ];153.0;311.0;282.0;182.0
JudS-162046.jpeg;F;F;Hilde_von_Stolz;[181.12325  127.958466 299.45404  281.95966 ];153.0;311.0;282.0;182.0
JudS-162046.jpeg;F;F;Hilde_von_Stolz;[687.33026 167.082   709.6081  194.5186 ];153.0;311.0;282.0;182.0
JudS-164246.jpeg;M;M;Albert_Florath;[146.2999  143.92967 218.35022 243.49602];163.0;212.0;237.0;137.0
JudS-164246.jpeg;M;M;Albert_Florath;[509.16385 154.80864 588.3441  253.61743];163.0;212.0;237.0;137.0
JudS-164707.jpeg;M;M;Albert_Florath;[335.48462 245.46602 393.71915 311.1346 ];290.0;273.0;326.0;237.0
JudS-164707.jpeg;M;M;Albert_Florath;[509.46097 287.29266 586.82556 373.88428];290.0;273.0;326.0;237.0
JudS-164707.jpeg;M;M;Albert_Florath;[267.01608 249.35172 312.3322  305.1975 ];290.0;273.0;326.0;237.0
JudS-164707.jpeg;M;M;Albert_Florath;[192.41522 295.34457 248.87057 369.7214 ];290.0;273.0;326.0;237.0
JudS-164707.jpeg;M;M;Albert_Florath;[622.91876 246.7873  662.9561  297.64243];290.0;273.0;326.0;237.0
JudS-164707.jpeg;F;M;Albert_Florath;[ 11.937187 308.97736   59.34178  372.25598 ];290.0;273.0;326.0;237.0
JudS-164707.jpeg;M;M;Albert_Florath;[236.00682 279.77893 279.2572  335.3388 ];290.0;273.0;326.0;237.0
JudS-164707.jpeg;F;M;Albert_Florath;[637.2655  210.74501 675.1384  254.54077];290.0;273.0;326.0;237.0
JudS-17595.jpeg;M;M;Ferdinand_Marian;[282.04486  64.47709 442.83356 298.52255];98.0;448.0;284.0;262.0
JudS-19162.jpeg;M;M;Ferdinand_Marian;[237.47333  40.25993 454.18314 323.13718];52.0;438.0;320.0;171.0
JudS-19392.jpeg;M;M;Ferdinand_Marian;[232.47375   39.379875 443.97327  313.22858 ];52.0;438.0;320.0;171.0
JudS-19727.jpeg;M;M;Ferdinand_Marian;[191.5736   76.79895 284.78214 192.20905];86.0;295.0;176.0;205.0
JudS-23728.jpeg;M;M;Albert_Florath;[300.18228   88.449875 444.30383  267.17188 ];133.0;442.0;288.0;287.0
JudS-28389.jpeg;M;M;Ferdinand_Marian;[272.82928  81.50146 464.67496 338.45804];118.0;439.0;341.0;216.0
JudS-28726.jpeg;M;M;Ferdinand_Marian;[266.13632  62.98021 490.7703  339.72684];118.0;464.0;341.0;241.0
JudS-28939.jpeg;M;M;Ferdinand_Marian;[139.89484 -58.0437  529.6732  434.54523];0.0;504.0;376.0;118.0
JudS-29648.jpeg;M;M;Ferdinand_Marian;[318.77335  68.25422 416.2563  199.92477];80.0;402.0;187.0;294.0
JudS-30476.jpeg;M;M;Ferdinand_Marian;[437.6411    95.537544 510.31317  189.90302 ];113.0;502.0;188.0;428.0
JudS-31660.jpeg;M;M;Ferdinand_Marian;[156.27577   96.630325 212.83192  166.1742  ];80.0;356.0;142.0;294.0
JudS-31660.jpeg;M;M;Ferdinand_Marian;[314.127    74.81598 365.82492 151.42676];80.0;356.0;142.0;294.0
JudS-31660.jpeg;M;M;Ferdinand_Marian;[428.97028 163.7295  521.55927 260.1976 ];80.0;356.0;142.0;294.0
JudS-34283.jpeg;M;M;Ferdinand_Marian;[176.78442  60.0018  277.35284 190.25029];80.0;521.0;187.0;414.0
JudS-34283.jpeg;M;M;Ferdinand_Marian;[457.6125   70.93724 534.3206  199.44914];80.0;521.0;187.0;414.0
JudS-34568.jpeg;M;M;Ferdinand_Marian;[463.6396   71.91188 559.74    206.01237];104.0;569.0;211.0;462.0
JudS-34568.jpeg;M;M;Ferdinand_Marian;[170.07814   55.464436 270.75925  181.04112 ];104.0;569.0;211.0;462.0
JudS-37233.jpeg;M;M;Ferdinand_Marian;[268.84604   18.407835 492.25305  344.9022  ];52.0;498.0;320.0;230.0
JudS-37533.jpeg;M;M;Ferdinand_Marian;[317.5929    27.124233 535.0866   337.3704  ];52.0;527.0;320.0;260.0
JudS-37818.jpeg;M;M;Ferdinand_Marian;[268.73843  37.90623 504.46317 354.76913];82.0;468.0;350.0;200.0
JudS-38118.jpeg;M;M;Ferdinand_Marian;[282.4862    39.170124 532.0402   350.51154 ];82.0;498.0;350.0;230.0
JudS-4165.jpeg;M;M;Albert_Florath;[165.0798  142.96825 224.05455 217.88205];104.0;402.0;211.0;294.0
JudS-4165.jpeg;M;M;Albert_Florath;[649.1124  103.81706 712.7739  187.45708];104.0;402.0;211.0;294.0
JudS-4165.jpeg;M;M;Albert_Florath;[311.13077  80.01842 424.55292 222.5325 ];104.0;402.0;211.0;294.0
JudS-4165.jpeg;M;M;Albert_Florath;[251.57007 140.96425 303.2603  209.35156];104.0;402.0;211.0;294.0
JudS-4165.jpeg;M;M;Albert_Florath;[428.2001   89.62518 492.2561  166.71777];104.0;402.0;211.0;294.0
JudS-41976.jpeg;M;M;Malte_Jaeger;[164.48288 238.56548 236.63351 337.75452];262.0;245.0;337.0;171.0
JudS-41976.jpeg;M;M;Malte_Jaeger;[438.03992   60.076286 514.9238   161.45627 ];262.0;245.0;337.0;171.0
JudS-42943.jpeg;M;M;Ferdinand_Marian;[506.68674 194.46442 535.9725  233.52797];198.0;533.0;234.0;497.0
JudS-42943.jpeg;M;M;Ferdinand_Marian;[455.91183 116.16678 484.777   149.85638];198.0;533.0;234.0;497.0
JudS-42943.jpeg;M;M;Ferdinand_Marian;[227.45274   78.02358  253.7208   123.318275];198.0;533.0;234.0;497.0
JudS-42949.jpeg;M;M;Ferdinand_Marian;[510.81747 197.14977 539.7973  236.34732];198.0;537.0;234.0;501.0
JudS-42949.jpeg;M;M;Ferdinand_Marian;[459.61893 118.7194  488.29187 152.78142];198.0;537.0;234.0;501.0
JudS-42949.jpeg;M;M;Ferdinand_Marian;[229.88881  83.21597 255.17044 126.71836];198.0;537.0;234.0;501.0
JudS-42949.jpeg;F;M;Ferdinand_Marian;[109.85872 140.53127 139.85973 178.79265];198.0;537.0;234.0;501.0
JudS-43249.jpeg;M;M;Ferdinand_Marian;[421.4618  115.26529 453.24576 153.37334];202.0;505.0;238.0;469.0
JudS-43249.jpeg;F;M;Ferdinand_Marian;[163.14583  69.36994 193.36758 121.77962];202.0;505.0;238.0;469.0
JudS-43249.jpeg;M;M;Ferdinand_Marian;[478.09772 197.11838 509.7901  240.13795];202.0;505.0;238.0;469.0
JudS-43701.jpeg;M;M;Ferdinand_Marian;[238.0002  186.13298 305.605   273.69125];204.0;312.0;279.0;237.0
JudS-43701.jpeg;M;M;Ferdinand_Marian;[372.91336  117.337074 459.0279   229.89474 ];204.0;312.0;279.0;237.0
JudS-44001.jpeg;M;M;Ferdinand_Marian;[467.22385 222.12622 539.3777  323.46216];246.0;527.0;320.0;453.0
JudS-44001.jpeg;M;M;Ferdinand_Marian;[261.37405   43.02273  329.04495  120.988304];246.0;527.0;320.0;453.0
JudS-44774.jpeg;M;M;Ferdinand_Marian;[298.96255  89.5064  505.40662 373.38876];118.0;489.0;341.0;266.0
JudS-45055.jpeg;M;M;Ferdinand_Marian;[300.86432  85.51517 514.69525 380.1656 ];142.0;489.0;365.0;266.0
JudS-45262.jpeg;M;M;Ferdinand_Marian;[306.4055    80.761086 527.60175  382.29388 ];142.0;489.0;365.0;266.0
JudS-45390.jpeg;M;M;Ferdinand_Marian;[299.86215   76.934525 514.868    385.4092  ];142.0;489.0;365.0;266.0
JudS-45690.jpeg;M;M;Ferdinand_Marian;[310.08087 113.68392 532.56366 403.9843 ];167.0;513.0;390.0;291.0
JudS-49975.jpeg;M;M;Ferdinand_Marian;[260.82492 184.2388  319.84036 255.92795];199.0;314.0;251.0;262.0
JudS-49975.jpeg;M;M;Ferdinand_Marian;[ 21.255219 116.28731   93.328476 207.91191 ];199.0;314.0;251.0;262.0
JudS-50275.jpeg;M;M;Ferdinand_Marian;[181.56683  91.27526 263.88788 200.47461];105.0;552.0;179.0;478.0
JudS-50275.jpeg;M;M;Ferdinand_Marian;[492.955     79.604355 567.18616  189.52203 ];105.0;552.0;179.0;478.0
JudS-50557.jpeg;M;M;Ferdinand_Marian;[545.112    57.18787 609.35895 160.04068];80.0;602.0;155.0;527.0
JudS-50557.jpeg;F;M;Ferdinand_Marian;[178.01741   85.770355 269.07156  197.48642 ];80.0;602.0;155.0;527.0
JudS-50776.jpeg;M;M;Ferdinand_Marian;[194.67538  87.51838 271.40213 194.80362];76.0;573.0;166.0;484.0
JudS-50776.jpeg;M;M;Ferdinand_Marian;[488.45987  54.13136 569.4759  168.7688 ];76.0;573.0;166.0;484.0
JudS-51003.jpeg;M;M;Ferdinand_Marian;[420.73535  70.95628 494.03552 180.95528];86.0;484.0;176.0;394.0
JudS-51003.jpeg;M;M;Ferdinand_Marian;[206.74408  84.78943 299.35352 195.33948];86.0;484.0;176.0;394.0
JudS-52540.jpeg;M;F;Hilde_von_Stolz;[257.3023    53.108715 368.33182  202.4485  ];67.0;397.0;196.0;268.0
JudS-52540.jpeg;M;F;Hilde_von_Stolz;[456.8824   38.42925 552.3023  215.2469 ];67.0;397.0;196.0;268.0
JudS-53134.jpeg;M;M;Ferdinand_Marian;[274.0358    60.422203 501.454    343.55167 ];118.0;513.0;341.0;291.0
JudS-53134.jpeg;M;M;Ferdinand_Marian;[250.9408 235.1511 336.8905 332.8463];118.0;513.0;341.0;291.0
JudS-55302.jpeg;M;F;Hilde_von_Stolz;[210.60341   38.646614 328.44403  224.54074 ];168.0;597.0;297.0;468.0
JudS-55302.jpeg;F;F;Hilde_von_Stolz;[454.47247 153.04987 566.2125  296.31128];168.0;597.0;297.0;468.0
JudS-55602.jpeg;F;M;Ferdinand_Marian;[174.06998 154.4519  299.50732 298.162  ];139.0;468.0;268.0;339.0
JudS-55602.jpeg;M;M;Ferdinand_Marian;[347.78665  89.00717 500.6296  263.60294];139.0;468.0;268.0;339.0
JudS-57588.jpeg;M;F;Hilde_von_Stolz;[243.89914   84.800125 267.57843  115.85617 ];166.0;477.0;209.0;434.0
JudS-57588.jpeg;M;F;Hilde_von_Stolz;[334.49487 101.87305 356.00693 127.49079];166.0;477.0;209.0;434.0
JudS-57588.jpeg;F;F;Hilde_von_Stolz;[590.3365   93.64523 625.06964 138.92299];166.0;477.0;209.0;434.0
JudS-57588.jpeg;M;F;Hilde_von_Stolz;[438.70972 160.51324 478.1562  207.36823];166.0;477.0;209.0;434.0
JudS-57588.jpeg;M;F;Hilde_von_Stolz;[534.61957  91.56648 558.9771  126.01408];166.0;477.0;209.0;434.0
JudS-57588.jpeg;M;F;Hilde_von_Stolz;[327.89313 194.45387 371.86545 248.73807];166.0;477.0;209.0;434.0
JudS-57588.jpeg;F;F;Hilde_von_Stolz;[424.78384   83.23055  457.3454   125.181725];166.0;477.0;209.0;434.0
JudS-57588.jpeg;F;F;Hilde_von_Stolz;[151.4341  110.70431 173.02913 136.10419];166.0;477.0;209.0;434.0
JudS-57588.jpeg;M;F;Hilde_von_Stolz;[119.094505 111.76103  137.40404  139.05762 ];166.0;477.0;209.0;434.0
JudS-57588.jpeg;M;F;Hilde_von_Stolz;[553.8412  195.78435 596.4627  256.9905 ];166.0;477.0;209.0;434.0
JudS-58224.jpeg;M;M;Ferdinand_Marian;[346.61713  80.02163 455.6573  226.33409];116.0;450.0;223.0;342.0
JudS-58224.jpeg;M;M;Ferdinand_Marian;[179.7896   40.3038  209.20088  78.59769];116.0;450.0;223.0;342.0
JudS-58224.jpeg;M;M;Ferdinand_Marian;[274.0637     -5.5870533 319.0552     45.775677 ];116.0;450.0;223.0;342.0
JudS-60576.jpeg;M;M;Ferdinand_Marian;[361.05243  54.75471 497.5835  253.80746];96.0;468.0;225.0;339.0
JudS-60731.jpeg;M;M;Ferdinand_Marian;[344.51788   54.140377 486.0866   263.81415 ];98.0;476.0;253.0;322.0
JudS-61820.jpeg;M;M;Ferdinand_Marian;[365.19397   63.072754 503.62988  263.9211  ];98.0;494.0;253.0;339.0
JudS-62739.jpeg;F;F;Hilde_von_Stolz;[553.19507 193.03401 588.8268  234.91252];158.0;301.0;194.0;265.0
JudS-62739.jpeg;M;F;Hilde_von_Stolz;[296.93558 172.15677 328.30853 209.86842];158.0;301.0;194.0;265.0
JudS-62739.jpeg;M;F;Hilde_von_Stolz;[264.98132 152.2784  300.77338 195.74774];158.0;301.0;194.0;265.0
JudS-62739.jpeg;M;F;Hilde_von_Stolz;[451.87558 157.37247 482.22015 197.83762];158.0;301.0;194.0;265.0
JudS-62739.jpeg;M;F;Hilde_von_Stolz;[357.5609 143.5669 390.6846 188.1531];158.0;301.0;194.0;265.0
JudS-62739.jpeg;M;F;Hilde_von_Stolz;[104.68582 106.72156 139.74959 150.44794];158.0;301.0;194.0;265.0
JudS-62739.jpeg;F;F;Hilde_von_Stolz;[683.873   200.30667 713.83203 241.76985];158.0;301.0;194.0;265.0
JudS-62935.jpeg;M;F;Hilde_von_Stolz;[246.26361   99.358246 315.90546  181.54778 ];105.0;320.0;179.0;245.0
JudS-62935.jpeg;M;F;Hilde_von_Stolz;[409.93137  91.73509 472.7716  170.19186];105.0;320.0;179.0;245.0
JudS-62935.jpeg;M;F;Hilde_von_Stolz;[ 80.60157 142.4125  142.29872 213.84866];105.0;320.0;179.0;245.0
JudS-62935.jpeg;M;F;Hilde_von_Stolz;[354.05722 177.41197 412.0057  243.28136];105.0;320.0;179.0;245.0
JudS-62935.jpeg;M;F;Hilde_von_Stolz;[589.3635  115.8269  649.9572  190.06435];105.0;320.0;179.0;245.0
JudS-67639.jpeg;M;M;Albert_Florath;[315.95407 134.4405  496.2741  357.037  ];160.0;510.0;345.0;324.0
JudS-70059.jpeg;M;M;Albert_Florath;[341.91663  75.26659 502.6699  296.58374];98.0;489.0;284.0;304.0
JudS-71907.jpeg;M;M;Ferdinand_Marian;[187.98833 178.48322 244.31491 254.5801 ];191.0;239.0;253.0;176.0
JudS-71907.jpeg;M;M;Ferdinand_Marian;[467.15634  68.91038 524.40985 141.62663];191.0;239.0;253.0;176.0
JudS-73712.jpeg;M;M;Ferdinand_Marian;[235.13573   77.210304 380.33673  275.4993  ];116.0;390.0;270.0;236.0
JudS-73941.jpeg;M;M;Ferdinand_Marian;[266.42657   68.171585 411.27124  257.6176  ];98.0;442.0;253.0;287.0
JudS-80579.jpeg;M;M;Ferdinand_Marian;[498.08844   59.438736 555.7502   136.87004 ];66.0;550.0;129.0;487.0
JudS-80579.jpeg;F;M;Ferdinand_Marian;[439.116   215.126   492.19528 291.99216];66.0;550.0;129.0;487.0
JudS-80879.jpeg;M;M;Ferdinand_Marian;[519.3488    65.657486 577.048    143.10326 ];73.0;570.0;135.0;508.0
JudS-80879.jpeg;M;M;Ferdinand_Marian;[189.69917 116.17816 248.04619 182.83931];73.0;570.0;135.0;508.0
JudS-80879.jpeg;F;M;Ferdinand_Marian;[457.11392 214.96101 507.51813 299.36368];73.0;570.0;135.0;508.0
JudS-80879.jpeg;M;M;Ferdinand_Marian;[635.4665  123.50994 669.14197 163.1296 ];73.0;570.0;135.0;508.0
JudS-83029.jpeg;M;M;Ferdinand_Marian;[413.6524    86.545334 459.7342   152.49722 ];95.0;452.0;147.0;400.0
JudS-83029.jpeg;F;M;Ferdinand_Marian;[ 57.581955 194.7341   105.74608  268.381   ];95.0;452.0;147.0;400.0
JudS-83329.jpeg;M;M;Ferdinand_Marian;[356.4272   74.97236 460.4419  231.1235 ];96.0;454.0;225.0;325.0
JudS-83458.jpeg;M;M;Ferdinand_Marian;[360.45468  57.88911 479.43832 225.12097];82.0;468.0;211.0;339.0
JudS-83912.jpeg;M;M;Ferdinand_Marian;[334.49173 100.37977 464.93005 276.6564 ];133.0;459.0;288.0;304.0
JudS-84032.jpeg;M;M;Ferdinand_Marian;[337.07153  92.10487 472.00003 271.91843];139.0;440.0;268.0;311.0
JudS-84243.jpeg;M;M;Ferdinand_Marian;[354.24844  123.678535 439.3512   239.53662 ];146.0;434.0;236.0;344.0
JudS-84543.jpeg;M;M;Ferdinand_Marian;[274.4716   72.00415 432.66083 307.71475];98.0;407.0;284.0;221.0
JudS-84843.jpeg;F;M;Ferdinand_Marian;[151.31543   25.100914 322.56348  286.86584 ];139.0;572.0;325.0;386.0
JudS-84843.jpeg;M;M;Ferdinand_Marian;[426.63467   99.799614 589.1901   336.2341  ];139.0;572.0;325.0;386.0
JudS-85143.jpeg;M;M;Ferdinand_Marian;[110.77544  17.68713 272.9042  284.58606];98.0;551.0;284.0;366.0
JudS-85143.jpeg;M;M;Ferdinand_Marian;[400.72528   66.800316 560.2108   302.61194 ];98.0;551.0;284.0;366.0
JudS-85443.jpeg;M;M;Ferdinand_Marian;[428.40128  80.87853 595.4256  332.18497];118.0;572.0;304.0;386.0
JudS-85443.jpeg;M;M;Ferdinand_Marian;[128.51572   29.720133 297.31064  298.3058  ];118.0;572.0;304.0;386.0
JudS-85743.jpeg;M;M;Ferdinand_Marian;[109.34385   20.655928 285.7543   287.23996 ];118.0;531.0;304.0;345.0
JudS-85743.jpeg;M;M;Ferdinand_Marian;[403.22488  70.60326 573.9629  310.58252];118.0;531.0;304.0;345.0
JudS-87226.jpeg;M;M;Ferdinand_Marian;[278.54874   80.684586 376.41492  217.10718 ];116.0;374.0;206.0;285.0
JudS-87853.jpeg;M;M;Ferdinand_Marian;[183.6844  111.11739 340.65057 332.94693];139.0;366.0;325.0;180.0
JudS-88483.jpeg;M;M;Ferdinand_Marian;[224.6206   90.85711 377.49472 290.92255];116.0;373.0;270.0;218.0
JudS-88594.jpeg;M;M;Ferdinand_Marian;[228.84833  92.43991 384.57166 293.98392];98.0;386.0;284.0;201.0
JudS-89789.jpeg;M;M;Ferdinand_Marian;[216.92621  80.43406 290.75195 186.27164];96.0;315.0;186.0;225.0
JudS-89789.jpeg;M;M;Ferdinand_Marian;[411.12476  98.24721 474.71677 200.62122];96.0;315.0;186.0;225.0
JudS-90904.jpeg;M;M;Ferdinand_Marian;[381.23752  64.21925 437.85507 141.24422];73.0;432.0;135.0;370.0
JudS-98132.jpeg;M;M;Albert_Florath;[308.1989  128.69482 492.15796 375.62286];142.0;464.0;365.0;241.0
JudS-98498.jpeg;M;M;Albert_Florath;[315.01086 112.60155 494.73212 346.9743 ];139.0;469.0;325.0;283.0
KittyUndDieWeltkonferenz-100749.jpeg;F;M;Fritz_Odemar;[196.11057  82.21784 235.36127 129.99733];46.0;352.0;89.0;309.0
KittyUndDieWeltkonferenz-100749.jpeg;M;M;Fritz_Odemar;[320.71234  35.71396 358.45462  90.52649];46.0;352.0;89.0;309.0
KittyUndDieWeltkonferenz-100749.jpeg;M;M;Fritz_Odemar;[282.82785   32.542583 318.28854   77.158   ];46.0;352.0;89.0;309.0
KittyUndDieWeltkonferenz-100999.jpeg;F;F;Hannelore_Schroth;[243.81824  88.58541 299.12128 156.30397];94.0;294.0;156.0;232.0
KittyUndDieWeltkonferenz-102163.jpeg;M;M;Fritz_Odemar;[116.1462   64.09348 161.68889 125.78915];70.0;314.0;113.0;271.0
KittyUndDieWeltkonferenz-102163.jpeg;M;M;Fritz_Odemar;[285.69217   60.64094  323.1588   118.643166];70.0;314.0;113.0;271.0
KittyUndDieWeltkonferenz-102163.jpeg;F;M;Fritz_Odemar;[ 19.854227  88.250275  55.977795 143.6908  ];70.0;314.0;113.0;271.0
KittyUndDieWeltkonferenz-102163.jpeg;M;M;Fritz_Odemar;[502.5327    44.847466 535.05115   98.87801 ];70.0;314.0;113.0;271.0
KittyUndDieWeltkonferenz-102163.jpeg;M;M;Fritz_Odemar;[ 55.514736  66.66217   76.76838  104.58674 ];70.0;314.0;113.0;271.0
KittyUndDieWeltkonferenz-102163.jpeg;F;M;Fritz_Odemar;[372.3676    71.668884 402.26447  108.56322 ];70.0;314.0;113.0;271.0
KittyUndDieWeltkonferenz-103336.jpeg;M;M;Christian_Gollong;[178.10828  69.33221 257.41858 178.55792];86.0;255.0;176.0;165.0
KittyUndDieWeltkonferenz-103373.jpeg;F;F;Hannelore_Schroth;[205.03789   90.668945 282.15015  192.33202 ];96.0;295.0;186.0;205.0
KittyUndDieWeltkonferenz-103438.jpeg;M;M;Christian_Gollong;[177.77446  73.25202 255.33563 184.27725];96.0;255.0;186.0;165.0
KittyUndDieWeltkonferenz-103503.jpeg;F;F;Hannelore_Schroth;[223.28815   89.262566 301.64154  189.09932 ];96.0;315.0;186.0;225.0
KittyUndDieWeltkonferenz-103652.jpeg;M;M;Christian_Gollong;[175.39357 117.93254 229.66344 195.08682];129.0;225.0;191.0;163.0
KittyUndDieWeltkonferenz-103699.jpeg;F;F;Hannelore_Schroth;[207.26431   84.122665 298.36758  203.16435 ];92.0;318.0;199.0;211.0
KittyUndDieWeltkonferenz-108130.jpeg;F;F;Hannelore_Schroth;[201.41507  74.69608 266.7099  166.17378];80.0;254.0;155.0;179.0
KittyUndDieWeltkonferenz-108380.jpeg;M;F;Maria_Nicklisch;[300.38135  71.90629 347.90848 142.20413];80.0;342.0;142.0;280.0
KittyUndDieWeltkonferenz-108380.jpeg;F;F;Maria_Nicklisch;[154.62025   42.226524 194.57176  125.30609 ];80.0;342.0;142.0;280.0
KittyUndDieWeltkonferenz-109479.jpeg;M;F;Ali_Ghito;[166.99232 168.84772 207.96358 217.3196 ];132.0;261.0;175.0;218.0
KittyUndDieWeltkonferenz-109479.jpeg;M;F;Ali_Ghito;[224.17218 128.33069 262.5137  175.60373];132.0;261.0;175.0;218.0
KittyUndDieWeltkonferenz-109979.jpeg;M;F;Ali_Ghito;[197.49419 140.98198 238.528   198.2565 ];134.0;333.0;170.0;297.0
KittyUndDieWeltkonferenz-109979.jpeg;F;F;Ali_Ghito;[304.28406 123.73582 341.66837 176.43782];134.0;333.0;170.0;297.0
KittyUndDieWeltkonferenz-110540.jpeg;M;F;Hannelore_Schroth;[338.08627   77.155846 408.1689   172.81119 ];96.0;403.0;171.0;328.0
KittyUndDieWeltkonferenz-110540.jpeg;M;F;Hannelore_Schroth;[180.86034   51.448452 243.8679   160.42274 ];96.0;403.0;171.0;328.0
KittyUndDieWeltkonferenz-111007.jpeg;F;F;Hannelore_Schroth;[350.86606  77.97213 421.8359  172.3236 ];88.0;428.0;163.0;353.0
KittyUndDieWeltkonferenz-111007.jpeg;M;F;Hannelore_Schroth;[125.6576   48.32402 206.78761 159.18422];88.0;428.0;163.0;353.0
KittyUndDieWeltkonferenz-111257.jpeg;M;F;Hannelore_Schroth;[332.46652  82.19643 398.9794  178.70772];96.0;386.0;171.0;312.0
KittyUndDieWeltkonferenz-111257.jpeg;M;F;Hannelore_Schroth;[216.52481   62.967674 271.38248  170.57736 ];96.0;386.0;171.0;312.0
KittyUndDieWeltkonferenz-111671.jpeg;M;F;Hannelore_Schroth;[314.15958   83.438576 384.28125  179.26297 ];86.0;374.0;176.0;285.0
KittyUndDieWeltkonferenz-111671.jpeg;M;F;Hannelore_Schroth;[116.83299   48.497776 194.62045  153.0921  ];86.0;374.0;176.0;285.0
KittyUndDieWeltkonferenz-113033.jpeg;M;M;Fritz_Odemar;[205.71976  88.03205 316.11334 244.6135 ];110.0;339.0;239.0;210.0
KittyUndDieWeltkonferenz-113116.jpeg;F;F;Hannelore_Schroth;[241.24706  98.20042 353.61884 246.42351];110.0;354.0;239.0;225.0
KittyUndDieWeltkonferenz-115081.jpeg;M;M;Fritz_Odemar;[245.17378 133.09035 286.88434 188.52614];146.0;285.0;190.0;242.0
KittyUndDieWeltkonferenz-115081.jpeg;M;M;Fritz_Odemar;[108.78366 136.38551 161.98564 193.21892];146.0;285.0;190.0;242.0
KittyUndDieWeltkonferenz-115081.jpeg;M;M;Fritz_Odemar;[174.12337  109.852844 223.24326  161.63574 ];146.0;285.0;190.0;242.0
KittyUndDieWeltkonferenz-115081.jpeg;F;M;Fritz_Odemar;[397.73712 118.20579 423.70364 152.80504];146.0;285.0;190.0;242.0
KittyUndDieWeltkonferenz-115081.jpeg;F;M;Fritz_Odemar;[389.1898  141.35089 411.50592 174.17036];146.0;285.0;190.0;242.0
KittyUndDieWeltkonferenz-115081.jpeg;M;M;Fritz_Odemar;[475.57254 117.86513 506.82956 157.43126];146.0;285.0;190.0;242.0
KittyUndDieWeltkonferenz-115738.jpeg;M;M;Fritz_Odemar;[279.7992    25.387783 364.2957   140.44547 ];46.0;374.0;136.0;285.0
KittyUndDieWeltkonferenz-115988.jpeg;M;F;Maria_Nicklisch;[360.46448   40.945175 432.91617  153.88614 ];149.0;259.0;211.0;197.0
KittyUndDieWeltkonferenz-115988.jpeg;M;M;Fritz_Odemar;[360.46448   40.945175 432.91617  153.88614 ];56.0;424.0;146.0;335.0
KittyUndDieWeltkonferenz-115988.jpeg;F;F;Maria_Nicklisch;[188.91972 129.40863 259.2465  217.79514];149.0;259.0;211.0;197.0
KittyUndDieWeltkonferenz-115988.jpeg;F;M;Fritz_Odemar;[188.91972 129.40863 259.2465  217.79514];56.0;424.0;146.0;335.0
KittyUndDieWeltkonferenz-115988.jpeg;M;F;Maria_Nicklisch;[ 24.164    36.02624 114.71846 171.72145];149.0;259.0;211.0;197.0
KittyUndDieWeltkonferenz-115988.jpeg;M;M;Fritz_Odemar;[ 24.164    36.02624 114.71846 171.72145];56.0;424.0;146.0;335.0
KittyUndDieWeltkonferenz-116215.jpeg;M;F;Maria_Nicklisch;[255.50803 158.3068  403.9038  357.55115];202.0;408.0;356.0;253.0
KittyUndDieWeltkonferenz-116343.jpeg;M;M;Fritz_Odemar;[132.0389      6.3921485 281.14893   225.1851   ];36.0;262.0;222.0;77.0
KittyUndDieWeltkonferenz-116495.jpeg;M;F;Maria_Nicklisch;[223.1767  172.92607 374.2292  371.8741 ];202.0;390.0;356.0;236.0
KittyUndDieWeltkonferenz-117941.jpeg;M;F;Maria_Nicklisch;[314.77258  91.86228 360.8248  155.90178];94.0;356.0;156.0;294.0
KittyUndDieWeltkonferenz-117941.jpeg;M;F;Maria_Nicklisch;[105.29598  35.68291 159.606   111.03133];94.0;356.0;156.0;294.0
KittyUndDieWeltkonferenz-118061.jpeg;F;F;Maria_Nicklisch;[333.03683  90.00547 382.0884  152.74702];95.0;389.0;147.0;337.0
KittyUndDieWeltkonferenz-118061.jpeg;M;F;Maria_Nicklisch;[ 94.066635  25.832527 151.09415  103.47167 ];95.0;389.0;147.0;337.0
KittyUndDieWeltkonferenz-118311.jpeg;F;F;Maria_Nicklisch;[180.45612  98.63176 219.27242 147.93774];103.0;228.0;146.0;184.0
KittyUndDieWeltkonferenz-118311.jpeg;M;F;Maria_Nicklisch;[ 38.36637   33.12248   85.383415 102.15546 ];103.0;228.0;146.0;184.0
KittyUndDieWeltkonferenz-118311.jpeg;M;F;Maria_Nicklisch;[378.16537   45.375065 407.3749   110.74465 ];103.0;228.0;146.0;184.0
KittyUndDieWeltkonferenz-118465.jpeg;M;M;Christian_Gollong;[203.39787  73.68484 314.06772 229.86401];96.0;296.0;225.0;167.0
KittyUndDieWeltkonferenz-118557.jpeg;M;M;Christian_Gollong;[212.94232  65.0762  325.5003  217.64996];82.0;311.0;211.0;182.0
KittyUndDieWeltkonferenz-118712.jpeg;M;M;Christian_Gollong;[212.13025  70.44431 324.10797 227.96402];96.0;311.0;225.0;182.0
KittyUndDieWeltkonferenz-118847.jpeg;F;F;Maria_Nicklisch;[179.9294  106.11124 220.81044 155.06812];108.0;228.0;151.0;184.0
KittyUndDieWeltkonferenz-118847.jpeg;M;F;Maria_Nicklisch;[ 40.730213  39.27034   88.77298  103.597275];108.0;228.0;151.0;184.0
KittyUndDieWeltkonferenz-118847.jpeg;M;F;Maria_Nicklisch;[349.372    67.84663 379.0913  123.65335];108.0;228.0;151.0;184.0
KittyUndDieWeltkonferenz-120094.jpeg;M;M;Christian_Gollong;[255.2295   116.121574 302.9464   182.04768 ];124.0;302.0;176.0;250.0
KittyUndDieWeltkonferenz-120592.jpeg;F;F;Hannelore_Schroth;[139.83095  72.04369 243.32863 204.19312];92.0;247.0;199.0;139.0
KittyUndDieWeltkonferenz-120681.jpeg;F;F;Hannelore_Schroth;[149.44626  80.89344 256.06027 210.87924];104.0;259.0;211.0;151.0
KittyUndDieWeltkonferenz-120681.jpeg;M;F;Hannelore_Schroth;[401.42648 114.44073 465.02573 267.1231 ];104.0;259.0;211.0;151.0
KittyUndDieWeltkonferenz-120954.jpeg;M;F;Hannelore_Schroth;[137.56032  80.8449  242.24953 213.13283];104.0;247.0;211.0;139.0
KittyUndDieWeltkonferenz-120954.jpeg;M;F;Hannelore_Schroth;[359.09818   56.595078 426.1651   220.56224 ];104.0;247.0;211.0;139.0
KittyUndDieWeltkonferenz-121204.jpeg;M;M;Christian_Gollong;[191.68906  41.09529 295.48688 192.96153];53.0;282.0;182.0;153.0
KittyUndDieWeltkonferenz-121204.jpeg;F;M;Christian_Gollong;[ -5.405562  79.45388   58.58902  228.70233 ];53.0;282.0;182.0;153.0
KittyUndDieWeltkonferenz-121347.jpeg;M;M;Christian_Gollong;[194.16498  55.93074 304.86874 212.80804];80.0;282.0;187.0;175.0
KittyUndDieWeltkonferenz-121347.jpeg;F;M;Christian_Gollong;[  6.2611647  76.73252    69.85887   236.05107  ];80.0;282.0;187.0;175.0
KittyUndDieWeltkonferenz-121901.jpeg;M;F;Hannelore_Schroth;[235.20659  42.19831 337.91296 174.31569];56.0;354.0;163.0;247.0
KittyUndDieWeltkonferenz-122031.jpeg;F;F;Hannelore_Schroth;[232.03618  67.07188 326.12152 193.1507 ];92.0;342.0;199.0;235.0
KittyUndDieWeltkonferenz-122752.jpeg;M;F;Hannelore_Schroth;[260.11667 122.03259 312.08365 190.61497];130.0;319.0;182.0;268.0
KittyUndDieWeltkonferenz-122752.jpeg;M;F;Hannelore_Schroth;[ 78.3575    43.939945 129.07167  116.828476];130.0;319.0;182.0;268.0
KittyUndDieWeltkonferenz-122752.jpeg;M;F;Hannelore_Schroth;[211.42738  96.82072 242.31866 135.3661 ];130.0;319.0;182.0;268.0
KittyUndDieWeltkonferenz-122752.jpeg;M;F;Hannelore_Schroth;[359.23453  74.41496 410.3015  150.4847 ];130.0;319.0;182.0;268.0
KittyUndDieWeltkonferenz-123434.jpeg;M;F;Hannelore_Schroth;[340.82306 206.55685 372.16983 247.86633];214.0;373.0;250.0;337.0
KittyUndDieWeltkonferenz-123434.jpeg;F;F;Hannelore_Schroth;[108.89994  121.150856 125.07673  138.83698 ];214.0;373.0;250.0;337.0
KittyUndDieWeltkonferenz-124174.jpeg;M;F;Hannelore_Schroth;[217.05122   61.635616 314.6335   197.68037 ];80.0;306.0;187.0;199.0
KittyUndDieWeltkonferenz-124318.jpeg;F;F;Hannelore_Schroth;[221.46182  56.80543 317.05273 192.77208];68.0;306.0;175.0;199.0
KittyUndDieWeltkonferenz-125531.jpeg;M;M;Fritz_Odemar;[181.35324  78.53795 225.25114 152.0985 ];46.0;356.0;108.0;294.0
KittyUndDieWeltkonferenz-125531.jpeg;M;M;Fritz_Odemar;[317.99835   31.300404 366.06494  113.71615 ];46.0;356.0;108.0;294.0
KittyUndDieWeltkonferenz-126281.jpeg;F;F;Hannelore_Schroth;[127.80792 145.0545  226.56038 280.1586 ];163.0;247.0;271.0;139.0
KittyUndDieWeltkonferenz-126281.jpeg;F;F;Hannelore_Schroth;[282.82733  39.4934  375.16238 203.98523];163.0;247.0;271.0;139.0
KittyUndDieWeltkonferenz-126531.jpeg;F;F;Hannelore_Schroth;[255.07816   40.570442 341.0268   206.10065 ];140.0;235.0;247.0;127.0
KittyUndDieWeltkonferenz-126531.jpeg;F;F;Hannelore_Schroth;[107.706856 127.94968  202.7804   264.37457 ];140.0;235.0;247.0;127.0
KittyUndDieWeltkonferenz-127906.jpeg;M;M;Fritz_Odemar;[263.42545   67.094765 346.8122   183.15031 ];86.0;335.0;176.0;245.0
KittyUndDieWeltkonferenz-128106.jpeg;M;M;Fritz_Odemar;[262.21713  69.14938 345.40176 188.41493];80.0;342.0;187.0;235.0
KittyUndDieWeltkonferenz-128220.jpeg;M;M;Christian_Gollong;[173.35855  67.34611 256.90088 181.38602];86.0;265.0;176.0;175.0
KittyUndDieWeltkonferenz-128322.jpeg;M;M;Fritz_Odemar;[244.88283  74.07263 331.7358  195.83699];96.0;325.0;186.0;235.0
KittyUndDieWeltkonferenz-128446.jpeg;M;M;Christian_Gollong;[185.3818   83.26716 269.53598 197.11786];96.0;275.0;186.0;185.0
KittyUndDieWeltkonferenz-128561.jpeg;M;M;Fritz_Odemar;[263.28967   47.665268 344.9859   163.04442 ];66.0;335.0;156.0;245.0
KittyUndDieWeltkonferenz-128919.jpeg;M;M;Fritz_Odemar;[261.95056   62.574997 342.29276  181.00597 ];68.0;342.0;175.0;235.0
KittyUndDieWeltkonferenz-129071.jpeg;M;M;Fritz_Odemar;[251.30432  72.75179 333.1924  189.33113];96.0;325.0;186.0;235.0
KittyUndDieWeltkonferenz-129945.jpeg;M;M;Fritz_Odemar;[351.56522  72.57347 392.2682  128.62454];84.0;391.0;127.0;347.0
KittyUndDieWeltkonferenz-129945.jpeg;M;M;Fritz_Odemar;[276.3173   70.94027 310.64572 131.56639];84.0;391.0;127.0;347.0
KittyUndDieWeltkonferenz-132268.jpeg;M;F;Hannelore_Schroth;[291.61633   58.344193 380.38983  166.9389  ];76.0;374.0;166.0;285.0
KittyUndDieWeltkonferenz-132518.jpeg;M;F;Hannelore_Schroth;[216.10806   89.041016 283.82004  169.90028 ];96.0;287.0;171.0;212.0
KittyUndDieWeltkonferenz-132518.jpeg;F;F;Hannelore_Schroth;[333.88104  57.64179 392.85873 148.64426];96.0;287.0;171.0;212.0
KittyUndDieWeltkonferenz-134526.jpeg;F;F;Hannelore_Schroth;[161.29865   39.647396 382.11307  329.82452 ];52.0;438.0;320.0;171.0
KittyUndDieWeltkonferenz-134909.jpeg;M;F;Hannelore_Schroth;[257.45773  84.63329 317.96338 169.74161];96.0;337.0;171.0;262.0
KittyUndDieWeltkonferenz-134909.jpeg;M;F;Hannelore_Schroth;[373.38016 264.7385  397.61673 299.45947];96.0;337.0;171.0;262.0
KittyUndDieWeltkonferenz-17241.jpeg;F;F;Maria_Nicklisch;[178.36176  97.5016  270.57675 225.93005];126.0;285.0;216.0;195.0
KittyUndDieWeltkonferenz-23098.jpeg;M;F;Hannelore_Schroth;[233.19838  94.66657 362.3462  258.37762];133.0;373.0;288.0;218.0
KittyUndDieWeltkonferenz-23334.jpeg;M;F;Hannelore_Schroth;[196.20012  100.138565 317.5911   264.09766 ];139.0;311.0;268.0;182.0
KittyUndDieWeltkonferenz-24142.jpeg;F;F;Hannelore_Schroth;[219.86552  76.73807 352.34583 247.78705];96.0;368.0;225.0;239.0
KittyUndDieWeltkonferenz-24331.jpeg;M;F;Hannelore_Schroth;[228.88104 117.73619 379.56778 284.65768];133.0;390.0;288.0;236.0
KittyUndDieWeltkonferenz-25956.jpeg;M;F;Hannelore_Schroth;[263.70654   81.138794 353.5843   192.4462  ];96.0;344.0;186.0;255.0
KittyUndDieWeltkonferenz-26027.jpeg;M;F;Hannelore_Schroth;[219.94461  85.21498 305.4361  195.08055];106.0;295.0;196.0;205.0
KittyUndDieWeltkonferenz-26147.jpeg;F;F;Hannelore_Schroth;[187.5389   75.78743 276.07242 185.34988];86.0;265.0;176.0;175.0
KittyUndDieWeltkonferenz-26729.jpeg;F;F;Hannelore_Schroth;[121.657936 129.35298  191.2987   210.09155 ];130.0;196.0;204.0;121.0
KittyUndDieWeltkonferenz-26729.jpeg;M;F;Hannelore_Schroth;[292.1123    48.851917 370.13852  152.74261 ];130.0;196.0;204.0;121.0
KittyUndDieWeltkonferenz-26979.jpeg;F;F;Hannelore_Schroth;[ 92.50052 114.8627  155.7449  192.12578];121.0;171.0;196.0;96.0
KittyUndDieWeltkonferenz-26979.jpeg;F;F;Hannelore_Schroth;[243.01266   54.853382 305.73337  144.8749  ];121.0;171.0;196.0;96.0
KittyUndDieWeltkonferenz-28146.jpeg;M;M;Fritz_Odemar;[290.62906   96.808716 353.60245  172.07253 ];96.0;212.0;171.0;137.0
KittyUndDieWeltkonferenz-28146.jpeg;M;F;Hannelore_Schroth;[290.62906   96.808716 353.60245  172.07253 ];96.0;345.0;171.0;270.0
KittyUndDieWeltkonferenz-28146.jpeg;M;M;Fritz_Odemar;[121.645    84.62843 189.6719  180.91415];96.0;212.0;171.0;137.0
KittyUndDieWeltkonferenz-28146.jpeg;M;F;Hannelore_Schroth;[121.645    84.62843 189.6719  180.91415];96.0;345.0;171.0;270.0
KittyUndDieWeltkonferenz-29146.jpeg;M;F;Hannelore_Schroth;[322.72586  92.76495 379.01978 166.98361];101.0;370.0;163.0;308.0
KittyUndDieWeltkonferenz-29146.jpeg;F;F;Hannelore_Schroth;[211.16853  77.72736 269.71573 152.78522];101.0;370.0;163.0;308.0
KittyUndDieWeltkonferenz-29244.jpeg;M;F;Hannelore_Schroth;[205.25854  76.76882 324.1712  231.67627];96.0;311.0;225.0;182.0
KittyUndDieWeltkonferenz-30663.jpeg;F;F;Hannelore_Schroth;[298.03543 121.26833 334.71933 167.44545];130.0;333.0;166.0;297.0
KittyUndDieWeltkonferenz-31645.jpeg;F;F;Maria_Nicklisch;[165.0958   79.65088 283.75024 240.78351];96.0;268.0;225.0;139.0
KittyUndDieWeltkonferenz-32746.jpeg;M;M;Fritz_Odemar;[ 93.86549 146.0853  142.4108  206.18312];15.0;101.0;67.0;49.0
KittyUndDieWeltkonferenz-32746.jpeg;M;F;Maria_Nicklisch;[ 93.86549 146.0853  142.4108  206.18312];159.0;147.0;211.0;95.0
KittyUndDieWeltkonferenz-32746.jpeg;M;M;Fritz_Odemar;[52.571407  4.777858 95.20253  65.88887 ];15.0;101.0;67.0;49.0
KittyUndDieWeltkonferenz-32746.jpeg;M;F;Maria_Nicklisch;[52.571407  4.777858 95.20253  65.88887 ];159.0;147.0;211.0;95.0
KittyUndDieWeltkonferenz-32746.jpeg;M;M;Fritz_Odemar;[397.94586 139.18185 447.44067 203.40846];15.0;101.0;67.0;49.0
KittyUndDieWeltkonferenz-32746.jpeg;M;F;Maria_Nicklisch;[397.94586 139.18185 447.44067 203.40846];159.0;147.0;211.0;95.0
KittyUndDieWeltkonferenz-33243.jpeg;F;F;Maria_Nicklisch;[ 77.20925 217.49974 125.17158 280.02554];228.0;124.0;280.0;72.0
KittyUndDieWeltkonferenz-33243.jpeg;F;F;Maria_Nicklisch;[381.36615   33.0427   436.94858  107.430275];228.0;124.0;280.0;72.0
KittyUndDieWeltkonferenz-33243.jpeg;F;F;Maria_Nicklisch;[516.6169  208.4645  538.2598  237.15263];228.0;124.0;280.0;72.0
KittyUndDieWeltkonferenz-34567.jpeg;F;F;Hannelore_Schroth;[214.5302  104.0086  258.7558  160.73843];113.0;262.0;164.0;210.0
KittyUndDieWeltkonferenz-34567.jpeg;F;M;Fritz_Odemar;[214.5302  104.0086  258.7558  160.73843];78.0;152.0;130.0;101.0
KittyUndDieWeltkonferenz-34567.jpeg;M;F;Hannelore_Schroth;[ 99.36147   78.854355 143.93814  131.1583  ];113.0;262.0;164.0;210.0
KittyUndDieWeltkonferenz-34567.jpeg;M;M;Fritz_Odemar;[ 99.36147   78.854355 143.93814  131.1583  ];78.0;152.0;130.0;101.0
KittyUndDieWeltkonferenz-34567.jpeg;M;F;Hannelore_Schroth;[377.37018   25.229637 434.71533  104.05013 ];113.0;262.0;164.0;210.0
KittyUndDieWeltkonferenz-34567.jpeg;M;M;Fritz_Odemar;[377.37018   25.229637 434.71533  104.05013 ];78.0;152.0;130.0;101.0
KittyUndDieWeltkonferenz-34567.jpeg;M;F;Hannelore_Schroth;[251.06516  73.37248 290.91446 122.6354 ];113.0;262.0;164.0;210.0
KittyUndDieWeltkonferenz-34567.jpeg;M;M;Fritz_Odemar;[251.06516  73.37248 290.91446 122.6354 ];78.0;152.0;130.0;101.0
KittyUndDieWeltkonferenz-34567.jpeg;M;F;Hannelore_Schroth;[291.75586  61.37827 339.00577 119.94424];113.0;262.0;164.0;210.0
KittyUndDieWeltkonferenz-34567.jpeg;M;M;Fritz_Odemar;[291.75586  61.37827 339.00577 119.94424];78.0;152.0;130.0;101.0
KittyUndDieWeltkonferenz-34567.jpeg;F;F;Hannelore_Schroth;[317.8027   83.53625 368.11288 144.65833];113.0;262.0;164.0;210.0
KittyUndDieWeltkonferenz-34567.jpeg;F;M;Fritz_Odemar;[317.8027   83.53625 368.11288 144.65833];78.0;152.0;130.0;101.0
KittyUndDieWeltkonferenz-34567.jpeg;F;F;Hannelore_Schroth;[ 43.76008 103.16427  75.53476 142.10449];113.0;262.0;164.0;210.0
KittyUndDieWeltkonferenz-34567.jpeg;F;M;Fritz_Odemar;[ 43.76008 103.16427  75.53476 142.10449];78.0;152.0;130.0;101.0
KittyUndDieWeltkonferenz-34567.jpeg;F;F;Hannelore_Schroth;[429.54984  76.27224 468.22836 127.98072];113.0;262.0;164.0;210.0
KittyUndDieWeltkonferenz-34567.jpeg;F;M;Fritz_Odemar;[429.54984  76.27224 468.22836 127.98072];78.0;152.0;130.0;101.0
KittyUndDieWeltkonferenz-34567.jpeg;M;F;Hannelore_Schroth;[174.30531   87.267876 213.56789  136.81061 ];113.0;262.0;164.0;210.0
KittyUndDieWeltkonferenz-34567.jpeg;M;M;Fritz_Odemar;[174.30531   87.267876 213.56789  136.81061 ];78.0;152.0;130.0;101.0
KittyUndDieWeltkonferenz-34567.jpeg;M;F;Hannelore_Schroth;[136.27417   86.300835 163.32263  129.5217  ];113.0;262.0;164.0;210.0
KittyUndDieWeltkonferenz-34567.jpeg;M;M;Fritz_Odemar;[136.27417   86.300835 163.32263  129.5217  ];78.0;152.0;130.0;101.0
KittyUndDieWeltkonferenz-34697.jpeg;M;M;Fritz_Odemar;[106.74705  80.31025 150.20856 136.7592 ];44.0;342.0;152.0;235.0
KittyUndDieWeltkonferenz-34697.jpeg;M;M;Fritz_Odemar;[419.37442   98.167145 472.29678  166.10242 ];44.0;342.0;152.0;235.0
KittyUndDieWeltkonferenz-34697.jpeg;M;M;Fritz_Odemar;[254.16365  50.62299 334.64352 155.32985];44.0;342.0;152.0;235.0
KittyUndDieWeltkonferenz-34802.jpeg;F;M;Fritz_Odemar;[303.2512   78.41606 352.5653  143.08469];73.0;287.0;135.0;225.0
KittyUndDieWeltkonferenz-34802.jpeg;M;M;Fritz_Odemar;[223.71846   61.378124 282.51654  135.55313 ];73.0;287.0;135.0;225.0
KittyUndDieWeltkonferenz-34802.jpeg;M;M;Fritz_Odemar;[151.74402   64.885345 198.68602  128.2252  ];73.0;287.0;135.0;225.0
KittyUndDieWeltkonferenz-34802.jpeg;M;M;Fritz_Odemar;[344.0431    23.497032 393.72757   91.53442 ];73.0;287.0;135.0;225.0
KittyUndDieWeltkonferenz-34802.jpeg;M;M;Fritz_Odemar;[427.24326   33.601315 486.56006  114.05083 ];73.0;287.0;135.0;225.0
KittyUndDieWeltkonferenz-34802.jpeg;M;M;Fritz_Odemar;[9.2279546e-02 5.8774757e+01 4.2170021e+01 1.1259422e+02];73.0;287.0;135.0;225.0
KittyUndDieWeltkonferenz-34802.jpeg;M;M;Fritz_Odemar;[191.30168   57.768463 224.36427  108.79576 ];73.0;287.0;135.0;225.0
KittyUndDieWeltkonferenz-34940.jpeg;M;M;Fritz_Odemar;[104.36094  83.63806 147.94896 140.3005 ];66.0;344.0;156.0;255.0
KittyUndDieWeltkonferenz-34940.jpeg;M;M;Fritz_Odemar;[248.2446    53.134407 334.97357  158.47849 ];66.0;344.0;156.0;255.0
KittyUndDieWeltkonferenz-34940.jpeg;M;M;Fritz_Odemar;[431.21494  95.97154 488.06442 167.61017];66.0;344.0;156.0;255.0
KittyUndDieWeltkonferenz-35129.jpeg;M;M;Fritz_Odemar;[177.15213   61.569523 298.81284  219.81973 ];64.0;304.0;219.0;150.0
KittyUndDieWeltkonferenz-35684.jpeg;M;M;Fritz_Odemar;[288.9842    38.804535 367.85324  148.82245 ];44.0;390.0;152.0;282.0
KittyUndDieWeltkonferenz-35684.jpeg;F;M;Fritz_Odemar;[ 78.89467 147.94554 142.49174 234.7332 ];44.0;390.0;152.0;282.0
KittyUndDieWeltkonferenz-35684.jpeg;M;M;Fritz_Odemar;[-25.47983   37.656895  58.657135 182.49469 ];44.0;390.0;152.0;282.0
KittyUndDieWeltkonferenz-35978.jpeg;F;F;Maria_Nicklisch;[199.28377 138.16386 260.79544 223.96225];149.0;273.0;211.0;211.0
KittyUndDieWeltkonferenz-35978.jpeg;M;F;Maria_Nicklisch;[353.58972   52.698795 410.67755  160.28937 ];149.0;273.0;211.0;211.0
KittyUndDieWeltkonferenz-35978.jpeg;M;F;Maria_Nicklisch;[  7.33978  46.22982  92.71033 169.75012];149.0;273.0;211.0;211.0
KittyUndDieWeltkonferenz-36228.jpeg;M;M;Fritz_Odemar;[382.7748    39.814606 463.5917   160.63293 ];56.0;454.0;146.0;364.0
KittyUndDieWeltkonferenz-36228.jpeg;M;F;Maria_Nicklisch;[382.7748    39.814606 463.5917   160.63293 ];155.0;262.0;229.0;187.0
KittyUndDieWeltkonferenz-36228.jpeg;F;M;Fritz_Odemar;[187.91089 135.74442 253.96808 226.20093];56.0;454.0;146.0;364.0
KittyUndDieWeltkonferenz-36228.jpeg;F;F;Maria_Nicklisch;[187.91089 135.74442 253.96808 226.20093];155.0;262.0;229.0;187.0
KittyUndDieWeltkonferenz-36228.jpeg;M;M;Fritz_Odemar;[ 20.836475  41.308582 113.50455  171.04616 ];56.0;454.0;146.0;364.0
KittyUndDieWeltkonferenz-36228.jpeg;M;F;Maria_Nicklisch;[ 20.836475  41.308582 113.50455  171.04616 ];155.0;262.0;229.0;187.0
KittyUndDieWeltkonferenz-3670.jpeg;M;M;Fritz_Odemar;[ 42.798378 108.689156  88.260925 166.81592 ];113.0;95.0;164.0;43.0
KittyUndDieWeltkonferenz-3670.jpeg;M;M;Fritz_Odemar;[244.67729  55.23039 302.12375 132.17598];113.0;95.0;164.0;43.0
KittyUndDieWeltkonferenz-3670.jpeg;F;M;Fritz_Odemar;[ 59.778847  72.39223   87.81162  108.789635];113.0;95.0;164.0;43.0
KittyUndDieWeltkonferenz-37866.jpeg;F;M;Christian_Gollong;[311.37485  68.87068 383.91498 178.69606];86.0;374.0;176.0;285.0
KittyUndDieWeltkonferenz-37866.jpeg;M;M;Christian_Gollong;[159.3737   87.88661 240.58968 180.665  ];86.0;374.0;176.0;285.0
KittyUndDieWeltkonferenz-38366.jpeg;M;M;Christian_Gollong;[332.92908   77.687485 406.3665   184.71182 ];86.0;394.0;176.0;305.0
KittyUndDieWeltkonferenz-38366.jpeg;M;M;Christian_Gollong;[163.77458   62.381054 224.70647  163.58546 ];86.0;394.0;176.0;305.0
KittyUndDieWeltkonferenz-38927.jpeg;F;F;Maria_Nicklisch;[306.89978 189.0188  352.9405  247.21225];193.0;354.0;245.0;302.0
KittyUndDieWeltkonferenz-39242.jpeg;F;F;Maria_Nicklisch;[ 94.68758 159.68678 157.99858 232.84882];170.0;156.0;232.0;93.0
KittyUndDieWeltkonferenz-39242.jpeg;M;F;Maria_Nicklisch;[281.2744   76.52033 367.66306 206.74792];170.0;156.0;232.0;93.0
KittyUndDieWeltkonferenz-40459.jpeg;M;F;Maria_Nicklisch;[163.81778 123.9447  214.71727 194.2237 ];129.0;232.0;191.0;170.0
KittyUndDieWeltkonferenz-40459.jpeg;F;F;Maria_Nicklisch;[288.5126    46.718685 332.47266  139.46944 ];129.0;232.0;191.0;170.0
KittyUndDieWeltkonferenz-41133.jpeg;M;M;Christian_Gollong;[162.0349    39.374763 218.7373   117.70579 ];53.0;225.0;115.0;163.0
KittyUndDieWeltkonferenz-41133.jpeg;M;M;Christian_Gollong;[376.31485 132.36488 397.92786 161.64636];53.0;225.0;115.0;163.0
KittyUndDieWeltkonferenz-42944.jpeg;F;F;Maria_Nicklisch;[379.72562   99.069244 437.5917   181.36311 ];105.0;428.0;179.0;353.0
KittyUndDieWeltkonferenz-42944.jpeg;M;F;Maria_Nicklisch;[149.60625  73.58376 203.81042 174.57724];105.0;428.0;179.0;353.0
KittyUndDieWeltkonferenz-43361.jpeg;M;M;Christian_Gollong;[200.96031  82.72049 311.90912 229.91783];96.0;325.0;225.0;196.0
KittyUndDieWeltkonferenz-43611.jpeg;F;F;Maria_Nicklisch;[192.09726 118.20453 298.1032  251.34589];125.0;296.0;254.0;167.0
KittyUndDieWeltkonferenz-43755.jpeg;M;M;Christian_Gollong;[180.9006   94.78722 317.3068  285.23032];133.0;339.0;288.0;184.0
KittyUndDieWeltkonferenz-43788.jpeg;F;F;Maria_Nicklisch;[189.09879  83.16562 338.3539  271.5945 ];116.0;322.0;270.0;167.0
KittyUndDieWeltkonferenz-43819.jpeg;M;M;Christian_Gollong;[204.28503   70.311104 343.37515  263.23245 ];98.0;356.0;253.0;201.0
KittyUndDieWeltkonferenz-43849.jpeg;F;F;Maria_Nicklisch;[192.88931 116.62979 342.6458  301.78607];133.0;339.0;288.0;184.0
KittyUndDieWeltkonferenz-45035.jpeg;F;F;Hannelore_Schroth;[170.8643  161.16934 203.82751 202.13432];162.0;205.0;198.0;169.0
KittyUndDieWeltkonferenz-45035.jpeg;M;F;Hannelore_Schroth;[238.56612 133.90224 280.08884 170.83682];162.0;205.0;198.0;169.0
KittyUndDieWeltkonferenz-45318.jpeg;F;F;Hannelore_Schroth;[138.96127  107.042694 202.32712  188.3074  ];113.0;212.0;188.0;137.0
KittyUndDieWeltkonferenz-45318.jpeg;M;F;Hannelore_Schroth;[284.48593  -30.99733  347.7148    41.555775];113.0;212.0;188.0;137.0
KittyUndDieWeltkonferenz-45568.jpeg;F;F;Hannelore_Schroth;[119.036476 111.82045  182.8592   192.43573 ];113.0;179.0;188.0;104.0
KittyUndDieWeltkonferenz-45568.jpeg;M;F;Hannelore_Schroth;[254.90387  66.63641 320.01965 149.68956];113.0;179.0;188.0;104.0
KittyUndDieWeltkonferenz-45818.jpeg;F;F;Hannelore_Schroth;[ 92.98051 100.17486 156.98022 178.85992];105.0;154.0;179.0;79.0
KittyUndDieWeltkonferenz-45818.jpeg;M;F;Hannelore_Schroth;[299.6736   74.75429 360.0509  167.43495];105.0;154.0;179.0;79.0
KittyUndDieWeltkonferenz-46068.jpeg;F;F;Hannelore_Schroth;[125.56174  78.42487 189.65852 159.15591];88.0;196.0;163.0;121.0
KittyUndDieWeltkonferenz-46068.jpeg;M;F;Hannelore_Schroth;[265.54733  89.63258 327.79208 181.86166];88.0;196.0;163.0;121.0
KittyUndDieWeltkonferenz-46318.jpeg;F;F;Hannelore_Schroth;[163.20905 101.62512 224.1462  181.84262];105.0;245.0;179.0;171.0
KittyUndDieWeltkonferenz-46318.jpeg;M;F;Hannelore_Schroth;[252.00809 101.94791 307.32968 192.77533];105.0;245.0;179.0;171.0
KittyUndDieWeltkonferenz-46818.jpeg;F;F;Hannelore_Schroth;[ 90.58697 110.64717 150.89551 185.78793];122.0;156.0;184.0;93.0
KittyUndDieWeltkonferenz-46818.jpeg;M;F;Hannelore_Schroth;[264.9863   93.72172 318.20096 186.41962];122.0;156.0;184.0;93.0
KittyUndDieWeltkonferenz-46894.jpeg;M;F;Hannelore_Schroth;[113.35376 118.83153 165.63179 181.30975];124.0;158.0;176.0;106.0
KittyUndDieWeltkonferenz-46894.jpeg;M;F;Hannelore_Schroth;[321.8937   57.69568 381.77032 147.63121];124.0;158.0;176.0;106.0
KittyUndDieWeltkonferenz-47502.jpeg;M;M;Christian_Gollong;[167.7209   62.26836 252.59439 180.553  ];76.0;265.0;166.0;175.0
KittyUndDieWeltkonferenz-47502.jpeg;M;M;Christian_Gollong;[357.30872 100.74273 423.31006 220.58519];76.0;265.0;166.0;175.0
KittyUndDieWeltkonferenz-47576.jpeg;F;F;Hannelore_Schroth;[196.09102 115.682   285.2367  233.74141];128.0;270.0;235.0;163.0
KittyUndDieWeltkonferenz-47576.jpeg;M;F;Hannelore_Schroth;[ 15.603584  43.26747   90.51897  204.63454 ];128.0;270.0;235.0;163.0
KittyUndDieWeltkonferenz-47762.jpeg;M;M;Christian_Gollong;[156.5411    62.457382 237.57474  182.86433 ];86.0;255.0;176.0;165.0
KittyUndDieWeltkonferenz-47861.jpeg;F;F;Hannelore_Schroth;[200.4572   99.00799 288.68475 218.03654];104.0;282.0;211.0;175.0
KittyUndDieWeltkonferenz-48013.jpeg;M;M;Christian_Gollong;[176.1482   67.34944 262.6509  186.3738 ];86.0;275.0;176.0;185.0
KittyUndDieWeltkonferenz-48013.jpeg;M;M;Christian_Gollong;[351.4915   98.79827 410.31747 225.31339];86.0;275.0;176.0;185.0
KittyUndDieWeltkonferenz-48076.jpeg;F;F;Hannelore_Schroth;[205.86485 100.40842 296.63858 219.27464];104.0;282.0;211.0;175.0
KittyUndDieWeltkonferenz-48076.jpeg;F;F;Hannelore_Schroth;[ -1.0381988  23.131432   81.05916   200.98077  ];104.0;282.0;211.0;175.0
KittyUndDieWeltkonferenz-48826.jpeg;M;F;Hannelore_Schroth;[ 46.033543 105.901306  88.9743   161.98984 ];151.0;463.0;194.0;419.0
KittyUndDieWeltkonferenz-48826.jpeg;F;F;Hannelore_Schroth;[429.9966  146.24573 469.1532  197.29713];151.0;463.0;194.0;419.0
KittyUndDieWeltkonferenz-48931.jpeg;M;F;Hannelore_Schroth;[242.92871   49.663013 309.90652  134.41927 ];63.0;312.0;138.0;237.0
KittyUndDieWeltkonferenz-49181.jpeg;F;F;Hannelore_Schroth;[212.26979   50.037647 281.93134  133.94957 ];63.0;287.0;138.0;212.0
KittyUndDieWeltkonferenz-49431.jpeg;F;F;Hannelore_Schroth;[227.3318   48.36361 294.01617 133.66768];63.0;295.0;138.0;220.0
KittyUndDieWeltkonferenz-49525.jpeg;F;M;Christian_Gollong;[278.9016   79.89434 342.3889  167.23601];96.0;345.0;171.0;270.0
KittyUndDieWeltkonferenz-49569.jpeg;F;F;Hannelore_Schroth;[251.70502  52.40341 319.2673  132.87685];66.0;322.0;129.0;259.0
KittyUndDieWeltkonferenz-49614.jpeg;M;M;Christian_Gollong;[276.29575  79.27368 340.19144 169.12422];88.0;337.0;163.0;262.0
KittyUndDieWeltkonferenz-49614.jpeg;M;M;Christian_Gollong;[479.25626 134.42116 492.42377 151.43088];88.0;337.0;163.0;262.0
KittyUndDieWeltkonferenz-50038.jpeg;M;M;Christian_Gollong;[152.08961   44.166733 190.71927   96.77955 ];55.0;194.0;98.0;151.0
KittyUndDieWeltkonferenz-50038.jpeg;F;M;Christian_Gollong;[207.66165   67.546104 237.83882  116.719086];55.0;194.0;98.0;151.0
KittyUndDieWeltkonferenz-51149.jpeg;F;F;Hannelore_Schroth;[141.76543  92.59172 198.95306 164.2893 ];88.0;220.0;163.0;146.0
KittyUndDieWeltkonferenz-51149.jpeg;F;M;Christian_Gollong;[141.76543  92.59172 198.95306 164.2893 ];72.0;361.0;146.0;287.0
KittyUndDieWeltkonferenz-51149.jpeg;M;F;Hannelore_Schroth;[287.22897  55.40319 352.4819  148.25127];88.0;220.0;163.0;146.0
KittyUndDieWeltkonferenz-51149.jpeg;M;M;Christian_Gollong;[287.22897  55.40319 352.4819  148.25127];72.0;361.0;146.0;287.0
KittyUndDieWeltkonferenz-51399.jpeg;M;F;Hannelore_Schroth;[122.730835  88.80793  178.59386  165.6226  ];88.0;204.0;163.0;129.0
KittyUndDieWeltkonferenz-51399.jpeg;M;M;Christian_Gollong;[122.730835  88.80793  178.59386  165.6226  ];30.0;436.0;105.0;361.0
KittyUndDieWeltkonferenz-51399.jpeg;M;F;Hannelore_Schroth;[363.99936   21.249546 429.82632  114.40149 ];88.0;204.0;163.0;129.0
KittyUndDieWeltkonferenz-51399.jpeg;M;M;Christian_Gollong;[363.99936   21.249546 429.82632  114.40149 ];30.0;436.0;105.0;361.0
KittyUndDieWeltkonferenz-51553.jpeg;F;F;Hannelore_Schroth;[205.87617  90.48659 337.405   267.79346];116.0;339.0;270.0;184.0
KittyUndDieWeltkonferenz-51654.jpeg;F;F;Hannelore_Schroth;[ 91.75587  77.32053 149.59587 151.44232];87.0;149.0;149.0;87.0
KittyUndDieWeltkonferenz-51654.jpeg;M;F;Hannelore_Schroth;[317.75146   27.038443 380.9688   116.42393 ];87.0;149.0;149.0;87.0
KittyUndDieWeltkonferenz-52954.jpeg;F;F;Hannelore_Schroth;[ 99.08685 100.74407 164.58432 184.10954];105.0;171.0;179.0;96.0
KittyUndDieWeltkonferenz-52954.jpeg;M;F;Hannelore_Schroth;[143.21529   21.636124 225.67027  139.85974 ];105.0;171.0;179.0;96.0
KittyUndDieWeltkonferenz-53186.jpeg;M;M;Fritz_Odemar;[123.798744  71.904495 205.4995   192.21553 ];96.0;195.0;186.0;106.0
KittyUndDieWeltkonferenz-53186.jpeg;M;M;Fritz_Odemar;[287.60602 151.64014 350.57425 231.80717];96.0;195.0;186.0;106.0
KittyUndDieWeltkonferenz-53387.jpeg;F;F;Hannelore_Schroth;[208.27252 135.48024 277.3739  228.33421];155.0;278.0;229.0;204.0
KittyUndDieWeltkonferenz-53637.jpeg;M;F;Hannelore_Schroth;[324.46356 129.27393 393.96808 225.1978 ];136.0;384.0;226.0;295.0
KittyUndDieWeltkonferenz-53637.jpeg;M;F;Hannelore_Schroth;[174.75443   59.881935 228.32344  192.4425  ];136.0;384.0;226.0;295.0
KittyUndDieWeltkonferenz-54022.jpeg;F;M;Fritz_Odemar;[287.06598  98.5698  336.61014 174.05853];108.0;328.0;170.0;266.0
KittyUndDieWeltkonferenz-54022.jpeg;F;M;Fritz_Odemar;[124.362495  49.000732 176.089    132.16612 ];108.0;328.0;170.0;266.0
KittyUndDieWeltkonferenz-55042.jpeg;M;F;Maria_Nicklisch;[158.31091 129.47408 183.375   160.98653];130.0;189.0;166.0;153.0
KittyUndDieWeltkonferenz-55042.jpeg;M;F;Maria_Nicklisch;[327.22653 111.32469 351.43335 143.87599];130.0;189.0;166.0;153.0
KittyUndDieWeltkonferenz-55042.jpeg;F;F;Maria_Nicklisch;[245.08295  109.239174 267.90408  145.3672  ];130.0;189.0;166.0;153.0
KittyUndDieWeltkonferenz-55042.jpeg;M;F;Maria_Nicklisch;[484.12894  93.73282 510.35522 127.46411];130.0;189.0;166.0;153.0
KittyUndDieWeltkonferenz-55292.jpeg;F;F;Maria_Nicklisch;[161.13695  79.38075 200.37285 130.10815];84.0;213.0;127.0;170.0
KittyUndDieWeltkonferenz-55292.jpeg;M;F;Maria_Nicklisch;[468.27603   54.93067  507.61517  105.424446];84.0;213.0;127.0;170.0
KittyUndDieWeltkonferenz-55292.jpeg;F;F;Maria_Nicklisch;[302.8651    41.143353 336.926     95.799614];84.0;213.0;127.0;170.0
KittyUndDieWeltkonferenz-55292.jpeg;F;F;Maria_Nicklisch;[429.8707    61.066154 448.60028   93.77518 ];84.0;213.0;127.0;170.0
KittyUndDieWeltkonferenz-55292.jpeg;M;F;Maria_Nicklisch;[124.41442  68.84899 156.57906 112.2783 ];84.0;213.0;127.0;170.0
KittyUndDieWeltkonferenz-58378.jpeg;F;F;Hannelore_Schroth;[249.79887  99.64629 299.72256 163.62729];101.0;301.0;163.0;239.0
KittyUndDieWeltkonferenz-58378.jpeg;M;F;Hannelore_Schroth;[438.6156    59.910767 490.72504  125.88242 ];101.0;301.0;163.0;239.0
KittyUndDieWeltkonferenz-58959.jpeg;M;F;Maria_Nicklisch;[231.11218  68.85793 344.3334  222.44841];96.0;354.0;225.0;225.0
KittyUndDieWeltkonferenz-59385.jpeg;F;F;Maria_Nicklisch;[350.89047 121.73344 423.71548 215.15472];138.0;419.0;213.0;345.0
KittyUndDieWeltkonferenz-59385.jpeg;M;F;Maria_Nicklisch;[129.64172  41.70471 200.4997  136.40392];138.0;419.0;213.0;345.0
KittyUndDieWeltkonferenz-59385.jpeg;F;F;Maria_Nicklisch;[ 56.177216  76.086975  85.98192  112.943825];138.0;419.0;213.0;345.0
KittyUndDieWeltkonferenz-59549.jpeg;M;M;Christian_Gollong;[203.53204  69.6587  306.6126  215.7516 ];92.0;294.0;199.0;187.0
KittyUndDieWeltkonferenz-60814.jpeg;F;F;Hannelore_Schroth;[128.04326  106.649796 174.38968  164.66626 ];107.0;187.0;159.0;135.0
KittyUndDieWeltkonferenz-60814.jpeg;F;F;Hannelore_Schroth;[278.562    54.89882 321.23505 129.56775];107.0;187.0;159.0;135.0
KittyUndDieWeltkonferenz-60814.jpeg;M;F;Hannelore_Schroth;[336.88663  45.35859 373.74063  92.39729];107.0;187.0;159.0;135.0
KittyUndDieWeltkonferenz-60814.jpeg;M;F;Hannelore_Schroth;[107.965065  22.109364 131.00494   54.466347];107.0;187.0;159.0;135.0
KittyUndDieWeltkonferenz-61682.jpeg;F;F;Maria_Nicklisch;[349.9224  114.89932 423.7402  211.99338];130.0;411.0;204.0;337.0
KittyUndDieWeltkonferenz-61682.jpeg;M;F;Maria_Nicklisch;[104.17479 115.62157 190.0975  240.1406 ];130.0;411.0;204.0;337.0
KittyUndDieWeltkonferenz-61932.jpeg;M;F;Maria_Nicklisch;[203.62561  68.41684 248.42126 136.69583];73.0;266.0;135.0;204.0
KittyUndDieWeltkonferenz-61932.jpeg;M;F;Maria_Nicklisch;[ 97.46772  108.809875 180.59987  216.81325 ];73.0;266.0;135.0;204.0
KittyUndDieWeltkonferenz-61932.jpeg;F;F;Maria_Nicklisch;[322.18146 126.75923 398.1052  221.09863];73.0;266.0;135.0;204.0
KittyUndDieWeltkonferenz-62741.jpeg;M;M;Fritz_Odemar;[228.3844    56.963135 333.31537  205.62112 ];92.0;342.0;199.0;235.0
KittyUndDieWeltkonferenz-62870.jpeg;M;M;Fritz_Odemar;[230.43634   60.863914 334.79312  209.92697 ];92.0;342.0;199.0;235.0
KittyUndDieWeltkonferenz-65470.jpeg;F;F;Maria_Nicklisch;[113.40154 126.39526 191.33592 242.01094];146.0;215.0;236.0;126.0
KittyUndDieWeltkonferenz-65470.jpeg;F;F;Maria_Nicklisch;[266.82755  55.30446 340.15024 194.16374];146.0;215.0;236.0;126.0
KittyUndDieWeltkonferenz-65720.jpeg;F;F;Maria_Nicklisch;[114.75714 118.1256  193.41714 228.59523];136.0;215.0;226.0;126.0
KittyUndDieWeltkonferenz-65720.jpeg;M;F;Maria_Nicklisch;[425.1297   59.14422 481.34137 138.26324];136.0;215.0;226.0;126.0
KittyUndDieWeltkonferenz-65720.jpeg;M;F;Maria_Nicklisch;[239.09006   55.412167 298.4533   184.29662 ];136.0;215.0;226.0;126.0
KittyUndDieWeltkonferenz-66970.jpeg;M;F;Hannelore_Schroth;[ 27.658504 144.01451  113.27306  258.28867 ];156.0;106.0;245.0;16.0
KittyUndDieWeltkonferenz-66970.jpeg;M;M;Fritz_Odemar;[ 27.658504 144.01451  113.27306  258.28867 ];46.0;444.0;136.0;354.0
KittyUndDieWeltkonferenz-66970.jpeg;M;F;Hannelore_Schroth;[363.3518    27.893024 452.7855   153.6249  ];156.0;106.0;245.0;16.0
KittyUndDieWeltkonferenz-66970.jpeg;M;M;Fritz_Odemar;[363.3518    27.893024 452.7855   153.6249  ];46.0;444.0;136.0;354.0
KittyUndDieWeltkonferenz-67247.jpeg;M;M;Fritz_Odemar;[233.82011  94.19931 276.1661  152.99327];53.0;170.0;115.0;107.0
KittyUndDieWeltkonferenz-67247.jpeg;M;M;Fritz_Odemar;[111.89475   51.163918 157.98344  114.32759 ];53.0;170.0;115.0;107.0
KittyUndDieWeltkonferenz-67247.jpeg;F;M;Fritz_Odemar;[162.8147    88.77282  186.78935  124.579056];53.0;170.0;115.0;107.0
KittyUndDieWeltkonferenz-67247.jpeg;F;M;Fritz_Odemar;[203.86717   61.356285 223.28125   96.781944];53.0;170.0;115.0;107.0
KittyUndDieWeltkonferenz-67247.jpeg;F;M;Fritz_Odemar;[164.166    69.06349 178.5843   85.88174];53.0;170.0;115.0;107.0
KittyUndDieWeltkonferenz-67872.jpeg;M;M;Fritz_Odemar;[209.92198  61.40569 307.36075 196.62917];80.0;318.0;187.0;211.0
KittyUndDieWeltkonferenz-68172.jpeg;F;M;Fritz_Odemar;[423.4028  133.04971 467.82187 196.73259];101.0;142.0;163.0;80.0
KittyUndDieWeltkonferenz-68172.jpeg;M;M;Fritz_Odemar;[ 71.52851  94.63522 128.1682  171.80334];101.0;142.0;163.0;80.0
KittyUndDieWeltkonferenz-69011.jpeg;M;F;Hannelore_Schroth;[255.20667  78.43087 348.38437 200.99846];92.0;342.0;199.0;235.0
KittyUndDieWeltkonferenz-69261.jpeg;F;F;Hannelore_Schroth;[211.05565  84.89865 314.73    220.09544];104.0;306.0;211.0;199.0
KittyUndDieWeltkonferenz-69415.jpeg;M;F;Hannelore_Schroth;[229.21507  82.06488 328.78436 214.52576];104.0;330.0;211.0;223.0
KittyUndDieWeltkonferenz-72754.jpeg;M;M;Fritz_Odemar;[334.0296  109.70398 405.49094 212.60667];130.0;395.0;204.0;320.0
KittyUndDieWeltkonferenz-72754.jpeg;M;M;Fritz_Odemar;[123.02746  99.25054 177.7799  199.28546];130.0;395.0;204.0;320.0
KittyUndDieWeltkonferenz-73004.jpeg;M;M;Fritz_Odemar;[324.7077   98.69243 393.55875 207.77693];116.0;384.0;206.0;295.0
KittyUndDieWeltkonferenz-73004.jpeg;F;M;Fritz_Odemar;[129.78555 102.91206 183.20195 199.57184];116.0;384.0;206.0;295.0
KittyUndDieWeltkonferenz-73254.jpeg;M;M;Fritz_Odemar;[320.44678 102.19923 389.9884  204.57489];116.0;384.0;206.0;295.0
KittyUndDieWeltkonferenz-73254.jpeg;F;M;Fritz_Odemar;[193.30772 122.04531 239.50432 215.12535];116.0;384.0;206.0;295.0
KittyUndDieWeltkonferenz-74294.jpeg;F;F;Hannelore_Schroth;[188.90948  87.28601 283.9957  213.18764];92.0;294.0;199.0;187.0
KittyUndDieWeltkonferenz-74443.jpeg;M;M;Fritz_Odemar;[202.41464   56.632935 311.51733  216.83418 ];82.0;311.0;211.0;182.0
KittyUndDieWeltkonferenz-74542.jpeg;F;F;Hannelore_Schroth;[202.36488  87.00405 310.8783  227.3784 ];116.0;318.0;223.0;211.0
KittyUndDieWeltkonferenz-74988.jpeg;F;F;Hannelore_Schroth;[228.19576   70.521736 332.77316  209.12303 ];82.0;354.0;211.0;225.0
KittyUndDieWeltkonferenz-75237.jpeg;M;M;Fritz_Odemar;[199.5578   57.96177 309.03412 221.55292];82.0;311.0;211.0;182.0
KittyUndDieWeltkonferenz-75438.jpeg;F;F;Hannelore_Schroth;[194.14713   71.297745 297.92667  208.84834 ];92.0;306.0;199.0;199.0
KittyUndDieWeltkonferenz-75542.jpeg;M;M;Fritz_Odemar;[193.68848  57.89129 307.81223 219.14502];92.0;294.0;199.0;187.0
KittyUndDieWeltkonferenz-75577.jpeg;F;F;Hannelore_Schroth;[193.51193   59.585484 300.4947   206.50885 ];82.0;311.0;211.0;182.0
KittyUndDieWeltkonferenz-75774.jpeg;F;F;Hannelore_Schroth;[162.26685  68.85498 279.77322 208.74564];104.0;282.0;211.0;175.0
KittyUndDieWeltkonferenz-75920.jpeg;F;F;Hannelore_Schroth;[197.87567   68.953026 308.81653  209.70692 ];92.0;318.0;199.0;211.0
KittyUndDieWeltkonferenz-76001.jpeg;M;M;Fritz_Odemar;[204.6814    63.016697 317.53842  223.84119 ];96.0;325.0;225.0;196.0
KittyUndDieWeltkonferenz-76114.jpeg;F;F;Hannelore_Schroth;[208.6826   77.74815 316.81622 214.94191];104.0;318.0;211.0;211.0
KittyUndDieWeltkonferenz-76195.jpeg;M;M;Fritz_Odemar;[192.69016  66.69852 309.55902 225.49217];96.0;325.0;225.0;196.0
KittyUndDieWeltkonferenz-76279.jpeg;F;F;Hannelore_Schroth;[207.08722  78.46762 314.95325 217.80972];104.0;318.0;211.0;211.0
KittyUndDieWeltkonferenz-76384.jpeg;M;M;Fritz_Odemar;[199.9645   68.74338 312.30673 231.09479];96.0;311.0;225.0;182.0
KittyUndDieWeltkonferenz-76634.jpeg;M;M;Fritz_Odemar;[202.03441   58.544415 311.13635  223.40082 ];82.0;311.0;211.0;182.0
KittyUndDieWeltkonferenz-76736.jpeg;F;F;Hannelore_Schroth;[ 75.41774 136.9353  133.32848 209.85214];142.0;149.0;205.0;87.0
KittyUndDieWeltkonferenz-76736.jpeg;M;F;Hannelore_Schroth;[356.89297   87.170906 411.7095   183.18266 ];142.0;149.0;205.0;87.0
KittyUndDieWeltkonferenz-76986.jpeg;F;F;Hannelore_Schroth;[ 69.337814 135.81215  127.77102  213.327   ];138.0;146.0;213.0;71.0
KittyUndDieWeltkonferenz-76986.jpeg;F;F;Hannelore_Schroth;[296.5031   93.12525 353.15555 192.9247 ];138.0;146.0;213.0;71.0
KittyUndDieWeltkonferenz-77236.jpeg;M;F;Hannelore_Schroth;[299.59567  99.79818 365.13257 201.61534];105.0;179.0;179.0;104.0
KittyUndDieWeltkonferenz-77236.jpeg;F;F;Hannelore_Schroth;[ 94.431984 100.00302  153.74127  185.80551 ];105.0;179.0;179.0;104.0
KittyUndDieWeltkonferenz-77351.jpeg;M;M;Fritz_Odemar;[183.99738  62.47259 326.98672 276.71805];116.0;322.0;270.0;167.0
KittyUndDieWeltkonferenz-77488.jpeg;F;F;Hannelore_Schroth;[195.79642  99.0497  324.6483  265.87726];125.0;339.0;254.0;210.0
KittyUndDieWeltkonferenz-77536.jpeg;M;M;Fritz_Odemar;[190.7416    61.144825 331.99338  271.36676 ];98.0;345.0;284.0;159.0
KittyUndDieWeltkonferenz-77631.jpeg;M;F;Hannelore_Schroth;[185.72002 104.18177 314.1106  267.92236];139.0;325.0;268.0;196.0
KittyUndDieWeltkonferenz-77715.jpeg;M;M;Fritz_Odemar;[348.9806   86.01982 424.78613 198.87117];106.0;414.0;196.0;325.0
KittyUndDieWeltkonferenz-77715.jpeg;M;F;Hannelore_Schroth;[348.9806   86.01982 424.78613 198.87117];156.0;165.0;245.0;76.0
KittyUndDieWeltkonferenz-77715.jpeg;F;M;Fritz_Odemar;[ 73.84518 158.26665 149.67358 243.72758];106.0;414.0;196.0;325.0
KittyUndDieWeltkonferenz-77715.jpeg;F;F;Hannelore_Schroth;[ 73.84518 158.26665 149.67358 243.72758];156.0;165.0;245.0;76.0
KittyUndDieWeltkonferenz-78215.jpeg;M;F;Hannelore_Schroth;[363.57248  70.13679 438.2528  179.96422];155.0;146.0;229.0;71.0
KittyUndDieWeltkonferenz-78215.jpeg;F;F;Hannelore_Schroth;[ 62.1043  138.80486 129.86575 231.0002 ];155.0;146.0;229.0;71.0
KittyUndDieWeltkonferenz-78465.jpeg;M;M;Fritz_Odemar;[361.3832   85.36508 438.36313 195.79861];96.0;424.0;186.0;335.0
KittyUndDieWeltkonferenz-78465.jpeg;M;M;Fritz_Odemar;[109.95276 133.82877 176.69727 228.73842];96.0;424.0;186.0;335.0
KittyUndDieWeltkonferenz-78715.jpeg;M;F;Hannelore_Schroth;[346.7234    89.043564 416.7586   202.66219 ];138.0;187.0;213.0;113.0
KittyUndDieWeltkonferenz-78715.jpeg;M;F;Hannelore_Schroth;[ 99.55812 123.64775 165.30128 220.18857];138.0;187.0;213.0;113.0
KittyUndDieWeltkonferenz-78807.jpeg;F;F;Hannelore_Schroth;[151.56325   58.497784 366.7068   362.0811  ];82.0;409.0;350.0;141.0
KittyUndDieWeltkonferenz-80160.jpeg;M;M;Fritz_Odemar;[194.75806   31.035997 237.09924   83.07923 ];36.0;237.0;79.0;194.0
KittyUndDieWeltkonferenz-80160.jpeg;M;M;Fritz_Odemar;[267.3981    38.765083 307.86206   96.61519 ];36.0;237.0;79.0;194.0
KittyUndDieWeltkonferenz-80160.jpeg;M;M;Fritz_Odemar;[ 10.890401 139.02899   35.450157 172.02571 ];36.0;237.0;79.0;194.0
KittyUndDieWeltkonferenz-80160.jpeg;M;M;Fritz_Odemar;[381.62402   23.999039 417.46118   77.97289 ];36.0;237.0;79.0;194.0
KittyUndDieWeltkonferenz-80160.jpeg;F;M;Fritz_Odemar;[353.68726  73.63973 384.0222  118.25692];36.0;237.0;79.0;194.0
KittyUndDieWeltkonferenz-80160.jpeg;F;M;Fritz_Odemar;[169.75972  12.88707 196.18793  65.10247];36.0;237.0;79.0;194.0
KittyUndDieWeltkonferenz-80547.jpeg;M;F;Hannelore_Schroth;[302.32788   53.641624 389.66156  172.76353 ];96.0;155.0;186.0;66.0
KittyUndDieWeltkonferenz-80547.jpeg;M;M;Fritz_Odemar;[302.32788   53.641624 389.66156  172.76353 ];68.0;390.0;175.0;282.0
KittyUndDieWeltkonferenz-80547.jpeg;F;F;Hannelore_Schroth;[ 76.492195  87.8003   158.84184  198.90733 ];96.0;155.0;186.0;66.0
KittyUndDieWeltkonferenz-80547.jpeg;F;M;Fritz_Odemar;[ 76.492195  87.8003   158.84184  198.90733 ];68.0;390.0;175.0;282.0
KittyUndDieWeltkonferenz-80547.jpeg;F;F;Hannelore_Schroth;[476.43262 112.98228 488.41626 129.6593 ];96.0;155.0;186.0;66.0
KittyUndDieWeltkonferenz-80547.jpeg;F;M;Fritz_Odemar;[476.43262 112.98228 488.41626 129.6593 ];68.0;390.0;175.0;282.0
KittyUndDieWeltkonferenz-80887.jpeg;F;M;Fritz_Odemar;[ 65.84346  109.753136 118.05605  177.33212 ];56.0;384.0;146.0;295.0
KittyUndDieWeltkonferenz-80887.jpeg;F;F;Hannelore_Schroth;[ 65.84346  109.753136 118.05605  177.33212 ];94.0;515.0;156.0;453.0
KittyUndDieWeltkonferenz-80887.jpeg;M;M;Fritz_Odemar;[219.56882  75.37605 275.12607 152.1687 ];56.0;384.0;146.0;295.0
KittyUndDieWeltkonferenz-80887.jpeg;M;F;Hannelore_Schroth;[219.56882  75.37605 275.12607 152.1687 ];94.0;515.0;156.0;453.0
KittyUndDieWeltkonferenz-80887.jpeg;F;M;Fritz_Odemar;[467.2924   87.2481  520.6517  164.43155];56.0;384.0;146.0;295.0
KittyUndDieWeltkonferenz-80887.jpeg;F;F;Hannelore_Schroth;[467.2924   87.2481  520.6517  164.43155];94.0;515.0;156.0;453.0
KittyUndDieWeltkonferenz-80887.jpeg;F;M;Fritz_Odemar;[320.319     51.128437 387.79492  145.22366 ];56.0;384.0;146.0;295.0
KittyUndDieWeltkonferenz-80887.jpeg;F;F;Hannelore_Schroth;[320.319     51.128437 387.79492  145.22366 ];94.0;515.0;156.0;453.0
KittyUndDieWeltkonferenz-80887.jpeg;M;M;Fritz_Odemar;[-23.126926  28.714472  46.65976  128.47197 ];56.0;384.0;146.0;295.0
KittyUndDieWeltkonferenz-80887.jpeg;M;F;Hannelore_Schroth;[-23.126926  28.714472  46.65976  128.47197 ];94.0;515.0;156.0;453.0
KittyUndDieWeltkonferenz-81637.jpeg;M;M;Fritz_Odemar;[207.97366   38.410976 249.20065   92.45568 ];46.0;247.0;89.0;204.0
KittyUndDieWeltkonferenz-81637.jpeg;F;M;Fritz_Odemar;[361.33514   40.685616 395.21912   91.51845 ];46.0;247.0;89.0;204.0
KittyUndDieWeltkonferenz-81637.jpeg;M;M;Fritz_Odemar;[402.68292  50.51576 440.30963 106.24764];46.0;247.0;89.0;204.0
KittyUndDieWeltkonferenz-81637.jpeg;F;M;Fritz_Odemar;[514.2937    20.897696 544.0397    68.16581 ];46.0;247.0;89.0;204.0
KittyUndDieWeltkonferenz-81637.jpeg;F;M;Fritz_Odemar;[111.77978  89.72486 136.83287 123.55094];46.0;247.0;89.0;204.0
KittyUndDieWeltkonferenz-81637.jpeg;M;M;Fritz_Odemar;[-4.1978307 -1.3049626 32.229298  58.042023 ];46.0;247.0;89.0;204.0
KittyUndDieWeltkonferenz-83024.jpeg;F;F;Hannelore_Schroth;[180.55504  95.64867 211.25462 144.42778];98.0;228.0;142.0;184.0
KittyUndDieWeltkonferenz-83024.jpeg;M;F;Hannelore_Schroth;[316.915     40.760677 346.9817    89.726685];98.0;228.0;142.0;184.0
KittyUndDieWeltkonferenz-83887.jpeg;F;F;Hannelore_Schroth;[153.56677   56.655224 217.7594   133.2756  ];66.0;218.0;129.0;156.0
KittyUndDieWeltkonferenz-83887.jpeg;F;F;Hannelore_Schroth;[270.13055   53.277336 326.8361   131.12585 ];66.0;218.0;129.0;156.0
KittyUndDieWeltkonferenz-83887.jpeg;M;F;Hannelore_Schroth;[ 10.924925 194.76906   48.93319  250.13196 ];66.0;218.0;129.0;156.0
KittyUndDieWeltkonferenz-83887.jpeg;M;F;Hannelore_Schroth;[515.8668  224.73137 554.66724 281.8704 ];66.0;218.0;129.0;156.0
KittyUndDieWeltkonferenz-84309.jpeg;F;F;Maria_Nicklisch;[161.10979   80.990486 205.34512  138.68843 ];84.0;216.0;136.0;164.0
KittyUndDieWeltkonferenz-84309.jpeg;M;F;Maria_Nicklisch;[245.12949   38.766186 289.49606  106.981064];84.0;216.0;136.0;164.0
KittyUndDieWeltkonferenz-84309.jpeg;M;F;Maria_Nicklisch;[393.0747  138.79947 409.12613 165.4491 ];84.0;216.0;136.0;164.0
KittyUndDieWeltkonferenz-84678.jpeg;M;F;Hannelore_Schroth;[241.70181   70.226616 285.8473   124.306496];72.0;285.0;124.0;233.0
KittyUndDieWeltkonferenz-85741.jpeg;F;F;Maria_Nicklisch;[302.57947 118.46075 372.73764 210.47324];116.0;364.0;206.0;275.0
KittyUndDieWeltkonferenz-85741.jpeg;M;F;Maria_Nicklisch;[158.6764    63.106064 232.0469   191.53377 ];116.0;364.0;206.0;275.0
KittyUndDieWeltkonferenz-85991.jpeg;F;F;Maria_Nicklisch;[302.72485 130.86046 382.77948 225.03188];146.0;378.0;221.0;303.0
KittyUndDieWeltkonferenz-85991.jpeg;M;F;Maria_Nicklisch;[ 95.811165  30.58273  189.21555  168.50159 ];146.0;378.0;221.0;303.0
KittyUndDieWeltkonferenz-86202.jpeg;M;F;Ali_Ghito;[447.40515  72.07973 507.6289  157.41608];86.0;325.0;176.0;235.0
KittyUndDieWeltkonferenz-86202.jpeg;F;F;Ali_Ghito;[233.08405  66.35474 325.3511  183.76097];86.0;325.0;176.0;235.0
KittyUndDieWeltkonferenz-86452.jpeg;F;F;Ali_Ghito;[290.9352    62.828728 330.05927  115.39392 ];70.0;328.0;113.0;285.0
KittyUndDieWeltkonferenz-86452.jpeg;F;F;Ali_Ghito;[429.44986  49.83029 465.53006 109.01581];70.0;328.0;113.0;285.0
KittyUndDieWeltkonferenz-86452.jpeg;M;F;Ali_Ghito;[132.06212   30.795885 171.65804   92.01356 ];70.0;328.0;113.0;285.0
KittyUndDieWeltkonferenz-86452.jpeg;M;F;Ali_Ghito;[398.26093   71.27715  429.0301   112.997635];70.0;328.0;113.0;285.0
KittyUndDieWeltkonferenz-88551.jpeg;M;M;Fritz_Odemar;[444.3624    61.549187 492.7818   130.24805 ];73.0;494.0;135.0;432.0
KittyUndDieWeltkonferenz-88551.jpeg;M;M;Fritz_Odemar;[185.08531  46.72176 226.71718 105.89226];73.0;494.0;135.0;432.0
KittyUndDieWeltkonferenz-88551.jpeg;M;M;Fritz_Odemar;[275.1932    57.135475 321.76096  123.73636 ];73.0;494.0;135.0;432.0
KittyUndDieWeltkonferenz-88551.jpeg;F;M;Fritz_Odemar;[169.5845   98.23209 210.61034 155.48558];73.0;494.0;135.0;432.0
KittyUndDieWeltkonferenz-88551.jpeg;F;M;Fritz_Odemar;[322.84793  70.04161 357.2097  124.0343 ];73.0;494.0;135.0;432.0
KittyUndDieWeltkonferenz-88551.jpeg;M;M;Fritz_Odemar;[148.9686    32.390408 184.6316   104.032196];73.0;494.0;135.0;432.0
KittyUndDieWeltkonferenz-90575.jpeg;M;M;Christian_Gollong;[176.23524  88.70895 329.3578  298.22583];98.0;324.0;284.0;139.0
KittyUndDieWeltkonferenz-91324.jpeg;M;M;Fritz_Odemar;[179.11726   52.279163 236.70734  132.80829 ];55.0;254.0;130.0;179.0
KittyUndDieWeltkonferenz-91364.jpeg;M;F;Hannelore_Schroth;[255.891    46.71344 318.4688  133.36302];55.0;328.0;130.0;254.0
KittyUndDieWeltkonferenz-91482.jpeg;M;M;Fritz_Odemar;[242.1992    48.588604 313.1218   153.49072 ];56.0;315.0;146.0;225.0
KittyUndDieWeltkonferenz-91546.jpeg;M;F;Hannelore_Schroth;[236.62355  51.79238 288.95557 120.73312];59.0;294.0;122.0;232.0
KittyUndDieWeltkonferenz-91630.jpeg;M;M;Fritz_Odemar;[243.4436    35.791798 314.22214  137.45952 ];55.0;303.0;130.0;229.0
KittyUndDieWeltkonferenz-91677.jpeg;M;F;Hannelore_Schroth;[210.22221  64.5784  276.68466 153.27313];80.0;287.0;155.0;212.0
KittyUndDieWeltkonferenz-91927.jpeg;M;M;Fritz_Odemar;[ 69.31341   30.247627 113.62515   87.49602 ];32.0;124.0;84.0;72.0
KittyUndDieWeltkonferenz-91927.jpeg;M;F;Maria_Nicklisch;[ 69.31341   30.247627 113.62515   87.49602 ];102.0;181.0;138.0;145.0
KittyUndDieWeltkonferenz-91927.jpeg;M;M;Fritz_Odemar;[143.14877  98.17562 177.4773  139.78615];32.0;124.0;84.0;72.0
KittyUndDieWeltkonferenz-91927.jpeg;M;F;Maria_Nicklisch;[143.14877  98.17562 177.4773  139.78615];102.0;181.0;138.0;145.0
KittyUndDieWeltkonferenz-91927.jpeg;M;M;Fritz_Odemar;[327.7977  218.7896  342.4263  236.41995];32.0;124.0;84.0;72.0
KittyUndDieWeltkonferenz-91927.jpeg;M;F;Maria_Nicklisch;[327.7977  218.7896  342.4263  236.41995];102.0;181.0;138.0;145.0
KittyUndDieWeltkonferenz-92911.jpeg;M;M;Fritz_Odemar;[233.90428  85.89019 333.00256 230.52884];116.0;330.0;223.0;223.0
KittyUndDieWeltkonferenz-92911.jpeg;F;M;Fritz_Odemar;[ 33.339027 172.10577  129.2668   362.78174 ];116.0;330.0;223.0;223.0
KittyUndDieWeltkonferenz-93373.jpeg;M;M;Fritz_Odemar;[323.84363  54.93591 396.98138 156.24722];66.0;394.0;156.0;305.0
KittyUndDieWeltkonferenz-93373.jpeg;M;M;Fritz_Odemar;[133.72183 117.00878 201.4229  213.6494 ];66.0;394.0;156.0;305.0
KittyUndDieWeltkonferenz-93623.jpeg;M;M;Fritz_Odemar;[327.91138   45.377636 392.81403  143.18163 ];63.0;378.0;138.0;303.0
KittyUndDieWeltkonferenz-93623.jpeg;M;M;Fritz_Odemar;[119.290405 113.990944 188.99306  215.7647  ];63.0;378.0;138.0;303.0
KittyUndDieWeltkonferenz-93873.jpeg;M;M;Fritz_Odemar;[202.93306  33.76331 250.87753 104.61739];191.0;405.0;253.0;342.0
KittyUndDieWeltkonferenz-93873.jpeg;M;M;Fritz_Odemar;[359.91754 176.77596 412.8265  254.97224];191.0;405.0;253.0;342.0
KittyUndDieWeltkonferenz-93873.jpeg;M;M;Fritz_Odemar;[214.89476 225.08073 270.98212 290.17526];191.0;405.0;253.0;342.0
KittyUndDieWeltkonferenz-93873.jpeg;F;M;Fritz_Odemar;[273.64728    -6.5055804 293.31192    19.746988 ];191.0;405.0;253.0;342.0
KittyUndDieWeltkonferenz-94753.jpeg;M;M;Fritz_Odemar;[352.13693  104.496864 401.14624  166.17369 ];80.0;190.0;142.0;128.0
KittyUndDieWeltkonferenz-94753.jpeg;M;M;Fritz_Odemar;[123.03162  69.3442  177.96695 148.96426];80.0;190.0;142.0;128.0
KittyUndDieWeltkonferenz-95456.jpeg;M;M;Fritz_Odemar;[243.14108   44.941986 314.01797  146.01135 ];56.0;335.0;146.0;245.0
KittyUndDieWeltkonferenz-95508.jpeg;M;F;Hannelore_Schroth;[283.8055    61.984802 344.10263  136.63065 ];73.0;335.0;135.0;273.0
KittyUndDieWeltkonferenz-96387.jpeg;F;M;Fritz_Odemar;[359.66647  67.33068 413.41086 127.75039];66.0;405.0;129.0;342.0
KittyUndDieWeltkonferenz-96387.jpeg;F;M;Fritz_Odemar;[310.89664   40.186646 354.76996   96.76433 ];66.0;405.0;129.0;342.0
KittyUndDieWeltkonferenz-96614.jpeg;M;M;Fritz_Odemar;[156.78119   74.308784 192.80328  121.66965 ];41.0;275.0;84.0;232.0
KittyUndDieWeltkonferenz-96614.jpeg;M;M;Fritz_Odemar;[233.75307   37.683666 269.15176   85.71997 ];41.0;275.0;84.0;232.0
KittyUndDieWeltkonferenz-97613.jpeg;M;M;Fritz_Odemar;[192.21208 142.01254 247.62299 207.25742];63.0;419.0;138.0;345.0
KittyUndDieWeltkonferenz-97613.jpeg;M;M;Fritz_Odemar;[370.13892   63.839973 421.84363  137.89874 ];63.0;419.0;138.0;345.0
KittyUndDieWeltkonferenz-98400.jpeg;F;M;Fritz_Odemar;[ 48.117542  98.849594 101.15519  167.23293 ];108.0;114.0;170.0;52.0
KittyUndDieWeltkonferenz-98400.jpeg;M;M;Fritz_Odemar;[208.77278  83.90347 246.56631 137.11377];108.0;114.0;170.0;52.0
KittyUndDieWeltkonferenz-98400.jpeg;M;M;Fritz_Odemar;[471.3846   76.42391 514.047   135.57143];108.0;114.0;170.0;52.0
KittyUndDieWeltkonferenz-98400.jpeg;F;M;Fritz_Odemar;[356.59995  104.349464 387.4542   148.19272 ];108.0;114.0;170.0;52.0
KittyUndDieWeltkonferenz-98561.jpeg;F;M;Fritz_Odemar;[171.5302  161.41008 234.46619 230.5183 ];121.0;403.0;196.0;328.0
KittyUndDieWeltkonferenz-98561.jpeg;M;M;Fritz_Odemar;[325.66486 103.84957 396.07346 200.81274];121.0;403.0;196.0;328.0
KittyUndDieWeltkonferenz-98811.jpeg;M;M;Fritz_Odemar;[334.46097 105.11024 402.60678 201.95798];121.0;403.0;196.0;328.0
KittyUndDieWeltkonferenz-98811.jpeg;M;M;Fritz_Odemar;[151.5449  180.18896 213.5334  253.55103];121.0;403.0;196.0;328.0
KittyUndDieWeltkonferenz-99100.jpeg;M;M;Fritz_Odemar;[118.71379 160.87276 183.19516 230.12337];106.0;434.0;196.0;344.0
KittyUndDieWeltkonferenz-99100.jpeg;M;M;Fritz_Odemar;[361.82388  98.37185 431.14536 197.25117];106.0;434.0;196.0;344.0
KittyUndDieWeltkonferenz-99231.jpeg;M;F;Hannelore_Schroth;[324.28754   87.923706 409.29617  207.56657 ];113.0;179.0;188.0;104.0
KittyUndDieWeltkonferenz-99231.jpeg;F;F;Hannelore_Schroth;[113.058174  97.89827  178.90593  183.08105 ];113.0;179.0;188.0;104.0
KittyUndDieWeltkonferenz-99323.jpeg;M;M;Fritz_Odemar;[361.37695   96.937325 431.06042  194.08026 ];96.0;434.0;186.0;344.0
KittyUndDieWeltkonferenz-99323.jpeg;M;M;Fritz_Odemar;[ 99.42778 169.17377 146.59615 234.08784];96.0;434.0;186.0;344.0
KittyUndDieWeltkonferenz-99603.jpeg;F;F;Hannelore_Schroth;[ 87.24644 140.7238  148.71655 214.96446];138.0;162.0;213.0;88.0
KittyUndDieWeltkonferenz-99603.jpeg;F;M;Fritz_Odemar;[ 87.24644 140.7238  148.71655 214.96446];130.0;436.0;204.0;361.0
KittyUndDieWeltkonferenz-99603.jpeg;M;F;Hannelore_Schroth;[362.5972   110.368324 430.6528   206.67598 ];138.0;162.0;213.0;88.0
KittyUndDieWeltkonferenz-99603.jpeg;M;M;Fritz_Odemar;[362.5972   110.368324 430.6528   206.67598 ];130.0;436.0;204.0;361.0
KittyUndDieWeltkonferenz-99854.jpeg;F;M;Fritz_Odemar;[150.44267   88.915504 203.7541   166.62354 ];39.0;446.0;101.0;384.0
KittyUndDieWeltkonferenz-99854.jpeg;M;M;Fritz_Odemar;[378.14404  24.95674 442.3331  111.28938];39.0;446.0;101.0;384.0
KriminalkommissarEyckPaulKlingerHerbertHbneria-104800.jpeg;M;M;Paul_Klinger;[199.01392  54.43164 358.2863  284.72614];116.0;356.0;270.0;201.0
KriminalkommissarEyckPaulKlingerHerbertHbneria-105162.jpeg;M;M;Paul_Klinger;[166.02853   56.206757 380.466    379.0078  ];142.0;390.0;365.0;167.0
KriminalkommissarEyckPaulKlingerHerbertHbneria-111840.jpeg;M;M;Fritz_Odemar;[267.90088   52.834427 368.7916   198.17696 ];67.0;368.0;196.0;239.0
KriminalkommissarEyckPaulKlingerHerbertHbneria-116960.jpeg;M;M;Fritz_Odemar;[144.4925    49.412254 236.266    172.8541  ];56.0;259.0;163.0;151.0
KriminalkommissarEyckPaulKlingerHerbertHbneria-116960.jpeg;M;M;Walter_Lieck;[144.4925    49.412254 236.266    172.8541  ];68.0;414.0;175.0;306.0
KriminalkommissarEyckPaulKlingerHerbertHbneria-116960.jpeg;M;M;Fritz_Odemar;[328.74857   44.805138 431.8879   182.42969 ];56.0;259.0;163.0;151.0
KriminalkommissarEyckPaulKlingerHerbertHbneria-116960.jpeg;M;M;Walter_Lieck;[328.74857   44.805138 431.8879   182.42969 ];68.0;414.0;175.0;306.0
KriminalkommissarEyckPaulKlingerHerbertHbneria-118507.jpeg;F;M;Willi_Kaiser_Heyl;[343.85672  87.06967 386.9477  148.25719];95.0;383.0;147.0;331.0
KriminalkommissarEyckPaulKlingerHerbertHbneria-121741.jpeg;M;M;Erich_Dunskus;[ 24.040897 158.79535   83.04234  238.57701 ];113.0;423.0;164.0;371.0
KriminalkommissarEyckPaulKlingerHerbertHbneria-121741.jpeg;F;M;Erich_Dunskus;[367.7367  104.99373 412.92957 166.88934];113.0;423.0;164.0;371.0
KriminalkommissarEyckPaulKlingerHerbertHbneria-121741.jpeg;F;M;Erich_Dunskus;[207.47156 166.12552 258.24805 223.24228];113.0;423.0;164.0;371.0
KriminalkommissarEyckPaulKlingerHerbertHbneria-121741.jpeg;M;M;Erich_Dunskus;[274.47577 109.969   310.50366 157.06927];113.0;423.0;164.0;371.0
KriminalkommissarEyckPaulKlingerHerbertHbneria-121741.jpeg;M;M;Erich_Dunskus;[124.22322 258.43036 187.89783 338.24704];113.0;423.0;164.0;371.0
KriminalkommissarEyckPaulKlingerHerbertHbneria-121741.jpeg;M;M;Erich_Dunskus;[ 80.87169  34.33099 126.62577  82.3925 ];113.0;423.0;164.0;371.0
KriminalkommissarEyckPaulKlingerHerbertHbneria-121741.jpeg;F;M;Erich_Dunskus;[505.785   112.43909 541.3515  156.07349];113.0;423.0;164.0;371.0
KriminalkommissarEyckPaulKlingerHerbertHbneria-122560.jpeg;M;M;Hans_Halden;[411.87234  70.99065 477.6911  171.54312];88.0;469.0;163.0;395.0
KriminalkommissarEyckPaulKlingerHerbertHbneria-122560.jpeg;M;M;Hans_Halden;[166.09335   61.632053 223.43607  143.94386 ];88.0;469.0;163.0;395.0
KriminalkommissarEyckPaulKlingerHerbertHbneria-122560.jpeg;M;M;Hans_Halden;[  2.7069016 270.25595    42.168583  335.6775   ];88.0;469.0;163.0;395.0
KriminalkommissarEyckPaulKlingerHerbertHbneria-126240.jpeg;F;F;Antonie_Jaeckel;[443.2235  152.13937 494.66574 225.69333];156.0;487.0;218.0;425.0
KriminalkommissarEyckPaulKlingerHerbertHbneria-126240.jpeg;M;F;Antonie_Jaeckel;[145.73112   93.442276 201.89102  177.81107 ];156.0;487.0;218.0;425.0
KriminalkommissarEyckPaulKlingerHerbertHbneria-136160.jpeg;M;M;Fritz_Odemar;[295.13336  71.51749 431.347   266.13998];98.0;425.0;253.0;270.0
KriminalkommissarEyckPaulKlingerHerbertHbneria-137760.jpeg;M;M;Paul_Klinger;[432.508    93.4623  517.8586  215.36577];126.0;514.0;216.0;424.0
KriminalkommissarEyckPaulKlingerHerbertHbneria-137760.jpeg;F;M;Paul_Klinger;[224.27971 109.5899  286.23474 224.90448];126.0;514.0;216.0;424.0
KriminalkommissarEyckPaulKlingerHerbertHbneria-138400.jpeg;M;M;Fritz_Odemar;[435.98395  98.0271  507.26602 201.20302];106.0;504.0;196.0;414.0
KriminalkommissarEyckPaulKlingerHerbertHbneria-138400.jpeg;F;M;Fritz_Odemar;[129.58322  63.27176 190.34708 178.37526];106.0;504.0;196.0;414.0
KriminalkommissarEyckPaulKlingerHerbertHbneria-29585.jpeg;M;F;Anneliese_Uhlig;[228.18958  99.57308 390.24194 321.807  ];139.0;386.0;325.0;201.0
KriminalkommissarEyckPaulKlingerHerbertHbneria-30400.jpeg;M;M;Paul_Klinger;[194.62143   53.332718 399.39545  367.9075  ];142.0;414.0;365.0;191.0
KriminalkommissarEyckPaulKlingerHerbertHbneria-37440.jpeg;M;F;Ruth_Hellberg;[424.52133   81.954285 485.32333  158.30234 ];96.0;494.0;171.0;419.0
KriminalkommissarEyckPaulKlingerHerbertHbneria-37440.jpeg;M;F;Ruth_Hellberg;[240.70108  77.05207 337.02866 213.21672];96.0;494.0;171.0;419.0
KriminalkommissarEyckPaulKlingerHerbertHbneria-37440.jpeg;F;F;Ruth_Hellberg;[129.0339    86.331924 181.8945   157.60637 ];96.0;494.0;171.0;419.0
KriminalkommissarEyckPaulKlingerHerbertHbneria-37440.jpeg;F;F;Ruth_Hellberg;[497.03043  45.49384 542.64594  99.48927];96.0;494.0;171.0;419.0
KriminalkommissarEyckPaulKlingerHerbertHbneria-40960.jpeg;F;F;Inge_List;[172.30833  88.09122 237.41338 182.17384];96.0;265.0;186.0;175.0
KriminalkommissarEyckPaulKlingerHerbertHbneria-40960.jpeg;M;F;Inge_List;[335.59686 258.66315 384.43152 325.87512];96.0;265.0;186.0;175.0
KriminalkommissarEyckPaulKlingerHerbertHbneria-40960.jpeg;M;F;Inge_List;[338.20648   42.238995 402.45374  163.3657  ];96.0;265.0;186.0;175.0
KriminalkommissarEyckPaulKlingerHerbertHbneria-42880.jpeg;F;M;Fritz_Odemar;[452.64316 283.839   506.27307 348.80505];281.0;349.0;343.0;287.0
KriminalkommissarEyckPaulKlingerHerbertHbneria-42880.jpeg;M;M;Fritz_Odemar;[297.61078 274.05795 352.13943 344.96103];281.0;349.0;343.0;287.0
KriminalkommissarEyckPaulKlingerHerbertHbneria-42880.jpeg;M;M;Fritz_Odemar;[217.70297   43.895775 289.56012  170.07323 ];281.0;349.0;343.0;287.0
KriminalkommissarEyckPaulKlingerHerbertHbneria-45072.jpeg;M;M;Fritz_Odemar;[224.68846   59.493973 398.33978  325.4925  ];118.0;428.0;304.0;242.0
KriminalkommissarEyckPaulKlingerHerbertHbneria-45120.jpeg;M;M;Paul_Klinger;[209.6477   63.63536 387.4518  334.7439 ];139.0;407.0;325.0;221.0
KriminalkommissarEyckPaulKlingerHerbertHbneria-45294.jpeg;M;M;Paul_Klinger;[225.42519  51.44203 403.47018 314.70337];118.0;428.0;304.0;242.0
KriminalkommissarEyckPaulKlingerHerbertHbneria-46720.jpeg;F;F;Hansi_Knoteck;[331.83243 216.48553 397.9068  320.1534 ];226.0;394.0;315.0;305.0
KriminalkommissarEyckPaulKlingerHerbertHbneria-46720.jpeg;M;F;Hansi_Knoteck;[192.34677   46.695263 264.9675   154.56573 ];226.0;394.0;315.0;305.0
KriminalkommissarEyckPaulKlingerHerbertHbneria-51360.jpeg;M;M;Hans_Unterkircher;[401.56183 133.9054  467.9037  230.16891];146.0;461.0;221.0;386.0
KriminalkommissarEyckPaulKlingerHerbertHbneria-51360.jpeg;F;M;Hans_Unterkircher;[181.51212 181.20737 223.00558 277.9898 ];146.0;461.0;221.0;386.0
KriminalkommissarEyckPaulKlingerHerbertHbneria-54720.jpeg;M;M;Karl_Martell;[217.0701   82.53667 319.2798  221.13376];96.0;354.0;225.0;225.0
KriminalkommissarEyckPaulKlingerHerbertHbneria-54880.jpeg;M;M;Herbert_Wilk;[203.6867   84.65263 305.885   223.05444];116.0;318.0;223.0;211.0
KriminalkommissarEyckPaulKlingerHerbertHbneria-54880.jpeg;M;M;Herbert_Wilk;[436.0028    40.126045 498.68665  186.88693 ];116.0;318.0;223.0;211.0
KriminalkommissarEyckPaulKlingerHerbertHbneria-55040.jpeg;M;M;Herbert_Wilk;[191.76474  118.930405 297.73822  262.31686 ];152.0;306.0;259.0;199.0
KriminalkommissarEyckPaulKlingerHerbertHbneria-55040.jpeg;M;M;Herbert_Wilk;[435.97665  31.32296 558.7239  220.09814];152.0;306.0;259.0;199.0
KriminalkommissarEyckPaulKlingerHerbertHbneria-60160.jpeg;M;M;Karl_Martell;[404.10635  98.60068 495.61914 232.00679];104.0;270.0;211.0;163.0
KriminalkommissarEyckPaulKlingerHerbertHbneria-60160.jpeg;F;M;Karl_Martell;[147.23764   85.524124 235.37099  208.83752 ];104.0;270.0;211.0;163.0
KriminalkommissarEyckPaulKlingerHerbertHbneria-81600.jpeg;F;F;Anneliese_Uhlig;[227.6789  116.29087 360.06323 300.2998 ];153.0;368.0;282.0;239.0
KriminalkommissarEyckPaulKlingerHerbertHbneria-85343.jpeg;M;M;Hans_Unterkircher;[260.6241    51.635098 349.04575  181.93558 ];68.0;342.0;175.0;235.0
KriminalkommissarEyckPaulKlingerHerbertHbneria-86720.jpeg;M;M;Fritz_Odemar;[ 96.07879  93.04592 212.43965 256.14032];110.0;210.0;239.0;81.0
KriminalkommissarEyckPaulKlingerHerbertHbneria-86720.jpeg;M;M;Fritz_Odemar;[347.6023   61.3433  452.69223 220.4873 ];110.0;210.0;239.0;81.0
KriminalkommissarEyckPaulKlingerHerbertHbneria-87040.jpeg;M;M;Fritz_Odemar;[148.09012 106.29841 263.0874  272.03232];139.0;282.0;268.0;153.0
KriminalkommissarEyckPaulKlingerHerbertHbneria-87040.jpeg;M;M;Fritz_Odemar;[359.67175  68.42101 468.97632 228.81332];139.0;282.0;268.0;153.0
KriminalkommissarEyckPaulKlingerHerbertHbneria-87360.jpeg;M;M;Fritz_Odemar;[363.7195   67.96058 473.59805 226.69888];125.0;253.0;254.0;124.0
KriminalkommissarEyckPaulKlingerHerbertHbneria-87360.jpeg;M;M;Fritz_Odemar;[144.79279 103.07105 261.57053 268.15063];125.0;253.0;254.0;124.0
KriminalkommissarEyckPaulKlingerHerbertHbneria-87680.jpeg;M;M;Herbert_Wilk;[276.7927   70.01925 409.47708 251.29492];98.0;408.0;253.0;253.0
KriminalkommissarEyckPaulKlingerHerbertHbneria-94176.jpeg;F;F;Anneliese_Uhlig;[211.01416 132.89507 293.23865 248.89597];156.0;305.0;245.0;215.0
KriminalkommissarEyckPaulKlingerHerbertHbneria-96320.jpeg;M;M;Walther_Jung;[410.03525  41.7446  458.3872  111.90444];46.0;453.0;108.0;391.0
KriminalkommissarEyckPaulKlingerHerbertHbneria-96320.jpeg;F;M;Walther_Jung;[167.80107 251.08395 217.6392  322.59445];46.0;453.0;108.0;391.0
KriminalkommissarEyckPaulKlingerHerbertHbneria-99040.jpeg;M;M;Fritz_Odemar;[380.79678   51.952423 491.67007  213.62076 ];82.0;483.0;211.0;354.0
KriminalkommissarEyckPaulKlingerHerbertHbneria-99040.jpeg;M;M;Fritz_Odemar;[113.55879   36.696968 206.81108  202.81445 ];82.0;483.0;211.0;354.0
LachendeErben-101471.jpeg;M;F;Lien_Deyers;[583.73883  100.561584 675.5823   218.28741 ];116.0;464.0;206.0;374.0
LachendeErben-101471.jpeg;F;F;Lien_Deyers;[364.37134  98.03078 436.75848 205.8333 ];116.0;464.0;206.0;374.0
LachendeErben-101544.jpeg;M;F;Lien_Deyers;[516.70514  113.504105 615.3788   230.45883 ];116.0;464.0;206.0;374.0
LachendeErben-101544.jpeg;F;F;Lien_Deyers;[368.54755  100.992744 440.378    210.50983 ];116.0;464.0;206.0;374.0
LachendeErben-102055.jpeg;M;F;Lien_Deyers;[545.6916   73.80011 627.964   197.44266];106.0;454.0;196.0;364.0
LachendeErben-102055.jpeg;F;F;Lien_Deyers;[351.56006  93.35452 424.04996 200.7798 ];106.0;454.0;196.0;364.0
LachendeErben-102201.jpeg;M;F;Lien_Deyers;[535.10675  84.66923 626.5714  204.74562];121.0;453.0;196.0;378.0
LachendeErben-102201.jpeg;F;F;Lien_Deyers;[365.0107   95.10006 434.04684 203.9942 ];121.0;453.0;196.0;378.0
LachendeErben-102347.jpeg;F;F;Lien_Deyers;[368.9789   96.42925 442.73672 206.97327];106.0;464.0;196.0;374.0
LachendeErben-102347.jpeg;M;F;Lien_Deyers;[557.1878   79.40857 636.10645 203.88766];106.0;464.0;196.0;374.0
LachendeErben-102712.jpeg;M;F;Lien_Deyers;[359.42917 140.98196 438.84088 235.76295];163.0;444.0;237.0;370.0
LachendeErben-102712.jpeg;M;F;Lien_Deyers;[550.42163  96.20823 628.30865 218.49362];163.0;444.0;237.0;370.0
LachendeErben-102785.jpeg;M;F;Lien_Deyers;[530.88214  93.9671  619.6856  221.78279];116.0;484.0;206.0;394.0
LachendeErben-102785.jpeg;F;F;Lien_Deyers;[386.2025  103.86445 451.47375 209.66318];116.0;484.0;206.0;394.0
LachendeErben-103150.jpeg;F;F;Lien_Deyers;[375.65964 107.45898 449.2532  214.2899 ];126.0;474.0;216.0;384.0
LachendeErben-10513.jpeg;M;M;Walter_Janssen;[548.69214 145.84665 688.208   307.32245];168.0;683.0;297.0;554.0
LachendeErben-10513.jpeg;M;M;Walter_Janssen;[333.23108 176.65887 458.92804 325.01535];168.0;683.0;297.0;554.0
LachendeErben-105486.jpeg;M;F;Lien_Deyers;[350.52304   77.700905 424.27655  167.77692 ];88.0;428.0;163.0;353.0
LachendeErben-105486.jpeg;M;F;Lien_Deyers;[736.91187  80.1062  801.8752  174.29369];88.0;428.0;163.0;353.0
LachendeErben-105486.jpeg;M;F;Lien_Deyers;[549.9235   95.65734 607.4275  173.74222];88.0;428.0;163.0;353.0
LachendeErben-106946.jpeg;M;F;Lien_Deyers;[551.0468  165.44104 596.05786 228.08618];285.0;780.0;337.0;728.0
LachendeErben-106946.jpeg;F;F;Lien_Deyers;[743.67334 285.6833  782.45966 342.11804];285.0;780.0;337.0;728.0
LachendeErben-106946.jpeg;M;F;Lien_Deyers;[378.11652 123.40406 437.08878 193.74266];285.0;780.0;337.0;728.0
LachendeErben-107165.jpeg;M;F;Lien_Deyers;[556.10315 162.90477 606.8728  221.5904 ];291.0;780.0;343.0;728.0
LachendeErben-107165.jpeg;F;F;Lien_Deyers;[743.4182  287.89822 783.6917  342.3664 ];291.0;780.0;343.0;728.0
LachendeErben-107165.jpeg;F;F;Lien_Deyers;[368.2987   116.774124 424.86224  184.77733 ];291.0;780.0;343.0;728.0
LachendeErben-10732.jpeg;M;M;Walter_Janssen;[539.0402  142.89438 680.0141  307.6436 ];168.0;669.0;297.0;540.0
LachendeErben-10732.jpeg;F;M;Walter_Janssen;[327.89487 179.31265 445.7658  350.9518 ];168.0;669.0;297.0;540.0
LachendeErben-107530.jpeg;M;F;Lien_Deyers;[796.20294 345.344   902.98376 484.05582];378.0;892.0;486.0;784.0
LachendeErben-107530.jpeg;M;F;Lien_Deyers;[394.3449  143.73544 513.98944 266.92133];378.0;892.0;486.0;784.0
LachendeErben-107530.jpeg;M;F;Lien_Deyers;[ 81.43509 198.50581 251.82501 447.41513];378.0;892.0;486.0;784.0
LachendeErben-107676.jpeg;F;F;Lien_Deyers;[769.44806 353.90448 879.59155 498.07993];368.0;870.0;497.0;741.0
LachendeErben-107676.jpeg;M;F;Lien_Deyers;[401.0288  103.97861 518.45667 252.86751];368.0;870.0;497.0;741.0
LachendeErben-107676.jpeg;M;F;Lien_Deyers;[ 88.36163 225.66133 257.9184  449.9421 ];368.0;870.0;497.0;741.0
LachendeErben-10805.jpeg;M;M;Walter_Janssen;[566.4927  138.04718 705.88556 303.0309 ];150.0;717.0;305.0;562.0
LachendeErben-10805.jpeg;F;M;Walter_Janssen;[375.87885 196.85413 478.64484 348.80618];150.0;717.0;305.0;562.0
LachendeErben-26792.jpeg;M;F;Lien_Deyers;[466.69873 250.0875  503.35025 294.63004];254.0;441.0;290.0;405.0
LachendeErben-26792.jpeg;M;F;Lien_Deyers;[407.91763 252.5757  439.262   290.17188];254.0;441.0;290.0;405.0
LachendeErben-26792.jpeg;M;F;Lien_Deyers;[678.4253  218.6575  712.127   259.66156];254.0;441.0;290.0;405.0
LachendeErben-26792.jpeg;F;F;Lien_Deyers;[359.13556 353.8538  415.02713 412.8606 ];254.0;441.0;290.0;405.0
LachendeErben-26792.jpeg;M;F;Lien_Deyers;[544.20306 258.55505 578.184   300.28384];254.0;441.0;290.0;405.0
LachendeErben-26792.jpeg;M;F;Lien_Deyers;[323.3116  289.53818 358.2767  327.69498];254.0;441.0;290.0;405.0
LachendeErben-26792.jpeg;M;F;Lien_Deyers;[665.96246 381.6549  716.05206 442.0255 ];254.0;441.0;290.0;405.0
LachendeErben-26792.jpeg;M;F;Lien_Deyers;[831.76825 409.9501  875.41583 461.14023];254.0;441.0;290.0;405.0
LachendeErben-26792.jpeg;M;F;Lien_Deyers;[292.06857 230.57893 325.1931  267.86093];254.0;441.0;290.0;405.0
LachendeErben-26792.jpeg;M;F;Lien_Deyers;[339.95898 208.48293 365.67712 239.78265];254.0;441.0;290.0;405.0
LachendeErben-26792.jpeg;M;F;Lien_Deyers;[852.5325  206.92659 881.9114  242.99437];254.0;441.0;290.0;405.0
LachendeErben-26792.jpeg;F;F;Lien_Deyers;[807.51044 281.54404 841.8901  324.1642 ];254.0;441.0;290.0;405.0
LachendeErben-26792.jpeg;M;F;Lien_Deyers;[547.2935  499.9952  595.2547  553.62946];254.0;441.0;290.0;405.0
LachendeErben-45188.jpeg;F;F;Lien_Deyers;[616.4784  256.53714 745.14795 428.48767];297.0;726.0;426.0;597.0
LachendeErben-45188.jpeg;F;F;Lien_Deyers;[305.4737    58.339825 434.03503  213.343   ];297.0;726.0;426.0;597.0
LachendeErben-45261.jpeg;F;F;Lien_Deyers;[351.29333  80.97653 418.35358 169.36992];255.0;763.0;345.0;673.0
LachendeErben-45261.jpeg;F;F;Lien_Deyers;[705.4326  230.15115 784.11127 350.70203];255.0;763.0;345.0;673.0
LachendeErben-45480.jpeg;M;F;Lien_Deyers;[599.4913  322.29828 643.2491  379.01846];334.0;640.0;377.0;597.0
LachendeErben-45845.jpeg;M;F;Lien_Deyers;[560.98267 329.99365 662.35876 458.23654];343.0;653.0;450.0;545.0
LachendeErben-47013.jpeg;M;F;Lien_Deyers;[432.54956 123.26434 647.3381  429.75763];192.0;637.0;415.0;414.0
LachendeErben-48108.jpeg;M;F;Lien_Deyers;[397.51532 335.79224 469.83554 427.84924];345.0;478.0;420.0;403.0
LachendeErben-48108.jpeg;M;F;Lien_Deyers;[580.40204  102.081055 659.0052   217.2645  ];345.0;478.0;420.0;403.0
LachendeErben-48254.jpeg;F;F;Lien_Deyers;[535.6716   117.082146 609.0411   210.84827 ];136.0;613.0;226.0;524.0
LachendeErben-48838.jpeg;M;F;Lien_Deyers;[537.6355  192.80334 600.5508  275.33987];204.0;602.0;279.0;527.0
LachendeErben-49276.jpeg;F;F;Lien_Deyers;[531.3936  216.9628  594.7921  303.95895];229.0;594.0;304.0;519.0
LachendeErben-49276.jpeg;M;F;Lien_Deyers;[220.20372 209.48267 301.94406 355.2149 ];229.0;594.0;304.0;519.0
LachendeErben-51758.jpeg;F;F;Lien_Deyers;[644.32874 103.98285 742.7639  236.90463];128.0;736.0;235.0;629.0
LachendeErben-51758.jpeg;M;F;Lien_Deyers;[371.09155 107.61906 464.25854 239.23087];128.0;736.0;235.0;629.0
LachendeErben-51831.jpeg;F;F;Lien_Deyers;[640.8159   109.350006 731.9316   238.63336 ];128.0;724.0;235.0;617.0
LachendeErben-51831.jpeg;M;F;Lien_Deyers;[395.67484 111.53167 491.21063 243.30602];128.0;724.0;235.0;617.0
LachendeErben-51904.jpeg;F;F;Lien_Deyers;[645.5112  114.90595 737.67535 242.22275];128.0;724.0;235.0;617.0
LachendeErben-51904.jpeg;M;F;Lien_Deyers;[387.75415 115.71404 481.95035 242.90291];128.0;724.0;235.0;617.0
LachendeErben-52196.jpeg;M;F;Lien_Deyers;[394.9511   107.081245 489.0973   235.39842 ];116.0;736.0;223.0;629.0
LachendeErben-52196.jpeg;M;F;Lien_Deyers;[650.51373  95.84433 748.96533 226.53731];116.0;736.0;223.0;629.0
LachendeErben-52999.jpeg;M;M;Walter_Janssen;[716.10406 311.56366 799.85236 423.3491 ];319.0;784.0;426.0;677.0
LachendeErben-52999.jpeg;M;M;Walter_Janssen;[282.51642 281.30865 365.71497 385.80896];319.0;784.0;426.0;677.0
LachendeErben-53729.jpeg;M;F;Lien_Deyers;[732.0606  160.4026  822.42334 277.41385];179.0;345.0;254.0;270.0
LachendeErben-53729.jpeg;F;F;Lien_Deyers;[262.4071  166.94379 332.013   259.26407];179.0;345.0;254.0;270.0
LachendeErben-54094.jpeg;M;M;Walter_Janssen;[617.51416 304.63828 695.1357  411.97778];315.0;683.0;405.0;593.0
LachendeErben-54094.jpeg;M;M;Walter_Janssen;[345.03522 296.70667 424.00583 399.35992];315.0;683.0;405.0;593.0
LachendeErben-54313.jpeg;M;M;Walter_Janssen;[625.4861  306.52905 706.68744 413.8259 ];315.0;693.0;405.0;603.0
LachendeErben-54313.jpeg;M;M;Walter_Janssen;[364.7068  290.21393 444.3883  390.75845];315.0;693.0;405.0;603.0
LachendeErben-54532.jpeg;M;F;Lien_Deyers;[596.9795  234.93286 633.31024 279.41348];238.0;636.0;281.0;592.0
LachendeErben-54532.jpeg;M;F;Lien_Deyers;[762.6683  358.77087 865.1738  500.90427];238.0;636.0;281.0;592.0
LachendeErben-54532.jpeg;F;F;Lien_Deyers;[321.27563 412.49988 386.55307 516.65027];238.0;636.0;281.0;592.0
LachendeErben-54897.jpeg;F;F;Lien_Deyers;[529.50073 180.06311 668.7606  382.19394];202.0;666.0;356.0;511.0
LachendeErben-54970.jpeg;F;F;Lien_Deyers;[676.6784 205.032  718.8326 258.4864];205.0;728.0;257.0;677.0
LachendeErben-54970.jpeg;F;F;Lien_Deyers;[541.92725 199.4592  584.9017  256.96176];205.0;728.0;257.0;677.0
LachendeErben-54970.jpeg;M;F;Lien_Deyers;[835.89514 148.66397 887.43756 215.8498 ];205.0;728.0;257.0;677.0
LachendeErben-55116.jpeg;M;F;Lien_Deyers;[542.90436 209.05104 585.69385 265.65344];205.0;723.0;257.0;671.0
LachendeErben-55116.jpeg;F;F;Lien_Deyers;[672.3477  203.28127 715.2452  258.2955 ];205.0;723.0;257.0;671.0
LachendeErben-55116.jpeg;M;F;Lien_Deyers;[844.1958  151.0635  884.09534 213.32845];205.0;723.0;257.0;671.0
LachendeErben-58912.jpeg;M;F;Lien_Deyers;[209.69745 233.57394 318.5251  368.92575];239.0;339.0;368.0;210.0
LachendeErben-58912.jpeg;M;F;Lien_Deyers;[753.5091  211.32191 853.0183  356.16528];239.0;339.0;368.0;210.0
LachendeErben-65263.jpeg;F;M;Julius_Falkenstein;[674.1094  160.80208 800.0738  328.89893];82.0;526.0;211.0;397.0
LachendeErben-65263.jpeg;M;M;Julius_Falkenstein;[422.72607  60.7786  544.4912  207.72968];82.0;526.0;211.0;397.0
LachendeErben-74753.jpeg;F;F;Lien_Deyers;[784.8957  177.58037 854.26324 275.93665];188.0;842.0;262.0;768.0
LachendeErben-74753.jpeg;F;F;Lien_Deyers;[646.9167  147.06494 710.6711  226.49611];188.0;842.0;262.0;768.0
LachendeErben-74753.jpeg;F;F;Lien_Deyers;[296.74042 195.81458 350.92612 277.70486];188.0;842.0;262.0;768.0
LachendeErben-8031.jpeg;M;F;Lien_Deyers;[ 85.63673   85.231514 169.33542  200.06778 ];171.0;378.0;246.0;303.0
LachendeErben-8031.jpeg;M;F;Lien_Deyers;[312.28137 161.66719 380.55453 252.85579];171.0;378.0;246.0;303.0
LachendeErben-8031.jpeg;M;F;Lien_Deyers;[666.2614  126.00689 737.0893  227.26619];171.0;378.0;246.0;303.0
LachendeErben-8031.jpeg;M;F;Lien_Deyers;[174.8331  292.22864 282.84103 451.7483 ];171.0;378.0;246.0;303.0
LachendeErben-90083.jpeg;F;M;Walter_Janssen;[346.81952 142.39551 453.7873  287.84244];39.0;698.0;168.0;569.0
LachendeErben-90083.jpeg;M;M;Walter_Janssen;[585.392     15.572226 700.9056   170.13924 ];39.0;698.0;168.0;569.0
LachendeErben-95558.jpeg;F;F;Lien_Deyers;[493.17462 129.36557 550.2038  204.92828];142.0;563.0;205.0;501.0
LachendeErben-97894.jpeg;M;F;Lien_Deyers;[683.9913  225.00879 787.8214  380.44876];295.0;282.0;402.0;175.0
LachendeErben-97894.jpeg;M;F;Lien_Deyers;[176.12119 267.55557 268.4325  387.71927];295.0;282.0;402.0;175.0
LachendeErben-97967.jpeg;M;F;Lien_Deyers;[688.77625 209.59778 791.7167  367.51947];275.0;315.0;365.0;225.0
LachendeErben-97967.jpeg;M;F;Lien_Deyers;[207.8517  249.76402 290.61426 373.5959 ];275.0;315.0;365.0;225.0
LachendeErben-98332.jpeg;M;F;Lien_Deyers;[183.17032 262.47244 277.11813 389.61163];295.0;285.0;385.0;195.0
LachendeErben-98332.jpeg;M;F;Lien_Deyers;[763.93896 205.60846 858.3018  349.27554];295.0;285.0;385.0;195.0
LachendeErben-98697.jpeg;M;F;Lien_Deyers;[746.2066  180.18935 847.0942  316.74326];271.0;426.0;378.0;318.0
LachendeErben-98697.jpeg;M;F;Lien_Deyers;[321.03424 243.96379 415.611   372.812  ];271.0;426.0;378.0;318.0
LachendeErben-99208.jpeg;F;F;Lien_Deyers;[480.75766 240.34184 541.6453  311.0563 ];246.0;536.0;308.0;474.0
LachendeErben-99354.jpeg;M;F;Lien_Deyers;[419.5426  255.78635 477.08704 332.83224];267.0;474.0;329.0;411.0
LaHabanera-100200.jpeg;M;F;Zarah_Leander;[695.25543 111.71384 895.0128  404.98038];192.0;538.0;415.0;315.0
LaHabanera-100200.jpeg;M;M;Ferdinand_Marian;[695.25543 111.71384 895.0128  404.98038];167.0;885.0;390.0;662.0
LaHabanera-100200.jpeg;F;F;Zarah_Leander;[363.77783 177.52068 549.2115  435.38245];192.0;538.0;415.0;315.0
LaHabanera-100200.jpeg;F;M;Ferdinand_Marian;[363.77783 177.52068 549.2115  435.38245];167.0;885.0;390.0;662.0
LaHabanera-100400.jpeg;M;M;Ferdinand_Marian;[680.7851    84.280426 872.0625   379.05603 ];142.0;860.0;365.0;637.0
LaHabanera-100400.jpeg;M;F;Zarah_Leander;[680.7851    84.280426 872.0625   379.05603 ];242.0;513.0;464.0;291.0
LaHabanera-100400.jpeg;F;M;Ferdinand_Marian;[324.74893 192.44576 514.86816 467.9734 ];142.0;860.0;365.0;637.0
LaHabanera-100400.jpeg;F;F;Zarah_Leander;[324.74893 192.44576 514.86816 467.9734 ];242.0;513.0;464.0;291.0
LaHabanera-100500.jpeg;F;F;Zarah_Leander;[350.3901  174.8272  540.1068  441.91382];192.0;538.0;415.0;315.0
LaHabanera-100500.jpeg;M;F;Zarah_Leander;[709.91925  59.56865 897.4679  352.7867 ];192.0;538.0;415.0;315.0
LaHabanera-100700.jpeg;F;F;Zarah_Leander;[378.8138  181.96603 573.0474  447.62344];217.0;563.0;440.0;340.0
LaHabanera-100700.jpeg;F;M;Ferdinand_Marian;[378.8138  181.96603 573.0474  447.62344];118.0;910.0;341.0;687.0
LaHabanera-100700.jpeg;M;F;Zarah_Leander;[735.6048   76.4028  922.9207  361.61017];217.0;563.0;440.0;340.0
LaHabanera-100700.jpeg;M;M;Ferdinand_Marian;[735.6048   76.4028  922.9207  361.61017];118.0;910.0;341.0;687.0
LaHabanera-100894.jpeg;F;F;Zarah_Leander;[323.20105 202.46931 531.0248  486.34625];242.0;513.0;464.0;291.0
LaHabanera-100894.jpeg;F;M;Ferdinand_Marian;[323.20105 202.46931 531.0248  486.34625];118.0;959.0;341.0;736.0
LaHabanera-100894.jpeg;M;F;Zarah_Leander;[795.5753   81.31752 972.1224  356.21228];242.0;513.0;464.0;291.0
LaHabanera-100894.jpeg;M;M;Ferdinand_Marian;[795.5753   81.31752 972.1224  356.21228];118.0;959.0;341.0;736.0
LaHabanera-101809.jpeg;M;M;Karl_Martell;[665.16565  83.76071 745.31616 195.19757];196.0;573.0;285.0;484.0
LaHabanera-101809.jpeg;M;M;Karl_Martell;[480.85532 184.09286 562.62964 297.31982];196.0;573.0;285.0;484.0
LaHabanera-102587.jpeg;M;F;Zarah_Leander;[707.2135  210.43965 747.9089  259.96176];214.0;746.0;257.0;703.0
LaHabanera-102587.jpeg;M;F;Zarah_Leander;[1016.36615  170.02888 1054.5051   220.99353];214.0;746.0;257.0;703.0
LaHabanera-102962.jpeg;M;F;Zarah_Leander;[905.7342  211.38057 945.01294 261.56473];262.0;698.0;305.0;655.0
LaHabanera-102962.jpeg;F;F;Zarah_Leander;[653.99963 256.19888 693.3964  306.22214];262.0;698.0;305.0;655.0
LaHabanera-103602.jpeg;F;F;Zarah_Leander;[605.61456 142.97804 759.6186  355.12213];180.0;778.0;366.0;593.0
LaHabanera-104375.jpeg;F;F;Zarah_Leander;[810.3477  191.82602 953.6252  379.06677];219.0;941.0;374.0;786.0
LaHabanera-104375.jpeg;M;F;Zarah_Leander;[589.6653  155.35638 672.9624  318.00143];219.0;941.0;374.0;786.0
LaHabanera-105829.jpeg;M;M;Ferdinand_Marian;[735.2483  107.69484 860.68365 290.3637 ];133.0;855.0;288.0;700.0
LaHabanera-106766.jpeg;F;F;Zarah_Leander;[606.9503  198.91608 766.0122  420.83435];222.0;799.0;407.0;613.0
LaHabanera-106766.jpeg;F;F;Zarah_Leander;[866.8938    85.752075 961.7431   307.72275 ];222.0;799.0;407.0;613.0
LaHabanera-106866.jpeg;F;F;Zarah_Leander;[400.4886  170.03009 567.06586 389.519  ];219.0;545.0;374.0;390.0
LaHabanera-106866.jpeg;M;F;Zarah_Leander;[703.75256  80.01103 855.09344 316.5645 ];219.0;545.0;374.0;390.0
LaHabanera-107066.jpeg;M;F;Zarah_Leander;[423.45084 198.58038 589.2131  419.52502];242.0;613.0;428.0;428.0
LaHabanera-107066.jpeg;M;M;Karl_Martell;[423.45084 198.58038 589.2131  419.52502];139.0;861.0;325.0;675.0
LaHabanera-107066.jpeg;M;F;Zarah_Leander;[726.80237  106.051796 881.0548   336.33032 ];242.0;613.0;428.0;428.0
LaHabanera-107066.jpeg;M;M;Karl_Martell;[726.80237  106.051796 881.0548   336.33032 ];139.0;861.0;325.0;675.0
LaHabanera-107247.jpeg;M;M;Ferdinand_Marian;[495.65195  96.47258 655.8101  327.7445 ];139.0;675.0;325.0;489.0
LaHabanera-107988.jpeg;M;M;Ferdinand_Marian;[493.80896  96.53544 652.3287  328.96344];139.0;675.0;325.0;489.0
LaHabanera-108336.jpeg;M;M;Ferdinand_Marian;[683.24615  92.47916 820.79706 287.48807];98.0;840.0;284.0;655.0
LaHabanera-108436.jpeg;M;M;Ferdinand_Marian;[668.6328  108.56155 808.84503 310.26254];150.0;820.0;305.0;666.0
LaHabanera-108536.jpeg;M;M;Ferdinand_Marian;[652.8478   106.782135 797.54126  301.99722 ];150.0;803.0;305.0;648.0
LaHabanera-111144.jpeg;F;F;Zarah_Leander;[730.135   199.47955 870.557   385.42175];236.0;872.0;391.0;717.0
LaHabanera-111144.jpeg;F;F;Zarah_Leander;[446.70935 134.39941 541.64124 318.05038];236.0;872.0;391.0;717.0
LaHabanera-111244.jpeg;M;F;Zarah_Leander;[740.1597  218.54095 875.005   397.43097];236.0;872.0;391.0;717.0
LaHabanera-111244.jpeg;M;F;Zarah_Leander;[488.3266  155.8665  584.6139  336.65527];236.0;872.0;391.0;717.0
LaHabanera-111653.jpeg;F;F;Zarah_Leander;[819.09235 132.82352 953.0443  317.52753];150.0;941.0;305.0;786.0
LaHabanera-111653.jpeg;M;F;Zarah_Leander;[438.94476  74.59563 564.68665 266.2527 ];150.0;941.0;305.0;786.0
LaHabanera-111753.jpeg;F;F;Zarah_Leander;[829.0134 133.1283 966.2286 315.7937];150.0;958.0;305.0;803.0
LaHabanera-111753.jpeg;M;F;Zarah_Leander;[463.5181   74.82864 588.3752  270.00903];150.0;958.0;305.0;803.0
LaHabanera-111853.jpeg;M;F;Zarah_Leander;[444.17126   77.118195 570.5646   263.7964  ];150.0;958.0;305.0;803.0
LaHabanera-111853.jpeg;F;F;Zarah_Leander;[824.51135 128.4618  961.7868  312.91425];150.0;958.0;305.0;803.0
LaHabanera-112310.jpeg;F;F;Zarah_Leander;[555.5387  102.69542 804.04944 452.14194];171.0;825.0;439.0;557.0
LaHabanera-112463.jpeg;M;M;Karl_Martell;[469.9428  122.41164 757.1574  547.01105];170.0;740.0;491.0;419.0
LaHabanera-112561.jpeg;F;F;Julia_Serda;[516.2668  115.24156 764.53687 462.9295 ];170.0;812.0;491.0;491.0
LaHabanera-112761.jpeg;F;F;Zarah_Leander;[581.7717  149.1339  833.0774  511.11627];231.0;854.0;498.0;587.0
LaHabanera-112861.jpeg;F;F;Zarah_Leander;[553.45056   85.511444 806.5532   400.76532 ];142.0;825.0;409.0;557.0
LaHabanera-114077.jpeg;M;M;Karl_Martell;[622.1742   102.432915 800.78894  362.28973 ];118.0;786.0;341.0;563.0
LaHabanera-114560.jpeg;M;F;Zarah_Leander;[556.4834   92.66666 769.8923  385.28387];142.0;761.0;365.0;538.0
LaHabanera-114643.jpeg;M;M;Ferdinand_Marian;[579.2753   77.0569  782.0106  378.90897];142.0;811.0;365.0;588.0
LaHabanera-114825.jpeg;F;F;Zarah_Leander;[447.1242   90.43121 650.52606 379.787  ];142.0;637.0;365.0;414.0
LaHabanera-114920.jpeg;M;M;Ferdinand_Marian;[560.402    78.76192 765.9769  385.96024];142.0;786.0;365.0;563.0
LaHabanera-115081.jpeg;F;F;Zarah_Leander;[448.0769   101.604126 650.53735  392.6863  ];167.0;637.0;390.0;414.0
LaHabanera-115158.jpeg;M;M;Ferdinand_Marian;[604.1525   68.11276 812.40936 372.21198];112.0;854.0;379.0;587.0
LaHabanera-11526.jpeg;F;F;Zarah_Leander;[471.75977 166.35626 635.27844 370.0931 ];202.0;614.0;356.0;459.0
LaHabanera-116445.jpeg;M;M;Boris_Alekin;[515.2218  119.43855 652.12164 321.91083];168.0;669.0;297.0;540.0
LaHabanera-116445.jpeg;M;M;Boris_Alekin;[695.8413  168.70218 846.8181  380.76886];168.0;669.0;297.0;540.0
LaHabanera-116445.jpeg;M;M;Boris_Alekin;[304.57428   16.337753 432.03842  270.04227 ];168.0;669.0;297.0;540.0
LaHabanera-118483.jpeg;F;F;Zarah_Leander;[634.4476   83.86221 766.1089  278.84586];116.0;786.0;270.0;631.0
LaHabanera-118483.jpeg;M;F;Zarah_Leander;[363.47668 300.96228 415.0737  376.5111 ];116.0;786.0;270.0;631.0
LaHabanera-118583.jpeg;F;F;Zarah_Leander;[603.855    67.37345 730.4571  248.12244];81.0;752.0;236.0;597.0
LaHabanera-118583.jpeg;M;F;Zarah_Leander;[220.17331 275.4619  268.98553 349.75317];81.0;752.0;236.0;597.0
LaHabanera-118683.jpeg;F;F;Julia_Serda;[548.0965    59.685074 649.08765  215.35608 ];67.0;640.0;196.0;511.0
LaHabanera-118683.jpeg;M;F;Julia_Serda;[293.85117 248.75027 342.43594 318.863  ];67.0;640.0;196.0;511.0
LaHabanera-118783.jpeg;F;F;Zarah_Leander;[570.8727   58.34855 686.2384  224.38248];82.0;683.0;211.0;554.0
LaHabanera-118983.jpeg;F;F;Zarah_Leander;[564.2306   79.51613 688.8265  239.43137];81.0;683.0;236.0;528.0
LaHabanera-118983.jpeg;M;F;Zarah_Leander;[328.06937 172.55331 373.31326 220.61795];81.0;683.0;236.0;528.0
LaHabanera-119083.jpeg;F;F;Zarah_Leander;[592.7505    56.663002 721.95386  222.30461 ];82.0;712.0;211.0;583.0
LaHabanera-119083.jpeg;M;F;Zarah_Leander;[326.4831  147.69629 371.87424 201.41849];82.0;712.0;211.0;583.0
LaHabanera-119283.jpeg;F;F;Zarah_Leander;[579.1535   45.57679 707.5672  207.74002];67.0;698.0;196.0;569.0
LaHabanera-119283.jpeg;M;F;Zarah_Leander;[329.46103 157.7639  366.36823 198.54207];67.0;698.0;196.0;569.0
LaHabanera-119483.jpeg;F;F;Zarah_Leander;[539.14734  66.26554 660.68945 227.9054 ];82.0;655.0;211.0;526.0
LaHabanera-119483.jpeg;M;F;Zarah_Leander;[347.9593  169.15872 388.03345 208.00784];82.0;655.0;211.0;526.0
LaHabanera-119583.jpeg;F;F;Zarah_Leander;[546.4122   53.30755 673.0861  218.86276];82.0;669.0;211.0;540.0
LaHabanera-119583.jpeg;M;F;Zarah_Leander;[282.12497 138.10318 328.59265 192.42242];82.0;669.0;211.0;540.0
LaHabanera-119683.jpeg;F;F;Zarah_Leander;[580.5021    62.108482 707.29944  218.7712  ];82.0;698.0;211.0;569.0
LaHabanera-119683.jpeg;M;F;Zarah_Leander;[187.47243 269.19028 234.11246 333.266  ];82.0;698.0;211.0;569.0
LaHabanera-119683.jpeg;F;F;Zarah_Leander;[231.52576 190.38956 275.35342 235.5382 ];82.0;698.0;211.0;569.0
LaHabanera-119983.jpeg;F;F;Zarah_Leander;[574.4352    57.500336 715.9743   231.01543 ];81.0;700.0;236.0;545.0
LaHabanera-119983.jpeg;M;F;Zarah_Leander;[276.57382 168.40755 320.41583 225.35669];81.0;700.0;236.0;545.0
LaHabanera-120661.jpeg;F;F;Zarah_Leander;[559.94885  91.22969 727.9939  332.9343 ];139.0;716.0;325.0;531.0
LaHabanera-120761.jpeg;F;F;Zarah_Leander;[537.7734    88.810745 710.05676  333.56732 ];118.0;696.0;304.0;510.0
LaHabanera-121261.jpeg;M;F;Julia_Serda;[592.698     43.544395 695.81006  191.17928 ];53.0;683.0;182.0;554.0
LaHabanera-121261.jpeg;M;F;Julia_Serda;[398.96057 301.85275 454.89008 368.73682];53.0;683.0;182.0;554.0
LaHabanera-121261.jpeg;M;F;Julia_Serda;[518.7694  164.04903 560.7271  220.41043];53.0;683.0;182.0;554.0
LaHabanera-121261.jpeg;M;F;Julia_Serda;[242.08965 181.4305  287.67514 239.72845];53.0;683.0;182.0;554.0
LaHabanera-121261.jpeg;M;F;Julia_Serda;[158.56    324.04028 202.53    396.69684];53.0;683.0;182.0;554.0
LaHabanera-121261.jpeg;M;F;Julia_Serda;[941.16187 243.89052 979.4798  298.89758];53.0;683.0;182.0;554.0
LaHabanera-122018.jpeg;F;F;Zarah_Leander;[401.64383     7.3988953 942.0819    652.5738   ];110.0;911.0;665.0;356.0
LaHabanera-122200.jpeg;F;F;Zarah_Leander;[304.33527   24.803131 839.2177   706.52576 ];110.0;788.0;665.0;233.0
LaHabanera-122440.jpeg;F;F;Zarah_Leander;[490.1297  125.32553 840.5113  585.2426 ];162.0;803.0;547.0;418.0
LaHabanera-122640.jpeg;F;F;Julia_Serda;[513.7582  130.28285 861.6432  598.00354];162.0;846.0;547.0;461.0
LaHabanera-122740.jpeg;F;F;Julia_Serda;[489.0801  155.66791 844.0986  620.7298 ];204.0;803.0;590.0;418.0
LaHabanera-123192.jpeg;F;F;Zarah_Leander;[558.2189  143.69922 686.636   325.62442];167.0;683.0;322.0;528.0
LaHabanera-123192.jpeg;M;F;Zarah_Leander;[727.2252  111.06551 838.4049  303.48105];167.0;683.0;322.0;528.0
LaHabanera-123192.jpeg;M;F;Zarah_Leander;[244.54977 171.9302  285.30994 226.51054];167.0;683.0;322.0;528.0
LaHabanera-123192.jpeg;M;F;Zarah_Leander;[1039.449    196.94463 1115.8569   313.43396];167.0;683.0;322.0;528.0
LaHabanera-124110.jpeg;M;F;Zarah_Leander;[ 883.143     79.94648 1009.2245   259.7989 ];133.0;717.0;288.0;562.0
LaHabanera-124110.jpeg;F;F;Zarah_Leander;[589.24384 123.02748 715.98157 292.33392];133.0;717.0;288.0;562.0
LaHabanera-124110.jpeg;M;F;Zarah_Leander;[398.98154 156.90353 497.2691  370.79022];133.0;717.0;288.0;562.0
LaHabanera-125531.jpeg;F;F;Zarah_Leander;[485.3057   88.05286 840.4275  611.3296 ];143.0;861.0;605.0;399.0
LaHabanera-125867.jpeg;F;F;Zarah_Leander;[541.6157  105.15454 720.8612  366.25903];142.0;736.0;365.0;513.0
LaHabanera-126949.jpeg;F;F;Zarah_Leander;[738.67224  127.140686 889.8429   349.9737  ];160.0;882.0;345.0;696.0
LaHabanera-126949.jpeg;M;F;Zarah_Leander;[355.56995    -2.0772705 482.06946   258.72028  ];160.0;882.0;345.0;696.0
LaHabanera-127049.jpeg;M;F;Julia_Serda;[724.03094 135.17516 874.6782  362.1482 ];160.0;861.0;345.0;675.0
LaHabanera-127049.jpeg;M;F;Julia_Serda;[336.97174   -7.507736 461.29584  258.1266  ];160.0;861.0;345.0;675.0
LaHabanera-127849.jpeg;F;M;Karl_Martell;[668.20685 226.43008 838.439   494.3559 ];142.0;761.0;365.0;538.0
LaHabanera-127849.jpeg;F;F;Zarah_Leander;[668.20685 226.43008 838.439   494.3559 ];284.0;820.0;469.0;634.0
LaHabanera-127849.jpeg;M;M;Karl_Martell;[514.8665  104.28371 704.4271  380.85413];142.0;761.0;365.0;538.0
LaHabanera-127849.jpeg;M;F;Zarah_Leander;[514.8665  104.28371 704.4271  380.85413];284.0;820.0;469.0;634.0
LaHabanera-128249.jpeg;F;F;Julia_Serda;[665.6365  226.53021 838.99695 480.54895];284.0;799.0;469.0;613.0
LaHabanera-128249.jpeg;M;F;Julia_Serda;[469.7783  166.65372 646.1932  412.71765];284.0;799.0;469.0;613.0
LaHabanera-129090.jpeg;M;M;Ferdinand_Marian;[728.6631    72.615944 872.6767   300.61444 ];98.0;861.0;284.0;675.0
LaHabanera-129090.jpeg;M;M;Ferdinand_Marian;[468.5266   96.02327 571.5766  320.50165];98.0;861.0;284.0;675.0
LaHabanera-129772.jpeg;M;F;Zarah_Leander;[900.48566 202.88333 962.9548  282.663  ];214.0;309.0;257.0;266.0
LaHabanera-129772.jpeg;M;F;Julia_Serda;[900.48566 202.88333 962.9548  282.663  ];314.0;429.0;366.0;377.0
LaHabanera-129772.jpeg;M;F;Zarah_Leander;[272.2017  209.57748 306.05432 256.57132];214.0;309.0;257.0;266.0
LaHabanera-129772.jpeg;M;F;Julia_Serda;[272.2017  209.57748 306.05432 256.57132];314.0;429.0;366.0;377.0
LaHabanera-129772.jpeg;M;F;Zarah_Leander;[1049.1656   281.38196 1119.0687   392.32623];214.0;309.0;257.0;266.0
LaHabanera-129772.jpeg;M;F;Julia_Serda;[1049.1656   281.38196 1119.0687   392.32623];314.0;429.0;366.0;377.0
LaHabanera-129772.jpeg;F;F;Zarah_Leander;[378.23868 312.5943  414.02628 364.48816];214.0;309.0;257.0;266.0
LaHabanera-129772.jpeg;F;F;Julia_Serda;[378.23868 312.5943  414.02628 364.48816];314.0;429.0;366.0;377.0
LaHabanera-129772.jpeg;M;F;Zarah_Leander;[652.2574  171.80103 689.9547  227.19788];214.0;309.0;257.0;266.0
LaHabanera-129772.jpeg;M;F;Julia_Serda;[652.2574  171.80103 689.9547  227.19788];314.0;429.0;366.0;377.0
LaHabanera-129772.jpeg;M;F;Zarah_Leander;[654.635   291.55154 693.18634 340.67676];214.0;309.0;257.0;266.0
LaHabanera-129772.jpeg;M;F;Julia_Serda;[654.635   291.55154 693.18634 340.67676];314.0;429.0;366.0;377.0
LaHabanera-129772.jpeg;M;F;Zarah_Leander;[671.0162  340.05585 710.69135 392.4135 ];214.0;309.0;257.0;266.0
LaHabanera-129772.jpeg;M;F;Julia_Serda;[671.0162  340.05585 710.69135 392.4135 ];314.0;429.0;366.0;377.0
LaHabanera-130516.jpeg;M;M;Karl_Martell;[727.6076  188.0114  923.93585 468.97232];217.0;910.0;440.0;687.0
LaHabanera-130776.jpeg;M;M;Karl_Martell;[606.1187   65.71738 827.3054  375.3907 ];82.0;825.0;350.0;557.0
LaHabanera-130776.jpeg;M;M;Karl_Martell;[432.3594  333.06772 491.27515 413.2315 ];82.0;825.0;350.0;557.0
LaHabanera-130776.jpeg;M;M;Karl_Martell;[895.55817 324.69727 960.2958  416.64203];82.0;825.0;350.0;557.0
LaHabanera-130776.jpeg;M;M;Karl_Martell;[245.12083 330.11856 294.53668 401.11603];82.0;825.0;350.0;557.0
LaHabanera-130947.jpeg;M;M;Karl_Martell;[600.2258    74.859436 841.8929   418.90112 ];112.0;825.0;379.0;557.0
LaHabanera-130947.jpeg;M;M;Karl_Martell;[292.70816 393.40204 362.45554 489.13464];112.0;825.0;379.0;557.0
LaHabanera-138192.jpeg;M;F;Zarah_Leander;[740.0287  257.36108 828.91986 374.56842];275.0;812.0;365.0;723.0
LaHabanera-138192.jpeg;F;F;Zarah_Leander;[551.39374 146.27138 633.87714 246.98672];275.0;812.0;365.0;723.0
LaHabanera-138279.jpeg;M;F;Zarah_Leander;[761.8421  170.78543 881.3413  318.3955 ];182.0;870.0;311.0;741.0
LaHabanera-138279.jpeg;M;F;Zarah_Leander;[160.92267   41.746704 275.37683  217.54266 ];182.0;870.0;311.0;741.0
LaHabanera-138479.jpeg;F;F;Zarah_Leander;[766.97144 178.5657  895.0714  347.16965];196.0;884.0;325.0;755.0
LaHabanera-138479.jpeg;M;F;Zarah_Leander;[561.1582  117.75371 660.20776 273.15704];196.0;884.0;325.0;755.0
LaHabanera-138679.jpeg;F;F;Zarah_Leander;[817.12274 226.65506 939.1063  382.80475];254.0;941.0;383.0;812.0
LaHabanera-138679.jpeg;M;F;Zarah_Leander;[628.89856 156.02878 736.39905 289.67517];254.0;941.0;383.0;812.0
LaHabanera-138964.jpeg;M;F;Zarah_Leander;[512.0451   97.06912 628.0066  236.58907];239.0;726.0;368.0;597.0
LaHabanera-138964.jpeg;F;F;Zarah_Leander;[614.4333  223.96591 741.4456  390.17493];239.0;726.0;368.0;597.0
LaHabanera-138964.jpeg;M;F;Zarah_Leander;[216.63876 307.54016 260.61545 390.53778];239.0;726.0;368.0;597.0
LaHabanera-139064.jpeg;F;F;Zarah_Leander;[622.86145 231.34628 748.3883  389.06476];239.0;726.0;368.0;597.0
LaHabanera-139064.jpeg;F;F;Zarah_Leander;[259.9218  373.84247 305.56506 439.50958];239.0;726.0;368.0;597.0
LaHabanera-139064.jpeg;M;F;Zarah_Leander;[407.8023  351.16235 458.05676 425.53012];239.0;726.0;368.0;597.0
LaHabanera-139064.jpeg;M;F;Zarah_Leander;[230.99866 345.30124 269.36588 409.80893];239.0;726.0;368.0;597.0
LaHabanera-139064.jpeg;F;F;Zarah_Leander;[190.2253  326.55963 231.96469 393.7495 ];239.0;726.0;368.0;597.0
LaHabanera-139064.jpeg;M;F;Zarah_Leander;[ 923.7729   101.72677 1026.534    224.40768];239.0;726.0;368.0;597.0
LaHabanera-139164.jpeg;F;F;Zarah_Leander;[571.5522  234.2019  682.91925 362.27518];247.0;665.0;355.0;557.0
LaHabanera-139164.jpeg;M;F;Zarah_Leander;[284.89246 369.75497 345.94318 447.33047];247.0;665.0;355.0;557.0
LaHabanera-139164.jpeg;M;F;Zarah_Leander;[807.82477 306.09473 866.3396  411.47446];247.0;665.0;355.0;557.0
LaHabanera-139164.jpeg;F;F;Zarah_Leander;[842.6265  158.27882 920.4932  286.9422 ];247.0;665.0;355.0;557.0
LaHabanera-139164.jpeg;M;F;Zarah_Leander;[495.73328 338.09897 533.929   395.87003];247.0;665.0;355.0;557.0
LaHabanera-14163.jpeg;M;F;Zarah_Leander;[611.15076  51.10891 704.3487  168.9933 ];470.0;361.0;544.0;287.0
LaHabanera-14163.jpeg;M;F;Zarah_Leander;[861.9549  245.21513 930.5278  334.5191 ];470.0;361.0;544.0;287.0
LaHabanera-14163.jpeg;F;F;Zarah_Leander;[283.0283  466.01416 367.31595 558.7276 ];470.0;361.0;544.0;287.0
LaHabanera-15108.jpeg;M;F;Zarah_Leander;[885.232   136.242   976.3052  249.76799];196.0;683.0;285.0;593.0
LaHabanera-15108.jpeg;M;F;Zarah_Leander;[304.20932 240.70444 384.6324  335.64682];196.0;683.0;285.0;593.0
LaHabanera-15108.jpeg;F;F;Zarah_Leander;[587.6974  181.7484  673.7535  292.22913];196.0;683.0;285.0;593.0
LaHabanera-16728.jpeg;M;F;Zarah_Leander;[426.91083 170.71727 547.676   340.53595];211.0;569.0;340.0;440.0
LaHabanera-16728.jpeg;M;F;Zarah_Leander;[730.8907  119.43998 826.0528  298.5403 ];211.0;569.0;340.0;440.0
LaHabanera-17261.jpeg;M;F;Julia_Serda;[407.47604 135.38116 523.4336  301.67087];168.0;526.0;297.0;397.0
LaHabanera-17261.jpeg;M;F;Julia_Serda;[647.29047 106.85855 763.44904 263.05743];168.0;526.0;297.0;397.0
LaHabanera-17489.jpeg;M;F;Zarah_Leander;[470.72305 136.42361 649.51184 395.63217];167.0;637.0;390.0;414.0
LaHabanera-18535.jpeg;F;F;Zarah_Leander;[497.8593   126.000015 716.122    438.7259  ];192.0;687.0;415.0;464.0
LaHabanera-19185.jpeg;F;F;Zarah_Leander;[771.8896  101.22447 885.4027  252.25726];125.0;884.0;254.0;755.0
LaHabanera-19185.jpeg;M;F;Zarah_Leander;[312.9076  101.537   435.48398 263.52454];125.0;884.0;254.0;755.0
LaHabanera-19285.jpeg;F;F;Zarah_Leander;[819.95886 113.8988  938.87805 265.1055 ];152.0;927.0;259.0;820.0
LaHabanera-19463.jpeg;F;F;Zarah_Leander;[790.72034 100.3407  893.4547  250.9074 ];110.0;884.0;239.0;755.0
LaHabanera-19537.jpeg;F;F;Julia_Serda;[446.5879  145.48639 571.76996 317.9732 ];168.0;597.0;297.0;468.0
LaHabanera-19711.jpeg;F;F;Zarah_Leander;[749.0835   74.86983 884.1075  265.44955];116.0;889.0;270.0;734.0
LaHabanera-19811.jpeg;F;F;Julia_Serda;[734.1532   98.38795 870.8393  288.45844];116.0;855.0;270.0;700.0
LaHabanera-19911.jpeg;F;F;Zarah_Leander;[690.5979  103.34373 830.6866  288.53555];116.0;820.0;270.0;666.0
LaHabanera-20101.jpeg;F;F;Zarah_Leander;[667.6975   57.20056 805.1127  253.5256 ];81.0;786.0;236.0;631.0
LaHabanera-20164.jpeg;F;F;Zarah_Leander;[496.4429  131.15486 724.5784  437.3952 ];171.0;706.0;439.0;438.0
LaHabanera-20420.jpeg;F;F;Zarah_Leander;[577.70306  67.93998 695.6589  233.72244];96.0;698.0;225.0;569.0
LaHabanera-20420.jpeg;M;F;Zarah_Leander;[861.8262   93.76849 964.2941  244.85452];96.0;698.0;225.0;569.0
LaHabanera-21090.jpeg;M;M;Ferdinand_Marian;[665.307     86.939926 828.8215   330.212   ];150.0;820.0;305.0;666.0
LaHabanera-21090.jpeg;M;M;Ferdinand_Marian;[436.99457 187.09076 569.72876 414.00864];150.0;820.0;305.0;666.0
LaHabanera-21823.jpeg;M;F;Julia_Serda;[533.6973  127.61417 623.1167  244.20038];146.0;623.0;236.0;534.0
LaHabanera-23107.jpeg;F;F;Zarah_Leander;[573.2727  136.50607 761.6919  382.70126];160.0;737.0;345.0;551.0
LaHabanera-26296.jpeg;M;M;Ferdinand_Marian;[820.3669  109.89798 963.00507 316.23816];139.0;964.0;325.0;778.0
LaHabanera-26465.jpeg;F;F;Zarah_Leander;[438.53256 206.92395 613.2711  431.79688];222.0;593.0;407.0;407.0
LaHabanera-26465.jpeg;M;F;Zarah_Leander;[657.1564    81.034225 790.80225  352.7472  ];222.0;593.0;407.0;407.0
LaHabanera-26565.jpeg;F;F;Zarah_Leander;[558.0287  219.8092  714.3462  415.00397];222.0;758.0;407.0;572.0
LaHabanera-26565.jpeg;M;F;Zarah_Leander;[673.4291  100.35514 787.4444  333.25104];222.0;758.0;407.0;572.0
LaHabanera-27288.jpeg;F;F;Zarah_Leander;[451.9751  196.64008 581.2629  351.17303];211.0;597.0;340.0;468.0
LaHabanera-27288.jpeg;F;F;Zarah_Leander;[820.0002   73.24216 914.1737  293.55243];211.0;597.0;340.0;468.0
LaHabanera-27388.jpeg;M;M;Ferdinand_Marian;[419.04932 212.52698 552.3616  378.60626];116.0;769.0;270.0;614.0
LaHabanera-27388.jpeg;M;F;Zarah_Leander;[419.04932 212.52698 552.3616  378.60626];239.0;540.0;368.0;411.0
LaHabanera-27388.jpeg;M;M;Ferdinand_Marian;[641.29083  101.176544 780.57996  290.94492 ];116.0;769.0;270.0;614.0
LaHabanera-27388.jpeg;M;F;Zarah_Leander;[641.29083  101.176544 780.57996  290.94492 ];239.0;540.0;368.0;411.0
LaHabanera-29061.jpeg;M;F;Julia_Serda;[467.7089   116.126816 511.78992  169.0614  ];115.0;398.0;177.0;335.0
LaHabanera-29061.jpeg;M;F;Julia_Serda;[645.06964 133.86435 705.9755  220.20479];115.0;398.0;177.0;335.0
LaHabanera-29061.jpeg;F;F;Julia_Serda;[761.6323    91.587585 817.68353  162.91106 ];115.0;398.0;177.0;335.0
LaHabanera-29061.jpeg;M;F;Julia_Serda;[341.02148 103.98077 391.67853 173.79643];115.0;398.0;177.0;335.0
LaHabanera-29061.jpeg;M;F;Julia_Serda;[565.65674 119.41545 609.5445  179.84334];115.0;398.0;177.0;335.0
LaHabanera-29061.jpeg;M;F;Julia_Serda;[253.7291  111.1725  297.68073 166.38544];115.0;398.0;177.0;335.0
LaHabanera-29061.jpeg;F;F;Julia_Serda;[917.9877   120.583115 988.5892   211.31857 ];115.0;398.0;177.0;335.0
LaHabanera-29447.jpeg;F;M;Ferdinand_Marian;[862.84    136.01382 924.8848  226.28763];105.0;743.0;179.0;668.0
LaHabanera-29447.jpeg;M;M;Ferdinand_Marian;[670.41724  90.39645 733.09875 188.51385];105.0;743.0;179.0;668.0
LaHabanera-29447.jpeg;M;M;Ferdinand_Marian;[323.0567  210.39957 381.29074 302.56802];105.0;743.0;179.0;668.0
LaHabanera-29647.jpeg;M;M;Ferdinand_Marian;[579.4799   98.44957 640.91364 187.00548];115.0;633.0;177.0;570.0
LaHabanera-29647.jpeg;M;M;Ferdinand_Marian;[851.8481  139.59134 915.9136  230.36844];115.0;633.0;177.0;570.0
LaHabanera-29647.jpeg;M;M;Ferdinand_Marian;[316.18716 211.88582 375.8347  304.20782];115.0;633.0;177.0;570.0
LaHabanera-29743.jpeg;M;M;Ferdinand_Marian;[625.5348  100.12555 685.8937  186.61171];122.0;681.0;184.0;619.0
LaHabanera-29743.jpeg;F;M;Ferdinand_Marian;[838.25464 115.34115 905.3575  217.51141];122.0;681.0;184.0;619.0
LaHabanera-29743.jpeg;M;M;Ferdinand_Marian;[295.1891  204.9867  357.34912 301.72137];122.0;681.0;184.0;619.0
LaHabanera-30146.jpeg;M;M;Ferdinand_Marian;[629.6955    67.392456 707.2565   179.68446 ];86.0;713.0;176.0;623.0
LaHabanera-30146.jpeg;M;M;Ferdinand_Marian;[774.4743    92.961586 848.4995   217.90063 ];86.0;713.0;176.0;623.0
LaHabanera-30246.jpeg;M;M;Ferdinand_Marian;[780.8983  120.55701 878.33044 245.54832];86.0;713.0;176.0;623.0
LaHabanera-30246.jpeg;M;M;Ferdinand_Marian;[628.9879   69.30095 707.5038  178.93855];86.0;713.0;176.0;623.0
LaHabanera-30346.jpeg;M;M;Ferdinand_Marian;[733.2366  114.46616 831.3844  244.74385];96.0;710.0;171.0;635.0
LaHabanera-30346.jpeg;M;M;Ferdinand_Marian;[635.579    69.18503 714.0683  177.36157];96.0;710.0;171.0;635.0
LaHabanera-30633.jpeg;F;F;Zarah_Leander;[700.3304  202.52982 844.01416 410.73502];222.0;840.0;407.0;655.0
LaHabanera-30633.jpeg;M;F;Zarah_Leander;[449.7717    61.118126 592.0778   288.3645  ];222.0;840.0;407.0;655.0
LaHabanera-31566.jpeg;F;F;Zarah_Leander;[600.3358  209.07538 813.071   509.0442 ];260.0;795.0;528.0;527.0
LaHabanera-31566.jpeg;M;F;Zarah_Leander;[446.47623  64.40431 646.26495 397.1228 ];260.0;795.0;528.0;527.0
LaHabanera-33311.jpeg;M;M;Ferdinand_Marian;[535.54785 210.66995 654.8346  394.28738];118.0;712.0;341.0;489.0
LaHabanera-33311.jpeg;F;M;Ferdinand_Marian;[732.932    97.74852 884.578   330.37262];118.0;712.0;341.0;489.0
LaHabanera-33311.jpeg;M;M;Ferdinand_Marian;[471.22495  92.51309 567.8135  322.85303];118.0;712.0;341.0;489.0
LaHabanera-34060.jpeg;M;M;Karl_Martell;[538.84235  84.25421 675.88666 283.31763];116.0;700.0;270.0;545.0
LaHabanera-34060.jpeg;M;M;Karl_Martell;[180.57932 356.21326 267.49725 491.91653];116.0;700.0;270.0;545.0
LaHabanera-35398.jpeg;M;M;Karl_Martell;[629.9284   57.51494 759.90784 262.96832];77.0;820.0;263.0;634.0
LaHabanera-35398.jpeg;M;M;Karl_Martell;[219.38916 352.32877 310.14343 483.64178];77.0;820.0;263.0;634.0
LaHabanera-35472.jpeg;M;F;Julia_Serda;[564.51917 166.86143 653.8922  295.73627];175.0;641.0;283.0;533.0
LaHabanera-35472.jpeg;F;F;Julia_Serda;[826.46814 359.85748 907.2988  472.61777];175.0;641.0;283.0;533.0
LaHabanera-35472.jpeg;M;F;Julia_Serda;[428.9871    85.923416 492.7101   208.80658 ];175.0;641.0;283.0;533.0
LaHabanera-35672.jpeg;F;F;Julia_Serda;[485.4428  203.76344 578.3537  335.59528];223.0;569.0;331.0;462.0
LaHabanera-35672.jpeg;F;F;Julia_Serda;[831.1814  353.38394 911.6423  463.15552];223.0;569.0;331.0;462.0
LaHabanera-35672.jpeg;M;F;Julia_Serda;[364.41077  89.41118 438.357   226.94882];223.0;569.0;331.0;462.0
LaHabanera-3583.jpeg;F;F;Zarah_Leander;[845.2562   82.36826 890.3832  146.08022];206.0;772.0;295.0;683.0
LaHabanera-3583.jpeg;F;F;Zarah_Leander;[259.23718   61.006584 290.7182   105.512215];206.0;772.0;295.0;683.0
LaHabanera-3583.jpeg;F;F;Zarah_Leander;[508.43356  124.468994 552.248    187.79504 ];206.0;772.0;295.0;683.0
LaHabanera-3583.jpeg;F;F;Zarah_Leander;[676.0574  193.67465 759.91943 297.29276];206.0;772.0;295.0;683.0
LaHabanera-3583.jpeg;M;F;Zarah_Leander;[166.73434   58.643265 196.1541   102.89642 ];206.0;772.0;295.0;683.0
LaHabanera-3583.jpeg;F;F;Zarah_Leander;[574.3645   66.24443 610.2071  117.21106];206.0;772.0;295.0;683.0
LaHabanera-3583.jpeg;M;F;Zarah_Leander;[655.34674 112.72908 702.11115 167.33958];206.0;772.0;295.0;683.0
LaHabanera-3583.jpeg;M;F;Zarah_Leander;[ 957.28503  236.44855 1028.4135   318.2123 ];206.0;772.0;295.0;683.0
LaHabanera-3583.jpeg;M;F;Zarah_Leander;[756.10315  67.83919 793.6275  120.02273];206.0;772.0;295.0;683.0
LaHabanera-3583.jpeg;F;F;Zarah_Leander;[ 997.8867   108.94406 1046.4852   169.57074];206.0;772.0;295.0;683.0
LaHabanera-3583.jpeg;M;F;Zarah_Leander;[388.92056 193.92639 476.91788 307.3129 ];206.0;772.0;295.0;683.0
LaHabanera-3583.jpeg;M;F;Zarah_Leander;[1042.6473     62.531265 1077.0131    110.892044];206.0;772.0;295.0;683.0
LaHabanera-3583.jpeg;F;F;Zarah_Leander;[647.58466   42.884163 675.2513    81.42529 ];206.0;772.0;295.0;683.0
LaHabanera-3583.jpeg;F;F;Zarah_Leander;[930.93024  31.07955 957.94257  65.67929];206.0;772.0;295.0;683.0
LaHabanera-3583.jpeg;M;F;Zarah_Leander;[371.4732  112.50936 421.9866  179.17583];206.0;772.0;295.0;683.0
LaHabanera-3583.jpeg;F;F;Zarah_Leander;[425.1039   87.85312 459.96805 137.31583];206.0;772.0;295.0;683.0
LaHabanera-3583.jpeg;M;F;Zarah_Leander;[364.01663   51.001427 392.71173   91.291245];206.0;772.0;295.0;683.0
LaHabanera-3583.jpeg;M;F;Zarah_Leander;[964.1682   64.85655 996.4536  106.91333];206.0;772.0;295.0;683.0
LaHabanera-3583.jpeg;M;F;Zarah_Leander;[589.0086    34.87049  615.3618    67.802475];206.0;772.0;295.0;683.0
LaHabanera-3583.jpeg;M;F;Zarah_Leander;[534.67566   40.303596 564.12946   82.06248 ];206.0;772.0;295.0;683.0
LaHabanera-3583.jpeg;F;F;Zarah_Leander;[ 989.7794    30.34261 1016.10236   63.27628];206.0;772.0;295.0;683.0
LaHabanera-3583.jpeg;M;F;Zarah_Leander;[442.9333    57.465183 471.8076    96.443886];206.0;772.0;295.0;683.0
LaHabanera-35872.jpeg;M;M;Karl_Martell;[448.40927 247.85446 544.7383  384.72528];202.0;752.0;356.0;597.0
LaHabanera-35872.jpeg;F;M;Karl_Martell;[341.4787  285.5118  480.57593 487.0123 ];202.0;752.0;356.0;597.0
LaHabanera-35872.jpeg;M;M;Karl_Martell;[601.49927 157.26106 767.35974 365.3531 ];202.0;752.0;356.0;597.0
LaHabanera-35872.jpeg;F;M;Karl_Martell;[159.08192 283.88022 205.98357 403.51868];202.0;752.0;356.0;597.0
LaHabanera-37278.jpeg;F;F;Julia_Serda;[394.4551  151.5499  498.8718  302.15643];175.0;509.0;283.0;402.0
LaHabanera-37278.jpeg;F;F;Julia_Serda;[ 875.6261   116.21518 1017.73535  311.75208];175.0;509.0;283.0;402.0
LaHabanera-37360.jpeg;F;F;Julia_Serda;[392.9889  152.83086 500.68823 303.0262 ];175.0;509.0;283.0;402.0
LaHabanera-37360.jpeg;F;F;Julia_Serda;[ 875.33527  112.33765 1016.91235  310.26422];175.0;509.0;283.0;402.0
LaHabanera-37594.jpeg;F;F;Julia_Serda;[356.07892 144.94626 457.98056 291.60144];175.0;474.0;283.0;366.0
LaHabanera-37594.jpeg;F;F;Julia_Serda;[812.9582  154.90361 904.12573 376.83145];175.0;474.0;283.0;366.0
LaHabanera-37664.jpeg;M;M;Karl_Martell;[757.2793  133.2245  851.10236 270.2043 ];163.0;844.0;271.0;736.0
LaHabanera-37664.jpeg;M;M;Karl_Martell;[263.46927   85.077835 406.5184   248.59973 ];163.0;844.0;271.0;736.0
LaHabanera-37764.jpeg;M;M;Karl_Martell;[774.2056  126.08371 869.47424 266.90573];163.0;868.0;271.0;760.0
LaHabanera-37964.jpeg;M;M;Karl_Martell;[810.0406  169.82007 910.4798  315.44424];199.0;903.0;307.0;796.0
LaHabanera-39513.jpeg;F;F;Julia_Serda;[366.56226 243.7367  479.42233 413.8498 ];253.0;476.0;408.0;322.0
LaHabanera-39513.jpeg;M;F;Julia_Serda;[679.09045 101.24698 834.08746 288.602  ];253.0;476.0;408.0;322.0
LaHabanera-39713.jpeg;F;F;Julia_Serda;[692.2325    93.753654 803.6988   279.35422 ];236.0;562.0;391.0;408.0
LaHabanera-39713.jpeg;F;F;Julia_Serda;[390.84744 214.7049  514.58374 396.75134];236.0;562.0;391.0;408.0
LaHabanera-39713.jpeg;M;F;Julia_Serda;[1055.7633   230.67273 1085.5592   265.62848];236.0;562.0;391.0;408.0
LaHabanera-45084.jpeg;M;M;Boris_Alekin;[460.1667  144.78491 527.31506 245.00066];156.0;534.0;245.0;444.0
LaHabanera-45084.jpeg;M;M;Boris_Alekin;[809.6019  135.37637 892.6891  254.46368];156.0;534.0;245.0;444.0
LaHabanera-45084.jpeg;M;M;Boris_Alekin;[380.40512 195.36174 451.8439  297.51532];156.0;534.0;245.0;444.0
LaHabanera-45284.jpeg;M;M;Boris_Alekin;[469.93973 155.68323 535.569   252.51775];166.0;534.0;255.0;444.0
LaHabanera-45284.jpeg;F;M;Boris_Alekin;[867.70074   90.825745 934.3257   198.35725 ];166.0;534.0;255.0;444.0
LaHabanera-48533.jpeg;F;F;Zarah_Leander;[566.08545   77.762115 662.9593   206.59946 ];104.0;677.0;211.0;569.0
LaHabanera-48633.jpeg;F;F;Zarah_Leander;[579.35144  66.79909 672.6371  195.22821];92.0;689.0;199.0;581.0
LaHabanera-49312.jpeg;F;F;Zarah_Leander;[606.94415  66.53339 728.0814  227.22607];82.0;726.0;211.0;597.0
LaHabanera-49373.jpeg;M;M;Ferdinand_Marian;[433.77972   99.681366 544.73145  268.79883 ];125.0;569.0;254.0;440.0
LaHabanera-49373.jpeg;F;M;Ferdinand_Marian;[828.6556  117.9861  919.45123 300.63782];125.0;569.0;254.0;440.0
LaHabanera-49559.jpeg;M;F;Zarah_Leander;[661.6395   103.342834 774.83466  253.37671 ];140.0;772.0;247.0;665.0
LaHabanera-51006.jpeg;F;F;Zarah_Leander;[596.40027 148.83568 786.683   400.27917];201.0;799.0;387.0;613.0
LaHabanera-51206.jpeg;F;F;Zarah_Leander;[597.8947   93.77165 794.9778  388.55728];142.0;761.0;365.0;538.0
LaHabanera-52788.jpeg;F;F;Zarah_Leander;[488.79117 121.76838 646.42487 336.23364];139.0;634.0;325.0;448.0
LaHabanera-53037.jpeg;F;F;Zarah_Leander;[556.85864 133.64996 721.12836 341.54486];160.0;737.0;345.0;551.0
LaHabanera-53137.jpeg;F;F;Zarah_Leander;[512.63196  125.356514 660.7992   341.31763 ];139.0;655.0;325.0;469.0
LaHabanera-53727.jpeg;F;F;Zarah_Leander;[647.7199  127.55563 800.2652  341.75812];139.0;778.0;325.0;593.0
LaHabanera-53827.jpeg;F;F;Zarah_Leander;[648.2636  128.99611 804.0058  338.95117];139.0;799.0;325.0;613.0
LaHabanera-54267.jpeg;M;F;Zarah_Leander;[681.64    220.79091 793.9913  364.73544];259.0;784.0;367.0;677.0
LaHabanera-59640.jpeg;F;F;Zarah_Leander;[715.78766 204.70648 867.9031  415.98398];253.0;872.0;408.0;717.0
LaHabanera-59740.jpeg;F;F;Zarah_Leander;[684.6049  195.94293 836.597   392.9244 ];222.0;840.0;407.0;655.0
LaHabanera-59940.jpeg;F;F;Zarah_Leander;[702.18414 217.84952 852.9604  426.63342];242.0;861.0;428.0;675.0
LaHabanera-60040.jpeg;F;F;Zarah_Leander;[710.2058  203.94699 861.8094  413.74274];253.0;855.0;408.0;700.0
LaHabanera-60183.jpeg;F;F;Zarah_Leander;[695.30664 207.26285 850.5023  411.49933];236.0;838.0;391.0;683.0
LaHabanera-60441.jpeg;F;F;Zarah_Leander;[659.9857  248.92581 810.13257 453.91168];288.0;803.0;442.0;648.0
LaHabanera-60541.jpeg;F;F;Zarah_Leander;[665.2958  241.65459 817.64746 441.62305];270.0;820.0;425.0;666.0
LaHabanera-60641.jpeg;F;F;Zarah_Leander;[675.47754 239.25491 834.06885 440.33862];263.0;820.0;449.0;634.0
LaHabanera-60859.jpeg;F;F;Zarah_Leander;[544.9755  197.78862 776.7381  498.55597];266.0;786.0;489.0;563.0
LaHabanera-61055.jpeg;F;F;Zarah_Leander;[552.91956 230.1473  787.58435 533.0075 ];291.0;786.0;514.0;563.0
LaHabanera-61311.jpeg;F;F;Zarah_Leander;[550.7864  249.1477  786.60486 549.87695];316.0;786.0;539.0;563.0
LaHabanera-61497.jpeg;F;F;Zarah_Leander;[527.42773 174.53917 726.29785 483.64   ];242.0;736.0;464.0;513.0
LaHabanera-61656.jpeg;F;F;Julia_Serda;[833.5599  173.0018  949.65094 337.63657];196.0;927.0;325.0;798.0
LaHabanera-61721.jpeg;M;F;Zarah_Leander;[697.1108  176.02731 826.90753 395.43683];201.0;799.0;387.0;613.0
LaHabanera-61921.jpeg;F;F;Zarah_Leander;[427.76556 242.31693 550.8202  395.19476];201.0;758.0;387.0;572.0
LaHabanera-61921.jpeg;F;F;Zarah_Leander;[635.96423 186.74086 777.9884  408.36295];201.0;758.0;387.0;572.0
LaHabanera-62312.jpeg;F;F;Zarah_Leander;[546.6509  154.85141 822.1156  551.70483];206.0;812.0;527.0;491.0
LaHabanera-62412.jpeg;F;F;Zarah_Leander;[516.2776  164.46275 795.828   564.7064 ];206.0;776.0;527.0;455.0
LaHabanera-62512.jpeg;F;F;Zarah_Leander;[469.84674 168.23792 781.75476 563.23236];241.0;776.0;562.0;455.0
LaHabanera-62712.jpeg;F;F;Zarah_Leander;[627.5656  96.1996 817.1968 378.3443];142.0;811.0;365.0;588.0
LaHabanera-62912.jpeg;F;F;Julia_Serda;[643.38635 123.28897 796.9819  331.4434 ];139.0;799.0;325.0;613.0
LaHabanera-62912.jpeg;M;F;Julia_Serda;[282.0549  208.34796 407.12018 428.51303];139.0;799.0;325.0;613.0
LaHabanera-63012.jpeg;F;F;Zarah_Leander;[745.81537 115.53847 896.088   330.0606 ];139.0;923.0;325.0;737.0
LaHabanera-63012.jpeg;M;F;Zarah_Leander;[606.85614 340.82172 699.04663 501.70764];139.0;923.0;325.0;737.0
LaHabanera-63685.jpeg;M;F;Zarah_Leander;[708.45746 169.5395  891.88837 435.64514];192.0;885.0;415.0;662.0
LaHabanera-63785.jpeg;F;F;Zarah_Leander;[707.41956 139.0881  893.511   392.24762];167.0;885.0;390.0;662.0
LaHabanera-64085.jpeg;F;F;Zarah_Leander;[679.82263 149.51831 872.049   419.83258];192.0;860.0;415.0;637.0
LaHabanera-64179.jpeg;F;F;Zarah_Leander;[682.91547 134.1646  877.78    406.59668];167.0;860.0;390.0;637.0
LaHabanera-64422.jpeg;F;F;Zarah_Leander;[644.9648    96.660515 834.713    317.1458  ];139.0;861.0;325.0;675.0
LaHabanera-64422.jpeg;F;F;Zarah_Leander;[447.22485 371.54364 608.0137  592.2989 ];139.0;861.0;325.0;675.0
LaHabanera-64622.jpeg;F;F;Zarah_Leander;[622.3753  102.82095 794.1216  326.8924 ];118.0;778.0;304.0;593.0
LaHabanera-64622.jpeg;F;F;Zarah_Leander;[475.9992  361.94556 618.2858  560.2981 ];118.0;778.0;304.0;593.0
LaHabanera-64722.jpeg;F;F;Zarah_Leander;[664.8711  150.95197 841.72577 375.49844];167.0;835.0;390.0;613.0
LaHabanera-64722.jpeg;M;F;Zarah_Leander;[495.75635 370.18793 636.9706  568.6404 ];167.0;835.0;390.0;613.0
LaHabanera-65278.jpeg;F;F;Zarah_Leander;[635.6091    56.906036 811.38855  303.85645 ];98.0;820.0;284.0;634.0
LaHabanera-65278.jpeg;F;F;Zarah_Leander;[575.9815  397.65378 732.752   594.11   ];98.0;820.0;284.0;634.0
LaHabanera-65378.jpeg;F;F;Zarah_Leander;[602.8073   81.58876 770.0211  313.40433];118.0;778.0;304.0;593.0
LaHabanera-65378.jpeg;M;F;Zarah_Leander;[518.5547  360.76263 657.41144 552.6655 ];118.0;778.0;304.0;593.0
LaHabanera-65578.jpeg;F;F;Zarah_Leander;[628.59656   55.307373 799.7534   285.61502 ];77.0;799.0;263.0;613.0
LaHabanera-65578.jpeg;F;F;Zarah_Leander;[603.98047 379.03525 762.69135 602.97327];77.0;799.0;263.0;613.0
LaHabanera-65678.jpeg;F;F;Zarah_Leander;[646.8617  120.76354 815.44775 347.8745 ];142.0;835.0;365.0;613.0
LaHabanera-65678.jpeg;F;F;Zarah_Leander;[642.09674 376.83344 769.4994  556.2256 ];142.0;835.0;365.0;613.0
LaHabanera-65778.jpeg;F;F;Zarah_Leander;[604.1297  389.62637 739.7661  569.49866];160.0;778.0;345.0;593.0
LaHabanera-65778.jpeg;F;F;Zarah_Leander;[572.8358  106.86288 770.1216  335.67047];160.0;778.0;345.0;593.0
LaHabanera-66078.jpeg;F;F;Zarah_Leander;[624.6359   88.27948 794.8904  321.64398];118.0;778.0;304.0;593.0
LaHabanera-66078.jpeg;M;F;Zarah_Leander;[584.08777 313.39252 691.8772  487.75177];118.0;778.0;304.0;593.0
LaHabanera-66178.jpeg;M;F;Zarah_Leander;[615.2664  169.92722 785.97534 392.015  ];201.0;778.0;387.0;593.0
LaHabanera-66178.jpeg;M;F;Zarah_Leander;[592.77295 334.98187 684.542   499.49963];201.0;778.0;387.0;593.0
LaHabanera-68085.jpeg;M;M;Boris_Alekin;[766.4506   91.27653 870.252   241.68013];110.0;870.0;239.0;741.0
LaHabanera-68085.jpeg;M;M;Boris_Alekin;[466.0956  415.08746 579.0566  587.3101 ];110.0;870.0;239.0;741.0
LaHabanera-68085.jpeg;M;M;Boris_Alekin;[370.1723     -5.8081474 408.38907    46.71115  ];110.0;870.0;239.0;741.0
LaHabanera-70654.jpeg;F;F;Zarah_Leander;[594.6704  199.38069 835.4864  524.9949 ];231.0;795.0;498.0;527.0
LaHabanera-70754.jpeg;M;F;Zarah_Leander;[619.88885 153.35762 846.4894  460.0164 ];171.0;825.0;439.0;557.0
LaHabanera-78999.jpeg;M;F;Zarah_Leander;[590.97046   87.279755 812.2968   354.76962 ];142.0;786.0;365.0;563.0
LaHabanera-78999.jpeg;M;F;Zarah_Leander;[350.70966 489.4688  573.26215 732.5225 ];142.0;786.0;365.0;563.0
LaHabanera-79334.jpeg;F;F;Zarah_Leander;[614.7788  149.61942 813.1266  422.1352 ];192.0;786.0;415.0;563.0
LaHabanera-80759.jpeg;M;M;Karl_Martell;[751.1656    42.057323 847.543    171.69148 ];56.0;868.0;163.0;760.0
LaHabanera-80759.jpeg;M;M;Karl_Martell;[451.4473  104.25253 518.6529  227.40549];56.0;868.0;163.0;760.0
LaHabanera-84341.jpeg;M;M;Ferdinand_Marian;[734.2877  184.10846 839.95624 344.52454];223.0;832.0;331.0;724.0
LaHabanera-85751.jpeg;M;M;Karl_Martell;[635.04297 104.19425 779.3244  302.46008];133.0;769.0;288.0;614.0
LaHabanera-88093.jpeg;F;F;Zarah_Leander;[516.04144  99.14962 669.2365  314.31396];118.0;675.0;304.0;489.0
LaHabanera-89277.jpeg;M;M;Ferdinand_Marian;[577.5274    90.341034 795.8884   405.43695 ];112.0;854.0;379.0;587.0
LaHabanera-89501.jpeg;M;M;Ferdinand_Marian;[454.73285  83.93695 808.8362  622.60126];143.0;913.0;605.0;451.0
LaHabanera-9001.jpeg;F;F;Zarah_Leander;[366.7626  348.2901  492.1823  511.48364];339.0;494.0;494.0;339.0
LaHabanera-90382.jpeg;F;F;Zarah_Leander;[745.24    151.11407 876.7398  342.93417];167.0;855.0;322.0;700.0
LaHabanera-90382.jpeg;M;F;Zarah_Leander;[450.40512  72.69849 566.7968  291.33392];167.0;855.0;322.0;700.0
LaHabanera-90564.jpeg;M;M;Ferdinand_Marian;[520.6063   77.74692 672.7917  313.8806 ];118.0;655.0;304.0;469.0
LaHabanera-90773.jpeg;F;F;Zarah_Leander;[644.8533  103.45795 758.8914  261.81012];125.0;755.0;254.0;626.0
LaHabanera-90873.jpeg;F;F;Zarah_Leander;[651.826   102.63339 768.13025 269.2103 ];139.0;784.0;268.0;655.0
LaHabanera-9101.jpeg;F;F;Julia_Serda;[379.50934 367.4196  507.40628 527.6052 ];383.0;497.0;512.0;368.0
LaHabanera-9101.jpeg;M;F;Julia_Serda;[ 934.6705     14.141724 1039.1941    144.58524 ];383.0;497.0;512.0;368.0
LaHabanera-91727.jpeg;F;F;Zarah_Leander;[589.4773  111.60271 817.1765  412.61145];167.0;811.0;390.0;588.0
LaHabanera-92138.jpeg;M;M;Ferdinand_Marian;[640.81476   55.152916 754.4368   217.96452 ];82.0;769.0;211.0;640.0
LaHabanera-97139.jpeg;M;F;Zarah_Leander;[644.8802  103.96714 769.1659  273.39215];139.0;769.0;268.0;640.0
LaHabanera-97239.jpeg;M;F;Zarah_Leander;[637.35657 106.34535 759.85736 271.7492 ];116.0;752.0;270.0;597.0
LaHabanera-97436.jpeg;M;F;Zarah_Leander;[645.06525  98.89895 770.05054 264.61435];125.0;769.0;254.0;640.0
LaHabanera-97743.jpeg;F;F;Julia_Serda;[566.1015   78.01544 691.5662  245.85373];110.0;698.0;239.0;569.0
LaHabanera-97843.jpeg;F;F;Julia_Serda;[572.45447  73.6179  706.45154 230.39815];81.0;700.0;236.0;545.0
LaHabanera-98043.jpeg;F;F;Zarah_Leander;[571.6426    80.009445 708.58246  240.3248  ];98.0;700.0;253.0;545.0
LaHabanera-98143.jpeg;F;F;Zarah_Leander;[573.7326   81.79177 708.1334  242.82251];98.0;700.0;253.0;545.0
LaHabanera-98922.jpeg;F;F;Zarah_Leander;[670.4696  141.44699 787.41724 304.87268];150.0;786.0;305.0;631.0
LaHabanera-98922.jpeg;M;F;Zarah_Leander;[510.22104 271.37915 618.63293 432.79102];150.0;786.0;305.0;631.0
LaHabanera-99900.jpeg;M;F;Zarah_Leander;[ 927.1151   98.476  1089.8866  345.9886];217.0;588.0;440.0;365.0
LaHabanera-99900.jpeg;F;F;Zarah_Leander;[404.84082 205.64693 604.8468  470.10355];217.0;588.0;440.0;365.0
liebelei-102151.jpeg;M;M;Reinhold_Bernt;[ 98.85788  64.70212 148.18585 131.82904];39.0;335.0;101.0;273.0
liebelei-102151.jpeg;M;M;Reinhold_Bernt;[292.65808  26.86404 349.83514 107.05456];39.0;335.0;101.0;273.0
liebelei-102301.jpeg;M;M;Wolfgang_Liebeneiner;[281.90738   24.637878 343.08633  104.25163 ];30.0;337.0;105.0;262.0
liebelei-102301.jpeg;M;M;Wolfgang_Liebeneiner;[106.01652   62.193546 156.47925  133.17436 ];30.0;337.0;105.0;262.0
liebelei-102451.jpeg;M;M;Wolfgang_Liebeneiner;[ 89.13496  79.41401 140.26302 144.48587];30.0;328.0;105.0;254.0
liebelei-102451.jpeg;M;M;Wolfgang_Liebeneiner;[269.69724   26.409893 331.19357  105.35051 ];30.0;328.0;105.0;254.0
liebelei-102601.jpeg;M;M;Wolfgang_Liebeneiner;[255.57664   27.509514 316.96097  106.84614 ];30.0;312.0;105.0;237.0
liebelei-102601.jpeg;M;M;Wolfgang_Liebeneiner;[ 96.76898   65.049675 148.93156  136.15459 ];30.0;312.0;105.0;237.0
liebelei-105901.jpeg;F;F;Edith_Oss;[244.7845    34.111317 292.26343  117.397736];38.0;287.0;113.0;212.0
liebelei-106351.jpeg;F;F;Hansi_Knoteck;[161.7131   37.94713 265.14163 177.84085];68.0;247.0;175.0;139.0
liebelei-106501.jpeg;F;F;Hansi_Knoteck;[153.32964  39.11277 252.89165 181.96988];53.0;253.0;182.0;124.0
liebelei-106576.jpeg;F;F;Hansi_Knoteck;[147.66246   31.418024 244.83022  182.06435 ];56.0;235.0;163.0;127.0
liebelei-106576.jpeg;F;F;Hansi_Knoteck;[385.8234  209.58803 457.31967 307.09982];56.0;235.0;163.0;127.0
liebelei-106726.jpeg;F;F;Martha_Ziegler;[164.29462  40.32041 264.26694 182.80455];68.0;247.0;175.0;139.0
liebelei-106726.jpeg;M;F;Martha_Ziegler;[399.85107 216.63339 459.55002 306.6779 ];68.0;247.0;175.0;139.0
liebelei-106876.jpeg;F;F;Martha_Ziegler;[186.19147   48.722294 285.054    191.47066 ];86.0;265.0;176.0;175.0
liebelei-106876.jpeg;F;F;Martha_Ziegler;[415.18677 224.7094  468.325   308.73642];86.0;265.0;176.0;175.0
liebelei-107026.jpeg;F;F;Martha_Ziegler;[177.35214   34.140015 275.00595  189.16573 ];53.0;268.0;182.0;139.0
liebelei-107026.jpeg;F;F;Martha_Ziegler;[412.37262 226.19456 468.82883 310.84244];53.0;268.0;182.0;139.0
liebelei-107176.jpeg;F;F;Martha_Ziegler;[167.93361  51.48032 269.4056  191.17282];80.0;259.0;187.0;151.0
liebelei-107176.jpeg;M;F;Martha_Ziegler;[392.7118  221.922   462.72562 317.74503];80.0;259.0;187.0;151.0
liebelei-107401.jpeg;F;F;Hansi_Knoteck;[151.0506    34.327225 247.92784  174.96571 ];56.0;235.0;163.0;127.0
liebelei-107401.jpeg;F;F;Hansi_Knoteck;[413.98535 243.66982 466.78635 315.03137];56.0;235.0;163.0;127.0
liebelei-107551.jpeg;F;F;Martha_Ziegler;[157.07745  33.02965 251.98936 187.5083 ];39.0;253.0;168.0;124.0
liebelei-107551.jpeg;M;F;Martha_Ziegler;[403.7686  222.95645 466.82068 307.9839 ];39.0;253.0;168.0;124.0
liebelei-107701.jpeg;F;F;Hansi_Knoteck;[164.74706   32.707924 262.0788   186.60307 ];56.0;247.0;163.0;139.0
liebelei-107851.jpeg;F;F;Martha_Ziegler;[166.7813    33.604168 262.55197  179.75676 ];56.0;247.0;163.0;139.0
liebelei-107851.jpeg;M;F;Martha_Ziegler;[394.9637  226.73714 465.9521  322.23853];56.0;247.0;163.0;139.0
liebelei-108001.jpeg;F;F;Angela_Salloker;[164.06027   34.418255 262.66116  176.36542 ];56.0;247.0;163.0;139.0
liebelei-108001.jpeg;M;F;Angela_Salloker;[414.00476 235.54465 469.1722  318.78723];56.0;247.0;163.0;139.0
liebelei-108901.jpeg;F;F;Else_Elster;[152.00345 117.03461 193.69676 173.5587 ];127.0;199.0;170.0;156.0
liebelei-108901.jpeg;M;F;Else_Elster;[266.42148  80.81161 307.53748 133.76395];127.0;199.0;170.0;156.0
liebelei-115951.jpeg;F;F;Martha_Ziegler;[190.69588 115.8955  239.95596 187.89119];122.0;232.0;184.0;170.0
liebelei-116476.jpeg;F;F;Angela_Salloker;[180.04767  71.33185 265.94226 187.08926];86.0;275.0;176.0;185.0
liebelei-116626.jpeg;F;F;Martha_Ziegler;[205.4044    63.695766 301.83667  198.60988 ];80.0;318.0;187.0;211.0
liebelei-116776.jpeg;F;F;Martha_Ziegler;[186.79999  55.14716 300.62634 210.93352];82.0;325.0;211.0;196.0
liebelei-116926.jpeg;F;F;Martha_Ziegler;[177.1595   52.99666 307.9457  234.362  ];64.0;339.0;219.0;184.0
liebelei-117151.jpeg;F;F;Martha_Ziegler;[199.52863  69.32583 334.33328 250.1463 ];81.0;356.0;236.0;201.0
liebelei-117301.jpeg;F;F;Martha_Ziegler;[173.84367   65.109856 307.42307  247.04749 ];81.0;339.0;236.0;184.0
liebelei-117451.jpeg;F;F;Martha_Ziegler;[167.81386  85.97592 305.90494 258.2473 ];98.0;322.0;253.0;167.0
liebelei-117601.jpeg;F;F;Martha_Ziegler;[195.49954   65.637314 326.79404  248.61015 ];81.0;356.0;236.0;201.0
liebelei-117751.jpeg;F;F;Martha_Ziegler;[214.01141   76.299965 348.06723  263.0653  ];98.0;373.0;253.0;218.0
liebelei-117826.jpeg;F;F;Martha_Ziegler;[178.82254  66.25312 312.95035 254.08685];81.0;339.0;236.0;184.0
liebelei-117976.jpeg;F;F;Martha_Ziegler;[172.66293  76.3699  306.27823 258.10287];98.0;339.0;253.0;184.0
liebelei-118126.jpeg;F;F;Martha_Ziegler;[163.71948   42.615856 294.98663  221.39442 ];64.0;322.0;219.0;167.0
liebelei-118276.jpeg;F;F;Martha_Ziegler;[166.03352  43.36068 296.86127 220.91853];82.0;311.0;211.0;182.0
liebelei-118426.jpeg;F;F;Martha_Ziegler;[178.08565   63.624863 314.8638   243.81833 ];81.0;339.0;236.0;184.0
liebelei-118651.jpeg;F;F;Martha_Ziegler;[155.66975  48.42372 285.6988  228.75568];82.0;296.0;211.0;167.0
liebelei-118801.jpeg;F;F;Martha_Ziegler;[181.20822  65.94519 318.83362 247.1601 ];81.0;339.0;236.0;184.0
liebelei-118951.jpeg;F;F;Angela_Salloker;[177.82344  64.42693 308.46423 238.7334 ];81.0;339.0;236.0;184.0
liebelei-119101.jpeg;F;F;Martha_Ziegler;[172.26727   55.299343 302.7574   233.08897 ];81.0;339.0;236.0;184.0
liebelei-119251.jpeg;F;F;Martha_Ziegler;[161.54904  61.64982 289.15643 232.38837];96.0;311.0;225.0;182.0
liebelei-119326.jpeg;F;F;Martha_Ziegler;[163.51624  68.90834 292.2242  243.0726 ];81.0;322.0;236.0;167.0
liebelei-119476.jpeg;F;F;Martha_Ziegler;[141.24448  53.95134 269.9682  225.58401];82.0;282.0;211.0;153.0
liebelei-15226.jpeg;F;M;Reinhold_Bernt;[281.9986  169.12585 319.0993  217.35345];31.0;199.0;74.0;156.0
liebelei-15226.jpeg;F;F;Ursula_Grabley;[281.9986  169.12585 319.0993  217.35345];170.0;319.0;214.0;275.0
liebelei-15226.jpeg;F;M;Reinhold_Bernt;[154.02719   27.985203 188.27228   76.95751 ];31.0;199.0;74.0;156.0
liebelei-15226.jpeg;F;F;Ursula_Grabley;[154.02719   27.985203 188.27228   76.95751 ];170.0;319.0;214.0;275.0
liebelei-15526.jpeg;F;F;Ursula_Grabley;[141.42651   64.118324 219.45163  172.41808 ];76.0;215.0;166.0;126.0
liebelei-15901.jpeg;M;M;Werner_Scharf;[ 99.58793   35.803608 132.7449    84.995605];42.0;137.0;78.0;101.0
liebelei-17551.jpeg;M;M;Willy_Eichberger;[129.54523   18.441433 176.3528    74.57445 ];20.0;181.0;72.0;129.0
liebelei-17551.jpeg;M;M;Willy_Eichberger;[313.77066  112.288124 355.4705   171.67688 ];20.0;181.0;72.0;129.0
liebelei-18901.jpeg;M;F;Martha_Ziegler;[202.26009   61.604183 236.05405  110.67576 ];82.0;365.0;118.0;329.0
liebelei-18901.jpeg;M;F;Martha_Ziegler;[334.63742   70.868835 372.7802   122.04517 ];82.0;365.0;118.0;329.0
liebelei-18901.jpeg;M;F;Martha_Ziegler;[ 80.18564   19.898914 116.05745   67.602615];82.0;365.0;118.0;329.0
liebelei-18901.jpeg;M;F;Martha_Ziegler;[100.33932  78.11736 130.71089 118.82709];82.0;365.0;118.0;329.0
liebelei-22051.jpeg;M;M;Fritz_Odemar;[279.5452   34.38136 329.40286 106.39562];39.0;328.0;101.0;266.0
liebelei-22051.jpeg;F;M;Fritz_Odemar;[ 44.269817  96.14953   84.58568  156.57896 ];39.0;328.0;101.0;266.0
liebelei-22201.jpeg;M;F;Lien_Deyers;[304.78174  39.05125 347.45383  98.33422];79.0;151.0;122.0;108.0
liebelei-22201.jpeg;F;F;Lien_Deyers;[105.92603   75.163506 140.61075  126.05581 ];79.0;151.0;122.0;108.0
liebelei-22351.jpeg;F;F;Vilma_Bekendorf;[ 15.074537  76.08203   49.564713 124.11788 ];78.0;213.0;114.0;177.0
liebelei-22351.jpeg;F;F;Angela_Salloker;[ 15.074537  76.08203   49.564713 124.11788 ];79.0;59.0;122.0;16.0
liebelei-22351.jpeg;M;F;Vilma_Bekendorf;[339.69     39.14753 375.99146  88.41867];78.0;213.0;114.0;177.0
liebelei-22351.jpeg;M;F;Angela_Salloker;[339.69     39.14753 375.99146  88.41867];79.0;59.0;122.0;16.0
liebelei-22351.jpeg;F;F;Vilma_Bekendorf;[175.48756  72.88974 204.32634 115.40198];78.0;213.0;114.0;177.0
liebelei-22351.jpeg;F;F;Angela_Salloker;[175.48756  72.88974 204.32634 115.40198];79.0;59.0;122.0;16.0
liebelei-22576.jpeg;M;M;Hans_Unterkircher;[324.88065   47.956684 359.08932   91.658264];74.0;181.0;110.0;145.0
liebelei-22576.jpeg;M;F;Anneliese_Uhlig;[324.88065   47.956684 359.08932   91.658264];90.0;69.0;126.0;33.0
liebelei-22576.jpeg;F;M;Hans_Unterkircher;[ 36.803524  85.18697   64.70865  125.38206 ];74.0;181.0;110.0;145.0
liebelei-22576.jpeg;F;F;Anneliese_Uhlig;[ 36.803524  85.18697   64.70865  125.38206 ];90.0;69.0;126.0;33.0
liebelei-22576.jpeg;F;M;Hans_Unterkircher;[157.78867  73.59298 186.975   112.12383];74.0;181.0;110.0;145.0
liebelei-22576.jpeg;F;F;Anneliese_Uhlig;[157.78867  73.59298 186.975   112.12383];90.0;69.0;126.0;33.0
liebelei-22576.jpeg;F;M;Hans_Unterkircher;[431.02875  66.42225 449.56335  93.86671];74.0;181.0;110.0;145.0
liebelei-22576.jpeg;F;F;Anneliese_Uhlig;[431.02875  66.42225 449.56335  93.86671];90.0;69.0;126.0;33.0
liebelei-22801.jpeg;F;F;Angela_Salloker;[ 46.839474  91.29208   90.26559  150.68158 ];103.0;88.0;146.0;45.0
liebelei-22801.jpeg;M;F;Angela_Salloker;[194.75618  89.58334 231.4667  152.74098];103.0;88.0;146.0;45.0
liebelei-22801.jpeg;F;F;Angela_Salloker;[171.01154  52.28349 197.67781  83.70761];103.0;88.0;146.0;45.0
liebelei-22801.jpeg;M;F;Angela_Salloker;[289.95395   54.996365 329.35867  134.20383 ];103.0;88.0;146.0;45.0
liebelei-22951.jpeg;F;F;Inge_Landgut;[ 60.876713  84.50566  102.15257  145.58435 ];90.0;112.0;141.0;60.0
liebelei-22951.jpeg;F;F;Lisa_Helwig;[ 60.876713  84.50566  102.15257  145.58435 ];80.0;266.0;142.0;204.0
liebelei-22951.jpeg;F;F;Inge_Landgut;[224.95688  81.50256 272.3631  145.76674];90.0;112.0;141.0;60.0
liebelei-22951.jpeg;F;F;Lisa_Helwig;[224.95688  81.50256 272.3631  145.76674];80.0;266.0;142.0;204.0
liebelei-22951.jpeg;M;F;Inge_Landgut;[178.28215  55.10146 203.04724  87.48477];90.0;112.0;141.0;60.0
liebelei-22951.jpeg;M;F;Lisa_Helwig;[178.28215  55.10146 203.04724  87.48477];80.0;266.0;142.0;204.0
liebelei-22951.jpeg;M;F;Inge_Landgut;[285.54468   58.117733 322.0918   133.17549 ];90.0;112.0;141.0;60.0
liebelei-22951.jpeg;M;F;Lisa_Helwig;[285.54468   58.117733 322.0918   133.17549 ];80.0;266.0;142.0;204.0
liebelei-23101.jpeg;F;F;Marianne_Simson;[243.78099  84.25971 292.11008 148.68285];103.0;88.0;146.0;45.0
liebelei-23101.jpeg;F;F;Marianne_Simson;[ 49.920704  90.45607   93.339645 149.0926  ];103.0;88.0;146.0;45.0
liebelei-23101.jpeg;F;F;Marianne_Simson;[174.87195   53.587444 201.07791   87.45361 ];103.0;88.0;146.0;45.0
liebelei-23101.jpeg;F;F;Marianne_Simson;[324.13354   46.475807 364.97327  126.17599 ];103.0;88.0;146.0;45.0
liebelei-23251.jpeg;F;F;Angela_Salloker;[ 63.792286  86.38537  103.959076 146.22089 ];90.0;112.0;141.0;60.0
liebelei-23251.jpeg;M;F;Angela_Salloker;[226.61365  89.5186  281.29773 154.72556];90.0;112.0;141.0;60.0
liebelei-23251.jpeg;F;F;Angela_Salloker;[283.5218    44.966774 317.2242   123.25489 ];90.0;112.0;141.0;60.0
liebelei-23251.jpeg;M;F;Angela_Salloker;[179.55228   56.965862 204.73474   89.33763 ];90.0;112.0;141.0;60.0
liebelei-23326.jpeg;F;F;Marianne_Simson;[ 54.912582  87.35823   98.443375 148.45811 ];95.0;101.0;147.0;49.0
liebelei-23326.jpeg;M;F;Marianne_Simson;[245.87976   80.292274 296.6856   142.79707 ];95.0;101.0;147.0;49.0
liebelei-23326.jpeg;M;F;Marianne_Simson;[179.75444   55.544735 205.96133   88.73085 ];95.0;101.0;147.0;49.0
liebelei-23326.jpeg;M;F;Marianne_Simson;[370.04587   28.988523 406.54688  115.67286 ];95.0;101.0;147.0;49.0
liebelei-23476.jpeg;F;F;Marianne_Simson;[ 53.013096  97.07379   96.81188  153.60762 ];108.0;93.0;151.0;50.0
liebelei-23476.jpeg;M;F;Marianne_Simson;[255.78143  79.30401 304.42343 140.8303 ];108.0;93.0;151.0;50.0
liebelei-23476.jpeg;M;F;Marianne_Simson;[345.5766    47.929474 386.4018   126.63293 ];108.0;93.0;151.0;50.0
liebelei-23476.jpeg;M;F;Marianne_Simson;[185.12761  51.06697 210.59128  84.29224];108.0;93.0;151.0;50.0
liebelei-23626.jpeg;F;F;Angela_Salloker;[ 52.282204  92.91559   96.77963  151.0319  ];103.0;93.0;146.0;50.0
liebelei-23626.jpeg;F;F;Angela_Salloker;[256.9527   85.13669 305.9729  148.60666];103.0;93.0;146.0;50.0
liebelei-23626.jpeg;F;F;Angela_Salloker;[178.88136   52.181156 203.6781    83.858574];103.0;93.0;146.0;50.0
liebelei-23626.jpeg;M;F;Angela_Salloker;[332.85733  58.13881 376.231   139.77075];103.0;93.0;146.0;50.0
liebelei-23926.jpeg;M;F;Marianne_Simson;[ 53.490963 107.27198   95.2558   159.36066 ];118.0;93.0;161.0;50.0
liebelei-23926.jpeg;F;F;Marianne_Simson;[194.56123  94.25844 230.60843 152.24739];118.0;93.0;161.0;50.0
liebelei-23926.jpeg;F;F;Marianne_Simson;[176.8353    51.15096  203.16583   84.367325];118.0;93.0;161.0;50.0
liebelei-23926.jpeg;M;F;Marianne_Simson;[341.92114   33.656094 379.2217   115.29659 ];118.0;93.0;161.0;50.0
liebelei-26101.jpeg;M;M;Reinhold_Bernt;[117.47351   39.737335 172.56177  119.7291  ];47.0;196.0;121.0;121.0
liebelei-26101.jpeg;F;M;Reinhold_Bernt;[204.6684  113.99508 228.4805  151.69603];47.0;196.0;121.0;121.0
liebelei-26101.jpeg;M;M;Reinhold_Bernt;[285.53162  49.77279 330.09286 136.71964];47.0;196.0;121.0;121.0
liebelei-26251.jpeg;M;F;Hansi_Knoteck;[261.7325   89.68992 318.0172  173.51967];95.0;170.0;147.0;118.0
liebelei-26251.jpeg;F;F;Hansi_Knoteck;[107.89963   77.930405 162.72527  163.48822 ];95.0;170.0;147.0;118.0
liebelei-26251.jpeg;F;F;Hansi_Knoteck;[406.21408   57.270588 441.33014   98.28685 ];95.0;170.0;147.0;118.0
liebelei-26476.jpeg;F;F;Angela_Salloker;[109.191475  72.68289  163.84015  156.61772 ];80.0;187.0;155.0;113.0
liebelei-26476.jpeg;M;F;Angela_Salloker;[272.99673  82.70099 334.5966  163.29997];80.0;187.0;155.0;113.0
liebelei-26626.jpeg;M;M;Reinhold_Bernt;[155.59319  39.47655 218.6681  131.21593];73.0;315.0;135.0;252.0
liebelei-26626.jpeg;F;M;Reinhold_Bernt;[272.1111   55.55801 330.03738 146.6441 ];73.0;315.0;135.0;252.0
liebelei-26776.jpeg;M;M;Fritz_Odemar;[269.9558    56.389053 330.49442  145.26581 ];55.0;196.0;130.0;121.0
liebelei-26776.jpeg;M;M;Reinhold_Bernt;[269.9558    56.389053 330.49442  145.26581 ];73.0;315.0;135.0;252.0
liebelei-26776.jpeg;M;M;Fritz_Odemar;[115.87724  49.31807 178.40678 128.39925];55.0;196.0;130.0;121.0
liebelei-26776.jpeg;M;M;Reinhold_Bernt;[115.87724  49.31807 178.40678 128.39925];73.0;315.0;135.0;252.0
liebelei-26926.jpeg;M;M;Reinhold_Bernt;[268.569     57.951077 332.7595   148.2286  ];72.0;320.0;146.0;245.0
liebelei-26926.jpeg;M;M;Reinhold_Bernt;[120.64771  48.19495 184.10802 130.20894];72.0;320.0;146.0;245.0
liebelei-27151.jpeg;M;M;Reinhold_Bernt;[265.19867  53.93628 328.61218 147.17068];73.0;315.0;135.0;252.0
liebelei-27151.jpeg;M;M;Reinhold_Bernt;[ 99.108154  36.876865 160.38525  123.560326];73.0;315.0;135.0;252.0
liebelei-27601.jpeg;M;M;Willy_Eichberger;[121.91473  54.34817 186.51978 135.59814];63.0;204.0;138.0;129.0
liebelei-27601.jpeg;M;M;Reinhold_Bernt;[121.91473  54.34817 186.51978 135.59814];80.0;320.0;155.0;245.0
liebelei-27601.jpeg;M;M;Willy_Eichberger;[265.0215    67.635216 328.94278  156.6108  ];63.0;204.0;138.0;129.0
liebelei-27601.jpeg;M;M;Reinhold_Bernt;[265.0215    67.635216 328.94278  156.6108  ];80.0;320.0;155.0;245.0
liebelei-27751.jpeg;M;M;Albert_Lippert;[269.23383   62.002865 332.3033   153.05457 ];55.0;212.0;130.0;137.0
liebelei-27751.jpeg;M;M;Reinhold_Bernt;[269.23383   62.002865 332.3033   153.05457 ];80.0;315.0;142.0;252.0
liebelei-27751.jpeg;M;M;Albert_Lippert;[130.2516    47.516132 192.25365  132.14723 ];55.0;212.0;130.0;137.0
liebelei-27751.jpeg;M;M;Reinhold_Bernt;[130.2516    47.516132 192.25365  132.14723 ];80.0;315.0;142.0;252.0
liebelei-27826.jpeg;M;F;Edith_Oss;[228.34404   79.727165 280.07312  146.50832 ];87.0;280.0;149.0;218.0
liebelei-27826.jpeg;F;F;Edith_Oss;[151.06285   80.398544 198.15825  144.81297 ];87.0;280.0;149.0;218.0
liebelei-27826.jpeg;M;F;Edith_Oss;[ 87.51098     2.8978882 112.954704   36.98086  ];87.0;280.0;149.0;218.0
liebelei-29251.jpeg;M;M;Reinhold_Bernt;[219.91284  65.71837 251.33371 108.20209];70.0;245.0;106.0;209.0
liebelei-29251.jpeg;F;M;Reinhold_Bernt;[114.29843  99.97376 138.89873 137.69164];70.0;245.0;106.0;209.0
liebelei-36526.jpeg;M;F;Inge_Landgut;[118.46864  127.832405 162.58249  186.77313 ];130.0;170.0;182.0;118.0
liebelei-36526.jpeg;F;F;Inge_Landgut;[281.79166   53.101982 334.2443   117.1651  ];130.0;170.0;182.0;118.0
liebelei-36901.jpeg;M;F;Elisabeth_Flickenschild;[111.90368 120.50986 155.24782 189.41805];129.0;176.0;191.0;114.0
liebelei-36901.jpeg;M;F;Elisabeth_Flickenschild;[250.15628   60.436794 301.25082  138.58557 ];129.0;176.0;191.0;114.0
liebelei-38251.jpeg;F;F;Martha_Ziegler;[118.411026  91.112915 165.36505  153.64772 ];95.0;170.0;147.0;118.0
liebelei-38251.jpeg;M;F;Martha_Ziegler;[207.44565   36.110775 253.16759  101.71244 ];95.0;170.0;147.0;118.0
liebelei-38326.jpeg;F;F;Angela_Salloker;[162.82303  81.69586 212.97758 148.5999 ];80.0;225.0;142.0;163.0
liebelei-38326.jpeg;M;F;Angela_Salloker;[208.70535  33.8836  260.8213  101.02379];80.0;225.0;142.0;163.0
liebelei-45526.jpeg;M;F;Hilde_Krahl;[266.04327   54.080704 292.62762   88.54327 ];54.0;293.0;90.0;257.0
liebelei-45526.jpeg;F;F;Hilde_Krahl;[144.75119   50.456474 163.87503   82.55871 ];54.0;293.0;90.0;257.0
liebelei-46201.jpeg;M;F;Marianne_Simson;[263.25394   52.034576 294.87875   92.237625];54.0;293.0;90.0;257.0
liebelei-46351.jpeg;F;F;Angela_Salloker;[288.32083   44.477924 322.16888   87.64758 ];50.0;317.0;86.0;281.0
liebelei-46351.jpeg;F;F;Angela_Salloker;[135.39973   40.677444 162.99937   88.38386 ];50.0;317.0;86.0;281.0
liebelei-46501.jpeg;F;F;Marianne_Simson;[302.13815  40.69313 337.94794  85.47888];46.0;333.0;82.0;297.0
liebelei-46501.jpeg;F;F;Marianne_Simson;[105.708626  47.55578  143.38939   89.69027 ];46.0;333.0;82.0;297.0
liebelei-46576.jpeg;F;F;Hilde_Krahl;[306.23428   32.947506 343.46478   81.65762 ];36.0;338.0;79.0;295.0
liebelei-46576.jpeg;F;F;Hilde_Krahl;[106.62858  28.85379 141.00223  79.529  ];36.0;338.0;79.0;295.0
liebelei-46876.jpeg;M;F;Martha_Ziegler;[315.99088  52.22155 359.2585  104.43993];60.0;352.0;103.0;309.0
liebelei-46876.jpeg;F;F;Martha_Ziegler;[ 70.4766   54.60721 111.47468 104.48937];60.0;352.0;103.0;309.0
liebelei-47026.jpeg;F;F;Marianne_Simson;[331.88477   44.034595 376.0332   102.53223 ];49.0;371.0;101.0;319.0
liebelei-47026.jpeg;F;F;Marianne_Simson;[ 77.49497   22.065397 114.17857   86.677605];49.0;371.0;101.0;319.0
liebelei-47176.jpeg;M;F;Clementia_Egies;[189.6371  135.68044 227.75603 185.15443];142.0;223.0;185.0;180.0
liebelei-4726.jpeg;M;M;Werner_Scharf;[365.70038  28.93937 410.0139   90.93099];38.0;400.0;90.0;348.0
liebelei-4726.jpeg;M;M;Werner_Scharf;[218.30214   -4.593621 253.82643   42.101112];38.0;400.0;90.0;348.0
liebelei-4726.jpeg;F;M;Werner_Scharf;[246.50536   73.797676 297.169    157.54538 ];38.0;400.0;90.0;348.0
liebelei-4726.jpeg;M;M;Werner_Scharf;[444.27045     3.7208035 472.18475    43.993114 ];38.0;400.0;90.0;348.0
liebelei-48676.jpeg;M;M;Hans_Albers;[ 59.788322  44.956184 102.86008  106.97412 ];55.0;106.0;107.0;55.0
liebelei-48676.jpeg;M;M;Hans_Albers;[171.63293   37.988026 234.99068  111.763176];55.0;106.0;107.0;55.0
liebelei-4876.jpeg;F;M;Wolfgang_Liebeneiner;[335.9011   52.74946 375.28152 105.25228];96.0;287.0;171.0;212.0
liebelei-4876.jpeg;F;M;Ernst_Stahl_Nachbaur;[335.9011   52.74946 375.28152 105.25228];49.0;423.0;101.0;371.0
liebelei-4876.jpeg;M;M;Wolfgang_Liebeneiner;[268.51248   13.963415 306.95206   67.69014 ];96.0;287.0;171.0;212.0
liebelei-4876.jpeg;M;M;Ernst_Stahl_Nachbaur;[268.51248   13.963415 306.95206   67.69014 ];49.0;423.0;101.0;371.0
liebelei-4876.jpeg;M;M;Wolfgang_Liebeneiner;[389.62418  49.56388 431.81415 109.57838];96.0;287.0;171.0;212.0
liebelei-4876.jpeg;M;M;Ernst_Stahl_Nachbaur;[389.62418  49.56388 431.81415 109.57838];49.0;423.0;101.0;371.0
liebelei-4876.jpeg;M;M;Wolfgang_Liebeneiner;[179.86089  66.35489 241.72495 145.36182];96.0;287.0;171.0;212.0
liebelei-4876.jpeg;M;M;Ernst_Stahl_Nachbaur;[179.86089  66.35489 241.72495 145.36182];49.0;423.0;101.0;371.0
liebelei-4876.jpeg;M;M;Wolfgang_Liebeneiner;[236.87462  94.60977 300.1957  175.41252];96.0;287.0;171.0;212.0
liebelei-4876.jpeg;M;M;Ernst_Stahl_Nachbaur;[236.87462  94.60977 300.1957  175.41252];49.0;423.0;101.0;371.0
liebelei-5026.jpeg;M;M;Hans_Halden;[191.37141  60.04368 215.9859   94.73408];232.0;259.0;294.0;197.0
liebelei-53101.jpeg;M;M;Hans_Unterkircher;[ 27.523666 177.15369   65.15915  235.03625 ];126.0;305.0;162.0;269.0
liebelei-53101.jpeg;M;M;Hans_Unterkircher;[275.69962 121.19045 308.9895  164.03497];126.0;305.0;162.0;269.0
liebelei-53101.jpeg;M;M;Hans_Unterkircher;[321.44513 131.55206 356.74686 180.34909];126.0;305.0;162.0;269.0
liebelei-53101.jpeg;F;M;Hans_Unterkircher;[443.74222 154.20836 475.92868 208.36877];126.0;305.0;162.0;269.0
liebelei-53101.jpeg;M;M;Hans_Unterkircher;[ 43.366142 114.82214   70.62937  153.0471  ];126.0;305.0;162.0;269.0
liebelei-53476.jpeg;F;F;Wilma_Tatzel;[181.02611 142.29356 219.65675 192.43407];146.0;218.0;190.0;175.0
liebelei-53476.jpeg;M;F;Wilma_Tatzel;[292.85886 128.54297 337.53265 183.81905];146.0;218.0;190.0;175.0
liebelei-53476.jpeg;F;F;Wilma_Tatzel;[ 70.17264 159.95642 113.23611 212.79077];146.0;218.0;190.0;175.0
liebelei-53626.jpeg;F;F;Else_Elster;[246.41258 141.01659 285.06555 193.31511];159.0;152.0;211.0;101.0
liebelei-53626.jpeg;M;F;Else_Elster;[116.43118 152.93263 158.94054 212.77553];159.0;152.0;211.0;101.0
liebelei-53626.jpeg;M;F;Else_Elster;[353.6915  134.28427 400.7001  190.01376];159.0;152.0;211.0;101.0
liebelei-53626.jpeg;M;F;Else_Elster;[ 32.20665 129.64745  75.0782  192.46916];159.0;152.0;211.0;101.0
liebelei-5401.jpeg;M;M;Ekkehard_Arendt;[244.71173  67.06299 308.90903 148.99983];80.0;320.0;155.0;245.0
liebelei-5401.jpeg;M;M;Ekkehard_Arendt;[323.2669   96.03361 361.50415 146.69186];80.0;320.0;155.0;245.0
liebelei-5401.jpeg;M;M;Ekkehard_Arendt;[ 66.69416  80.53097  95.83904 122.72751];80.0;320.0;155.0;245.0
liebelei-5401.jpeg;M;M;Ekkehard_Arendt;[150.88951   66.497154 206.44608  158.11476 ];80.0;320.0;155.0;245.0
liebelei-5401.jpeg;F;M;Ekkehard_Arendt;[438.65643  121.469444 471.63837  179.48085 ];80.0;320.0;155.0;245.0
liebelei-54151.jpeg;F;F;Lotte_Rausch;[ 27.610842 111.24298   68.035805 175.9855  ];132.0;160.0;175.0;117.0
liebelei-54151.jpeg;F;F;Marianne_Simson;[ 27.610842 111.24298   68.035805 175.9855  ];142.0;266.0;185.0;223.0
liebelei-54151.jpeg;F;F;Lotte_Rausch;[118.4683  127.75994 155.94687 180.84317];132.0;160.0;175.0;117.0
liebelei-54151.jpeg;F;F;Marianne_Simson;[118.4683  127.75994 155.94687 180.84317];142.0;266.0;185.0;223.0
liebelei-54151.jpeg;M;F;Lotte_Rausch;[231.97464 135.57285 267.22025 183.82588];132.0;160.0;175.0;117.0
liebelei-54151.jpeg;M;F;Marianne_Simson;[231.97464 135.57285 267.22025 183.82588];142.0;266.0;185.0;223.0
liebelei-54151.jpeg;M;F;Lotte_Rausch;[343.09796 143.25502 381.88263 191.76582];132.0;160.0;175.0;117.0
liebelei-54151.jpeg;M;F;Marianne_Simson;[343.09796 143.25502 381.88263 191.76582];142.0;266.0;185.0;223.0
liebelei-54301.jpeg;F;F;Martha_Ziegler;[250.29718 140.1405  282.86356 190.15996];146.0;295.0;190.0;252.0
liebelei-54301.jpeg;M;F;Martha_Ziegler;[124.49368 130.67871 161.16327 182.2622 ];146.0;295.0;190.0;252.0
liebelei-54301.jpeg;M;F;Martha_Ziegler;[343.4846  143.36276 383.3013  191.43051];146.0;295.0;190.0;252.0
liebelei-54301.jpeg;M;F;Martha_Ziegler;[ 43.552578 128.13455   71.36753  179.2373  ];146.0;295.0;190.0;252.0
liebelei-54451.jpeg;M;F;Edith_Oss;[ 91.19022 152.90376 130.6337  205.14719];142.0;290.0;185.0;247.0
liebelei-54451.jpeg;F;F;Edith_Oss;[243.52922 138.30064 276.26324 187.53586];142.0;290.0;185.0;247.0
liebelei-54451.jpeg;M;F;Edith_Oss;[ 64.004005 132.18065   93.330055 183.42987 ];142.0;290.0;185.0;247.0
liebelei-55801.jpeg;M;M;Willy_Eichberger;[147.36064   57.684875 211.5035   140.50618 ];63.0;212.0;138.0;137.0
liebelei-55801.jpeg;M;M;Willy_Eichberger;[250.41975   93.052315 306.08405  177.70343 ];63.0;212.0;138.0;137.0
liebelei-55951.jpeg;M;M;Fritz_Odemar;[144.63037  68.73257 203.09843 155.11218];80.0;229.0;155.0;154.0
liebelei-55951.jpeg;M;M;Fritz_Odemar;[251.07788  94.10534 307.48923 176.54294];80.0;229.0;155.0;154.0
liebelei-56101.jpeg;M;M;Albert_Lippert;[133.62277  51.38795 200.27002 142.19576];63.0;204.0;138.0;129.0
liebelei-56101.jpeg;M;M;Albert_Lippert;[259.0355  106.85903 319.01852 185.17458];63.0;204.0;138.0;129.0
liebelei-56251.jpeg;M;M;Willy_Eichberger;[156.11674  61.33323 226.41068 144.07655];72.0;220.0;146.0;146.0
liebelei-56251.jpeg;F;M;Willy_Eichberger;[234.29059 101.42475 303.36584 181.36191];72.0;220.0;146.0;146.0
liebelei-57301.jpeg;F;F;Martha_Ziegler;[323.06226  83.2419  402.3529  178.1476 ];96.0;386.0;171.0;312.0
liebelei-58426.jpeg;M;M;Willy_Eichberger;[193.69215  26.56166 248.86443 107.90328];30.0;270.0;105.0;196.0
liebelei-59776.jpeg;F;F;Martha_Ziegler;[175.89     102.254776 237.4849   188.51561 ];113.0;254.0;188.0;179.0
liebelei-59776.jpeg;M;F;Martha_Ziegler;[231.3653   58.40283 290.27682 154.19296];113.0;254.0;188.0;179.0
liebelei-60376.jpeg;F;F;Edith_Oss;[152.08199 102.69104 212.3743  193.3832 ];113.0;229.0;188.0;154.0
liebelei-60376.jpeg;M;F;Edith_Oss;[209.80775  65.15448 276.07617 152.40631];113.0;229.0;188.0;154.0
liebelei-61201.jpeg;F;F;Edith_Oss;[226.70076  67.82878 308.8113  167.1801 ];76.0;305.0;166.0;215.0
liebelei-61501.jpeg;M;M;Eduard_von_Winterstein;[305.8585    71.485725 362.90717  143.97803 ];80.0;363.0;142.0;301.0
liebelei-61501.jpeg;M;M;Egon_von_Jordan;[305.8585    71.485725 362.90717  143.97803 ];251.0;83.0;303.0;31.0
liebelei-61501.jpeg;M;M;Eduard_von_Winterstein;[ 42.14393  243.74539   84.039604 307.39117 ];80.0;363.0;142.0;301.0
liebelei-61501.jpeg;M;M;Egon_von_Jordan;[ 42.14393  243.74539   84.039604 307.39117 ];251.0;83.0;303.0;31.0
liebelei-61501.jpeg;M;M;Eduard_von_Winterstein;[364.88992   38.028225 392.5825    70.179115];80.0;363.0;142.0;301.0
liebelei-61501.jpeg;M;M;Egon_von_Jordan;[364.88992   38.028225 392.5825    70.179115];251.0;83.0;303.0;31.0
liebelei-62701.jpeg;M;M;Siegfried_Breuer;[117.15425 108.72678 163.18364 168.55568];118.0;158.0;170.0;106.0
liebelei-62701.jpeg;M;M;Siegfried_Breuer;[236.30827  99.69078 270.97916 153.00294];118.0;158.0;170.0;106.0
liebelei-63001.jpeg;F;M;Leo_Peukert;[283.06088   38.795227 323.4143   103.857925];49.0;239.0;101.0;187.0
liebelei-63001.jpeg;M;M;Leo_Peukert;[189.8255    43.833447 230.86626  103.21432 ];49.0;239.0;101.0;187.0
liebelei-63001.jpeg;M;M;Leo_Peukert;[52.79346  44.965454 78.39823  95.44415 ];49.0;239.0;101.0;187.0
liebelei-63526.jpeg;M;M;Hans_Unterkircher;[295.59644  42.97965 361.2354  134.35321];55.0;162.0;130.0;88.0
liebelei-63526.jpeg;M;M;Hans_Unterkircher;[ 83.72367   43.885838 143.0363   130.94875 ];55.0;162.0;130.0;88.0
liebelei-63676.jpeg;M;M;Albert_Lippert;[292.27332  43.20441 357.63287 138.32233];55.0;171.0;130.0;96.0
liebelei-63676.jpeg;M;M;Albert_Lippert;[ 90.32845   46.905884 147.49506  131.60648 ];55.0;171.0;130.0;96.0
liebelei-64351.jpeg;M;M;Siegfried_Breuer;[277.39243  32.8474  355.39557 132.73418];56.0;165.0;146.0;76.0
liebelei-64351.jpeg;M;M;Siegfried_Breuer;[ 79.195724  50.1686   156.73972  146.92516 ];56.0;165.0;146.0;76.0
liebelei-64501.jpeg;F;F;Martha_Ziegler;[168.9334  125.18521 222.11267 192.0762 ];136.0;210.0;188.0;158.0
liebelei-64501.jpeg;F;F;Martha_Ziegler;[248.47604   54.506054 310.04254  126.340675];136.0;210.0;188.0;158.0
liebelei-6526.jpeg;M;M;Fritz_Odemar;[131.63632 122.13226 168.17967 167.99779];193.0;222.0;245.0;170.0
liebelei-6526.jpeg;M;M;Albert_Lippert;[131.63632 122.13226 168.17967 167.99779];127.0;170.0;170.0;127.0
liebelei-6526.jpeg;M;M;Hans_Halden;[131.63632 122.13226 168.17967 167.99779];98.0;373.0;134.0;337.0
liebelei-6526.jpeg;M;F;Hilde_Hildebrand;[131.63632 122.13226 168.17967 167.99779];222.0;66.0;274.0;14.0
liebelei-6526.jpeg;M;M;Fritz_Odemar;[178.7189  184.91766 224.79689 245.9773 ];193.0;222.0;245.0;170.0
liebelei-6526.jpeg;M;M;Albert_Lippert;[178.7189  184.91766 224.79689 245.9773 ];127.0;170.0;170.0;127.0
liebelei-6526.jpeg;M;M;Hans_Halden;[178.7189  184.91766 224.79689 245.9773 ];98.0;373.0;134.0;337.0
liebelei-6526.jpeg;M;F;Hilde_Hildebrand;[178.7189  184.91766 224.79689 245.9773 ];222.0;66.0;274.0;14.0
liebelei-6526.jpeg;M;M;Fritz_Odemar;[340.3665    91.937325 375.98703  137.8426  ];193.0;222.0;245.0;170.0
liebelei-6526.jpeg;M;M;Albert_Lippert;[340.3665    91.937325 375.98703  137.8426  ];127.0;170.0;170.0;127.0
liebelei-6526.jpeg;M;M;Hans_Halden;[340.3665    91.937325 375.98703  137.8426  ];98.0;373.0;134.0;337.0
liebelei-6526.jpeg;M;F;Hilde_Hildebrand;[340.3665    91.937325 375.98703  137.8426  ];222.0;66.0;274.0;14.0
liebelei-6526.jpeg;F;M;Fritz_Odemar;[ 25.546423 219.25464   69.18065  273.1627  ];193.0;222.0;245.0;170.0
liebelei-6526.jpeg;F;M;Albert_Lippert;[ 25.546423 219.25464   69.18065  273.1627  ];127.0;170.0;170.0;127.0
liebelei-6526.jpeg;F;M;Hans_Halden;[ 25.546423 219.25464   69.18065  273.1627  ];98.0;373.0;134.0;337.0
liebelei-6526.jpeg;F;F;Hilde_Hildebrand;[ 25.546423 219.25464   69.18065  273.1627  ];222.0;66.0;274.0;14.0
liebelei-6526.jpeg;M;M;Fritz_Odemar;[271.58972  92.70137 300.35522 133.82074];193.0;222.0;245.0;170.0
liebelei-6526.jpeg;M;M;Albert_Lippert;[271.58972  92.70137 300.35522 133.82074];127.0;170.0;170.0;127.0
liebelei-6526.jpeg;M;M;Hans_Halden;[271.58972  92.70137 300.35522 133.82074];98.0;373.0;134.0;337.0
liebelei-6526.jpeg;M;F;Hilde_Hildebrand;[271.58972  92.70137 300.35522 133.82074];222.0;66.0;274.0;14.0
liebelei-6526.jpeg;M;M;Fritz_Odemar;[205.77667  71.02616 229.15924 101.92958];193.0;222.0;245.0;170.0
liebelei-6526.jpeg;M;M;Albert_Lippert;[205.77667  71.02616 229.15924 101.92958];127.0;170.0;170.0;127.0
liebelei-6526.jpeg;M;M;Hans_Halden;[205.77667  71.02616 229.15924 101.92958];98.0;373.0;134.0;337.0
liebelei-6526.jpeg;M;F;Hilde_Hildebrand;[205.77667  71.02616 229.15924 101.92958];222.0;66.0;274.0;14.0
liebelei-6526.jpeg;F;M;Fritz_Odemar;[ 80.95659  80.89922  96.67077 100.88288];193.0;222.0;245.0;170.0
liebelei-6526.jpeg;F;M;Albert_Lippert;[ 80.95659  80.89922  96.67077 100.88288];127.0;170.0;170.0;127.0
liebelei-6526.jpeg;F;M;Hans_Halden;[ 80.95659  80.89922  96.67077 100.88288];98.0;373.0;134.0;337.0
liebelei-6526.jpeg;F;F;Hilde_Hildebrand;[ 80.95659  80.89922  96.67077 100.88288];222.0;66.0;274.0;14.0
liebelei-6526.jpeg;F;M;Fritz_Odemar;[140.28415   55.318363 156.10254   75.47557 ];193.0;222.0;245.0;170.0
liebelei-6526.jpeg;F;M;Albert_Lippert;[140.28415   55.318363 156.10254   75.47557 ];127.0;170.0;170.0;127.0
liebelei-6526.jpeg;F;M;Hans_Halden;[140.28415   55.318363 156.10254   75.47557 ];98.0;373.0;134.0;337.0
liebelei-6526.jpeg;F;F;Hilde_Hildebrand;[140.28415   55.318363 156.10254   75.47557 ];222.0;66.0;274.0;14.0
liebelei-6526.jpeg;M;M;Fritz_Odemar;[  0.81920576 132.48119     26.373484   168.21979   ];193.0;222.0;245.0;170.0
liebelei-6526.jpeg;M;M;Albert_Lippert;[  0.81920576 132.48119     26.373484   168.21979   ];127.0;170.0;170.0;127.0
liebelei-6526.jpeg;M;M;Hans_Halden;[  0.81920576 132.48119     26.373484   168.21979   ];98.0;373.0;134.0;337.0
liebelei-6526.jpeg;M;F;Hilde_Hildebrand;[  0.81920576 132.48119     26.373484   168.21979   ];222.0;66.0;274.0;14.0
liebelei-6526.jpeg;F;M;Fritz_Odemar;[101.21709   51.426857 115.985214  71.99674 ];193.0;222.0;245.0;170.0
liebelei-6526.jpeg;F;M;Albert_Lippert;[101.21709   51.426857 115.985214  71.99674 ];127.0;170.0;170.0;127.0
liebelei-6526.jpeg;F;M;Hans_Halden;[101.21709   51.426857 115.985214  71.99674 ];98.0;373.0;134.0;337.0
liebelei-6526.jpeg;F;F;Hilde_Hildebrand;[101.21709   51.426857 115.985214  71.99674 ];222.0;66.0;274.0;14.0
liebelei-6526.jpeg;M;M;Fritz_Odemar;[142.05174  80.97272 166.94693 114.26096];193.0;222.0;245.0;170.0
liebelei-6526.jpeg;M;M;Albert_Lippert;[142.05174  80.97272 166.94693 114.26096];127.0;170.0;170.0;127.0
liebelei-6526.jpeg;M;M;Hans_Halden;[142.05174  80.97272 166.94693 114.26096];98.0;373.0;134.0;337.0
liebelei-6526.jpeg;M;F;Hilde_Hildebrand;[142.05174  80.97272 166.94693 114.26096];222.0;66.0;274.0;14.0
liebelei-6526.jpeg;F;M;Fritz_Odemar;[ 7.4214444 60.098843  24.566847  83.6648   ];193.0;222.0;245.0;170.0
liebelei-6526.jpeg;F;M;Albert_Lippert;[ 7.4214444 60.098843  24.566847  83.6648   ];127.0;170.0;170.0;127.0
liebelei-6526.jpeg;F;M;Hans_Halden;[ 7.4214444 60.098843  24.566847  83.6648   ];98.0;373.0;134.0;337.0
liebelei-6526.jpeg;F;F;Hilde_Hildebrand;[ 7.4214444 60.098843  24.566847  83.6648   ];222.0;66.0;274.0;14.0
liebelei-6526.jpeg;F;M;Fritz_Odemar;[50.12527 41.59464 65.20984 61.10623];193.0;222.0;245.0;170.0
liebelei-6526.jpeg;F;M;Albert_Lippert;[50.12527 41.59464 65.20984 61.10623];127.0;170.0;170.0;127.0
liebelei-6526.jpeg;F;M;Hans_Halden;[50.12527 41.59464 65.20984 61.10623];98.0;373.0;134.0;337.0
liebelei-6526.jpeg;F;F;Hilde_Hildebrand;[50.12527 41.59464 65.20984 61.10623];222.0;66.0;274.0;14.0
liebelei-6526.jpeg;M;M;Fritz_Odemar;[111.33289  38.38172 125.52335  57.21881];193.0;222.0;245.0;170.0
liebelei-6526.jpeg;M;M;Albert_Lippert;[111.33289  38.38172 125.52335  57.21881];127.0;170.0;170.0;127.0
liebelei-6526.jpeg;M;M;Hans_Halden;[111.33289  38.38172 125.52335  57.21881];98.0;373.0;134.0;337.0
liebelei-6526.jpeg;M;F;Hilde_Hildebrand;[111.33289  38.38172 125.52335  57.21881];222.0;66.0;274.0;14.0
liebelei-6526.jpeg;F;M;Fritz_Odemar;[ 97.89747   95.11277  119.867226 121.568756];193.0;222.0;245.0;170.0
liebelei-6526.jpeg;F;M;Albert_Lippert;[ 97.89747   95.11277  119.867226 121.568756];127.0;170.0;170.0;127.0
liebelei-6526.jpeg;F;M;Hans_Halden;[ 97.89747   95.11277  119.867226 121.568756];98.0;373.0;134.0;337.0
liebelei-6526.jpeg;F;F;Hilde_Hildebrand;[ 97.89747   95.11277  119.867226 121.568756];222.0;66.0;274.0;14.0
liebelei-6526.jpeg;M;M;Fritz_Odemar;[232.69574   55.401344 253.84341   80.31396 ];193.0;222.0;245.0;170.0
liebelei-6526.jpeg;M;M;Albert_Lippert;[232.69574   55.401344 253.84341   80.31396 ];127.0;170.0;170.0;127.0
liebelei-6526.jpeg;M;M;Hans_Halden;[232.69574   55.401344 253.84341   80.31396 ];98.0;373.0;134.0;337.0
liebelei-6526.jpeg;M;F;Hilde_Hildebrand;[232.69574   55.401344 253.84341   80.31396 ];222.0;66.0;274.0;14.0
liebelei-6526.jpeg;M;M;Fritz_Odemar;[138.1547    33.306534 151.81113   49.80295 ];193.0;222.0;245.0;170.0
liebelei-6526.jpeg;M;M;Albert_Lippert;[138.1547    33.306534 151.81113   49.80295 ];127.0;170.0;170.0;127.0
liebelei-6526.jpeg;M;M;Hans_Halden;[138.1547    33.306534 151.81113   49.80295 ];98.0;373.0;134.0;337.0
liebelei-6526.jpeg;M;F;Hilde_Hildebrand;[138.1547    33.306534 151.81113   49.80295 ];222.0;66.0;274.0;14.0
liebelei-6526.jpeg;F;M;Fritz_Odemar;[16.575071 45.623127 28.561262 61.822754];193.0;222.0;245.0;170.0
liebelei-6526.jpeg;F;M;Albert_Lippert;[16.575071 45.623127 28.561262 61.822754];127.0;170.0;170.0;127.0
liebelei-6526.jpeg;F;M;Hans_Halden;[16.575071 45.623127 28.561262 61.822754];98.0;373.0;134.0;337.0
liebelei-6526.jpeg;F;F;Hilde_Hildebrand;[16.575071 45.623127 28.561262 61.822754];222.0;66.0;274.0;14.0
liebelei-68926.jpeg;M;M;Werner_Scharf;[220.48212  34.6196  252.38135 101.3698 ];50.0;245.0;86.0;209.0
liebelei-69301.jpeg;F;F;Angela_Salloker;[215.83052   94.626816 248.02148  137.77588 ];98.0;245.0;134.0;209.0
liebelei-69451.jpeg;F;F;Else_Elster;[ 99.1521    52.453823 145.17387  118.500465];61.0;141.0;113.0;89.0
liebelei-69451.jpeg;F;F;Else_Elster;[298.2637      1.7375174 353.52234    75.43881  ];61.0;141.0;113.0;89.0
liebelei-69601.jpeg;F;F;Ursula_Grabley;[146.92479   60.651505 190.21715  122.990326];67.0;204.0;118.0;152.0
liebelei-69601.jpeg;F;F;Ursula_Grabley;[300.66138    14.3778515 350.87222    93.36729  ];67.0;204.0;118.0;152.0
liebelei-69751.jpeg;F;F;Ursula_Grabley;[139.65157  68.56793 185.64296 132.33958];78.0;193.0;130.0;141.0
liebelei-69751.jpeg;F;F;Ursula_Grabley;[300.07053   16.324177 355.1587    98.0478  ];78.0;193.0;130.0;141.0
liebelei-69826.jpeg;F;F;Else_Elster;[166.3376    56.992424 213.06094  121.909836];67.0;216.0;118.0;164.0
liebelei-69826.jpeg;F;F;Else_Elster;[303.90204   14.691401 348.38412   89.62182 ];67.0;216.0;118.0;164.0
liebelei-69976.jpeg;F;F;Clementia_Egies;[145.13567  58.8587  187.91983 119.13011];61.0;199.0;113.0;147.0
liebelei-69976.jpeg;F;F;Clementia_Egies;[298.17532   14.854188 351.19275   91.33366 ];61.0;199.0;113.0;147.0
liebelei-70426.jpeg;M;M;Ernst_Stahl_Nachbaur;[218.21059  65.93998 291.86627 175.20499];59.0;425.0;122.0;363.0
liebelei-70426.jpeg;M;M;Ernst_Stahl_Nachbaur;[379.22995   52.423687 435.59018  126.70041 ];59.0;425.0;122.0;363.0
liebelei-71326.jpeg;M;F;Charlotte_Schellhorn;[ 63.68243   31.00019  117.96678  108.545616];198.0;328.0;260.0;266.0
liebelei-71326.jpeg;F;F;Charlotte_Schellhorn;[284.01047 189.36157 336.44504 264.6352 ];198.0;328.0;260.0;266.0
liebelei-74476.jpeg;F;F;Ursula_Grabley;[197.95451   80.397194 252.75883  146.6016  ];95.0;245.0;147.0;193.0
liebelei-77251.jpeg;F;M;Reinhold_Bernt;[245.27528   40.69096  293.525    104.581825];44.0;302.0;95.0;250.0
liebelei-77251.jpeg;M;M;Reinhold_Bernt;[ 67.76325  85.05458 104.40226 135.92188];44.0;302.0;95.0;250.0
liebelei-77476.jpeg;M;F;Elisabeth_Flickenschild;[367.87558 205.23251 409.74194 253.69792];209.0;405.0;252.0;362.0
liebelei-7801.jpeg;M;M;Ekkehard_Arendt;[154.83804  66.89522 221.69267 166.72133];32.0;306.0;140.0;199.0
liebelei-7801.jpeg;M;M;Ekkehard_Arendt;[237.0351    28.912476 317.65097  144.49101 ];32.0;306.0;140.0;199.0
liebelei-79276.jpeg;M;M;Reinhold_Bernt;[114.63585   50.755405 158.00851  119.83617 ];53.0;176.0;115.0;114.0
liebelei-79276.jpeg;M;M;Reinhold_Bernt;[211.3914    42.876415 257.6609   109.84415 ];53.0;176.0;115.0;114.0
liebelei-80476.jpeg;M;M;Ekkehard_Arendt;[118.18071   45.682674 172.34152  120.72681 ];46.0;342.0;108.0;280.0
liebelei-80476.jpeg;M;M;Ekkehard_Arendt;[293.63605   35.020065 350.7869   109.96016 ];46.0;342.0;108.0;280.0
liebelei-80776.jpeg;M;M;Albert_Lippert;[100.3112    37.250298 151.5924   112.67385 ];38.0;171.0;113.0;96.0
liebelei-80776.jpeg;M;M;Ekkehard_Arendt;[100.3112    37.250298 151.5924   112.67385 ];39.0;328.0;101.0;266.0
liebelei-80776.jpeg;M;M;Albert_Lippert;[284.5536    30.21655  341.40234  106.029465];38.0;171.0;113.0;96.0
liebelei-80776.jpeg;M;M;Ekkehard_Arendt;[284.5536    30.21655  341.40234  106.029465];39.0;328.0;101.0;266.0
liebelei-80926.jpeg;M;M;Reinhold_Bernt;[ 73.50097   41.859367 140.09912  139.93105 ];46.0;165.0;136.0;76.0
liebelei-80926.jpeg;M;M;Reinhold_Bernt;[317.4241    33.348614 391.41162  135.1989  ];46.0;165.0;136.0;76.0
liebelei-81301.jpeg;M;M;Reinhold_Bernt;[ 96.05262  35.15903 152.6274  123.27477];47.0;171.0;121.0;96.0
liebelei-81301.jpeg;M;M;Reinhold_Bernt;[301.9279   32.80506 363.8787  112.64508];47.0;171.0;121.0;96.0
liebelei-82276.jpeg;M;M;Wolfgang_Liebeneiner;[235.88922  32.57426 304.09952 128.99883];47.0;295.0;121.0;220.0
liebelei-82726.jpeg;F;M;Reinhold_Bernt;[149.27014  35.28903 184.36765  89.38804];41.0;199.0;84.0;156.0
liebelei-82726.jpeg;F;M;Reinhold_Bernt;[229.60423   23.497818 268.6583    76.67803 ];41.0;199.0;84.0;156.0
liebelei-82876.jpeg;F;M;Karl_Etlinger;[204.95631  13.91785 245.33589  70.99481];46.0;117.0;89.0;74.0
liebelei-82876.jpeg;F;M;Karl_Etlinger;[ 69.75721  41.17442 106.85277  92.00927];46.0;117.0;89.0;74.0
liebelei-82876.jpeg;M;M;Karl_Etlinger;[310.73315   59.452236 340.86664  116.980034];46.0;117.0;89.0;74.0
liebelei-83176.jpeg;M;M;Heinz_Salfner;[153.4176    36.07869  190.47981   89.852165];41.0;204.0;84.0;160.0
liebelei-87526.jpeg;M;M;Fritz_Odemar;[302.56616 214.41385 347.05582 270.73734];211.0;342.0;274.0;280.0
liebelei-87526.jpeg;F;M;Fritz_Odemar;[145.53049   44.993603 183.16142   95.34617 ];211.0;342.0;274.0;280.0
liebelei-8776.jpeg;F;F;Hilde_Hildebrand;[ 50.467422 129.54053   91.21727  185.78831 ];132.0;357.0;175.0;314.0
liebelei-8776.jpeg;F;M;Willy_Eichberger;[ 50.467422 129.54053   91.21727  185.78831 ];80.0;232.0;142.0;170.0
liebelei-8776.jpeg;F;F;Hilde_Hildebrand;[312.87985 130.44049 348.26843 175.51454];132.0;357.0;175.0;314.0
liebelei-8776.jpeg;F;M;Willy_Eichberger;[312.87985 130.44049 348.26843 175.51454];80.0;232.0;142.0;170.0
liebelei-8776.jpeg;M;F;Hilde_Hildebrand;[115.0701  127.57984 148.75247 173.88943];132.0;357.0;175.0;314.0
liebelei-8776.jpeg;M;M;Willy_Eichberger;[115.0701  127.57984 148.75247 173.88943];80.0;232.0;142.0;170.0
liebelei-8776.jpeg;M;F;Hilde_Hildebrand;[164.87987  66.05152 227.64368 143.30508];132.0;357.0;175.0;314.0
liebelei-8776.jpeg;M;M;Willy_Eichberger;[164.87987  66.05152 227.64368 143.30508];80.0;232.0;142.0;170.0
liebelei-8776.jpeg;M;F;Hilde_Hildebrand;[382.5926  118.1856  419.22174 167.28015];132.0;357.0;175.0;314.0
liebelei-8776.jpeg;M;M;Willy_Eichberger;[382.5926  118.1856  419.22174 167.28015];80.0;232.0;142.0;170.0
liebelei-8776.jpeg;M;F;Hilde_Hildebrand;[ -1.2474368 130.19547    21.428673  171.60368  ];132.0;357.0;175.0;314.0
liebelei-8776.jpeg;M;M;Willy_Eichberger;[ -1.2474368 130.19547    21.428673  171.60368  ];80.0;232.0;142.0;170.0
liebelei-88051.jpeg;M;M;Hans_Albers;[208.41743   86.653145 260.6326   151.1419  ];90.0;250.0;141.0;199.0
liebelei-88726.jpeg;F;F;Julia_Serda;[165.92584   61.086697 209.60936  120.83697 ];67.0;204.0;118.0;152.0
liebelei-88726.jpeg;F;M;Fritz_Odemar;[165.92584   61.086697 209.60936  120.83697 ];130.0;343.0;182.0;291.0
liebelei-88726.jpeg;M;F;Julia_Serda;[283.57303 126.49131 329.9365  185.53308];67.0;204.0;118.0;152.0
liebelei-88726.jpeg;M;M;Fritz_Odemar;[283.57303 126.49131 329.9365  185.53308];130.0;343.0;182.0;291.0
liebelei-89026.jpeg;F;M;Fritz_Odemar;[140.62424  81.76909 180.02371 145.64166];38.0;239.0;90.0;187.0
liebelei-89026.jpeg;M;M;Fritz_Odemar;[203.38832  27.92455 254.68399  97.38927];38.0;239.0;90.0;187.0
liebelei-89176.jpeg;F;F;Edith_Oss;[203.5927   89.5629  237.83916 139.76434];94.0;232.0;137.0;189.0
liebelei-89176.jpeg;M;F;Edith_Oss;[139.02783   52.119743 172.35608  103.370026];94.0;232.0;137.0;189.0
liebelei-90151.jpeg;F;F;Martha_Ziegler;[267.7386   72.42665 316.2334  131.17232];84.0;314.0;136.0;262.0
liebelei-90151.jpeg;M;F;Martha_Ziegler;[133.04468 115.72721 185.2798  175.8486 ];84.0;314.0;136.0;262.0
liebelei-90826.jpeg;F;F;Edith_Oss;[277.17795  66.6841  330.43887 135.12141];84.0;325.0;136.0;273.0
liebelei-90826.jpeg;M;F;Edith_Oss;[126.383995 108.75704  184.21115  180.24078 ];84.0;325.0;136.0;273.0
liebelei-90826.jpeg;F;F;Edith_Oss;[ 25.585892 133.7033    74.016045 197.37286 ];84.0;325.0;136.0;273.0
liebelei-90976.jpeg;F;F;Edith_Oss;[275.09927   65.927536 327.505    134.83806 ];73.0;322.0;135.0;259.0
liebelei-90976.jpeg;F;M;Ekkehard_Arendt;[275.09927   65.927536 327.505    134.83806 ];115.0;197.0;177.0;135.0
liebelei-90976.jpeg;M;F;Edith_Oss;[130.9501  107.78359 188.52632 179.44293];73.0;322.0;135.0;259.0
liebelei-90976.jpeg;M;M;Ekkehard_Arendt;[130.9501  107.78359 188.52632 179.44293];115.0;197.0;177.0;135.0
liebelei-90976.jpeg;F;F;Edith_Oss;[ 24.660572 138.3029    71.23988  197.57277 ];73.0;322.0;135.0;259.0
liebelei-90976.jpeg;F;M;Ekkehard_Arendt;[ 24.660572 138.3029    71.23988  197.57277 ];115.0;197.0;177.0;135.0
liebelei-91126.jpeg;F;F;Edith_Oss;[270.5717   73.02784 323.76645 143.58147];80.0;315.0;142.0;252.0
liebelei-91126.jpeg;M;F;Edith_Oss;[120.77444 108.46342 182.63136 181.99794];80.0;315.0;142.0;252.0
liebelei-91126.jpeg;F;F;Edith_Oss;[ 18.368492 138.41258   70.571625 211.5365  ];80.0;315.0;142.0;252.0
liebelei-91276.jpeg;F;F;Edith_Oss;[262.60583  79.19604 318.98877 151.16342];87.0;308.0;149.0;246.0
liebelei-91276.jpeg;M;F;Edith_Oss;[134.49445 106.17915 195.04567 183.94983];87.0;308.0;149.0;246.0
liebelei-91276.jpeg;F;F;Edith_Oss;[ 15.966309 137.61209   69.85574  208.87895 ];87.0;308.0;149.0;246.0
liebelei-91426.jpeg;M;F;Marianne_Simson;[126.621765  98.24312  190.74731  178.30197 ];80.0;322.0;142.0;259.0
liebelei-91426.jpeg;F;F;Marianne_Simson;[275.30667  66.65648 333.37344 142.48549];80.0;322.0;142.0;259.0
liebelei-91426.jpeg;F;F;Marianne_Simson;[ 11.168922 139.60388   62.60578  214.32814 ];80.0;322.0;142.0;259.0
liebelei-91651.jpeg;M;M;Ekkehard_Arendt;[106.98542  87.78156 174.92699 178.70079];96.0;179.0;171.0;104.0
liebelei-91651.jpeg;M;F;Martha_Ziegler;[106.98542  87.78156 174.92699 178.70079];73.0;328.0;135.0;266.0
liebelei-91651.jpeg;F;M;Ekkehard_Arendt;[280.77054   61.175224 341.1132   141.91049 ];96.0;179.0;171.0;104.0
liebelei-91651.jpeg;F;F;Martha_Ziegler;[280.77054   61.175224 341.1132   141.91049 ];73.0;328.0;135.0;266.0
liebelei-91801.jpeg;F;M;Ekkehard_Arendt;[281.14816   55.263134 346.62793  139.30591 ];105.0;171.0;179.0;96.0
liebelei-91801.jpeg;F;F;Angela_Salloker;[281.14816   55.263134 346.62793  139.30591 ];73.0;335.0;135.0;273.0
liebelei-91801.jpeg;M;M;Ekkehard_Arendt;[100.01549  98.29135 169.23412 188.34398];105.0;171.0;179.0;96.0
liebelei-91801.jpeg;M;F;Angela_Salloker;[100.01549  98.29135 169.23412 188.34398];73.0;335.0;135.0;273.0
liebelei-91951.jpeg;M;F;Marianne_Simson;[ 94.878586 102.462425 167.74312  195.89027 ];72.0;328.0;146.0;254.0
liebelei-91951.jpeg;F;F;Marianne_Simson;[272.82635  61.15124 334.539   146.79268];72.0;328.0;146.0;254.0
liebelei-92101.jpeg;F;F;Martha_Ziegler;[280.95807  66.49584 351.9985  152.61522];80.0;345.0;155.0;270.0
liebelei-92101.jpeg;M;F;Martha_Ziegler;[150.16397 147.40405 226.5033  217.02051];80.0;345.0;155.0;270.0
liebelei-92251.jpeg;F;F;Hilde_Hildebrand;[270.5584   50.3992  344.7557  146.06615];56.0;344.0;146.0;255.0
liebelei-92251.jpeg;M;F;Hilde_Hildebrand;[143.0055  127.09703 221.71437 214.52213];56.0;344.0;146.0;255.0
liebelei-92776.jpeg;F;F;Martha_Ziegler;[256.04272  57.69686 351.94913 179.06061];68.0;342.0;175.0;235.0
liebelei-92776.jpeg;M;F;Martha_Ziegler;[128.12871 100.55382 214.2776  223.57097];68.0;342.0;175.0;235.0
liebelei-92926.jpeg;F;F;Martha_Ziegler;[199.12483   56.622437 309.84604  199.89438 ];92.0;306.0;199.0;199.0
liebelei-92926.jpeg;M;F;Martha_Ziegler;[ 98.29774   95.112854 223.73282  249.3749  ];92.0;306.0;199.0;199.0
liebelei-93301.jpeg;M;M;Albert_Florath;[223.20345 158.56204 299.28964 253.13075];179.0;303.0;254.0;229.0
liebelei-93826.jpeg;M;M;Emil_Jannings;[161.77104  68.89335 287.95337 228.71579];96.0;296.0;225.0;167.0
liebelei-94426.jpeg;M;M;Ralph_Arthur_Roberts;[224.12639  77.31863 266.9137  132.95332];78.0;273.0;130.0;222.0
liebelei-94426.jpeg;M;M;Ralph_Arthur_Roberts;[ 38.905125  95.66964   69.528885 152.09862 ];78.0;273.0;130.0;222.0
liebelei-94651.jpeg;M;M;Werner_Pledath;[217.21455  78.46917 259.92334 134.42839];78.0;268.0;130.0;216.0
liebelei-94651.jpeg;M;M;Werner_Pledath;[342.6847    97.392204 383.8021   156.14612 ];78.0;268.0;130.0;216.0
liebelei-94651.jpeg;M;M;Werner_Pledath;[ 66.48377   61.888866 105.10406  128.3922  ];78.0;268.0;130.0;216.0
liebelei-96151.jpeg;M;M;Willy_Eichberger;[193.48361  78.02656 261.81226 172.08282];88.0;270.0;163.0;196.0
liebelei-96451.jpeg;M;M;Willy_Eichberger;[188.32382  78.07302 257.47305 173.48276];86.0;275.0;176.0;185.0
liebelei-96826.jpeg;M;M;Fritz_Odemar;[188.18562  82.85168 256.75732 174.13324];96.0;262.0;171.0;187.0
liebelei-96976.jpeg;M;M;Willy_Eichberger;[184.4973   67.04528 253.38356 161.58513];72.0;262.0;146.0;187.0
liebelei-97126.jpeg;M;M;Willy_Eichberger;[207.71257  54.90655 280.1092  154.44089];66.0;295.0;156.0;205.0
liebelei-97276.jpeg;M;M;Eduard_Wenck;[179.66786  60.07058 257.04956 164.90663];76.0;255.0;166.0;165.0
liebelei-97426.jpeg;M;M;Willy_Eichberger;[180.69579   63.326557 246.25095  156.20222 ];66.0;265.0;156.0;175.0
liebelei-97726.jpeg;F;M;Willy_Eichberger;[254.79657   17.924664 338.32678  134.2063  ];20.0;366.0;128.0;259.0
liebelei-99001.jpeg;M;M;Willy_Eichberger;[210.19525   28.413357 292.36725  129.80812 ];36.0;305.0;126.0;215.0
liebelei-99076.jpeg;M;M;Willy_Eichberger;[208.81999   26.881954 290.993    131.21718 ];36.0;305.0;126.0;215.0
liebelei-99226.jpeg;M;M;Willy_Eichberger;[202.727     28.429173 284.42697  131.40166 ];36.0;295.0;126.0;205.0
MnchhausenK-105999.jpeg;M;M;Hans_Albers;[337.40143 132.95824 392.3105  204.6704 ];142.0;398.0;205.0;335.0
MnchhausenK-105999.jpeg;M;M;Hans_Albers;[233.87746 149.86693 295.77692 230.36546];142.0;398.0;205.0;335.0
MnchhausenK-105999.jpeg;M;M;Hans_Albers;[ 41.732967 201.01886   70.78802  237.31111 ];142.0;398.0;205.0;335.0
MnchhausenK-107109.jpeg;M;M;Hans_Albers;[382.79965 110.64028 455.3067  200.27876];116.0;464.0;206.0;374.0
MnchhausenK-107109.jpeg;M;M;Hans_Albers;[160.68214 116.97078 236.03123 222.37854];116.0;464.0;206.0;374.0
MnchhausenK-107681.jpeg;M;M;Hans_Albers;[258.95282 140.49701 295.98755 190.93898];113.0;187.0;164.0;135.0
MnchhausenK-107681.jpeg;M;M;Hans_Albers;[144.98563 111.96257 187.74571 167.46497];113.0;187.0;164.0;135.0
MnchhausenK-107681.jpeg;M;M;Hans_Albers;[515.7898  106.68851 554.5837  155.1098 ];113.0;187.0;164.0;135.0
MnchhausenK-108514.jpeg;M;M;Hans_Albers;[214.40897 139.02028 261.65765 197.08018];142.0;266.0;205.0;204.0
MnchhausenK-108514.jpeg;M;M;Hans_Albers;[429.53876 128.97044 487.91306 201.03786];142.0;266.0;205.0;204.0
MnchhausenK-108875.jpeg;M;M;Hans_Albers;[376.38245 142.77629 470.0206  265.89667];152.0;462.0;259.0;354.0
MnchhausenK-108875.jpeg;F;M;Hans_Albers;[129.77515 178.3548  214.59477 330.05374];152.0;462.0;259.0;354.0
MnchhausenK-109778.jpeg;M;M;Hans_Albers;[244.40707 139.98901 280.89572 185.79886];142.0;290.0;185.0;247.0
MnchhausenK-109778.jpeg;M;M;Hans_Albers;[455.32724 131.70209 494.9161  199.92047];142.0;290.0;185.0;247.0
MnchhausenK-129099.jpeg;M;M;Hans_Albers;[441.96292  97.64223 485.99777 154.51433];101.0;487.0;153.0;435.0
MnchhausenK-129099.jpeg;M;M;Hans_Albers;[201.42963 129.85974 242.17436 187.30826];101.0;487.0;153.0;435.0
MnchhausenK-133989.jpeg;F;M;Hans_Albers;[269.98404   72.214554 349.3889   177.10748 ];86.0;354.0;176.0;265.0
MnchhausenK-13408.jpeg;M;M;Hans_Albers;[457.82697  64.02605 550.6747  188.3763 ];80.0;569.0;187.0;462.0
MnchhausenK-13408.jpeg;M;M;Hans_Albers;[139.3581   68.06269 219.4511  183.80396];80.0;569.0;187.0;462.0
MnchhausenK-134249.jpeg;M;M;Hans_Albers;[307.802   179.98949 405.4512  304.82062];199.0;402.0;307.0;294.0
MnchhausenK-134308.jpeg;M;M;Hans_Albers;[345.68008  99.996   435.17456 208.91302];130.0;419.0;204.0;345.0
MnchhausenK-134651.jpeg;F;M;Hans_Albers;[308.74792  70.55064 386.8133  184.48251];96.0;394.0;186.0;305.0
MnchhausenK-135751.jpeg;M;M;Hans_Albers;[107.14226 102.85988 195.2354  234.29715];128.0;211.0;235.0;103.0
MnchhausenK-135751.jpeg;M;M;Hans_Albers;[317.18777  110.061714 400.0885   234.66197 ];128.0;211.0;235.0;103.0
MnchhausenK-135897.jpeg;M;M;Hans_Albers;[308.55005 122.18247 413.5492  265.04675];152.0;211.0;259.0;103.0
MnchhausenK-135897.jpeg;M;M;Hans_Albers;[101.65544 122.76087 209.01479 265.4034 ];152.0;211.0;259.0;103.0
MnchhausenK-136002.jpeg;M;M;Hans_Albers;[248.60246 180.45822 355.22958 327.31943];223.0;354.0;331.0;247.0
MnchhausenK-13658.jpeg;M;M;Hans_Albers;[434.10684   46.516357 525.6982   179.10168 ];68.0;545.0;175.0;438.0
MnchhausenK-13658.jpeg;M;M;Hans_Albers;[145.39967  73.35188 226.34543 185.10713];68.0;545.0;175.0;438.0
MnchhausenK-14312.jpeg;F;M;Hans_Brausewetter;[ 83.03796  34.64178 140.1744  111.92307];46.0;135.0;108.0;73.0
MnchhausenK-14312.jpeg;M;M;Hans_Brausewetter;[262.5266    50.989548 311.24203  124.99675 ];46.0;135.0;108.0;73.0
MnchhausenK-14312.jpeg;F;M;Hans_Brausewetter;[435.39838 101.1319  478.29987 164.47368];46.0;135.0;108.0;73.0
MnchhausenK-14564.jpeg;M;M;Hans_Albers;[ 71.311615  79.45547  244.87642  313.99435 ];118.0;262.0;304.0;77.0
MnchhausenK-14564.jpeg;F;M;Hans_Albers;[438.6432  206.13387 569.8706  395.1352 ];118.0;262.0;304.0;77.0
MnchhausenK-150847.jpeg;M;M;Hans_Albers;[197.59427   67.262184 300.49753  204.16011 ];92.0;318.0;199.0;211.0
MnchhausenK-150847.jpeg;M;M;Hans_Albers;[442.64554 148.39038 537.46765 282.63638];92.0;318.0;199.0;211.0
MnchhausenK-151136.jpeg;M;M;Hans_Albers;[206.6496   104.364334 307.84488  237.26376 ];128.0;318.0;235.0;211.0
MnchhausenK-151136.jpeg;M;M;Hans_Albers;[430.2048  154.53307 521.93024 289.6006 ];128.0;318.0;235.0;211.0
MnchhausenK-151981.jpeg;M;M;Hans_Albers;[270.44943  94.61214 403.86972 278.27814];116.0;442.0;270.0;287.0
MnchhausenK-152417.jpeg;M;M;Hans_Albers;[ 86.31886 -66.52149 334.88696 262.70132];0.0;379.0;260.0;111.0
MnchhausenK-154605.jpeg;M;M;Hans_Albers;[142.78659   96.094826 213.25244  192.38332 ];121.0;220.0;196.0;146.0
MnchhausenK-154605.jpeg;M;M;Hans_Albers;[440.13068 247.68419 519.0607  371.72006];121.0;220.0;196.0;146.0
MnchhausenK-15645.jpeg;F;M;Hans_Albers;[443.65765 139.41313 518.0722  240.43016];76.0;285.0;166.0;195.0
MnchhausenK-15645.jpeg;M;M;Hans_Albers;[189.80185   56.056957 268.27725  166.79234 ];76.0;285.0;166.0;195.0
MnchhausenK-157959.jpeg;F;F;Marina_von_Ditmar;[169.13934 161.25926 303.4892  338.15555];184.0;304.0;339.0;150.0
MnchhausenK-159655.jpeg;M;M;Hans_Albers;[170.14612   57.796547 268.0504   194.70428 ];67.0;296.0;196.0;167.0
MnchhausenK-159749.jpeg;M;M;Hans_Brausewetter;[299.62723  68.56771 464.82718 292.65497];116.0;442.0;270.0;287.0
MnchhausenK-159870.jpeg;M;M;Hans_Albers;[244.21254  79.94325 355.34918 225.44397];96.0;382.0;225.0;253.0
MnchhausenK-160252.jpeg;F;F;Marina_von_Ditmar;[255.44969 123.40976 413.0294  338.96027];167.0;390.0;322.0;236.0
MnchhausenK-160931.jpeg;M;M;Hans_Albers;[236.97972   56.903183 396.03177  278.65073 ];77.0;428.0;263.0;242.0
MnchhausenK-161094.jpeg;F;M;Hans_Brausewetter;[262.5723   73.397   437.26212 308.2709 ];118.0;428.0;304.0;242.0
MnchhausenK-16145.jpeg;M;M;Hans_Albers;[153.07193   57.570145 340.20416  327.53894 ];93.0;390.0;316.0;167.0
MnchhausenK-161962.jpeg;F;M;Hans_Albers;[355.1203  258.40485 443.59567 378.3118 ];92.0;330.0;199.0;223.0
MnchhausenK-161962.jpeg;M;M;Hans_Albers;[216.44241  73.48501 315.1143  196.83023];92.0;330.0;199.0;223.0
MnchhausenK-162808.jpeg;F;F;Marina_von_Ditmar;[451.49652 155.76724 499.94885 218.09909];164.0;504.0;216.0;452.0
MnchhausenK-162808.jpeg;M;F;Marina_von_Ditmar;[283.6602  154.62192 317.63437 202.86768];164.0;504.0;216.0;452.0
MnchhausenK-16556.jpeg;M;M;Hans_Albers;[252.11333   56.102806 349.42703  193.73582 ];80.0;366.0;187.0;259.0
MnchhausenK-165795.jpeg;M;M;Hans_Albers;[334.45023  93.09433 368.90164 138.33763];102.0;365.0;138.0;329.0
MnchhausenK-166230.jpeg;M;M;Hans_Albers;[268.16254   73.197525 399.8872   259.63022 ];98.0;390.0;253.0;236.0
MnchhausenK-166374.jpeg;M;M;Hans_Albers;[269.7493    72.233444 401.02695  260.31842 ];98.0;408.0;253.0;253.0
MnchhausenK-16806.jpeg;M;M;Hans_Albers;[337.93552  92.03639 438.75174 225.93901];116.0;450.0;223.0;342.0
MnchhausenK-17186.jpeg;M;F;Marina_von_Ditmar;[341.8246   94.61903 460.54242 268.3245 ];126.0;185.0;216.0;96.0
MnchhausenK-17186.jpeg;M;F;Marina_von_Ditmar;[118.68447 111.32789 192.76794 218.11157];126.0;185.0;216.0;96.0
MnchhausenK-17436.jpeg;F;M;Hans_Albers;[118.02291  84.83638 192.4025  185.77068];86.0;424.0;176.0;335.0
MnchhausenK-17436.jpeg;M;M;Hans_Albers;[334.04074  70.35351 407.4601  175.2685 ];86.0;424.0;176.0;335.0
MnchhausenK-17478.jpeg;F;F;Marina_von_Ditmar;[121.48887 108.47083 200.08403 215.8866 ];126.0;195.0;216.0;106.0
MnchhausenK-17478.jpeg;F;F;Marina_von_Ditmar;[398.49054  76.70197 518.28424 234.74031];126.0;195.0;216.0;106.0
MnchhausenK-17772.jpeg;M;M;Hans_Albers;[125.21807 114.73218 205.5178  213.87302];121.0;444.0;196.0;370.0
MnchhausenK-17772.jpeg;M;M;Hans_Albers;[364.59213 100.72215 445.143   203.6869 ];121.0;444.0;196.0;370.0
MnchhausenK-17941.jpeg;F;F;Marina_von_Ditmar;[121.22441 106.90971 199.60048 213.3522 ];116.0;195.0;206.0;106.0
MnchhausenK-17941.jpeg;F;F;Marina_von_Ditmar;[399.7874   74.82255 517.18256 230.60822];116.0;195.0;206.0;106.0
MnchhausenK-18015.jpeg;M;M;Hans_Albers;[202.18318  80.16959 307.45242 229.13162];116.0;318.0;223.0;211.0
MnchhausenK-18265.jpeg;M;M;Hans_Albers;[208.63925  78.42285 311.77985 227.19963];96.0;339.0;225.0;210.0
MnchhausenK-18765.jpeg;M;M;Hans_Albers;[194.57678  83.74475 299.6522  229.11266];96.0;325.0;225.0;196.0
MnchhausenK-19015.jpeg;M;M;Hans_Albers;[189.26233  84.68343 295.451   232.03287];116.0;306.0;223.0;199.0
MnchhausenK-19073.jpeg;M;F;Marina_von_Ditmar;[124.032616 108.48082  201.76253  214.9114  ];116.0;195.0;206.0;106.0
MnchhausenK-19073.jpeg;F;F;Marina_von_Ditmar;[400.57706   68.106155 515.9565   221.95714 ];116.0;195.0;206.0;106.0
MnchhausenK-19219.jpeg;M;M;Hans_Albers;[295.70428  100.734055 378.42075  216.21016 ];126.0;394.0;216.0;305.0
MnchhausenK-19219.jpeg;F;M;Hans_Albers;[194.8186  124.18993 274.5584  227.91483];126.0;394.0;216.0;305.0
MnchhausenK-22193.jpeg;M;M;Hans_Albers;[407.94064   96.657776 441.8853   140.98224 ];102.0;437.0;138.0;401.0
MnchhausenK-22193.jpeg;M;M;Hans_Albers;[236.15005 215.75941 266.85413 257.2766 ];102.0;437.0;138.0;401.0
MnchhausenK-25052.jpeg;M;M;Hans_Albers;[133.62259 116.49844 192.20885 191.5408 ];129.0;204.0;191.0;142.0
MnchhausenK-25052.jpeg;M;M;Hans_Albers;[493.801   157.57748 570.8934  265.88724];129.0;204.0;191.0;142.0
MnchhausenK-25302.jpeg;M;M;Hans_Albers;[161.54749 102.47289 221.56927 180.82187];115.0;232.0;177.0;170.0
MnchhausenK-25302.jpeg;F;M;Hans_Albers;[483.1364  155.61635 551.3987  256.392  ];115.0;232.0;177.0;170.0
MnchhausenK-25552.jpeg;M;M;Hans_Albers;[159.71916 101.71396 218.1518  179.99908];115.0;232.0;177.0;170.0
MnchhausenK-25552.jpeg;F;M;Hans_Albers;[483.17908 152.85274 551.4337  261.04004];115.0;232.0;177.0;170.0
MnchhausenK-26210.jpeg;M;M;Hans_Albers;[207.07036   55.018997 275.53296  146.77708 ];63.0;287.0;138.0;212.0
MnchhausenK-26210.jpeg;M;M;Hans_Albers;[382.576    64.25699 448.51978 157.97984];63.0;287.0;138.0;212.0
MnchhausenK-26460.jpeg;M;M;Hans_Albers;[203.83578  53.57052 270.31766 152.00902];72.0;287.0;146.0;212.0
MnchhausenK-26460.jpeg;M;M;Hans_Albers;[436.028    80.43424 513.537   185.82893];72.0;287.0;146.0;212.0
MnchhausenK-26923.jpeg;M;M;Hans_Albers;[164.37755  80.43929 229.52867 175.05902];108.0;232.0;170.0;170.0
MnchhausenK-26923.jpeg;F;M;Hans_Albers;[434.85605  85.33572 496.81836 202.53725];108.0;232.0;170.0;170.0
MnchhausenK-27506.jpeg;M;M;Hans_Albers;[328.54996   74.115295 396.66077  157.1823  ];87.0;391.0;149.0;328.0
MnchhausenK-27506.jpeg;M;M;Hans_Albers;[ 73.32603  120.744705 130.53902  206.35841 ];87.0;391.0;149.0;328.0
MnchhausenK-27506.jpeg;M;M;Hans_Albers;[184.30167  107.671135 267.35535  185.19484 ];87.0;391.0;149.0;328.0
MnchhausenK-28006.jpeg;F;M;Hans_Albers;[279.30246  64.97628 343.53302 152.45667];87.0;349.0;149.0;287.0
MnchhausenK-28319.jpeg;M;M;Hans_Albers;[235.05975  90.56807 296.12192 170.65297];108.0;294.0;170.0;232.0
MnchhausenK-28319.jpeg;M;M;Hans_Albers;[133.52864  108.047714 202.28476  188.79768 ];108.0;294.0;170.0;232.0
MnchhausenK-32666.jpeg;F;M;Hans_Albers;[399.09177   49.790657 453.7564   128.34384 ];59.0;273.0;122.0;211.0
MnchhausenK-32666.jpeg;M;M;Hans_Albers;[209.95815   48.761906 258.68723  120.27482 ];59.0;273.0;122.0;211.0
MnchhausenK-32916.jpeg;M;M;Hans_Albers;[266.2272   78.0956  313.00687 144.28163];80.0;328.0;142.0;266.0
MnchhausenK-32916.jpeg;F;M;Hans_Albers;[396.62494  78.0895  436.80682 146.63666];80.0;328.0;142.0;266.0
MnchhausenK-34578.jpeg;M;M;Hans_Albers;[195.18372 192.89886 261.2207  282.87296];213.0;270.0;287.0;196.0
MnchhausenK-34578.jpeg;M;M;Hans_Albers;[386.69226  48.08133 448.22192 147.71779];213.0;270.0;287.0;196.0
MnchhausenK-3651.jpeg;F;F;Marina_von_Ditmar;[315.0123  149.59062 399.34756 273.7368 ];176.0;384.0;265.0;295.0
MnchhausenK-3651.jpeg;F;F;Marina_von_Ditmar;[252.22089 181.64766 283.55707 222.44464];176.0;384.0;265.0;295.0
MnchhausenK-3651.jpeg;M;F;Marina_von_Ditmar;[552.7726  164.28394 590.8687  215.57132];176.0;384.0;265.0;295.0
MnchhausenK-3651.jpeg;M;F;Marina_von_Ditmar;[443.58032 152.289   502.277   231.37772];176.0;384.0;265.0;295.0
MnchhausenK-371.jpeg;M;M;Hans_Albers;[222.71445  75.83502 408.1905  339.048  ];118.0;414.0;341.0;191.0
MnchhausenK-37880.jpeg;M;M;Hans_Albers;[170.29427   89.139626 358.73386  357.76617 ];142.0;390.0;365.0;167.0
MnchhausenK-39001.jpeg;M;M;Hans_Albers;[187.70177   80.864746 385.281    377.14172 ];142.0;414.0;365.0;191.0
MnchhausenK-39251.jpeg;M;M;Hans_Albers;[173.40398   59.152935 372.7778   334.36594 ];118.0;390.0;341.0;167.0
MnchhausenK-39343.jpeg;M;M;Hans_Albers;[171.57718   58.023094 363.73978  337.3522  ];118.0;390.0;341.0;167.0
MnchhausenK-39593.jpeg;M;M;Hans_Albers;[196.25052  92.28511 381.46997 356.38516];118.0;414.0;341.0;191.0
MnchhausenK-39889.jpeg;M;M;Hans_Albers;[190.25877  86.40465 373.15207 340.83707];118.0;414.0;341.0;191.0
MnchhausenK-39983.jpeg;M;M;Hans_Albers;[182.87134  97.58922 368.419   372.2574 ];142.0;414.0;365.0;191.0
MnchhausenK-42578.jpeg;M;M;Hans_Albers;[306.19543 178.5841  363.34042 249.9354 ];92.0;318.0;199.0;211.0
MnchhausenK-42578.jpeg;F;M;Hans_Albers;[425.7609  137.54466 499.01904 257.1401 ];92.0;318.0;199.0;211.0
MnchhausenK-42578.jpeg;M;M;Hans_Albers;[192.10876  84.26208 280.0186  204.00775];92.0;318.0;199.0;211.0
MnchhausenK-42828.jpeg;M;M;Hans_Albers;[373.35974 203.51021 407.677   248.80923];96.0;245.0;186.0;155.0
MnchhausenK-42828.jpeg;M;M;Hans_Albers;[152.3573   82.92451 239.62193 192.92758];96.0;245.0;186.0;155.0
MnchhausenK-42828.jpeg;M;M;Hans_Albers;[440.02704 195.22667 468.90546 240.9901 ];96.0;245.0;186.0;155.0
MnchhausenK-42828.jpeg;M;M;Hans_Albers;[496.95566 226.14404 535.8492  273.9412 ];96.0;245.0;186.0;155.0
MnchhausenK-44256.jpeg;M;M;Hans_Albers;[154.85449   85.770645 231.27077  198.69733 ];106.0;245.0;196.0;155.0
MnchhausenK-45297.jpeg;F;M;Hans_Albers;[465.342   124.97542 529.27405 207.68434];106.0;335.0;196.0;245.0
MnchhausenK-45297.jpeg;M;M;Hans_Albers;[237.22961  71.74846 341.16946 205.2141 ];106.0;335.0;196.0;245.0
MnchhausenK-47820.jpeg;F;M;Hans_Albers;[258.37427 134.76222 286.75348 170.5475 ];78.0;441.0;114.0;405.0
MnchhausenK-47820.jpeg;M;M;Hans_Albers;[409.5637   76.09482 441.06577 113.34857];78.0;441.0;114.0;405.0
MnchhausenK-47820.jpeg;M;M;Hans_Albers;[499.35205  74.58029 535.6497  126.32759];78.0;441.0;114.0;405.0
MnchhausenK-51890.jpeg;M;M;Hans_Albers;[215.82684 108.5098  331.88126 271.77902];139.0;354.0;268.0;225.0
MnchhausenK-52295.jpeg;M;M;Hans_Albers;[203.67001  89.6848  328.42636 264.0132 ];125.0;339.0;254.0;210.0
MnchhausenK-58574.jpeg;M;M;Hans_Albers;[310.3633   94.30216 500.14902 366.52267];142.0;538.0;365.0;315.0
MnchhausenK-58574.jpeg;M;M;Hans_Albers;[  3.7948215 182.95105   104.86372   328.12146  ];142.0;538.0;365.0;315.0
MnchhausenK-58574.jpeg;F;M;Hans_Albers;[573.1626  247.94438 657.80554 358.13605];142.0;538.0;365.0;315.0
MnchhausenK-59120.jpeg;M;M;Hans_Albers;[272.81848  71.24216 460.1144  336.29395];139.0;489.0;325.0;304.0
MnchhausenK-59120.jpeg;M;M;Hans_Albers;[ 45.27858 185.43799 153.0425  323.73926];139.0;489.0;325.0;304.0
MnchhausenK-59370.jpeg;M;M;Hans_Albers;[332.06128  79.62322 519.8295  353.7308 ];118.0;563.0;341.0;340.0
MnchhausenK-59370.jpeg;F;M;Hans_Albers;[ 77.92328 191.8909  168.36507 330.16586];118.0;563.0;341.0;340.0
MnchhausenK-6498.jpeg;F;F;Marina_von_Ditmar;[180.05768 150.41399 271.42365 284.65237];186.0;285.0;275.0;195.0
MnchhausenK-6498.jpeg;M;F;Marina_von_Ditmar;[374.91174  93.4511  474.57135 229.66432];186.0;285.0;275.0;195.0
MnchhausenK-67624.jpeg;M;M;Hans_Albers;[209.38063 212.20908 265.4852  281.98468];218.0;280.0;281.0;218.0
MnchhausenK-67624.jpeg;M;M;Hans_Albers;[447.86826   49.954334 503.51297  135.95917 ];218.0;280.0;281.0;218.0
MnchhausenK-68713.jpeg;M;M;Hans_Albers;[201.18976 123.88051 325.84952 301.1387 ];168.0;339.0;297.0;210.0
MnchhausenK-68963.jpeg;M;M;Hans_Albers;[210.68442 122.09801 337.39368 294.19846];153.0;354.0;282.0;225.0
MnchhausenK-69238.jpeg;M;M;Hans_Albers;[217.3368  116.56827 341.80762 291.71982];153.0;354.0;282.0;225.0
MnchhausenK-70570.jpeg;M;M;Hans_Brausewetter;[260.75555  82.78083 483.39435 398.65762];167.0;464.0;390.0;241.0
MnchhausenK-70647.jpeg;F;F;Marina_von_Ditmar;[189.97464 108.16505 332.3995  309.2719 ];133.0;322.0;288.0;167.0
MnchhausenK-71193.jpeg;M;M;Hans_Albers;[133.63295 168.29018 186.4202  240.61871];188.0;199.0;239.0;147.0
MnchhausenK-71193.jpeg;F;M;Hans_Albers;[511.3955  233.95268 557.6809  303.71957];188.0;199.0;239.0;147.0
MnchhausenK-71193.jpeg;M;M;Hans_Albers;[391.62546   42.930916 437.0326   105.12043 ];188.0;199.0;239.0;147.0
MnchhausenK-71368.jpeg;F;F;Marina_von_Ditmar;[189.2831  109.16309 332.30603 309.03516];133.0;322.0;288.0;167.0
MnchhausenK-71618.jpeg;F;F;Marina_von_Ditmar;[178.99539  83.76137 325.78976 290.98352];98.0;324.0;284.0;139.0
MnchhausenK-71868.jpeg;F;F;Marina_von_Ditmar;[172.51945  93.2916  320.8023  303.5486 ];116.0;304.0;270.0;150.0
MnchhausenK-7445.jpeg;M;M;Hans_Albers;[232.20813   90.170975 360.02603  271.71423 ];116.0;373.0;270.0;218.0
MnchhausenK-74539.jpeg;M;M;Hans_Albers;[243.91019 112.48793 291.74472 170.65866];113.0;302.0;164.0;250.0
MnchhausenK-75228.jpeg;M;M;Hans_Albers;[266.28992  77.24874 339.2921  176.31636];86.0;354.0;176.0;265.0
MnchhausenK-75305.jpeg;M;M;Hans_Albers;[292.34995  82.03139 367.7104  181.39894];86.0;384.0;176.0;295.0
MnchhausenK-78026.jpeg;M;M;Hans_Albers;[289.05075 100.73383 326.07068 147.92899];218.0;513.0;254.0;477.0
MnchhausenK-78026.jpeg;M;M;Hans_Albers;[289.05075 100.73383 326.07068 147.92899];106.0;329.0;142.0;293.0
MnchhausenK-78026.jpeg;M;M;Hans_Albers;[477.46533 213.64987 515.6517  256.26773];218.0;513.0;254.0;477.0
MnchhausenK-78026.jpeg;M;M;Hans_Albers;[477.46533 213.64987 515.6517  256.26773];106.0;329.0;142.0;293.0
MnchhausenK-78026.jpeg;M;M;Hans_Albers;[398.16232 432.5029  407.9262  445.55295];218.0;513.0;254.0;477.0
MnchhausenK-78026.jpeg;M;M;Hans_Albers;[398.16232 432.5029  407.9262  445.55295];106.0;329.0;142.0;293.0
MnchhausenK-7981.jpeg;F;F;Marina_von_Ditmar;[275.30167 106.27951 420.71735 327.98306];167.0;408.0;322.0;253.0
MnchhausenK-8431.jpeg;F;F;Marina_von_Ditmar;[269.12723  96.03165 415.03784 310.8498 ];150.0;408.0;305.0;253.0
MnchhausenK-87485.jpeg;M;M;Hans_Albers;[427.88953 177.26845 529.34216 305.41962];153.0;196.0;282.0;67.0
MnchhausenK-87485.jpeg;F;M;Hans_Albers;[ 84.48354 151.32184 199.79355 290.4153 ];153.0;196.0;282.0;67.0
MnchhausenK-91855.jpeg;M;M;Hans_Albers;[254.35399 139.23375 346.43182 265.47412];166.0;354.0;255.0;265.0
MnchhausenK-92007.jpeg;M;M;Hans_Albers;[226.02303 151.50645 313.44467 267.64996];163.0;330.0;271.0;223.0
MnchhausenK-9253.jpeg;F;F;Marina_von_Ditmar;[318.94354  88.35715 437.0819  263.0137 ];125.0;440.0;254.0;311.0
MnchhausenK-93785.jpeg;M;M;Hans_Albers;[402.119   116.85228 451.30087 177.40337];199.0;208.0;242.0;165.0
MnchhausenK-93785.jpeg;M;M;Hans_Albers;[157.08772 192.12859 203.47787 250.80862];199.0;208.0;242.0;165.0
MnchhausenK-95035.jpeg;M;M;Hans_Albers;[121.29324 214.80785 189.03836 297.41602];221.0;204.0;296.0;129.0
MnchhausenK-95035.jpeg;M;M;Hans_Albers;[431.80493 113.09589 497.4874  214.45093];221.0;204.0;296.0;129.0
MnchhausenK-97994.jpeg;M;M;Hans_Albers;[210.56712 198.93906 282.60352 293.74698];213.0;295.0;287.0;220.0
MnchhausenK-97994.jpeg;M;M;Hans_Albers;[495.36298  73.42115 579.2573  200.0826 ];213.0;295.0;287.0;220.0
MnchhausenK-99035.jpeg;M;M;Hans_Albers;[162.53754 169.50798 231.14561 256.15314];179.0;245.0;254.0;171.0
MnchhausenK-99378.jpeg;M;M;Hans_Albers;[218.02959 161.63263 307.6629  275.50058];176.0;315.0;265.0;225.0
MnchhausenK-99378.jpeg;F;M;Hans_Albers;[600.3128   -12.018199 691.3887   135.06725 ];176.0;315.0;265.0;225.0
QuaxderBruchpilotp-107850.jpeg;M;F;Hilde_Sessak;[582.07654  89.67287 670.52026 220.51662];152.0;533.0;259.0;426.0
QuaxderBruchpilotp-107850.jpeg;M;F;Hilde_Sessak;[235.87521  93.4001  321.1674  214.6678 ];152.0;533.0;259.0;426.0
QuaxderBruchpilotp-107850.jpeg;M;F;Hilde_Sessak;[869.5539   78.51599 958.9153  200.61456];152.0;533.0;259.0;426.0
QuaxderBruchpilotp-107850.jpeg;F;F;Hilde_Sessak;[415.70844  115.096664 503.51508  256.48337 ];152.0;533.0;259.0;426.0
QuaxderBruchpilotp-107850.jpeg;M;F;Hilde_Sessak;[1083.2603   127.55917 1124.9591   257.0504 ];152.0;533.0;259.0;426.0
QuaxderBruchpilotp-117250.jpeg;M;M;Harry_Liedtke;[776.1463    70.040115 921.7524   243.26039 ];81.0;906.0;236.0;752.0
QuaxderBruchpilotp-117250.jpeg;F;M;Harry_Liedtke;[349.73337  95.4611  509.70374 312.5082 ];81.0;906.0;236.0;752.0
QuaxderBruchpilotp-117250.jpeg;M;M;Harry_Liedtke;[ 920.011    158.59076 1014.9424   283.73856];81.0;906.0;236.0;752.0
QuaxderBruchpilotp-117250.jpeg;M;M;Harry_Liedtke;[ 996.469    206.27908 1081.0502   321.2831 ];81.0;906.0;236.0;752.0
QuaxderBruchpilotp-117250.jpeg;M;M;Harry_Liedtke;[193.2763    96.817245 258.6455   171.0135  ];81.0;906.0;236.0;752.0
QuaxderBruchpilotp-132500.jpeg;M;F;Elga_Brink;[606.771   125.38835 701.81604 247.5334 ];140.0;712.0;247.0;605.0
QuaxderBruchpilotp-133950.jpeg;M;F;Elga_Brink;[699.19745 115.69834 817.1401  277.74475];153.0;325.0;282.0;196.0
QuaxderBruchpilotp-133950.jpeg;F;F;Elga_Brink;[215.5745  143.34991 329.41315 299.06393];153.0;325.0;282.0;196.0
QuaxderBruchpilotp-151750.jpeg;M;M;Georg_Vogelsang;[254.77348 108.23517 323.69885 190.89667];113.0;320.0;188.0;245.0
QuaxderBruchpilotp-151750.jpeg;M;M;Georg_Vogelsang;[885.4409   87.7567  929.90393 141.61066];113.0;320.0;188.0;245.0
QuaxderBruchpilotp-165150.jpeg;F;F;Elga_Brink;[608.5995   99.63666 711.5694  241.31529];128.0;712.0;235.0;605.0
QuaxderBruchpilotp-170800.jpeg;F;F;Elga_Brink;[455.52948 205.95749 568.3018  358.95837];225.0;554.0;354.0;425.0
QuaxderBruchpilotp-170800.jpeg;M;F;Elga_Brink;[732.6594   113.241486 856.82935  280.5124  ];225.0;554.0;354.0;425.0
QuaxderBruchpilotp-182350.jpeg;F;F;Elga_Brink;[822.77783 154.61317 915.50714 285.34998];175.0;915.0;283.0;808.0
QuaxderBruchpilotp-182350.jpeg;F;F;Elga_Brink;[559.7413  145.85184 665.5891  294.79346];175.0;915.0;283.0;808.0
QuaxderBruchpilotp-182350.jpeg;M;F;Elga_Brink;[392.65167   56.487083 503.54263  231.76688 ];175.0;915.0;283.0;808.0
QuaxderBruchpilotp-201050.jpeg;M;M;Georg_Vogelsang;[486.0525   79.03254 612.63043 247.9194 ];98.0;631.0;253.0;476.0
QuaxderBruchpilotp-202750.jpeg;M;M;Georg_Vogelsang;[781.79407  112.782425 850.93036  201.31187 ];129.0;840.0;191.0;778.0
QuaxderBruchpilotp-258200.jpeg;M;M;Georg_Vogelsang;[362.12036  84.62886 414.05524 152.49173];87.0;425.0;149.0;363.0
QuaxderBruchpilotp-258200.jpeg;M;M;Georg_Vogelsang;[233.64108 100.57817 289.67368 171.26944];87.0;425.0;149.0;363.0
QuaxderBruchpilotp-258200.jpeg;F;M;Georg_Vogelsang;[613.8817   95.84764 690.41364 200.34457];87.0;425.0;149.0;363.0
QuaxderBruchpilotp-46200.jpeg;F;F;Hilde_Sessak;[615.08075 139.13777 723.32764 291.73618];153.0;712.0;282.0;583.0
QuaxderBruchpilotp-46200.jpeg;M;F;Hilde_Sessak;[431.40103 104.53251 502.42868 247.33954];153.0;712.0;282.0;583.0
QuaxderBruchpilotp-47150.jpeg;F;F;Hilde_Sessak;[615.06683 139.36319 726.1443  295.98114];168.0;726.0;297.0;597.0
QuaxderBruchpilotp-47600.jpeg;F;F;Hilde_Sessak;[618.5994  121.04355 730.28796 286.605  ];139.0;726.0;268.0;597.0
QuaxderBruchpilotp-48800.jpeg;F;F;Hilde_Sessak;[618.5342  157.28812 781.27686 382.28964];180.0;778.0;366.0;593.0
QuaxderBruchpilotp-51350.jpeg;F;F;Hilde_Sessak;[708.74097 121.9384  844.2736  291.52386];133.0;838.0;288.0;683.0
QuaxderBruchpilotp-51350.jpeg;M;F;Hilde_Sessak;[266.5761   63.09095 396.82053 288.40753];133.0;838.0;288.0;683.0
QuaxderBruchpilotp-51550.jpeg;F;F;Hilde_Sessak;[762.2723   109.716866 894.05023  274.1965  ];116.0;924.0;270.0;769.0
QuaxderBruchpilotp-51550.jpeg;M;F;Hilde_Sessak;[482.4882    91.908936 576.64044  315.11798 ];116.0;924.0;270.0;769.0
QuaxderBruchpilotp-51800.jpeg;F;F;Hilde_Sessak;[775.4639  117.59004 909.803   293.60928];133.0;906.0;288.0;752.0
QuaxderBruchpilotp-51800.jpeg;M;F;Hilde_Sessak;[393.9019   76.37348 526.5564  307.2176 ];133.0;906.0;288.0;752.0
QuaxderBruchpilotp-52000.jpeg;F;F;Hilde_Sessak;[773.1741   119.583176 912.3262   306.15253 ];150.0;924.0;305.0;769.0
QuaxderBruchpilotp-52000.jpeg;M;F;Hilde_Sessak;[331.13617  108.175095 464.80865  321.4477  ];150.0;924.0;305.0;769.0
QuaxderBruchpilotp-52300.jpeg;F;F;Hilde_Sessak;[663.85095  91.60176 837.93066 341.3227 ];118.0;820.0;304.0;634.0
QuaxderBruchpilotp-52750.jpeg;F;F;Hilde_Sessak;[730.3131   99.00105 878.39404 351.31567];118.0;860.0;341.0;637.0
QuaxderBruchpilotp-52750.jpeg;M;F;Hilde_Sessak;[289.91147  70.67644 457.21115 338.65936];118.0;860.0;341.0;637.0
QuaxderBruchpilotp-54900.jpeg;F;F;Hilde_Sessak;[574.61536 144.21971 680.4812  274.47522];163.0;689.0;271.0;581.0
QuaxderBruchpilotp-6100.jpeg;M;M;Georg_Vogelsang;[781.97174 107.74385 827.4519  160.0401 ];142.0;660.0;185.0;616.0
QuaxderBruchpilotp-6100.jpeg;M;M;Georg_Vogelsang;[572.36066 147.07942 605.16064 188.2953 ];142.0;660.0;185.0;616.0
QuaxderBruchpilotp-6100.jpeg;M;M;Georg_Vogelsang;[698.30255  123.074036 738.1752   174.08775 ];142.0;660.0;185.0;616.0
QuaxderBruchpilotp-6100.jpeg;M;M;Georg_Vogelsang;[625.4654  139.83351 661.89044 188.30067];142.0;660.0;185.0;616.0
QuaxderBruchpilotp-6100.jpeg;M;M;Georg_Vogelsang;[282.24557  74.80495 327.97626 140.96498];142.0;660.0;185.0;616.0
QuaxderBruchpilotp-6100.jpeg;F;M;Georg_Vogelsang;[854.4797  106.90799 899.5509  169.68655];142.0;660.0;185.0;616.0
QuaxderBruchpilotp-6100.jpeg;M;M;Georg_Vogelsang;[936.14777 110.35794 983.08795 177.96104];142.0;660.0;185.0;616.0
RomanzeInMoll-101025.jpeg;M;M;Siegfried_Breuer;[245.00316  79.187   328.5911  184.3092 ];96.0;335.0;186.0;245.0
RomanzeInMoll-101025.jpeg;F;M;Siegfried_Breuer;[579.1031  118.11343 631.1688  217.56819];96.0;335.0;186.0;245.0
RomanzeInMoll-101025.jpeg;F;M;Siegfried_Breuer;[ 10.902954  30.390522  63.169266 110.76039 ];96.0;335.0;186.0;245.0
RomanzeInMoll-103478.jpeg;M;M;Siegfried_Breuer;[348.54556 129.9761  389.97678 185.6458 ];142.0;386.0;185.0;343.0
RomanzeInMoll-103728.jpeg;M;M;Siegfried_Breuer;[311.54117   88.926285 421.03836  221.75417 ];96.0;411.0;225.0;282.0
RomanzeInMoll-103728.jpeg;M;M;Siegfried_Breuer;[ 13.033947 199.27922   73.201096 288.82025 ];96.0;411.0;225.0;282.0
RomanzeInMoll-103968.jpeg;M;M;Siegfried_Breuer;[305.59448  92.7801  414.02148 226.0517 ];96.0;411.0;225.0;282.0
RomanzeInMoll-104218.jpeg;M;M;Siegfried_Breuer;[246.67249  99.76988 369.063   248.58264];110.0;354.0;239.0;225.0
RomanzeInMoll-104393.jpeg;M;M;Siegfried_Breuer;[242.66843 103.43065 365.59436 252.15475];110.0;354.0;239.0;225.0
RomanzeInMoll-104643.jpeg;M;M;Siegfried_Breuer;[311.07443  77.10427 417.6148  219.19608];82.0;411.0;211.0;282.0
RomanzeInMoll-114935.jpeg;M;M;Siegfried_Breuer;[120.78016 116.24138 203.75452 222.34149];136.0;215.0;226.0;126.0
RomanzeInMoll-115185.jpeg;M;M;Siegfried_Breuer;[181.22482   87.667496 275.04587  210.63321 ];104.0;294.0;211.0;187.0
RomanzeInMoll-116136.jpeg;F;M;Siegfried_Breuer;[178.1538   92.29806 343.66815 292.61176];133.0;356.0;288.0;201.0
RomanzeInMoll-116386.jpeg;F;M;Siegfried_Breuer;[193.01276 116.82312 358.72296 302.39474];133.0;373.0;288.0;218.0
RomanzeInMoll-116636.jpeg;M;M;Siegfried_Breuer;[ 77.97205   93.595116 217.01318  264.358   ];125.0;225.0;254.0;96.0
RomanzeInMoll-133936.jpeg;M;M;Siegfried_Breuer;[189.75455   90.497955 261.8564   183.1974  ];105.0;262.0;179.0;187.0
RomanzeInMoll-133936.jpeg;M;M;Siegfried_Breuer;[340.56122 123.46591 396.42233 221.67188];105.0;262.0;179.0;187.0
RomanzeInMoll-134375.jpeg;M;M;Ferdinand_Marian;[372.97955   59.755424 466.61465  191.1937  ];80.0;462.0;187.0;354.0
RomanzeInMoll-134438.jpeg;M;M;Siegfried_Breuer;[172.9483    72.801834 256.70477  199.05719 ];92.0;294.0;199.0;187.0
RomanzeInMoll-137841.jpeg;M;M;Siegfried_Breuer;[156.44653  64.41911 208.97502 144.42415];73.0;197.0;135.0;135.0
RomanzeInMoll-137841.jpeg;M;M;Siegfried_Breuer;[541.29803 145.47986 581.52625 194.21927];73.0;197.0;135.0;135.0
RomanzeInMoll-138591.jpeg;M;M;Ferdinand_Marian;[ 49.29022   49.871254 148.62245  196.5148  ];67.0;153.0;196.0;24.0
RomanzeInMoll-138591.jpeg;M;M;Ferdinand_Marian;[472.31165 187.20038 560.4791  273.67358];67.0;153.0;196.0;24.0
RomanzeInMoll-22644.jpeg;M;M;Siegfried_Breuer;[285.315   134.91025 409.1048  299.8666 ];168.0;411.0;297.0;282.0
RomanzeInMoll-22775.jpeg;M;M;Ferdinand_Marian;[274.30835 122.73164 398.23267 298.16437];150.0;408.0;305.0;253.0
RomanzeInMoll-23027.jpeg;M;M;Ferdinand_Marian;[294.43716  110.003586 382.14496  233.52141 ];116.0;378.0;223.0;270.0
RomanzeInMoll-23734.jpeg;M;M;Ferdinand_Marian;[276.09918 165.74191 316.0345  217.21701];164.0;319.0;216.0;268.0
RomanzeInMoll-23734.jpeg;M;M;Ferdinand_Marian;[510.37097 186.10803 552.0201  233.10643];164.0;319.0;216.0;268.0
RomanzeInMoll-27224.jpeg;M;M;Ferdinand_Marian;[295.05563   63.653378 367.0468   156.93686 ];66.0;394.0;156.0;305.0
RomanzeInMoll-28942.jpeg;M;M;Eric_Helgar;[269.0345  147.93034 330.81644 231.84389];163.0;335.0;225.0;273.0
RomanzeInMoll-32241.jpeg;M;M;Ferdinand_Marian;[288.55722 116.41298 323.98608 159.07059];122.0;321.0;158.0;285.0
RomanzeInMoll-32241.jpeg;F;M;Ferdinand_Marian;[119.17155   36.234894 143.2399    69.10267 ];122.0;321.0;158.0;285.0
RomanzeInMoll-32241.jpeg;M;M;Ferdinand_Marian;[450.34433  126.262505 487.88168  171.30637 ];122.0;321.0;158.0;285.0
RomanzeInMoll-32561.jpeg;M;M;Ferdinand_Marian;[292.49533   89.910324 365.2836   185.6688  ];105.0;361.0;179.0;287.0
RomanzeInMoll-32561.jpeg;M;M;Ferdinand_Marian;[ 47.057667 283.6662   122.41828  364.62683 ];105.0;361.0;179.0;287.0
RomanzeInMoll-32561.jpeg;M;M;Ferdinand_Marian;[396.30624 133.92943 460.76822 232.16098];105.0;361.0;179.0;287.0
RomanzeInMoll-32561.jpeg;F;M;Ferdinand_Marian;[119.04469   13.353062 144.76866   37.87242 ];105.0;361.0;179.0;287.0
RomanzeInMoll-33202.jpeg;F;M;Siegfried_Breuer;[ 69.78128 156.31464 139.89581 250.72438];106.0;474.0;196.0;384.0
RomanzeInMoll-33202.jpeg;M;M;Siegfried_Breuer;[409.70282 100.93175 487.52527 199.4331 ];106.0;474.0;196.0;384.0
RomanzeInMoll-33202.jpeg;M;M;Siegfried_Breuer;[258.28406   34.895515 288.38223   64.49971 ];106.0;474.0;196.0;384.0
RomanzeInMoll-35255.jpeg;M;M;Ferdinand_Marian;[366.42535  97.08188 465.89893 237.82953];116.0;462.0;223.0;354.0
RomanzeInMoll-35255.jpeg;M;M;Ferdinand_Marian;[128.67227 118.90765 211.86809 228.07858];116.0;462.0;223.0;354.0
RomanzeInMoll-35505.jpeg;M;M;Ferdinand_Marian;[152.86047 105.16264 235.10951 214.74763];116.0;426.0;223.0;318.0
RomanzeInMoll-35505.jpeg;M;M;Ferdinand_Marian;[352.03052 111.54276 435.07074 233.98941];116.0;426.0;223.0;318.0
RomanzeInMoll-35755.jpeg;M;M;Ferdinand_Marian;[348.91815 115.17569 428.71375 231.9764 ];126.0;414.0;216.0;325.0
RomanzeInMoll-35755.jpeg;F;M;Ferdinand_Marian;[182.13965 122.69508 262.56122 216.3613 ];126.0;414.0;216.0;325.0
RomanzeInMoll-36005.jpeg;M;M;Ferdinand_Marian;[345.92935  124.722046 430.60556  244.32211 ];146.0;414.0;236.0;325.0
RomanzeInMoll-36005.jpeg;F;M;Ferdinand_Marian;[191.20883 125.80875 268.66403 220.77852];146.0;414.0;236.0;325.0
RomanzeInMoll-36255.jpeg;M;M;Ferdinand_Marian;[386.69968 107.79953 478.16806 229.99615];136.0;474.0;226.0;384.0
RomanzeInMoll-36255.jpeg;M;M;Ferdinand_Marian;[177.09897 117.36633 259.72794 225.3209 ];136.0;474.0;226.0;384.0
RomanzeInMoll-36505.jpeg;M;M;Ferdinand_Marian;[362.26974  113.173386 445.2467   232.80576 ];128.0;438.0;235.0;330.0
RomanzeInMoll-36505.jpeg;F;M;Ferdinand_Marian;[208.0708   123.749214 289.0242   218.66534 ];128.0;438.0;235.0;330.0
RomanzeInMoll-36647.jpeg;M;M;Ferdinand_Marian;[454.52185 117.33181 592.53394 314.22488];150.0;580.0;305.0;425.0
RomanzeInMoll-36647.jpeg;M;M;Ferdinand_Marian;[221.84337 153.30219 319.58008 332.70102];150.0;580.0;305.0;425.0
RomanzeInMoll-37226.jpeg;M;M;Ferdinand_Marian;[413.8783  136.6261  511.97256 267.55518];152.0;521.0;259.0;414.0
RomanzeInMoll-38690.jpeg;M;M;Ferdinand_Marian;[288.40298 132.00381 349.44333 221.37549];138.0;345.0;213.0;270.0
RomanzeInMoll-38690.jpeg;M;M;Ferdinand_Marian;[519.1178  113.95934 575.4107  187.46706];138.0;345.0;213.0;270.0
RomanzeInMoll-41382.jpeg;M;M;Ferdinand_Marian;[244.26752  96.76274 330.03403 202.07529];106.0;325.0;196.0;235.0
RomanzeInMoll-41522.jpeg;M;M;Ferdinand_Marian;[243.2133   95.75364 322.32477 212.60089];116.0;315.0;206.0;225.0
RomanzeInMoll-41683.jpeg;M;M;Ferdinand_Marian;[244.77582  107.427055 330.34103  227.70438 ];136.0;325.0;226.0;235.0
RomanzeInMoll-42169.jpeg;M;M;Ferdinand_Marian;[240.64224  96.52997 318.60773 207.62225];106.0;315.0;196.0;225.0
RomanzeInMoll-42501.jpeg;M;M;Ferdinand_Marian;[264.3696   104.088776 344.79788  219.92389 ];126.0;344.0;216.0;255.0
RomanzeInMoll-42805.jpeg;M;M;Ferdinand_Marian;[243.45267 110.20221 330.47015 231.19888];136.0;325.0;226.0;235.0
RomanzeInMoll-43286.jpeg;M;M;Ferdinand_Marian;[230.78085 125.58418 271.4507  182.62927];132.0;266.0;175.0;223.0
RomanzeInMoll-43536.jpeg;M;M;Ferdinand_Marian;[329.38937   86.238464 411.85764  197.4578  ];113.0;395.0;188.0;320.0
RomanzeInMoll-43536.jpeg;F;M;Ferdinand_Marian;[199.78888 149.83554 276.3057  252.81006];113.0;395.0;188.0;320.0
RomanzeInMoll-45745.jpeg;M;M;Ferdinand_Marian;[141.56808 131.39056 310.30392 370.2893 ];180.0;345.0;366.0;159.0
RomanzeInMoll-46055.jpeg;M;M;Ferdinand_Marian;[134.45857 126.46512 308.34375 365.56564];180.0;324.0;366.0;139.0
RomanzeInMoll-48599.jpeg;M;M;Ferdinand_Marian;[343.22256 109.49031 407.51404 207.95844];121.0;403.0;196.0;328.0
RomanzeInMoll-50700.jpeg;M;M;Ferdinand_Marian;[135.31313 159.63321 242.08313 286.7341 ];139.0;483.0;268.0;354.0
RomanzeInMoll-50700.jpeg;M;M;Ferdinand_Marian;[367.71994 110.08737 476.1322  264.24442];139.0;483.0;268.0;354.0
RomanzeInMoll-50950.jpeg;M;M;Ferdinand_Marian;[391.36795 114.46146 500.86914 266.99213];139.0;511.0;268.0;382.0
RomanzeInMoll-50950.jpeg;M;M;Ferdinand_Marian;[128.4853  139.65198 240.45575 275.65796];139.0;511.0;268.0;382.0
RomanzeInMoll-53010.jpeg;M;M;Ferdinand_Marian;[288.1073   86.87076 477.75433 362.4997 ];118.0;464.0;341.0;241.0
RomanzeInMoll-58497.jpeg;F;M;Ferdinand_Marian;[451.34113 238.43448 483.7397  276.12143];113.0;228.0;156.0;184.0
RomanzeInMoll-58497.jpeg;M;M;Ferdinand_Marian;[561.4739  303.98148 584.41815 331.93048];113.0;228.0;156.0;184.0
RomanzeInMoll-58497.jpeg;M;M;Ferdinand_Marian;[184.80637 108.53442 221.96199 162.76663];113.0;228.0;156.0;184.0
RomanzeInMoll-58497.jpeg;M;M;Ferdinand_Marian;[407.42853 263.97244 423.19025 285.4536 ];113.0;228.0;156.0;184.0
RomanzeInMoll-58497.jpeg;M;M;Ferdinand_Marian;[315.6452  268.68576 330.34055 288.28555];113.0;228.0;156.0;184.0
RomanzeInMoll-58497.jpeg;M;M;Ferdinand_Marian;[578.97    271.29184 595.9149  293.1286 ];113.0;228.0;156.0;184.0
RomanzeInMoll-58497.jpeg;M;M;Ferdinand_Marian;[372.91644 331.11273 394.6118  355.60257];113.0;228.0;156.0;184.0
RomanzeInMoll-58497.jpeg;F;M;Ferdinand_Marian;[145.62651 337.37976 163.00294 360.27512];113.0;228.0;156.0;184.0
RomanzeInMoll-62446.jpeg;M;M;Ferdinand_Marian;[210.50517 158.33832 341.83157 327.25745];167.0;373.0;322.0;218.0
RomanzeInMoll-64491.jpeg;M;M;Ferdinand_Marian;[404.39832  49.16442 492.47552 177.88751];68.0;485.0;175.0;378.0
RomanzeInMoll-64491.jpeg;M;M;Ferdinand_Marian;[ 98.8354  173.55646 178.10388 268.3972 ];68.0;485.0;175.0;378.0
RomanzeInMoll-64741.jpeg;M;M;Ferdinand_Marian;[418.45312  49.38643 501.45605 174.08063];56.0;497.0;163.0;390.0
RomanzeInMoll-64741.jpeg;F;M;Ferdinand_Marian;[213.99835 161.97769 298.21783 256.62335];56.0;497.0;163.0;390.0
RomanzeInMoll-74292.jpeg;M;M;Ferdinand_Marian;[209.24852  127.659836 263.1692   200.28683 ];141.0;262.0;193.0;210.0
RomanzeInMoll-74292.jpeg;M;M;Ferdinand_Marian;[323.73657 111.53319 382.4521  209.50757];141.0;262.0;193.0;210.0
RomanzeInMoll-74542.jpeg;M;M;Ferdinand_Marian;[393.63214 159.60817 453.2523  243.64766];177.0;446.0;239.0;384.0
RomanzeInMoll-74542.jpeg;F;M;Ferdinand_Marian;[128.43886 173.12    187.75246 253.26218];177.0;446.0;239.0;384.0
RomanzeInMoll-74806.jpeg;M;M;Ferdinand_Marian;[275.99988 104.63137 395.368   272.5759 ];139.0;397.0;268.0;268.0
RomanzeInMoll-75490.jpeg;M;M;Siegfried_Breuer;[173.387   111.09122 217.63638 168.72333];108.0;232.0;170.0;170.0
RomanzeInMoll-75490.jpeg;M;M;Siegfried_Breuer;[403.03552  115.337265 449.5656   177.00996 ];108.0;232.0;170.0;170.0
RomanzeInMoll-75490.jpeg;M;M;Siegfried_Breuer;[ 65.19707 122.09117  96.81539 164.41885];108.0;232.0;170.0;170.0
RomanzeInMoll-75490.jpeg;M;M;Siegfried_Breuer;[301.94263 113.39933 331.95145 157.30809];108.0;232.0;170.0;170.0
RomanzeInMoll-75490.jpeg;M;M;Siegfried_Breuer;[261.2637  118.8656  302.97284 170.41306];108.0;232.0;170.0;170.0
RomanzeInMoll-75490.jpeg;M;M;Siegfried_Breuer;[ 26.000406 135.50739   65.842224 188.05681 ];108.0;232.0;170.0;170.0
RomanzeInMoll-75490.jpeg;M;M;Siegfried_Breuer;[504.90973 172.886   540.6674  218.51613];108.0;232.0;170.0;170.0
RomanzeInMoll-77546.jpeg;M;M;Ferdinand_Marian;[298.93137   86.546455 418.98312  252.57901 ];110.0;411.0;239.0;282.0
RomanzeInMoll-77710.jpeg;M;M;Siegfried_Breuer;[348.10727 253.16258 408.7999  337.72845];73.0;225.0;135.0;163.0
RomanzeInMoll-77710.jpeg;M;M;Ferdinand_Marian;[348.10727 253.16258 408.7999  337.72845];267.0;405.0;329.0;342.0
RomanzeInMoll-77710.jpeg;M;M;Siegfried_Breuer;[167.91066  62.70707 219.14638 129.82314];73.0;225.0;135.0;163.0
RomanzeInMoll-77710.jpeg;M;M;Ferdinand_Marian;[167.91066  62.70707 219.14638 129.82314];267.0;405.0;329.0;342.0
RomanzeInMoll-78472.jpeg;M;M;Ferdinand_Marian;[294.39923  82.50954 412.745   247.26392];96.0;411.0;225.0;282.0
RomanzeInMoll-78795.jpeg;M;M;Ferdinand_Marian;[294.77216  78.41289 413.59735 244.38928];96.0;411.0;225.0;282.0
RomanzeInMoll-78875.jpeg;M;M;Ferdinand_Marian;[296.0567   79.7158  415.06015 245.63783];110.0;425.0;239.0;296.0
RomanzeInMoll-81707.jpeg;M;M;Siegfried_Breuer;[319.91953  116.667564 400.55295  227.85963 ];136.0;394.0;226.0;305.0
RomanzeInMoll-81957.jpeg;M;M;Siegfried_Breuer;[314.76917 111.51126 396.87207 217.79143];126.0;394.0;216.0;305.0
RomanzeInMoll-82041.jpeg;M;M;Siegfried_Breuer;[315.99835 108.57913 397.85715 215.64609];126.0;394.0;216.0;305.0
RomanzeInMoll-82198.jpeg;M;M;Siegfried_Breuer;[314.71426  102.051605 399.0279   210.09283 ];104.0;402.0;211.0;294.0
RomanzeInMoll-83198.jpeg;F;M;Ferdinand_Marian;[212.67398 160.28267 321.9057  310.0438 ];153.0;468.0;282.0;339.0
RomanzeInMoll-83198.jpeg;M;M;Ferdinand_Marian;[368.70782 129.63628 466.81097 267.65182];153.0;468.0;282.0;339.0
RomanzeInMoll-83698.jpeg;M;M;Ferdinand_Marian;[385.63516  115.700554 493.29758  257.5498  ];152.0;474.0;259.0;366.0
RomanzeInMoll-83698.jpeg;F;M;Ferdinand_Marian;[220.16666 157.13264 331.63318 304.04904];152.0;474.0;259.0;366.0
RomanzeInMoll-85760.jpeg;M;M;Siegfried_Breuer;[315.46014  95.69119 383.6242  190.05649];106.0;414.0;196.0;325.0
RomanzeInMoll-87428.jpeg;M;M;Siegfried_Breuer;[246.7537    52.523735 352.27167  191.79996 ];80.0;366.0;187.0;259.0
RomanzeInMoll-87777.jpeg;M;M;Siegfried_Breuer;[298.87213  87.35384 417.45114 243.12143];116.0;442.0;270.0;287.0
RomanzeInMoll-88053.jpeg;M;M;Siegfried_Breuer;[297.15268  91.37877 414.0706  244.27393];125.0;425.0;254.0;296.0
RomanzeInMoll-89124.jpeg;M;M;Siegfried_Breuer;[227.60973  118.997406 292.79715  198.81305 ];130.0;303.0;204.0;229.0
RomanzeInMoll-89365.jpeg;M;M;Siegfried_Breuer;[229.19846 122.54918 293.5847  202.28725];130.0;303.0;204.0;229.0
RomanzeInMoll-99611.jpeg;M;M;Siegfried_Breuer;[361.90915  83.78323 436.0768  182.51974];105.0;436.0;179.0;361.0
RomanzeInMoll-99611.jpeg;M;M;Siegfried_Breuer;[111.55951 143.71814 186.80817 237.9524 ];105.0;436.0;179.0;361.0
RomanzeInMoll-99611.jpeg;M;M;Siegfried_Breuer;[524.76794 189.3244  551.4044  232.63582];105.0;436.0;179.0;361.0
RomanzeInMoll-99611.jpeg;M;M;Siegfried_Breuer;[ 60.935688 216.4051    78.93983  239.73784 ];105.0;436.0;179.0;361.0
Schlussakkord-102715.jpeg;F;F;Lil_Dagover;[306.94662  81.16593 541.9806  410.826  ];142.0;587.0;409.0;319.0
Schlussakkord-105160.jpeg;F;F;Lil_Dagover;[611.17285 151.4488  691.09906 260.90768];152.0;689.0;259.0;581.0
Schlussakkord-105160.jpeg;M;F;Lil_Dagover;[469.27353 106.91268 526.1891  230.85664];152.0;689.0;259.0;581.0
Schlussakkord-105951.jpeg;F;F;Lil_Dagover;[197.19029 117.33173 358.05682 342.32144];139.0;345.0;325.0;159.0
Schlussakkord-105951.jpeg;M;F;Lil_Dagover;[526.84595 130.70024 685.4116  397.6373 ];139.0;345.0;325.0;159.0
Schlussakkord-106095.jpeg;F;F;Lil_Dagover;[256.0519  114.70996 428.03772 347.37012];160.0;428.0;345.0;242.0
Schlussakkord-106095.jpeg;M;F;Lil_Dagover;[529.5182  182.05649 671.2522  426.1764 ];160.0;428.0;345.0;242.0
Schlussakkord-111274.jpeg;F;F;Lil_Dagover;[251.7485  130.45724 408.39633 356.79944];167.0;442.0;322.0;287.0
Schlussakkord-111274.jpeg;M;F;Lil_Dagover;[528.39    142.70323 646.4017  392.58063];167.0;442.0;322.0;287.0
Schlussakkord-111634.jpeg;F;F;Lil_Dagover;[212.4698   40.20378 359.94492 281.66397];77.0;428.0;263.0;242.0
Schlussakkord-111634.jpeg;F;F;Lil_Dagover;[540.7166  208.02408 667.0339  436.4358 ];77.0;428.0;263.0;242.0
Schlussakkord-113216.jpeg;M;F;Lil_Dagover;[313.25974 195.1248  563.9964  482.58566];266.0;513.0;489.0;291.0
Schlussakkord-114295.jpeg;F;F;Lil_Dagover;[350.46713 146.18745 626.4501  521.14923];170.0;669.0;491.0;348.0
Schlussakkord-118755.jpeg;M;M;Willy_Birgel;[445.61606 152.99634 598.9041  354.30634];160.0;613.0;345.0;428.0
Schlussakkord-119330.jpeg;M;M;Willy_Birgel;[395.77872  91.63147 692.96826 478.25284];134.0;669.0;455.0;348.0
Schlussakkord-127458.jpeg;F;F;Lil_Dagover;[327.82306  78.44418 470.60236 280.8609 ];116.0;494.0;270.0;339.0
Schlussakkord-127458.jpeg;M;F;Lil_Dagover;[777.98236 175.59584 870.92444 308.3575 ];116.0;494.0;270.0;339.0
Schlussakkord-128249.jpeg;M;M;Willy_Birgel;[432.652   142.10379 508.81128 246.58183];156.0;514.0;245.0;424.0
Schlussakkord-128249.jpeg;M;M;Willy_Birgel;[  4.3367147 269.04108    40.45323   318.99466  ];156.0;514.0;245.0;424.0
Schlussakkord-128249.jpeg;M;M;Willy_Birgel;[263.49094 176.12381 291.5426  212.89275];156.0;514.0;245.0;424.0
Schlussakkord-128249.jpeg;M;M;Willy_Birgel;[737.1143  214.50084 760.33636 243.66872];156.0;514.0;245.0;424.0
Schlussakkord-128537.jpeg;M;M;Willy_Birgel;[438.7506  141.86577 515.5389  246.87523];156.0;524.0;245.0;434.0
Schlussakkord-128537.jpeg;M;M;Willy_Birgel;[  8.974381 271.29633   43.72408  320.2129  ];156.0;524.0;245.0;434.0
Schlussakkord-128537.jpeg;M;M;Willy_Birgel;[264.52362 177.59947 290.4911  213.23102];156.0;524.0;245.0;434.0
Schlussakkord-128537.jpeg;F;M;Willy_Birgel;[793.64636 229.27527 815.0266  254.74341];156.0;524.0;245.0;434.0
Schlussakkord-129616.jpeg;M;M;Willy_Birgel;[420.45056  94.34094 470.05066 166.28131];101.0;460.0;163.0;398.0
Schlussakkord-132924.jpeg;M;M;Albert_Lippert;[365.44635   62.997154 500.9465   250.9018  ];110.0;483.0;239.0;354.0
Schlussakkord-133284.jpeg;M;M;Albert_Lippert;[395.6701  220.62791 479.0529  319.24512];113.0;361.0;188.0;287.0
Schlussakkord-133284.jpeg;M;M;Albert_Lippert;[390.11905   18.065338 434.72205   73.20352 ];113.0;361.0;188.0;287.0
Schlussakkord-133284.jpeg;M;M;Albert_Lippert;[607.4262    56.767094 656.5896   113.54592 ];113.0;361.0;188.0;287.0
Schlussakkord-133284.jpeg;M;M;Albert_Lippert;[526.7539    24.057425 574.5775    78.63117 ];113.0;361.0;188.0;287.0
Schlussakkord-133284.jpeg;M;M;Albert_Lippert;[228.17456  91.19088 268.6493  139.5627 ];113.0;361.0;188.0;287.0
Schlussakkord-133284.jpeg;F;M;Albert_Lippert;[683.5185   93.83975 750.8035  165.19736];113.0;361.0;188.0;287.0
Schlussakkord-133284.jpeg;M;M;Albert_Lippert;[ 97.90324   55.904495 134.2085    96.451195];113.0;361.0;188.0;287.0
Schlussakkord-133284.jpeg;M;M;Albert_Lippert;[285.74597   13.569027 318.82254   58.863796];113.0;361.0;188.0;287.0
Schlussakkord-133284.jpeg;M;M;Albert_Lippert;[459.0698   91.58199 505.46326 145.91515];113.0;361.0;188.0;287.0
Schlussakkord-133284.jpeg;M;M;Albert_Lippert;[306.08734 114.32782 367.82803 185.38081];113.0;361.0;188.0;287.0
Schlussakkord-133284.jpeg;M;M;Albert_Lippert;[515.1458  121.56022 576.4069  195.16858];113.0;361.0;188.0;287.0
Schlussakkord-133284.jpeg;F;M;Albert_Lippert;[ 48.67594  97.5328   88.02664 148.15567];113.0;361.0;188.0;287.0
Schlussakkord-133284.jpeg;M;M;Albert_Lippert;[218.22415   44.625504 255.9747    91.63624 ];113.0;361.0;188.0;287.0
Schlussakkord-133284.jpeg;F;M;Albert_Lippert;[107.88543 147.98792 161.14343 212.42685];113.0;361.0;188.0;287.0
Schlussakkord-133284.jpeg;M;M;Albert_Lippert;[717.9277    13.604304 756.2949    58.339794];113.0;361.0;188.0;287.0
Schlussakkord-133284.jpeg;M;M;Albert_Lippert;[53.493572 42.014854 81.91573  75.26592 ];113.0;361.0;188.0;287.0
Schlussakkord-133284.jpeg;M;M;Albert_Lippert;[323.83463  42.03273 358.71228  85.72767];113.0;361.0;188.0;287.0
Schlussakkord-133284.jpeg;F;M;Albert_Lippert;[785.297    67.48612 842.00726 123.49735];113.0;361.0;188.0;287.0
Schlussakkord-133284.jpeg;F;M;Albert_Lippert;[179.07645  33.54043 210.23587  70.32507];113.0;361.0;188.0;287.0
Schlussakkord-133284.jpeg;M;M;Albert_Lippert;[335.9981    72.573746 381.89093  129.62463 ];113.0;361.0;188.0;287.0
Schlussakkord-133284.jpeg;F;M;Albert_Lippert;[ 84.43017   11.612607 108.00526   42.406715];113.0;361.0;188.0;287.0
Schlussakkord-133284.jpeg;F;M;Albert_Lippert;[822.76465  -18.77688  858.6361    29.602291];113.0;361.0;188.0;287.0
Schlussakkord-133284.jpeg;F;M;Albert_Lippert;[659.4069   -17.212423 696.23724   27.35517 ];113.0;361.0;188.0;287.0
Schlussakkord-133284.jpeg;M;M;Albert_Lippert;[198.91982   21.235674 222.96681   49.35118 ];113.0;361.0;188.0;287.0
Schlussakkord-133428.jpeg;M;M;Albert_Lippert;[404.35403   59.593082 541.34906  257.7331  ];110.0;526.0;239.0;397.0
Schlussakkord-133572.jpeg;M;M;Albert_Lippert;[309.79996  58.95527 445.54984 267.31723];77.0;448.0;263.0;262.0
Schlussakkord-133716.jpeg;M;M;Albert_Lippert;[391.2433   68.9289  532.6326  267.19788];116.0;528.0;270.0;373.0
Schlussakkord-133931.jpeg;M;M;Albert_Lippert;[341.73337  71.39726 490.5248  272.62527];116.0;476.0;270.0;322.0
Schlussakkord-134363.jpeg;M;M;Albert_Lippert;[115.57854 173.14374 151.66606 222.33754];82.0;583.0;211.0;454.0
Schlussakkord-134363.jpeg;M;M;Albert_Lippert;[493.3097   71.71714 589.02747 212.3638 ];82.0;583.0;211.0;454.0
Schlussakkord-134363.jpeg;F;M;Albert_Lippert;[ 91.88819  69.66413 122.56987 109.48028];82.0;583.0;211.0;454.0
Schlussakkord-134363.jpeg;M;M;Albert_Lippert;[310.03015 195.39676 348.1354  234.73985];82.0;583.0;211.0;454.0
Schlussakkord-134363.jpeg;M;M;Albert_Lippert;[187.7476   66.29614 215.64676 104.75019];82.0;583.0;211.0;454.0
Schlussakkord-134723.jpeg;M;M;Albert_Lippert;[468.6153   97.59059 569.74274 239.27852];110.0;569.0;239.0;440.0
Schlussakkord-134723.jpeg;M;M;Albert_Lippert;[172.0496  199.4676  214.06897 244.37373];110.0;569.0;239.0;440.0
Schlussakkord-134723.jpeg;F;M;Albert_Lippert;[ 93.45571   68.65287  124.52589  107.788704];110.0;569.0;239.0;440.0
Schlussakkord-134723.jpeg;M;M;Albert_Lippert;[292.79114 185.47067 325.14755 229.13553];110.0;569.0;239.0;440.0
Schlussakkord-134723.jpeg;M;M;Albert_Lippert;[189.52115   61.536064 218.38133  101.795395];110.0;569.0;239.0;440.0
Schlussakkord-134723.jpeg;M;M;Albert_Lippert;[725.6596   71.51684 745.88153  99.63851];110.0;569.0;239.0;440.0
Schlussakkord-135154.jpeg;M;M;Albert_Lippert;[433.3143   94.41899 516.4943  204.57668];121.0;511.0;196.0;436.0
Schlussakkord-135154.jpeg;M;M;Albert_Lippert;[657.25793   43.492737 686.15515   82.06153 ];121.0;511.0;196.0;436.0
Schlussakkord-18127.jpeg;M;M;Willy_Birgel;[321.68555 164.82474 478.96674 384.9482 ];180.0;469.0;366.0;283.0
Schlussakkord-18703.jpeg;M;M;Willy_Birgel;[255.48611 211.15714 428.05066 432.91653];263.0;448.0;449.0;262.0
Schlussakkord-18703.jpeg;M;M;Willy_Birgel;[646.40924 384.85568 761.6735  604.6938 ];263.0;448.0;449.0;262.0
Schlussakkord-18775.jpeg;M;M;Willy_Birgel;[295.24237 174.27792 425.6026  358.5684 ];180.0;469.0;366.0;283.0
Schlussakkord-18775.jpeg;M;M;Willy_Birgel;[657.19293 382.1132  769.4521  594.6484 ];180.0;469.0;366.0;283.0
Schlussakkord-19062.jpeg;M;F;Lil_Dagover;[355.1166  165.03616 417.53156 261.40384];135.0;619.0;198.0;557.0
Schlussakkord-19062.jpeg;M;F;Lil_Dagover;[574.6576  128.02615 629.64264 202.96045];135.0;619.0;198.0;557.0
Schlussakkord-19710.jpeg;M;M;Willy_Birgel;[468.6601  104.71456 541.241   206.90103];116.0;544.0;206.0;454.0
Schlussakkord-19710.jpeg;F;M;Willy_Birgel;[235.96649 125.81629 302.749   217.11705];116.0;544.0;206.0;454.0
Schlussakkord-22659.jpeg;F;F;Lil_Dagover;[367.35574 229.16273 436.17557 326.839  ];236.0;464.0;325.0;374.0
Schlussakkord-22659.jpeg;M;F;Lil_Dagover;[718.2131  240.70341 785.07465 326.51837];236.0;464.0;325.0;374.0
Schlussakkord-22659.jpeg;M;F;Lil_Dagover;[607.6808   72.91851 668.52795 155.02042];236.0;464.0;325.0;374.0
Schlussakkord-22659.jpeg;M;F;Lil_Dagover;[ 83.90962 225.60156 155.3479  318.95978];236.0;464.0;325.0;374.0
Schlussakkord-22659.jpeg;M;F;Lil_Dagover;[ 45.409813 403.82758  172.83485  578.3709  ];236.0;464.0;325.0;374.0
Schlussakkord-22947.jpeg;M;M;Albert_Lippert;[450.0696  411.72568 508.86206 501.7025 ];420.0;519.0;495.0;444.0
Schlussakkord-23306.jpeg;M;M;Albert_Lippert;[464.55096   95.257484 566.6177   240.71469 ];110.0;569.0;239.0;440.0
Schlussakkord-23738.jpeg;F;F;Lil_Dagover;[205.04433 368.38065 245.23814 422.12314];305.0;804.0;348.0;760.0
Schlussakkord-23738.jpeg;M;F;Lil_Dagover;[232.40433 266.32333 268.62042 311.05994];305.0;804.0;348.0;760.0
Schlussakkord-23738.jpeg;F;F;Lil_Dagover;[659.23175 283.12747 693.7235  321.94382];305.0;804.0;348.0;760.0
Schlussakkord-23738.jpeg;F;F;Lil_Dagover;[761.60126 302.14514 799.2673  349.86563];305.0;804.0;348.0;760.0
Schlussakkord-23738.jpeg;F;F;Lil_Dagover;[ 27.14885 291.22375  60.82781 331.3119 ];305.0;804.0;348.0;760.0
Schlussakkord-23738.jpeg;M;F;Lil_Dagover;[327.4769  293.55023 370.3545  346.31195];305.0;804.0;348.0;760.0
Schlussakkord-23738.jpeg;M;F;Lil_Dagover;[ 47.99257 261.2847   79.79763 306.57172];305.0;804.0;348.0;760.0
Schlussakkord-23738.jpeg;F;F;Lil_Dagover;[356.05716 194.3683  385.96927 229.40747];305.0;804.0;348.0;760.0
Schlussakkord-23738.jpeg;M;F;Lil_Dagover;[ 60.820084 157.82974   91.576416 191.82755 ];305.0;804.0;348.0;760.0
Schlussakkord-23738.jpeg;M;F;Lil_Dagover;[  5.951517 392.0308    50.226387 456.93848 ];305.0;804.0;348.0;760.0
Schlussakkord-24889.jpeg;F;F;Lil_Dagover;[255.60545 141.3105  334.1828  246.01677];146.0;325.0;236.0;235.0
Schlussakkord-24889.jpeg;F;F;Lil_Dagover;[450.13068 221.0222  504.13367 303.6212 ];146.0;325.0;236.0;235.0
Schlussakkord-24889.jpeg;M;F;Lil_Dagover;[468.78973   60.292355 539.6066   185.64873 ];146.0;325.0;236.0;235.0
Schlussakkord-31362.jpeg;F;F;Lil_Dagover;[314.94247  59.08602 660.0323  572.0723 ];92.0;605.0;554.0;142.0
Schlussakkord-35390.jpeg;M;M;Theodor_Loos;[373.01526  76.66655 500.16785 281.9566 ];435.0;126.0;524.0;36.0
Schlussakkord-35390.jpeg;M;M;Theodor_Loos;[ 40.459587 405.6171   136.81358  531.7811  ];435.0;126.0;524.0;36.0
Schlussakkord-35390.jpeg;F;M;Theodor_Loos;[200.21829 312.7473  286.9728  429.11243];435.0;126.0;524.0;36.0
Schlussakkord-35390.jpeg;M;M;Theodor_Loos;[ 13.280552 274.60837   80.287155 365.9095  ];435.0;126.0;524.0;36.0
Schlussakkord-44165.jpeg;M;F;Lil_Dagover;[ 71.70657 520.2946  113.92909 570.00995];510.0;301.0;546.0;265.0
Schlussakkord-44165.jpeg;F;F;Lil_Dagover;[355.39648 573.75183 400.3568  633.5146 ];510.0;301.0;546.0;265.0
Schlussakkord-44165.jpeg;F;F;Lil_Dagover;[101.81409 466.38632 132.66487 503.47125];510.0;301.0;546.0;265.0
Schlussakkord-44165.jpeg;M;F;Lil_Dagover;[643.5104 557.2963 687.4773 611.7053];510.0;301.0;546.0;265.0
Schlussakkord-44165.jpeg;M;F;Lil_Dagover;[183.09665 544.90375 219.73523 591.909  ];510.0;301.0;546.0;265.0
Schlussakkord-44165.jpeg;M;F;Lil_Dagover;[549.9066  544.6899  589.36804 595.2194 ];510.0;301.0;546.0;265.0
Schlussakkord-44165.jpeg;F;F;Lil_Dagover;[325.01483 509.62646 361.79837 555.06024];510.0;301.0;546.0;265.0
Schlussakkord-44165.jpeg;M;F;Lil_Dagover;[459.49445 552.6379  496.49658 598.51086];510.0;301.0;546.0;265.0
Schlussakkord-44165.jpeg;M;F;Lil_Dagover;[259.5896  445.54486 285.53955 477.33334];510.0;301.0;546.0;265.0
Schlussakkord-44165.jpeg;M;F;Lil_Dagover;[266.85767 504.4176  298.89148 544.6234 ];510.0;301.0;546.0;265.0
Schlussakkord-44165.jpeg;M;F;Lil_Dagover;[233.45891 548.921   278.5811  609.85254];510.0;301.0;546.0;265.0
Schlussakkord-44165.jpeg;M;F;Lil_Dagover;[473.84073 412.6724  499.06226 443.0985 ];510.0;301.0;546.0;265.0
Schlussakkord-44165.jpeg;M;F;Lil_Dagover;[441.15405 430.82092 469.05527 465.67923];510.0;301.0;546.0;265.0
Schlussakkord-44165.jpeg;F;F;Lil_Dagover;[ 14.588677 525.2516    47.616173 565.96344 ];510.0;301.0;546.0;265.0
Schlussakkord-44165.jpeg;M;F;Lil_Dagover;[142.60289 505.85345 180.93463 547.2765 ];510.0;301.0;546.0;265.0
Schlussakkord-44165.jpeg;M;F;Lil_Dagover;[599.68475 395.37173 621.7321  423.57883];510.0;301.0;546.0;265.0
Schlussakkord-44165.jpeg;M;F;Lil_Dagover;[322.92053 444.41757 350.6897  477.12512];510.0;301.0;546.0;265.0
Schlussakkord-44165.jpeg;M;F;Lil_Dagover;[513.58685 408.33005 534.07965 435.60202];510.0;301.0;546.0;265.0
Schlussakkord-44165.jpeg;M;F;Lil_Dagover;[476.23373 471.45883 504.86908 505.9712 ];510.0;301.0;546.0;265.0
Schlussakkord-44165.jpeg;M;F;Lil_Dagover;[719.5922  490.99213 752.70337 534.3878 ];510.0;301.0;546.0;265.0
Schlussakkord-44165.jpeg;M;F;Lil_Dagover;[362.72922 403.58328 385.54843 431.6102 ];510.0;301.0;546.0;265.0
Schlussakkord-44165.jpeg;M;F;Lil_Dagover;[ 40.123924 467.80884   73.62046  505.18454 ];510.0;301.0;546.0;265.0
Schlussakkord-44165.jpeg;M;F;Lil_Dagover;[380.8285  465.28915 409.38058 498.50146];510.0;301.0;546.0;265.0
Schlussakkord-44165.jpeg;M;F;Lil_Dagover;[563.1074  473.03488 590.9726  508.31345];510.0;301.0;546.0;265.0
Schlussakkord-44165.jpeg;M;F;Lil_Dagover;[205.77577 431.02597 231.87766 464.63907];510.0;301.0;546.0;265.0
Schlussakkord-44165.jpeg;M;F;Lil_Dagover;[828.8429  521.47864 864.1945  563.6238 ];510.0;301.0;546.0;265.0
Schlussakkord-44165.jpeg;M;F;Lil_Dagover;[789.54517 578.93066 836.8276  641.992  ];510.0;301.0;546.0;265.0
Schlussakkord-44165.jpeg;M;F;Lil_Dagover;[164.4424  431.2718  188.93051 461.0613 ];510.0;301.0;546.0;265.0
Schlussakkord-44165.jpeg;M;F;Lil_Dagover;[589.1815  448.9577  616.2129  484.23962];510.0;301.0;546.0;265.0
Schlussakkord-44165.jpeg;M;F;Lil_Dagover;[318.6331  417.15875 344.55203 446.70975];510.0;301.0;546.0;265.0
Schlussakkord-44165.jpeg;M;F;Lil_Dagover;[564.9818  410.84195 590.4042  442.16873];510.0;301.0;546.0;265.0
Schlussakkord-44165.jpeg;M;F;Lil_Dagover;[613.3516  438.50598 637.6011  469.12198];510.0;301.0;546.0;265.0
Schlussakkord-44165.jpeg;M;F;Lil_Dagover;[539.49396 393.97574 560.24304 419.50592];510.0;301.0;546.0;265.0
Schlussakkord-44165.jpeg;M;F;Lil_Dagover;[496.1424  597.5678  545.68427 662.514  ];510.0;301.0;546.0;265.0
Schlussakkord-44165.jpeg;F;F;Lil_Dagover;[632.15015 422.78693 655.4763  453.23456];510.0;301.0;546.0;265.0
Schlussakkord-44165.jpeg;M;F;Lil_Dagover;[217.55476 256.6891  236.06407 279.56207];510.0;301.0;546.0;265.0
Schlussakkord-44165.jpeg;M;F;Lil_Dagover;[404.24216 408.78937 427.308   437.70062];510.0;301.0;546.0;265.0
Schlussakkord-44165.jpeg;F;F;Lil_Dagover;[148.94049 263.5705  171.17165 290.00583];510.0;301.0;546.0;265.0
Schlussakkord-44165.jpeg;M;F;Lil_Dagover;[517.113   451.86404 541.8946  481.0351 ];510.0;301.0;546.0;265.0
Schlussakkord-44165.jpeg;M;F;Lil_Dagover;[ -1.3039033 467.20114    28.971878  499.69165  ];510.0;301.0;546.0;265.0
Schlussakkord-44165.jpeg;M;F;Lil_Dagover;[662.14545 459.35797 690.27246 493.14734];510.0;301.0;546.0;265.0
Schlussakkord-44165.jpeg;F;F;Lil_Dagover;[705.56396 378.1714  724.4257  401.935  ];510.0;301.0;546.0;265.0
Schlussakkord-44165.jpeg;F;F;Lil_Dagover;[660.9563  670.0376  708.7288  720.04517];510.0;301.0;546.0;265.0
Schlussakkord-44165.jpeg;M;F;Lil_Dagover;[641.6366  500.58847 675.07153 537.77057];510.0;301.0;546.0;265.0
Schlussakkord-44165.jpeg;F;F;Lil_Dagover;[291.65524 255.34712 310.00223 277.9894 ];510.0;301.0;546.0;265.0
Schlussakkord-44165.jpeg;F;F;Lil_Dagover;[ 83.79418 247.2157  105.58712 274.8175 ];510.0;301.0;546.0;265.0
Schlussakkord-44165.jpeg;F;F;Lil_Dagover;[642.3132  401.75458 663.3956  427.43713];510.0;301.0;546.0;265.0
Schlussakkord-44165.jpeg;M;F;Lil_Dagover;[539.1408  427.10648 564.3116  457.92188];510.0;301.0;546.0;265.0
Schlussakkord-44165.jpeg;F;F;Lil_Dagover;[841.10693 429.8592  864.54285 459.999  ];510.0;301.0;546.0;265.0
Schlussakkord-44165.jpeg;M;F;Lil_Dagover;[378.05835 439.9281  403.37604 467.48376];510.0;301.0;546.0;265.0
Schlussakkord-44165.jpeg;F;F;Lil_Dagover;[744.70087 479.5421  773.9768  516.15674];510.0;301.0;546.0;265.0
Schlussakkord-44165.jpeg;M;F;Lil_Dagover;[736.7438 402.044  756.875  426.9382];510.0;301.0;546.0;265.0
Schlussakkord-44165.jpeg;M;F;Lil_Dagover;[353.20557 260.2869  373.52847 284.05655];510.0;301.0;546.0;265.0
Schlussakkord-44165.jpeg;F;F;Lil_Dagover;[680.2828  387.98264 698.64886 409.92795];510.0;301.0;546.0;265.0
Schlussakkord-44165.jpeg;F;F;Lil_Dagover;[626.5669  379.34528 648.8131  404.41818];510.0;301.0;546.0;265.0
Schlussakkord-44165.jpeg;M;F;Lil_Dagover;[455.49713 407.85287 475.8947  434.5121 ];510.0;301.0;546.0;265.0
Schlussakkord-44165.jpeg;M;F;Lil_Dagover;[856.18445 404.27264 875.0388  428.40912];510.0;301.0;546.0;265.0
Schlussakkord-45748.jpeg;M;M;Willy_Birgel;[449.05478   97.956764 513.18744  179.87097 ];108.0;508.0;170.0;446.0
Schlussakkord-45748.jpeg;M;M;Willy_Birgel;[  8.653509 183.44786   93.951355 307.2451  ];108.0;508.0;170.0;446.0
Schlussakkord-46035.jpeg;M;M;Willy_Birgel;[579.8054  132.68474 635.14795 208.24318];142.0;633.0;205.0;570.0
Schlussakkord-46035.jpeg;M;M;Willy_Birgel;[ 11.251493 184.54567   60.629997 254.33533 ];142.0;633.0;205.0;570.0
Schlussakkord-46035.jpeg;M;M;Willy_Birgel;[242.22035 161.46788 296.38644 233.12662];142.0;633.0;205.0;570.0
Schlussakkord-46035.jpeg;M;M;Willy_Birgel;[752.21893  -10.2631   797.77606   44.635708];142.0;633.0;205.0;570.0
Schlussakkord-46035.jpeg;F;M;Willy_Birgel;[399.59766 237.63326 445.32605 297.34338];142.0;633.0;205.0;570.0
Schlussakkord-46035.jpeg;F;M;Willy_Birgel;[304.76895  81.21187 330.3976  121.91762];142.0;633.0;205.0;570.0
Schlussakkord-46251.jpeg;M;M;Willy_Birgel;[424.9225    38.253036 575.3779   250.24883 ];57.0;551.0;242.0;366.0
Schlussakkord-46251.jpeg;F;M;Willy_Birgel;[602.3028    59.582844 676.131    151.72884 ];57.0;551.0;242.0;366.0
Schlussakkord-46683.jpeg;M;M;Willy_Birgel;[426.5872  117.50678 541.3015  271.69864];139.0;540.0;268.0;411.0
Schlussakkord-46683.jpeg;F;M;Willy_Birgel;[216.8356  218.00526 315.19827 358.12305];139.0;540.0;268.0;411.0
Schlussakkord-47042.jpeg;M;F;Lil_Dagover;[454.89734 155.26152 532.232   269.3823 ];163.0;533.0;271.0;426.0
Schlussakkord-47474.jpeg;M;M;Willy_Birgel;[433.16074  45.00644 550.44244 197.94751];80.0;533.0;187.0;426.0
Schlussakkord-48625.jpeg;M;M;Willy_Birgel;[117.67089   74.005325 209.7958   200.75682 ];104.0;211.0;211.0;103.0
Schlussakkord-48625.jpeg;F;M;Willy_Birgel;[633.1334  137.42097 714.2164  250.48454];104.0;211.0;211.0;103.0
Schlussakkord-56393.jpeg;F;F;Lil_Dagover;[366.92444   86.932335 570.2445   374.8283  ];118.0;563.0;341.0;340.0
Schlussakkord-58407.jpeg;M;M;Willy_Birgel;[444.3377   81.49438 515.5886  178.77155];96.0;502.0;171.0;428.0
Schlussakkord-58407.jpeg;M;M;Willy_Birgel;[570.61176 118.3021  637.3731  230.29068];96.0;502.0;171.0;428.0
Schlussakkord-58407.jpeg;M;M;Willy_Birgel;[120.732025 126.975586 194.96318  242.87985 ];96.0;502.0;171.0;428.0
Schlussakkord-58407.jpeg;M;M;Willy_Birgel;[362.94977 124.09162 417.5474  190.17241];96.0;502.0;171.0;428.0
Schlussakkord-63370.jpeg;F;F;Lil_Dagover;[482.9056  161.6992  559.6977  266.88712];176.0;563.0;265.0;474.0
Schlussakkord-63370.jpeg;M;F;Lil_Dagover;[489.4417    68.924446 535.02094  123.58103 ];176.0;563.0;265.0;474.0
Schlussakkord-63514.jpeg;M;M;Kurt_Meisel;[409.74582  42.02651 498.91904 162.85695];68.0;509.0;175.0;402.0
Schlussakkord-63514.jpeg;M;M;Kurt_Meisel;[656.2266    52.111607 702.7037   109.093445];68.0;509.0;175.0;402.0
Schlussakkord-65024.jpeg;M;M;Willy_Birgel;[462.49768  -20.013544 580.93384  145.83823 ];10.0;583.0;139.0;454.0
Schlussakkord-65024.jpeg;M;M;Willy_Birgel;[123.94387  99.44735 228.64882 245.586  ];10.0;583.0;139.0;454.0
Schlussakkord-65528.jpeg;M;M;Theodor_Loos;[632.98016   58.880905 716.8706   168.44858 ];68.0;712.0;175.0;605.0
Schlussakkord-65528.jpeg;M;M;Theodor_Loos;[214.44632  78.57303 275.73474 187.17632];68.0;712.0;175.0;605.0
Schlussakkord-65672.jpeg;M;M;Theodor_Loos;[610.91565   48.295357 696.04346  161.51833 ];56.0;689.0;163.0;581.0
Schlussakkord-65672.jpeg;M;F;Lil_Dagover;[610.91565   48.295357 696.04346  161.51833 ];110.0;397.0;239.0;268.0
Schlussakkord-65672.jpeg;F;M;Theodor_Loos;[276.4941   86.21764 386.09848 221.93564];56.0;689.0;163.0;581.0
Schlussakkord-65672.jpeg;F;F;Lil_Dagover;[276.4941   86.21764 386.09848 221.93564];110.0;397.0;239.0;268.0
Schlussakkord-67542.jpeg;M;M;Theodor_Loos;[561.5863   95.14701 645.60986 207.44373];104.0;641.0;211.0;533.0
Schlussakkord-68837.jpeg;M;M;Albert_Lippert;[255.03082  70.55657 386.73273 261.85968];98.0;425.0;253.0;270.0
Schlussakkord-68837.jpeg;F;M;Albert_Lippert;[536.75165 149.16222 633.02295 286.51743];98.0;425.0;253.0;270.0
Schlussakkord-74735.jpeg;M;M;Willy_Birgel;[476.2198  115.61185 577.54504 248.56253];139.0;583.0;268.0;454.0
Schlussakkord-74735.jpeg;F;M;Willy_Birgel;[212.2966  237.26385 282.19104 376.7419 ];139.0;583.0;268.0;454.0
Schlussakkord-75094.jpeg;M;M;Willy_Birgel;[318.08588  91.9349  490.17087 344.4319 ];139.0;489.0;325.0;304.0
Schlussakkord-75238.jpeg;M;M;Theodor_Loos;[512.98395  93.30847 669.5301  297.66852];133.0;666.0;288.0;511.0
Schlussakkord-75238.jpeg;F;M;Theodor_Loos;[280.9424  146.39041 443.69653 365.27762];133.0;666.0;288.0;511.0
Schlussakkord-75382.jpeg;M;M;Theodor_Loos;[501.7158  111.02332 657.9144  314.7634 ];139.0;675.0;325.0;489.0
Schlussakkord-75382.jpeg;F;M;Theodor_Loos;[269.45633 176.11978 429.87775 388.19278];139.0;675.0;325.0;489.0
Schlussakkord-75526.jpeg;M;M;Theodor_Loos;[486.247    111.025505 653.3325   329.21243 ];167.0;648.0;322.0;494.0
Schlussakkord-75526.jpeg;F;M;Theodor_Loos;[294.92828 165.74957 453.37903 384.3067 ];167.0;648.0;322.0;494.0
Schlussakkord-75598.jpeg;F;M;Theodor_Loos;[284.70078 146.34158 453.73462 378.68774];167.0;666.0;322.0;511.0
Schlussakkord-75598.jpeg;M;M;Theodor_Loos;[502.45477 112.23709 660.228   326.731  ];167.0;666.0;322.0;511.0
Schlussakkord-75742.jpeg;M;M;Theodor_Loos;[513.98126 109.20364 671.918   316.9979 ];167.0;683.0;322.0;528.0
Schlussakkord-75742.jpeg;F;M;Theodor_Loos;[284.64395 162.0011  447.35916 386.6185 ];167.0;683.0;322.0;528.0
Schlussakkord-75886.jpeg;M;F;Lil_Dagover;[641.1356  113.81123 712.89734 207.12003];121.0;701.0;196.0;627.0
Schlussakkord-76389.jpeg;M;M;Willy_Birgel;[634.3443    65.035484 720.2306   192.83107 ];80.0;724.0;187.0;617.0
Schlussakkord-76389.jpeg;F;M;Willy_Birgel;[362.48172 104.9685  467.86508 257.0539 ];80.0;724.0;187.0;617.0
Schlussakkord-76389.jpeg;M;M;Willy_Birgel;[734.0989  133.58203 817.14166 298.19138];80.0;724.0;187.0;617.0
Schlussakkord-77468.jpeg;M;M;Willy_Birgel;[441.52362 124.13707 543.3599  257.10645];139.0;554.0;268.0;425.0
Schlussakkord-77468.jpeg;F;M;Willy_Birgel;[398.33408 412.85028 498.39246 530.9417 ];139.0;554.0;268.0;425.0
Schlussakkord-80561.jpeg;F;F;Lil_Dagover;[369.81235 146.90858 460.94656 268.1906 ];163.0;485.0;271.0;378.0
Schlussakkord-80561.jpeg;F;M;Albert_Lippert;[369.81235 146.90858 460.94656 268.1906 ];196.0;683.0;285.0;593.0
Schlussakkord-80561.jpeg;M;F;Lil_Dagover;[582.11664 159.05    685.8601  296.13953];163.0;485.0;271.0;378.0
Schlussakkord-80561.jpeg;M;M;Albert_Lippert;[582.11664 159.05    685.8601  296.13953];196.0;683.0;285.0;593.0
Schlussakkord-80633.jpeg;F;F;Lil_Dagover;[365.91718 140.03189 458.26987 268.2196 ];166.0;474.0;255.0;384.0
Schlussakkord-80633.jpeg;M;F;Lil_Dagover;[559.3886  173.18561 652.6471  313.67657];166.0;474.0;255.0;384.0
Schlussakkord-82071.jpeg;M;F;Lil_Dagover;[370.58344 151.68001 474.99625 295.82227];153.0;511.0;282.0;382.0
Schlussakkord-82215.jpeg;F;F;Lil_Dagover;[312.52298 160.83502 420.71405 311.61926];182.0;454.0;311.0;325.0
Schlussakkord-82863.jpeg;M;M;Willy_Birgel;[302.82654   65.649086 370.3733   149.68994 ];56.0;374.0;146.0;285.0
Schlussakkord-82863.jpeg;M;M;Willy_Birgel;[186.72803 204.65553 243.71951 299.78885];56.0;374.0;146.0;285.0
Schlussakkord-82863.jpeg;M;M;Willy_Birgel;[627.3081  402.90762 683.345   475.6688 ];56.0;374.0;146.0;285.0
Schlussakkord-82863.jpeg;F;M;Willy_Birgel;[ 91.43179 236.22578 115.54439 268.18295];56.0;374.0;146.0;285.0
Schlussakkord-84301.jpeg;M;M;Willy_Birgel;[134.23322 167.46191 235.25668 292.00424];187.0;235.0;295.0;127.0
Schlussakkord-84301.jpeg;F;M;Willy_Birgel;[656.61383 202.939   752.4375  340.84573];187.0;235.0;295.0;127.0
Schlussakkord-84733.jpeg;M;M;Willy_Birgel;[355.19943  108.822914 534.95795  360.5082  ];142.0;538.0;365.0;315.0
Schlussakkord-85524.jpeg;F;F;Lil_Dagover;[377.55215   27.795076 748.2679   542.78705 ];119.0;803.0;504.0;418.0
Schlussakkord-87682.jpeg;M;M;Willy_Birgel;[271.21054    -6.6957965 387.45584   159.70169  ];24.0;397.0;153.0;268.0
Schlussakkord-88185.jpeg;M;M;Willy_Birgel;[497.9162    47.417694 601.3111   205.65027 ];64.0;597.0;219.0;442.0
Schlussakkord-88185.jpeg;F;M;Willy_Birgel;[219.17705 128.97615 292.8039  269.9317 ];64.0;597.0;219.0;442.0
Schlussakkord-88976.jpeg;M;F;Lil_Dagover;[298.1169   72.67724 395.72562 207.15387];92.0;390.0;199.0;282.0
Schlussakkord-88976.jpeg;M;F;Lil_Dagover;[298.1169   72.67724 395.72562 207.15387];96.0;282.0;225.0;153.0
Schlussakkord-88976.jpeg;F;F;Lil_Dagover;[147.52951  82.17105 247.25795 237.21045];92.0;390.0;199.0;282.0
Schlussakkord-88976.jpeg;F;F;Lil_Dagover;[147.52951  82.17105 247.25795 237.21045];96.0;282.0;225.0;153.0
Schlussakkord-90127.jpeg;F;F;Lil_Dagover;[395.56702  81.5662  633.1552  389.793  ];142.0;637.0;365.0;414.0
Schlussakkord-90127.jpeg;M;F;Lil_Dagover;[  4.0992475  45.75385   158.38031   259.45352  ];142.0;637.0;365.0;414.0
Schlussakkord-90127.jpeg;M;F;Lil_Dagover;[685.98755 151.90005 803.88763 299.48267];142.0;637.0;365.0;414.0
Schlussakkord-90127.jpeg;M;F;Lil_Dagover;[581.45856 243.5821  708.5739  411.2852 ];142.0;637.0;365.0;414.0
Schlussakkord-90559.jpeg;M;M;Albert_Lippert;[324.04385   50.681446 360.84787   98.55174 ];12.0;775.0;55.0;732.0
Schlussakkord-90559.jpeg;M;M;Albert_Lippert;[729.9414      3.1266835 769.0631     57.624786 ];12.0;775.0;55.0;732.0
Schlussakkord-90559.jpeg;M;M;Albert_Lippert;[477.91116  26.66744 519.9199   77.52942];12.0;775.0;55.0;732.0
Schlussakkord-90559.jpeg;M;M;Albert_Lippert;[428.1922   91.56949 476.1774  154.07242];12.0;775.0;55.0;732.0
Schlussakkord-90559.jpeg;F;M;Albert_Lippert;[570.0296    34.540802 606.22394   76.84784 ];12.0;775.0;55.0;732.0
Schlussakkord-90559.jpeg;M;M;Albert_Lippert;[186.56192  83.21379 222.78294 129.89073];12.0;775.0;55.0;732.0
Schlussakkord-90559.jpeg;F;M;Albert_Lippert;[850.2567    19.838045 884.53345   61.263283];12.0;775.0;55.0;732.0
Schlussakkord-90559.jpeg;M;M;Albert_Lippert;[810.13135 323.19067 852.21985 374.892  ];12.0;775.0;55.0;732.0
Schlussakkord-90559.jpeg;M;M;Albert_Lippert;[  0.7643853  57.404057   46.74263   114.45981  ];12.0;775.0;55.0;732.0
Schlussakkord-90559.jpeg;M;M;Albert_Lippert;[57.016132 27.576176 89.72147  62.8109  ];12.0;775.0;55.0;732.0
Schlussakkord-90559.jpeg;F;M;Albert_Lippert;[802.3559  599.1726  836.1308  658.23224];12.0;775.0;55.0;732.0
Schlussakkord-94515.jpeg;F;F;Lil_Dagover;[245.9889   95.27643 521.1051  454.04456];99.0;562.0;420.0;241.0
Schlussakkord-94803.jpeg;M;M;Willy_Birgel;[378.6772   80.73183 592.38324 395.14706];112.0;557.0;379.0;290.0
Schlussakkord-94946.jpeg;M;M;Willy_Birgel;[367.43204   90.493126 588.08105  413.80118 ];142.0;557.0;409.0;290.0
Schlussakkord-96457.jpeg;M;M;Willy_Birgel;[494.67987  31.2845  644.15216 248.91403];57.0;675.0;242.0;489.0
Schlussakkord-96601.jpeg;F;F;Lil_Dagover;[290.9488    -3.499271 638.8347   471.93808 ];76.0;632.0;461.0;247.0
Schlussakkord-97824.jpeg;M;M;Willy_Birgel;[448.07135   39.987514 566.28534  194.03781 ];67.0;554.0;196.0;425.0
Schlussakkord-97896.jpeg;M;M;Willy_Birgel;[436.84567  83.82367 573.4036  273.572  ];116.0;580.0;270.0;425.0
Schlussakkord-98039.jpeg;M;M;Willy_Birgel;[453.82434  73.38581 595.0185  264.55472];116.0;597.0;270.0;442.0
Schlussakkord-98039.jpeg;M;M;Willy_Birgel;[279.0499  151.35416 384.71652 282.79358];116.0;597.0;270.0;442.0
SherlockHolmesDiegraueDameTrudeMarlensHermannSpeelmannsia-102656.jpeg;M;M;Hans_Unterkircher;[175.83171   47.941895 209.81636   95.2596  ];54.0;209.0;90.0;173.0
SherlockHolmesDiegraueDameTrudeMarlensHermannSpeelmannsia-107904.jpeg;M;M;Hermann_Speelmans;[114.79361   44.872326 182.5654   140.0286  ];63.0;179.0;138.0;104.0
SherlockHolmesDiegraueDameTrudeMarlensHermannSpeelmannsia-108032.jpeg;M;M;Hermann_Speelmans;[114.50047  53.0392  183.522   141.63022];72.0;187.0;146.0;113.0
SherlockHolmesDiegraueDameTrudeMarlensHermannSpeelmannsia-108160.jpeg;M;M;Hermann_Speelmans;[133.25635   45.431465 197.81209  137.30627 ];63.0;204.0;138.0;129.0
SherlockHolmesDiegraueDameTrudeMarlensHermannSpeelmannsia-110592.jpeg;M;M;Ludwig_Schmitz;[ 34.666866  41.98391   81.64931  109.819916];73.0;246.0;135.0;183.0
SherlockHolmesDiegraueDameTrudeMarlensHermannSpeelmannsia-110592.jpeg;M;M;Ludwig_Schmitz;[202.8723   62.72421 252.57213 133.1843 ];73.0;246.0;135.0;183.0
SherlockHolmesDiegraueDameTrudeMarlensHermannSpeelmannsia-111360.jpeg;F;F;Ursula_Grabley;[111.25221   38.850037 211.0299   179.31348 ];56.0;199.0;163.0;91.0
SherlockHolmesDiegraueDameTrudeMarlensHermannSpeelmannsia-111360.jpeg;M;F;Ursula_Grabley;[  8.8113365  26.320564   80.33963   195.79144  ];56.0;199.0;163.0;91.0
SherlockHolmesDiegraueDameTrudeMarlensHermannSpeelmannsia-113152.jpeg;F;F;Ilse_Petri;[144.61261  32.0856  217.39767 138.39572];36.0;215.0;126.0;126.0
SherlockHolmesDiegraueDameTrudeMarlensHermannSpeelmannsia-113152.jpeg;F;F;Ilse_Petri;[ -7.7351837  -8.43766    56.09735   125.1988   ];36.0;215.0;126.0;126.0
SherlockHolmesDiegraueDameTrudeMarlensHermannSpeelmannsia-118016.jpeg;M;M;Hermann_Speelmans;[214.79733   26.030415 249.42241   72.13031 ];34.0;249.0;70.0;213.0
SherlockHolmesDiegraueDameTrudeMarlensHermannSpeelmannsia-118016.jpeg;M;M;Hermann_Speelmans;[ 76.93924 102.90305 116.47699 158.93051];34.0;249.0;70.0;213.0
SherlockHolmesDiegraueDameTrudeMarlensHermannSpeelmannsia-124672.jpeg;M;M;Hugo_Werner_Kahle;[111.43681   30.603386 148.48004   82.16831 ];32.0;164.0;84.0;112.0
SherlockHolmesDiegraueDameTrudeMarlensHermannSpeelmannsia-124672.jpeg;M;M;Hugo_Werner_Kahle;[183.08163   23.395569 212.22392   80.96282 ];32.0;164.0;84.0;112.0
SherlockHolmesDiegraueDameTrudeMarlensHermannSpeelmannsia-128768.jpeg;F;F;Olga_Tschechowa;[115.74874   21.736385 171.59207  104.57234 ];30.0;171.0;105.0;96.0
SherlockHolmesDiegraueDameTrudeMarlensHermannSpeelmannsia-129792.jpeg;F;F;Annemarie_Korff;[188.71419   43.10108  231.83598  103.200356];49.0;227.0;101.0;175.0
SherlockHolmesDiegraueDameTrudeMarlensHermannSpeelmannsia-129792.jpeg;M;F;Annemarie_Korff;[ 90.90479   52.515068 133.46556  112.461235];49.0;227.0;101.0;175.0
SherlockHolmesDiegraueDameTrudeMarlensHermannSpeelmannsia-131584.jpeg;M;M;Hermann_Speelmans;[202.26033   37.187614 246.54709   90.665184];44.0;135.0;95.0;83.0
SherlockHolmesDiegraueDameTrudeMarlensHermannSpeelmannsia-131584.jpeg;M;M;Hermann_Speelmans;[ 85.072845  41.958443 126.793175  97.47325 ];44.0;135.0;95.0;83.0
SherlockHolmesDiegraueDameTrudeMarlensHermannSpeelmannsia-131712.jpeg;M;M;Hermann_Speelmans;[ 79.54225   42.37177  122.161316  98.4207  ];44.0;129.0;95.0;78.0
SherlockHolmesDiegraueDameTrudeMarlensHermannSpeelmannsia-131712.jpeg;M;M;Hermann_Speelmans;[204.23563   40.717445 246.75821   89.64788 ];44.0;129.0;95.0;78.0
SherlockHolmesDiegraueDameTrudeMarlensHermannSpeelmannsia-132352.jpeg;F;F;Clementia_Egies;[252.69681   26.069008 286.491     76.59235 ];31.0;280.0;74.0;237.0
SherlockHolmesDiegraueDameTrudeMarlensHermannSpeelmannsia-132352.jpeg;M;F;Clementia_Egies;[126.77902   32.153442 165.36131   86.31818 ];31.0;280.0;74.0;237.0
SherlockHolmesDiegraueDameTrudeMarlensHermannSpeelmannsia-132352.jpeg;F;F;Clementia_Egies;[67.53093  34.09549  97.044876 76.07846 ];31.0;280.0;74.0;237.0
SherlockHolmesDiegraueDameTrudeMarlensHermannSpeelmannsia-136832.jpeg;M;M;Hermann_Speelmans;[141.57898   17.964607 200.3688    98.77227 ];22.0;212.0;96.0;137.0
SherlockHolmesDiegraueDameTrudeMarlensHermannSpeelmannsia-136960.jpeg;M;M;Hermann_Speelmans;[161.15694   13.734577 220.31796   94.50221 ];22.0;237.0;96.0;162.0
SherlockHolmesDiegraueDameTrudeMarlensHermannSpeelmannsia-137600.jpeg;F;F;Ursula_Grabley;[47.807564 26.692406 73.70187  62.45815 ];30.0;77.0;66.0;41.0
SherlockHolmesDiegraueDameTrudeMarlensHermannSpeelmannsia-137600.jpeg;F;F;Ursula_Grabley;[186.2119   33.10693 212.88219  70.45749];30.0;77.0;66.0;41.0
SherlockHolmesDiegraueDameTrudeMarlensHermannSpeelmannsia-137600.jpeg;F;F;Ursula_Grabley;[268.02606   27.124617 294.84204   81.52241 ];30.0;77.0;66.0;41.0
SherlockHolmesDiegraueDameTrudeMarlensHermannSpeelmannsia-138368.jpeg;M;F;Ilse_Petri;[273.8521    57.464836 299.31552   89.33969 ];54.0;181.0;90.0;145.0
SherlockHolmesDiegraueDameTrudeMarlensHermannSpeelmannsia-138368.jpeg;F;F;Ilse_Petri;[148.23987  50.54403 179.08376  89.13921];54.0;181.0;90.0;145.0
SherlockHolmesDiegraueDameTrudeMarlensHermannSpeelmannsia-138368.jpeg;M;F;Ilse_Petri;[ 95.74703   36.205296 135.00316   95.73079 ];54.0;181.0;90.0;145.0
SherlockHolmesDiegraueDameTrudeMarlensHermannSpeelmannsia-138880.jpeg;F;F;Erika_von_Thellmann;[249.51306  34.03183 279.45883  74.17868];38.0;281.0;74.0;245.0
SherlockHolmesDiegraueDameTrudeMarlensHermannSpeelmannsia-138880.jpeg;F;M;Hermann_Speelmans;[249.51306  34.03183 279.45883  74.17868];36.0;127.0;79.0;84.0
SherlockHolmesDiegraueDameTrudeMarlensHermannSpeelmannsia-138880.jpeg;M;F;Erika_von_Thellmann;[ 85.31044   31.390186 121.38698   82.59387 ];38.0;281.0;74.0;245.0
SherlockHolmesDiegraueDameTrudeMarlensHermannSpeelmannsia-138880.jpeg;M;M;Hermann_Speelmans;[ 85.31044   31.390186 121.38698   82.59387 ];36.0;127.0;79.0;84.0
SherlockHolmesDiegraueDameTrudeMarlensHermannSpeelmannsia-139136.jpeg;F;F;Marina_von_Ditmar;[222.7837    43.479378 260.36627   94.71896 ];50.0;261.0;94.0;218.0
SherlockHolmesDiegraueDameTrudeMarlensHermannSpeelmannsia-139136.jpeg;M;F;Marina_von_Ditmar;[ 91.22835   29.741491 131.37933   88.917145];50.0;261.0;94.0;218.0
SherlockHolmesDiegraueDameTrudeMarlensHermannSpeelmannsia-140288.jpeg;M;M;Hermann_Speelmans;[103.164856  31.56535  162.6834   116.3552  ];38.0;179.0;113.0;104.0
SherlockHolmesDiegraueDameTrudeMarlensHermannSpeelmannsia-146944.jpeg;M;M;Hermann_Speelmans;[105.1918    41.096344 170.32327  130.10776 ];47.0;187.0;121.0;113.0
SherlockHolmesDiegraueDameTrudeMarlensHermannSpeelmannsia-146944.jpeg;M;M;Hermann_Speelmans;[200.77962   45.489437 244.75502  123.47367 ];47.0;187.0;121.0;113.0
SherlockHolmesDiegraueDameTrudeMarlensHermannSpeelmannsia-148736.jpeg;M;M;Fritz_Odemar;[109.58148   31.033443 185.47183  142.15088 ];46.0;205.0;136.0;116.0
SherlockHolmesDiegraueDameTrudeMarlensHermannSpeelmannsia-148992.jpeg;F;F;Hansi_Knoteck;[165.79439   35.429585 224.61964  123.48793 ];47.0;212.0;121.0;137.0
SherlockHolmesDiegraueDameTrudeMarlensHermannSpeelmannsia-149120.jpeg;F;F;Hilde_von_Stolz;[239.67162   39.473885 277.8967    99.36048 ];44.0;273.0;95.0;222.0
SherlockHolmesDiegraueDameTrudeMarlensHermannSpeelmannsia-149120.jpeg;M;F;Hilde_von_Stolz;[ 96.407845  26.34685  134.56361   92.944   ];44.0;273.0;95.0;222.0
SherlockHolmesDiegraueDameTrudeMarlensHermannSpeelmannsia-149760.jpeg;M;F;Maria_Landrock;[ 91.28466   22.792423 136.86987   88.492744];50.0;252.0;94.0;208.0
SherlockHolmesDiegraueDameTrudeMarlensHermannSpeelmannsia-149760.jpeg;F;F;Maria_Landrock;[221.08212   39.349636 259.07858   98.464386];50.0;252.0;94.0;208.0
SherlockHolmesDiegraueDameTrudeMarlensHermannSpeelmannsia-151936.jpeg;M;M;Hermann_Speelmans;[181.07814   47.094345 231.47978  112.701065];55.0;233.0;107.0;181.0
SherlockHolmesDiegraueDameTrudeMarlensHermannSpeelmannsia-154112.jpeg;M;M;Hermann_Speelmans;[119.512054  19.317732 150.41556   62.366882];22.0;157.0;58.0;121.0
SherlockHolmesDiegraueDameTrudeMarlensHermannSpeelmannsia-154368.jpeg;M;M;Willi_Kaiser_Heyl;[ 61.18123   23.355808 114.45553   97.19502 ];25.0;183.0;87.0;121.0
SherlockHolmesDiegraueDameTrudeMarlensHermannSpeelmannsia-154368.jpeg;M;M;Willi_Kaiser_Heyl;[141.10474   14.732418 196.75154   92.944855];25.0;183.0;87.0;121.0
SherlockHolmesDiegraueDameTrudeMarlensHermannSpeelmannsia-20480.jpeg;M;M;Hermann_Speelmans;[147.82356  35.26399 182.62625  82.44196];36.0;180.0;79.0;136.0
SherlockHolmesDiegraueDameTrudeMarlensHermannSpeelmannsia-28672.jpeg;F;F;Ilse_Petri;[172.85085   65.46919  208.18063  113.187836];70.0;213.0;106.0;177.0
SherlockHolmesDiegraueDameTrudeMarlensHermannSpeelmannsia-39552.jpeg;M;M;Hermann_Speelmans;[208.6785   33.33329 251.2723   90.31688];38.0;250.0;90.0;199.0
SherlockHolmesDiegraueDameTrudeMarlensHermannSpeelmannsia-39552.jpeg;F;M;Hermann_Speelmans;[ 79.35408   52.158226 117.03166  112.23011 ];38.0;250.0;90.0;199.0
SherlockHolmesDiegraueDameTrudeMarlensHermannSpeelmannsia-39552.jpeg;M;M;Hermann_Speelmans;[163.69492   22.451279 176.3432    41.68813 ];38.0;250.0;90.0;199.0
SherlockHolmesDiegraueDameTrudeMarlensHermannSpeelmannsia-39808.jpeg;M;M;Hermann_Speelmans;[150.35472   32.914223 215.97284  119.416855];53.0;204.0;115.0;142.0
SherlockHolmesDiegraueDameTrudeMarlensHermannSpeelmannsia-40320.jpeg;M;M;Hermann_Speelmans;[ 67.54199   32.320038 129.31935  116.40054 ];38.0;129.0;113.0;55.0
SherlockHolmesDiegraueDameTrudeMarlensHermannSpeelmannsia-40704.jpeg;F;F;Hella_Graf;[127.42155  42.0638  187.1253  125.81221];59.0;190.0;122.0;128.0
SherlockHolmesDiegraueDameTrudeMarlensHermannSpeelmannsia-40832.jpeg;F;F;Ilse_Petri;[129.12581   49.864025 189.96255  132.3957  ];66.0;190.0;129.0;128.0
SherlockHolmesDiegraueDameTrudeMarlensHermannSpeelmannsia-42240.jpeg;F;F;Marina_von_Ditmar;[ 52.612335  73.46936  111.983604 154.54848 ];94.0;121.0;156.0;59.0
SherlockHolmesDiegraueDameTrudeMarlensHermannSpeelmannsia-42240.jpeg;M;F;Marina_von_Ditmar;[188.15196  77.61189 248.48233 165.55841];94.0;121.0;156.0;59.0
SherlockHolmesDiegraueDameTrudeMarlensHermannSpeelmannsia-43264.jpeg;F;F;Hansi_Knoteck;[107.116806  28.498718 156.50476  109.461716];46.0;170.0;108.0;107.0
SherlockHolmesDiegraueDameTrudeMarlensHermannSpeelmannsia-43264.jpeg;M;F;Hansi_Knoteck;[163.53091   25.568096 215.90726  118.26099 ];46.0;170.0;108.0;107.0
SherlockHolmesDiegraueDameTrudeMarlensHermannSpeelmannsia-43520.jpeg;F;F;Edith_Oss;[ 74.84562   31.690636 113.99283   90.40466 ];38.0;129.0;90.0;78.0
SherlockHolmesDiegraueDameTrudeMarlensHermannSpeelmannsia-43520.jpeg;F;F;Edith_Oss;[133.75035   31.788652 169.61292   86.743454];38.0;129.0;90.0;78.0
SherlockHolmesDiegraueDameTrudeMarlensHermannSpeelmannsia-46080.jpeg;M;M;Hermann_Speelmans;[65.11112  57.759304 95.35526  96.626854];58.0;101.0;94.0;65.0
SherlockHolmesDiegraueDameTrudeMarlensHermannSpeelmannsia-46080.jpeg;M;M;Hermann_Speelmans;[187.0603  138.43768 211.78116 172.86499];58.0;101.0;94.0;65.0
SherlockHolmesDiegraueDameTrudeMarlensHermannSpeelmannsia-46080.jpeg;F;M;Hermann_Speelmans;[201.42088  27.15836 223.13747  74.10109];58.0;101.0;94.0;65.0
SherlockHolmesDiegraueDameTrudeMarlensHermannSpeelmannsia-47360.jpeg;M;M;Hermann_Speelmans;[207.58794   32.844215 239.77162   77.08235 ];42.0;241.0;78.0;205.0
SherlockHolmesDiegraueDameTrudeMarlensHermannSpeelmannsia-47360.jpeg;M;M;Hermann_Speelmans;[142.59659   68.360275 186.98547  118.89504 ];42.0;241.0;78.0;205.0
SherlockHolmesDiegraueDameTrudeMarlensHermannSpeelmannsia-53888.jpeg;F;F;Erika_von_Thellmann;[139.35745   26.921074 185.5966    88.19487 ];32.0;193.0;84.0;141.0
SherlockHolmesDiegraueDameTrudeMarlensHermannSpeelmannsia-57472.jpeg;M;M;Fritz_Odemar;[129.54059  51.19411 195.80629 127.18377];55.0;204.0;130.0;129.0
SherlockHolmesDiegraueDameTrudeMarlensHermannSpeelmannsia-57600.jpeg;M;M;Hermann_Speelmans;[129.56714  30.12331 192.01982 116.09035];38.0;204.0;113.0;129.0
SherlockHolmesDiegraueDameTrudeMarlensHermannSpeelmannsia-57728.jpeg;M;M;Hermann_Speelmans;[129.99515   38.933147 192.4128   125.14174 ];55.0;204.0;130.0;129.0
SherlockHolmesDiegraueDameTrudeMarlensHermannSpeelmannsia-58496.jpeg;M;M;Hans_Unterkircher;[119.63353   48.847534 187.98213  129.63434 ];59.0;190.0;122.0;128.0
SherlockHolmesDiegraueDameTrudeMarlensHermannSpeelmannsia-62848.jpeg;M;M;Hans_Unterkircher;[166.85254   54.467735 202.31416  100.80935 ];55.0;204.0;98.0;160.0
SherlockHolmesDiegraueDameTrudeMarlensHermannSpeelmannsia-62848.jpeg;M;M;Hans_Unterkircher;[ 53.7135   68.02109  85.06317 111.87811];55.0;204.0;98.0;160.0
SherlockHolmesDiegraueDameTrudeMarlensHermannSpeelmannsia-62848.jpeg;M;M;Hans_Unterkircher;[219.68813   52.784836 247.89482  102.33769 ];55.0;204.0;98.0;160.0
SherlockHolmesDiegraueDameTrudeMarlensHermannSpeelmannsia-62976.jpeg;M;M;Hans_Unterkircher;[165.5407    55.47257  202.57881  104.781845];60.0;199.0;103.0;156.0
SherlockHolmesDiegraueDameTrudeMarlensHermannSpeelmannsia-62976.jpeg;M;M;Hans_Unterkircher;[ 77.31716   65.84599  116.96733  110.596634];60.0;199.0;103.0;156.0
SherlockHolmesDiegraueDameTrudeMarlensHermannSpeelmannsia-62976.jpeg;M;M;Hans_Unterkircher;[209.12698   50.855846 239.11061  100.53171 ];60.0;199.0;103.0;156.0
SherlockHolmesDiegraueDameTrudeMarlensHermannSpeelmannsia-63488.jpeg;M;M;Hans_Unterkircher;[154.15404  60.49044 188.7199  110.11583];65.0;184.0;108.0;141.0
SherlockHolmesDiegraueDameTrudeMarlensHermannSpeelmannsia-63488.jpeg;M;M;Hans_Unterkircher;[212.20662   51.209892 247.13681  101.68283 ];65.0;184.0;108.0;141.0
SherlockHolmesDiegraueDameTrudeMarlensHermannSpeelmannsia-63488.jpeg;M;M;Hans_Unterkircher;[ 57.527103  61.59294   93.63968  110.85565 ];65.0;184.0;108.0;141.0
SherlockHolmesDiegraueDameTrudeMarlensHermannSpeelmannsia-63616.jpeg;M;M;Hans_Unterkircher;[151.58958  64.77372 187.11345 110.67924];65.0;184.0;108.0;141.0
SherlockHolmesDiegraueDameTrudeMarlensHermannSpeelmannsia-63616.jpeg;M;M;Hans_Unterkircher;[ 68.96049   73.429756  98.10245  113.978226];65.0;184.0;108.0;141.0
SherlockHolmesDiegraueDameTrudeMarlensHermannSpeelmannsia-63616.jpeg;M;M;Hans_Unterkircher;[211.59474   54.214935 237.26695  102.66104 ];65.0;184.0;108.0;141.0
SherlockHolmesDiegraueDameTrudeMarlensHermannSpeelmannsia-65536.jpeg;M;M;Hans_Unterkircher;[109.9303    19.966053 163.36133   90.517334];25.0;176.0;87.0;114.0
SherlockHolmesDiegraueDameTrudeMarlensHermannSpeelmannsia-66688.jpeg;F;F;Ilse_Petri;[226.04375  65.81932 255.89526 106.04754];70.0;253.0;106.0;217.0
SherlockHolmesDiegraueDameTrudeMarlensHermannSpeelmannsia-66688.jpeg;M;F;Ilse_Petri;[56.31832  46.569572 87.644554 91.008804];70.0;253.0;106.0;217.0
SherlockHolmesDiegraueDameTrudeMarlensHermannSpeelmannsia-68608.jpeg;F;F;Clementia_Egies;[222.6053    51.079857 262.64954  104.89123 ];55.0;262.0;107.0;210.0
SherlockHolmesDiegraueDameTrudeMarlensHermannSpeelmannsia-68608.jpeg;M;F;Clementia_Egies;[ 79.41845   28.028522 120.371925  84.831985];55.0;262.0;107.0;210.0
SherlockHolmesDiegraueDameTrudeMarlensHermannSpeelmannsia-68736.jpeg;F;F;Clementia_Egies;[219.20154   51.043777 257.11673  103.34749 ];55.0;252.0;98.0;208.0
SherlockHolmesDiegraueDameTrudeMarlensHermannSpeelmannsia-68736.jpeg;F;M;Fritz_Odemar;[219.20154   51.043777 257.11673  103.34749 ];41.0;127.0;84.0;84.0
SherlockHolmesDiegraueDameTrudeMarlensHermannSpeelmannsia-68736.jpeg;M;F;Clementia_Egies;[ 77.575195  31.478977 118.57771   88.8105  ];55.0;252.0;98.0;208.0
SherlockHolmesDiegraueDameTrudeMarlensHermannSpeelmannsia-68736.jpeg;M;M;Fritz_Odemar;[ 77.575195  31.478977 118.57771   88.8105  ];41.0;127.0;84.0;84.0
SherlockHolmesDiegraueDameTrudeMarlensHermannSpeelmannsia-68864.jpeg;M;M;Hermann_Speelmans;[ 66.38834   25.965199 108.93132   84.081375];32.0;118.0;84.0;66.0
SherlockHolmesDiegraueDameTrudeMarlensHermannSpeelmannsia-68864.jpeg;F;M;Hermann_Speelmans;[218.77248   53.57177  258.55005  107.065506];32.0;118.0;84.0;66.0
SherlockHolmesDiegraueDameTrudeMarlensHermannSpeelmannsia-71296.jpeg;M;M;Hermann_Speelmans;[ 88.103966  25.313435 146.71884  103.1299  ];32.0;156.0;94.0;93.0
SherlockHolmesDiegraueDameTrudeMarlensHermannSpeelmannsia-72960.jpeg;F;M;Hans_Unterkircher;[213.37491  79.33732 245.7285  128.18933];65.0;64.0;108.0;21.0
SherlockHolmesDiegraueDameTrudeMarlensHermannSpeelmannsia-72960.jpeg;M;M;Hans_Unterkircher;[ 21.082975  50.659378  59.080627 106.11333 ];65.0;64.0;108.0;21.0
SherlockHolmesDiegraueDameTrudeMarlensHermannSpeelmannsia-74496.jpeg;M;M;Hans_Unterkircher;[104.13611   40.523933 151.86311  104.792496];46.0;163.0;108.0;100.0
SherlockHolmesDiegraueDameTrudeMarlensHermannSpeelmannsia-74624.jpeg;M;M;Hermann_Speelmans;[100.567406  40.910904 149.0184   104.579834];49.0;152.0;101.0;101.0
SherlockHolmesDiegraueDameTrudeMarlensHermannSpeelmannsia-96768.jpeg;F;F;Edith_Oss;[ 78.26398   30.805922 104.91616   71.319496];34.0;117.0;70.0;81.0
SherlockHolmesDiegraueDameTrudeMarlensHermannSpeelmannsia-96768.jpeg;F;F;Edith_Oss;[274.5189    26.706448 301.76      75.08679 ];34.0;117.0;70.0;81.0
SherlockHolmesDiegraueDameTrudeMarlensHermannSpeelmannsia-97152.jpeg;F;F;Ilse_Petri;[51.97998  30.075317 81.25956  73.61323 ];34.0;89.0;70.0;53.0
SherlockHolmesDiegraueDameTrudeMarlensHermannSpeelmannsia-97152.jpeg;M;F;Ilse_Petri;[149.39554   25.047592 179.48827   75.88227 ];34.0;89.0;70.0;53.0
SherlockHolmesDiegraueDameTrudeMarlensHermannSpeelmannsia-97536.jpeg;F;F;Hella_Graf;[ 74.330574  41.408615 105.645355  82.4229  ];46.0;109.0;82.0;73.0
SherlockHolmesDiegraueDameTrudeMarlensHermannSpeelmannsia-97536.jpeg;M;F;Hella_Graf;[148.52141  27.73269 177.10258  78.36093];46.0;109.0;82.0;73.0
SherlockHolmesDiegraueDameTrudeMarlensHermannSpeelmannsia-97664.jpeg;F;F;Ilse_Petri;[ 82.89076   23.538507 114.711716  69.246704];30.0;121.0;66.0;85.0
SherlockHolmesDiegraueDameTrudeMarlensHermannSpeelmannsia-97664.jpeg;M;F;Ilse_Petri;[170.34125   18.399103 207.80235   71.81975 ];30.0;121.0;66.0;85.0
SherlockHolmesDiegraueDameTrudeMarlensHermannSpeelmannsia-98432.jpeg;F;F;Marieluise_Claudius;[222.06732  75.27199 254.66885 122.07431];82.0;249.0;118.0;213.0
SherlockHolmesDiegraueDameTrudeMarlensHermannSpeelmannsia-98432.jpeg;M;F;Marieluise_Claudius;[61.720024 17.545061 99.35432  66.99448 ];82.0;249.0;118.0;213.0
SherlockHolmesDiegraueDameTrudeMarlensHermannSpeelmannsia-98688.jpeg;F;F;Brigitte_Horney;[ 65.516235  31.069948 106.66449   87.38852 ];41.0;98.0;84.0;55.0
SherlockHolmesDiegraueDameTrudeMarlensHermannSpeelmannsia-98688.jpeg;M;F;Brigitte_Horney;[166.25165   20.443302 202.20279   88.50191 ];41.0;98.0;84.0;55.0
thetestamentofdrmabuserestoredphd-101157.jpeg;M;M;Otto_Wernicke;[397.13336   47.917366 465.02298  141.0537  ];63.0;478.0;138.0;403.0
thetestamentofdrmabuserestoredphd-101407.jpeg;M;M;Otto_Wernicke;[394.574     48.958427 464.28217  142.09172 ];63.0;469.0;138.0;395.0
thetestamentofdrmabuserestoredphd-101637.jpeg;M;M;Otto_Wernicke;[399.6079   64.26541 491.7027  185.98143];80.0;509.0;187.0;402.0
thetestamentofdrmabuserestoredphd-102421.jpeg;M;M;Otto_Wernicke;[248.23918  76.82136 310.81125 154.33261];87.0;315.0;149.0;252.0
thetestamentofdrmabuserestoredphd-102421.jpeg;M;M;Otto_Wernicke;[564.2343   60.08663 612.4719  133.73282];87.0;315.0;149.0;252.0
thetestamentofdrmabuserestoredphd-103171.jpeg;M;M;Otto_Wernicke;[249.26083  82.96094 309.774   162.47832];101.0;308.0;163.0;246.0
thetestamentofdrmabuserestoredphd-103171.jpeg;M;M;Otto_Wernicke;[549.7263    60.838486 600.2442   137.04013 ];101.0;308.0;163.0;246.0
thetestamentofdrmabuserestoredphd-104657.jpeg;M;M;Otto_Wernicke;[359.15826   91.281006 450.17142  211.67741 ];116.0;444.0;206.0;354.0
thetestamentofdrmabuserestoredphd-105821.jpeg;M;M;Otto_Wernicke;[380.87735  76.69472 471.6575  194.67513];96.0;464.0;186.0;374.0
thetestamentofdrmabuserestoredphd-106071.jpeg;M;M;Otto_Wernicke;[366.77322   66.619896 456.62695  187.47263 ];80.0;462.0;187.0;354.0
thetestamentofdrmabuserestoredphd-116772.jpeg;M;M;Paul_Henckels;[378.1744    78.303665 411.06622  119.39072 ];86.0;409.0;122.0;373.0
thetestamentofdrmabuserestoredphd-116772.jpeg;M;M;Paul_Henckels;[263.0733    57.070976 297.22235  103.0028  ];86.0;409.0;122.0;373.0
thetestamentofdrmabuserestoredphd-116772.jpeg;M;M;Paul_Henckels;[556.4769   97.01185 585.3036  134.53127];86.0;409.0;122.0;373.0
thetestamentofdrmabuserestoredphd-117272.jpeg;M;M;Paul_Henckels;[287.33838   39.906162 320.33554   84.8328  ];66.0;433.0;102.0;397.0
thetestamentofdrmabuserestoredphd-117272.jpeg;M;M;Paul_Henckels;[399.2905    57.510067 432.64334  101.682976];66.0;433.0;102.0;397.0
thetestamentofdrmabuserestoredphd-117272.jpeg;M;M;Paul_Henckels;[484.52438   47.120018 526.6913   101.81925 ];66.0;433.0;102.0;397.0
thetestamentofdrmabuserestoredphd-117522.jpeg;M;M;Paul_Henckels;[290.48608   41.339752 323.4675    85.13361 ];70.0;429.0;106.0;393.0
thetestamentofdrmabuserestoredphd-117522.jpeg;M;M;Paul_Henckels;[394.92743   59.712982 428.67227  103.228264];70.0;429.0;106.0;393.0
thetestamentofdrmabuserestoredphd-117522.jpeg;M;M;Paul_Henckels;[482.2663    52.250492 525.74286  107.67241 ];70.0;429.0;106.0;393.0
thetestamentofdrmabuserestoredphd-118022.jpeg;M;M;Paul_Henckels;[306.83447   63.953327 338.7142   107.18131 ];89.0;448.0;132.0;405.0
thetestamentofdrmabuserestoredphd-118022.jpeg;M;M;Paul_Henckels;[408.05313  84.58179 439.86713 125.34573];89.0;448.0;132.0;405.0
thetestamentofdrmabuserestoredphd-118022.jpeg;M;M;Paul_Henckels;[547.9574   105.252495 582.9657   147.97154 ];89.0;448.0;132.0;405.0
thetestamentofdrmabuserestoredphd-155886.jpeg;M;M;Otto_Wernicke;[265.41196  103.423645 297.88153  148.38332 ];108.0;304.0;151.0;261.0
thetestamentofdrmabuserestoredphd-159618.jpeg;F;M;Otto_Wernicke;[413.47562   41.994057 488.58603  140.34354 ];55.0;494.0;130.0;419.0
thetestamentofdrmabuserestoredphd-168973.jpeg;M;M;Otto_Wernicke;[490.22385  79.48207 569.1532  176.70734];96.0;560.0;171.0;486.0
thetestamentofdrmabuserestoredphd-168973.jpeg;M;M;Otto_Wernicke;[275.0355  209.77275 326.65646 279.5665 ];96.0;560.0;171.0;486.0
thetestamentofdrmabuserestoredphd-170412.jpeg;M;M;Otto_Wernicke;[484.2361  161.0997  538.50977 229.51128];176.0;533.0;228.0;481.0
thetestamentofdrmabuserestoredphd-170662.jpeg;M;M;Otto_Wernicke;[480.72873 152.83408 536.8361  222.33174];170.0;533.0;222.0;481.0
thetestamentofdrmabuserestoredphd-171162.jpeg;M;M;Otto_Wernicke;[425.80136  99.80599 483.98343 166.77512];113.0;475.0;164.0;423.0
thetestamentofdrmabuserestoredphd-172684.jpeg;M;M;Otto_Wernicke;[313.71255 173.74147 381.5833  255.63257];179.0;386.0;254.0;312.0
thetestamentofdrmabuserestoredphd-172684.jpeg;M;M;Otto_Wernicke;[539.1008   81.37301 596.016   153.21675];179.0;386.0;254.0;312.0
thetestamentofdrmabuserestoredphd-17401.jpeg;M;M;Otto_Wernicke;[401.5417   70.42361 496.08914 187.20439];96.0;494.0;186.0;404.0
thetestamentofdrmabuserestoredphd-17401.jpeg;M;M;Otto_Wernicke;[245.96788 122.19273 316.76138 223.02179];96.0;494.0;186.0;404.0
thetestamentofdrmabuserestoredphd-176253.jpeg;M;M;Theodor_Loos;[332.92194   43.950443 397.94598  140.29453 ];63.0;411.0;138.0;337.0
thetestamentofdrmabuserestoredphd-176253.jpeg;F;M;Theodor_Loos;[500.30786   63.084126 552.64026  170.79895 ];63.0;411.0;138.0;337.0
thetestamentofdrmabuserestoredphd-17628.jpeg;M;M;Otto_Wernicke;[213.59952 179.0019  326.84464 325.62384];116.0;580.0;270.0;425.0
thetestamentofdrmabuserestoredphd-17628.jpeg;M;M;Otto_Wernicke;[431.10214  78.51979 585.58203 283.14856];116.0;580.0;270.0;425.0
thetestamentofdrmabuserestoredphd-181027.jpeg;M;M;Otto_Wernicke;[331.9171  106.05632 389.47415 180.18289];115.0;398.0;177.0;335.0
thetestamentofdrmabuserestoredphd-181027.jpeg;M;M;Otto_Wernicke;[477.15958  75.06203 526.165   156.33281];115.0;398.0;177.0;335.0
thetestamentofdrmabuserestoredphd-188514.jpeg;M;M;Otto_Wernicke;[548.0067   71.43355 616.8246  156.51631];80.0;619.0;155.0;544.0
thetestamentofdrmabuserestoredphd-188514.jpeg;M;M;Otto_Wernicke;[268.11392   58.483715 320.66052  130.35402 ];80.0;619.0;155.0;544.0
thetestamentofdrmabuserestoredphd-29201.jpeg;M;M;Paul_Henckels;[558.0308  185.84657 599.10486 240.82642];96.0;386.0;171.0;312.0
thetestamentofdrmabuserestoredphd-29201.jpeg;M;M;Paul_Henckels;[311.1606   92.2906  373.22855 168.88211];96.0;386.0;171.0;312.0
thetestamentofdrmabuserestoredphd-29201.jpeg;F;M;Paul_Henckels;[485.71683 102.24927 522.4855  145.83594];96.0;386.0;171.0;312.0
thetestamentofdrmabuserestoredphd-67204.jpeg;M;M;Theo_Lingen;[403.75592   59.730328 487.01706  162.78036 ];66.0;494.0;156.0;404.0
thetestamentofdrmabuserestoredphd-79183.jpeg;M;M;Otto_Wernicke;[308.6331   75.39169 345.3526  123.67466];80.0;557.0;142.0;494.0
thetestamentofdrmabuserestoredphd-79183.jpeg;M;M;Otto_Wernicke;[497.08975   72.582275 556.88904  142.84065 ];80.0;557.0;142.0;494.0
thetestamentofdrmabuserestoredphd-79183.jpeg;M;M;Otto_Wernicke;[425.61584  63.57559 481.3313  141.54446];80.0;557.0;142.0;494.0
thetestamentofdrmabuserestoredphd-79683.jpeg;M;M;Otto_Wernicke;[509.03107  62.68323 567.31134 137.75464];73.0;563.0;135.0;501.0
thetestamentofdrmabuserestoredphd-79683.jpeg;M;M;Otto_Wernicke;[317.42368  82.83797 353.22357 132.47568];73.0;563.0;135.0;501.0
thetestamentofdrmabuserestoredphd-81535.jpeg;M;M;Otto_Wernicke;[308.0913   53.46454 367.97864 131.03854];73.0;370.0;135.0;308.0
thetestamentofdrmabuserestoredphd-95438.jpeg;M;M;Otto_Wernicke;[348.87396 248.60059 439.33066 364.725  ];275.0;444.0;365.0;354.0
thetestamentofdrmabuserestoredphd-99016.jpeg;M;M;Otto_Wernicke;[318.93268   66.606705 412.23892  189.2486  ];96.0;414.0;186.0;325.0
UnserFruleinDoktorJennyJugoHeinzSalfnerAlbertMatterstockHansRichter-28288.jpeg;M;M;Heinz_Salfner;[304.17572  42.28802 352.35034 111.70754];55.0;348.0;107.0;296.0
UnserFruleinDoktorJennyJugoHeinzSalfnerAlbertMatterstockHansRichter-28800.jpeg;M;M;Heinz_Salfner;[203.75575  64.68003 293.51175 196.318  ];92.0;294.0;199.0;187.0
UnserFruleinDoktorJennyJugoHeinzSalfnerAlbertMatterstockHansRichter-29568.jpeg;M;M;Heinz_Salfner;[195.43066  60.93257 283.7304  190.3631 ];80.0;282.0;187.0;175.0
UnserFruleinDoktorJennyJugoHeinzSalfnerAlbertMatterstockHansRichter-29696.jpeg;M;M;Heinz_Salfner;[180.70897   62.620197 269.95737  189.05226 ];80.0;282.0;187.0;175.0
UnserFruleinDoktorJennyJugoHeinzSalfnerAlbertMatterstockHansRichter-54656.jpeg;M;M;Gustav_Waldau;[194.25728   92.551414 265.3973   190.23381 ];105.0;270.0;179.0;196.0
UnserFruleinDoktorJennyJugoHeinzSalfnerAlbertMatterstockHansRichter-56832.jpeg;M;M;Hans_Schwarz;[242.0725    46.805763 321.50003  154.64378 ];56.0;315.0;146.0;225.0
UnserFruleinDoktorJennyJugoHeinzSalfnerAlbertMatterstockHansRichter-57216.jpeg;M;M;Hans_Schwarz;[180.55368   52.258133 296.63077  213.58984 ];82.0;296.0;211.0;167.0
UnserFruleinDoktorJennyJugoHeinzSalfnerAlbertMatterstockHansRichter-57344.jpeg;M;M;Hans_Schwarz;[169.27869  55.43508 283.08453 212.25018];82.0;282.0;211.0;153.0
UnserFruleinDoktorJennyJugoHeinzSalfnerAlbertMatterstockHansRichter-71296.jpeg;M;M;Heinz_Salfner;[227.32207   52.597874 309.48672  160.40167 ];66.0;305.0;156.0;215.0
UnserFruleinDoktorJennyJugoHeinzSalfnerAlbertMatterstockHansRichter-71424.jpeg;M;M;Heinz_Salfner;[239.53488   46.674007 315.94696  155.10123 ];66.0;305.0;156.0;215.0
UnserFruleinDoktorJennyJugoHeinzSalfnerAlbertMatterstockHansRichter-71552.jpeg;M;M;Heinz_Salfner;[252.67229   43.820045 331.0282   157.27919 ];56.0;325.0;146.0;235.0
UnserFruleinDoktorJennyJugoHeinzSalfnerAlbertMatterstockHansRichter-71936.jpeg;M;M;Heinz_Salfner;[254.60051  68.05056 334.3178  191.99252];80.0;330.0;187.0;223.0
UnserFruleinDoktorJennyJugoHeinzSalfnerAlbertMatterstockHansRichter-8192.jpeg;M;M;Hans_Richter;[269.54175   65.072044 321.86755  129.54295 ];72.0;314.0;124.0;262.0
UnserFruleinDoktorJennyJugoHeinzSalfnerAlbertMatterstockHansRichter-8192.jpeg;M;M;Hans_Richter;[202.2578  110.98643 234.49187 152.58054];72.0;314.0;124.0;262.0
UnserFruleinDoktorJennyJugoHeinzSalfnerAlbertMatterstockHansRichter-8192.jpeg;M;M;Hans_Richter;[394.6432  117.51172 425.1709  158.9247 ];72.0;314.0;124.0;262.0
UnserFruleinDoktorJennyJugoHeinzSalfnerAlbertMatterstockHansRichter-8192.jpeg;M;M;Hans_Richter;[445.37924 118.42674 471.8739  156.38892];72.0;314.0;124.0;262.0
UnserFruleinDoktorJennyJugoHeinzSalfnerAlbertMatterstockHansRichter-8448.jpeg;M;M;Heinz_Salfner;[264.9724    51.994125 313.3693   115.27943 ];55.0;308.0;107.0;256.0
UnserFruleinDoktorJennyJugoHeinzSalfnerAlbertMatterstockHansRichter-8448.jpeg;M;M;Heinz_Salfner;[170.5112  105.21588 201.3355  147.37367];55.0;308.0;107.0;256.0
UnserFruleinDoktorJennyJugoHeinzSalfnerAlbertMatterstockHansRichter-8448.jpeg;M;M;Heinz_Salfner;[336.4427  102.70732 363.4638  138.19316];55.0;308.0;107.0;256.0
UnserFruleinDoktorJennyJugoHeinzSalfnerAlbertMatterstockHansRichter-8448.jpeg;M;M;Heinz_Salfner;[399.36493 118.3139  424.67462 149.51619];55.0;308.0;107.0;256.0
UnserFruleinDoktorJennyJugoHeinzSalfnerAlbertMatterstockHansRichter-8448.jpeg;M;M;Heinz_Salfner;[ 79.21297  83.54819 112.81103 156.5177 ];55.0;308.0;107.0;256.0
UnserFruleinDoktorJennyJugoHeinzSalfnerAlbertMatterstockHansRichter-8704.jpeg;M;M;Hans_Richter;[306.5249   64.96703 357.23242 129.1321 ];66.0;356.0;129.0;294.0
UnserFruleinDoktorJennyJugoHeinzSalfnerAlbertMatterstockHansRichter-8704.jpeg;M;M;Hans_Richter;[173.50623  106.255875 204.70702  147.6134  ];66.0;356.0;129.0;294.0
UnserFruleinDoktorJennyJugoHeinzSalfnerAlbertMatterstockHansRichter-8704.jpeg;M;M;Hans_Richter;[399.25766 113.67117 425.2111  145.68127];66.0;356.0;129.0;294.0
UnserFruleinDoktorJennyJugoHeinzSalfnerAlbertMatterstockHansRichter-98048.jpeg;M;M;Heinz_Salfner;[203.8103    67.888794 273.151    169.05576 ];88.0;262.0;163.0;187.0
UnserFruleinDoktorJennyJugoHeinzSalfnerAlbertMatterstockHansRichter-98304.jpeg;M;M;Heinz_Salfner;[189.90334   62.003727 263.59943  163.57368 ];76.0;265.0;166.0;175.0
UnserFruleinDoktorJennyJugoHeinzSalfnerAlbertMatterstockHansRichter-98432.jpeg;M;M;Heinz_Salfner;[196.69688   61.650906 264.58994  163.61371 ];76.0;265.0;166.0;175.0
UnserFruleinDoktorJennyJugoHeinzSalfnerAlbertMatterstockHansRichter-98944.jpeg;M;M;Heinz_Salfner;[195.08699   73.136055 266.35428  173.63672 ];96.0;262.0;171.0;187.0
UnserFruleinDoktorJennyJugoHeinzSalfnerAlbertMatterstockHansRichter-99200.jpeg;M;M;Heinz_Salfner;[206.88913  67.38004 276.86993 167.6871 ];88.0;270.0;163.0;196.0
UnserFruleinDoktorJennyJugoHeinzSalfnerAlbertMatterstockHansRichter-99712.jpeg;M;M;Heinz_Salfner;[212.79977  65.16282 286.17575 167.72539];88.0;278.0;163.0;204.0
UnterDenBruckenia-100723.jpeg;M;M;Carl_Raddatz;[282.4763    94.526886 321.71954  152.34126 ];103.0;323.0;146.0;280.0
UnterDenBruckenia-104943.jpeg;F;F;Hannelore_Schroth;[497.07535 276.96375 616.52527 451.92368];325.0;612.0;454.0;483.0
UnterDenBruckenia-104943.jpeg;M;F;Hannelore_Schroth;[119.98083  76.31903 249.65672 293.94836];325.0;612.0;454.0;483.0
UnterDenBruckenia-105183.jpeg;F;F;Hannelore_Schroth;[499.23215 270.5936  618.31726 445.64883];311.0;612.0;440.0;483.0
UnterDenBruckenia-105183.jpeg;M;F;Hannelore_Schroth;[131.86746  67.67646 274.2235  295.83615];311.0;612.0;440.0;483.0
UnterDenBruckenia-105858.jpeg;M;F;Hannelore_Schroth;[446.60886 218.44763 553.2852  392.53357];254.0;540.0;383.0;411.0
UnterDenBruckenia-105858.jpeg;F;F;Hannelore_Schroth;[133.91925  65.76397 268.38867 303.89996];254.0;540.0;383.0;411.0
UnterDenBruckenia-106098.jpeg;M;F;Hannelore_Schroth;[442.73364 243.72566 552.68445 416.51443];268.0;540.0;397.0;411.0
UnterDenBruckenia-106098.jpeg;M;F;Hannelore_Schroth;[107.29442 107.49074 263.55603 310.72134];268.0;540.0;397.0;411.0
UnterDenBruckenia-106338.jpeg;F;F;Hannelore_Schroth;[436.49805 235.9952  548.9042  417.82922];268.0;540.0;397.0;411.0
UnterDenBruckenia-106338.jpeg;M;F;Hannelore_Schroth;[134.33508   54.360096 262.8843   299.3043  ];268.0;540.0;397.0;411.0
UnterDenBruckenia-106578.jpeg;M;F;Hannelore_Schroth;[456.1213  258.94962 565.4374  430.5869 ];297.0;554.0;426.0;425.0
UnterDenBruckenia-106578.jpeg;M;F;Hannelore_Schroth;[131.11197  54.2875  256.51    289.43088];297.0;554.0;426.0;425.0
UnterDenBruckenia-106818.jpeg;F;F;Hannelore_Schroth;[454.04538 248.14914 558.88885 420.59158];268.0;540.0;397.0;411.0
UnterDenBruckenia-106818.jpeg;M;F;Hannelore_Schroth;[119.43151  63.36312 238.89409 302.2127 ];268.0;540.0;397.0;411.0
UnterDenBruckenia-10800.jpeg;M;M;Gustav_Knuth;[266.0492   116.308334 413.2996   324.3853  ];150.0;390.0;305.0;236.0
UnterDenBruckenia-115919.jpeg;F;F;Hannelore_Schroth;[372.03055  57.75534 461.812   191.30667];80.0;462.0;187.0;354.0
UnterDenBruckenia-116143.jpeg;M;F;Hannelore_Schroth;[389.63687   38.576496 483.54337  172.42674 ];68.0;485.0;175.0;378.0
UnterDenBruckenia-116143.jpeg;F;F;Hannelore_Schroth;[175.04294  98.40477 207.69934 147.324  ];68.0;485.0;175.0;378.0
UnterDenBruckenia-116289.jpeg;F;F;Hannelore_Schroth;[372.09372   33.297348 463.6398   170.1782  ];56.0;462.0;163.0;354.0
UnterDenBruckenia-116485.jpeg;M;M;Gustav_Knuth;[294.93787  66.57217 401.2576  207.57317];67.0;425.0;196.0;296.0
UnterDenBruckenia-117056.jpeg;M;F;Hannelore_Schroth;[496.10587 197.99701 553.59515 285.8586 ];218.0;550.0;281.0;487.0
UnterDenBruckenia-117605.jpeg;F;F;Hannelore_Schroth;[337.52084  88.38222 443.84006 251.83572];128.0;438.0;235.0;330.0
UnterDenBruckenia-117735.jpeg;F;F;Hannelore_Schroth;[291.73755  71.53353 546.5022  452.54822];171.0;557.0;439.0;290.0
UnterDenBruckenia-119023.jpeg;F;F;Hannelore_Schroth;[278.0851   78.99098 518.72754 461.17578];171.0;498.0;439.0;230.0
UnterDenBruckenia-121990.jpeg;F;F;Hannelore_Schroth;[289.61722  87.28039 543.6821  475.14075];171.0;527.0;439.0;260.0
UnterDenBruckenia-122469.jpeg;M;F;Hannelore_Schroth;[370.6782   100.465904 473.91025  245.73761 ];146.0;454.0;236.0;364.0
UnterDenBruckenia-122633.jpeg;M;F;Hannelore_Schroth;[360.15518  66.20619 459.60938 223.72029];96.0;468.0;225.0;339.0
UnterDenBruckenia-122887.jpeg;M;F;Hannelore_Schroth;[359.26288   74.776505 458.52832  227.47365 ];110.0;468.0;239.0;339.0
UnterDenBruckenia-125723.jpeg;M;M;Gustav_Knuth;[231.01709   39.387695 348.61832  214.50244 ];67.0;368.0;196.0;239.0
UnterDenBruckenia-127916.jpeg;M;M;Carl_Raddatz;[319.1249  151.42122 549.0888  471.43616];201.0;557.0;468.0;290.0
UnterDenBruckenia-131175.jpeg;M;M;Gustav_Knuth;[185.9243   72.57741 258.24695 167.11736];88.0;245.0;163.0;171.0
UnterDenBruckenia-131175.jpeg;F;M;Gustav_Knuth;[377.9668   49.14165 457.86484 158.513  ];88.0;245.0;163.0;171.0
UnterDenBruckenia-133506.jpeg;F;F;Hannelore_Schroth;[520.5556  227.07474 614.0664  361.1721 ];247.0;593.0;355.0;485.0
UnterDenBruckenia-133506.jpeg;M;F;Hannelore_Schroth;[227.59898   59.197815 328.49005  213.36081 ];247.0;593.0;355.0;485.0
UnterDenBruckenia-133746.jpeg;F;F;Hannelore_Schroth;[506.3395  233.23912 592.0175  367.24466];239.0;583.0;368.0;454.0
UnterDenBruckenia-133746.jpeg;M;F;Hannelore_Schroth;[298.4223   103.825356 381.57828  246.70546 ];239.0;583.0;368.0;454.0
UnterDenBruckenia-133746.jpeg;M;F;Hannelore_Schroth;[632.0108  154.15396 695.006   250.86966];239.0;583.0;368.0;454.0
UnterDenBruckenia-133986.jpeg;F;F;Hannelore_Schroth;[466.4395  226.50684 554.2491  360.47647];247.0;545.0;355.0;438.0
UnterDenBruckenia-133986.jpeg;M;F;Hannelore_Schroth;[658.3267  307.9904  717.55084 383.94794];247.0;545.0;355.0;438.0
UnterDenBruckenia-133986.jpeg;M;F;Hannelore_Schroth;[223.7732   66.05808 311.55048 217.48602];247.0;545.0;355.0;438.0
UnterDenBruckenia-135506.jpeg;M;M;Gustav_Knuth;[182.36671 188.73334 342.34076 382.7948 ];180.0;366.0;366.0;180.0
UnterDenBruckenia-136595.jpeg;M;M;Carl_Raddatz;[312.85922   43.948414 373.84186  134.96849 ];55.0;386.0;130.0;312.0
UnterDenBruckenia-138734.jpeg;M;M;Carl_Raddatz;[317.9223  -33.59967 433.92084 152.33086];10.0;454.0;139.0;325.0
UnterDenBruckenia-139088.jpeg;M;M;Carl_Raddatz;[537.44946  76.15303 646.60675 243.77126];110.0;669.0;239.0;540.0
UnterDenBruckenia-139823.jpeg;M;M;Gustav_Knuth;[322.7136    43.166756 450.86096  227.91754 ];64.0;442.0;219.0;287.0
UnterDenBruckenia-140181.jpeg;M;M;Gustav_Knuth;[409.8649  319.61642 541.1718  497.34747];322.0;528.0;477.0;373.0
UnterDenBruckenia-140900.jpeg;M;M;Carl_Raddatz;[176.52719  19.62469 289.34592 170.30342];325.0;597.0;454.0;468.0
UnterDenBruckenia-140900.jpeg;M;M;Gustav_Knuth;[176.52719  19.62469 289.34592 170.30342];39.0;282.0;168.0;153.0
UnterDenBruckenia-140900.jpeg;M;M;Carl_Raddatz;[488.35413 311.64133 609.1464  474.87762];325.0;597.0;454.0;468.0
UnterDenBruckenia-140900.jpeg;M;M;Gustav_Knuth;[488.35413 311.64133 609.1464  474.87762];39.0;282.0;168.0;153.0
UnterDenBruckenia-141380.jpeg;M;M;Gustav_Knuth;[502.44882 325.06152 617.3136  468.39285];67.0;354.0;196.0;225.0
UnterDenBruckenia-141380.jpeg;M;M;Gustav_Knuth;[216.64665   43.252766 332.7879   206.88953 ];67.0;354.0;196.0;225.0
UnterDenBruckenia-16068.jpeg;M;M;Gustav_Knuth;[297.7666  210.36424 463.51736 426.51144];222.0;448.0;407.0;262.0
UnterDenBruckenia-16214.jpeg;M;M;Carl_Raddatz;[154.49113  65.7046  307.5288  296.25235];116.0;322.0;270.0;167.0
UnterDenBruckenia-17330.jpeg;M;M;Carl_Raddatz;[311.53546  47.66266 475.0136  295.64407];68.0;464.0;291.0;241.0
UnterDenBruckenia-17781.jpeg;M;M;Carl_Raddatz;[293.98355  65.70197 453.35657 308.8023 ];118.0;448.0;304.0;262.0
UnterDenBruckenia-17870.jpeg;M;M;Carl_Raddatz;[311.39566   67.949844 472.6259   317.08167 ];118.0;469.0;304.0;283.0
UnterDenBruckenia-19375.jpeg;M;M;Gustav_Knuth;[142.97845 182.71371 197.6818  249.08032];191.0;197.0;253.0;135.0
UnterDenBruckenia-19375.jpeg;M;M;Gustav_Knuth;[444.85995 180.33936 491.77914 245.07854];191.0;197.0;253.0;135.0
UnterDenBruckenia-19375.jpeg;M;M;Gustav_Knuth;[350.46265   14.722005 372.102     54.301342];191.0;197.0;253.0;135.0
UnterDenBruckenia-19615.jpeg;M;M;Gustav_Knuth;[206.77084  76.47477 280.74255 170.13692];88.0;287.0;163.0;212.0
UnterDenBruckenia-19615.jpeg;M;M;Gustav_Knuth;[573.1675   102.215866 647.56116  212.56845 ];88.0;287.0;163.0;212.0
UnterDenBruckenia-42618.jpeg;F;F;Hannelore_Schroth;[300.48416 135.22961 509.6382  435.25388];192.0;489.0;415.0;266.0
UnterDenBruckenia-43513.jpeg;F;F;Hannelore_Schroth;[460.60706 167.08472 587.77295 360.73788];202.0;580.0;356.0;425.0
UnterDenBruckenia-43513.jpeg;M;F;Hannelore_Schroth;[ 89.25817   48.762035 219.19733  288.93213 ];202.0;580.0;356.0;425.0
UnterDenBruckenia-43753.jpeg;F;F;Hannelore_Schroth;[466.0609  177.94974 593.77374 372.2069 ];219.0;597.0;374.0;442.0
UnterDenBruckenia-43753.jpeg;M;F;Hannelore_Schroth;[ 92.68133   38.582516 225.09975  288.91058 ];219.0;597.0;374.0;442.0
UnterDenBruckenia-43993.jpeg;F;F;Hannelore_Schroth;[461.224   165.2549  579.18317 361.99832];202.0;562.0;356.0;408.0
UnterDenBruckenia-43993.jpeg;M;F;Hannelore_Schroth;[113.870995  47.452774 239.58205  285.8323  ];202.0;562.0;356.0;408.0
UnterDenBruckenia-44233.jpeg;F;F;Hannelore_Schroth;[452.89697 153.1718  573.9168  354.8278 ];184.0;562.0;339.0;408.0
UnterDenBruckenia-44233.jpeg;M;F;Hannelore_Schroth;[110.27493  67.08349 249.0894  301.66052];184.0;562.0;339.0;408.0
UnterDenBruckenia-48041.jpeg;M;M;Gustav_Knuth;[173.18451   61.514206 225.19025  134.92494 ];66.0;225.0;129.0;163.0
UnterDenBruckenia-50194.jpeg;F;F;Hannelore_Schroth;[308.2221    90.649796 515.3615   431.39148 ];142.0;498.0;409.0;230.0
UnterDenBruckenia-50364.jpeg;M;F;Hannelore_Schroth;[309.09097 136.58162 524.2558  469.2832 ];201.0;527.0;468.0;260.0
UnterDenBruckenia-51220.jpeg;M;M;Carl_Raddatz;[358.23517 144.88    516.4107  361.2024 ];184.0;511.0;339.0;356.0
UnterDenBruckenia-51408.jpeg;M;M;Carl_Raddatz;[448.37692 115.2048  614.3463  359.92258];142.0;637.0;365.0;414.0
UnterDenBruckenia-51672.jpeg;F;F;Hannelore_Schroth;[241.27682  67.45778 465.3122  428.3571 ];142.0;468.0;409.0;200.0
UnterDenBruckenia-54408.jpeg;M;F;Hannelore_Schroth;[114.63781 107.32325 242.03946 283.1726 ];270.0;562.0;425.0;408.0
UnterDenBruckenia-54408.jpeg;F;F;Hannelore_Schroth;[429.26013 238.55078 559.3146  428.86606];270.0;562.0;425.0;408.0
UnterDenBruckenia-56140.jpeg;M;F;Hannelore_Schroth;[193.21349   89.749664 404.54633  339.25177 ];260.0;557.0;528.0;290.0
UnterDenBruckenia-56140.jpeg;F;F;Hannelore_Schroth;[390.4368  256.39514 588.5999  548.9698 ];260.0;557.0;528.0;290.0
UnterDenBruckenia-56321.jpeg;M;F;Hannelore_Schroth;[146.30939   25.414345 355.54303  309.31665 ];320.0;617.0;576.0;349.0
UnterDenBruckenia-56321.jpeg;M;M;Gustav_Knuth;[146.30939   25.414345 355.54303  309.31665 ];68.0;365.0;291.0;142.0
UnterDenBruckenia-56321.jpeg;F;F;Hannelore_Schroth;[418.71533 269.58255 618.438   580.5519 ];320.0;617.0;576.0;349.0
UnterDenBruckenia-56321.jpeg;F;M;Gustav_Knuth;[418.71533 269.58255 618.438   580.5519 ];68.0;365.0;291.0;142.0
UnterDenBruckenia-62177.jpeg;M;M;Carl_Raddatz;[432.09952 239.42278 546.5063  388.16098];254.0;540.0;383.0;411.0
UnterDenBruckenia-63360.jpeg;F;M;Gustav_Knuth;[499.12604   47.761875 566.718    129.6165  ];55.0;569.0;130.0;494.0
UnterDenBruckenia-63360.jpeg;M;M;Gustav_Knuth;[ 91.73928 169.5509  155.89078 246.44624];55.0;569.0;130.0;494.0
UnterDenBruckenia-64080.jpeg;F;F;Hannelore_Schroth;[473.1119  139.81613 552.3545  258.29544];166.0;554.0;255.0;464.0
UnterDenBruckenia-64080.jpeg;M;F;Hannelore_Schroth;[133.63055      0.74738663 246.64719    148.60768   ];166.0;554.0;255.0;464.0
UnterDenBruckenia-64320.jpeg;M;F;Hannelore_Schroth;[282.21765 242.22952 338.3559  329.7875 ];260.0;335.0;322.0;273.0
UnterDenBruckenia-64320.jpeg;M;F;Hannelore_Schroth;[579.8654  156.13731 655.62445 263.6129 ];260.0;335.0;322.0;273.0
UnterDenBruckenia-64320.jpeg;M;F;Hannelore_Schroth;[ 57.670467 131.44365  128.37004  248.41206 ];260.0;335.0;322.0;273.0
UnterDenBruckenia-64800.jpeg;F;F;Hannelore_Schroth;[294.22006 239.96347 350.64905 326.47482];260.0;349.0;322.0;287.0
UnterDenBruckenia-64800.jpeg;M;F;Hannelore_Schroth;[582.1098  149.47986 651.7532  256.34457];260.0;349.0;322.0;287.0
UnterDenBruckenia-64800.jpeg;M;F;Hannelore_Schroth;[ 63.354958 118.00869  134.72758  229.222   ];260.0;349.0;322.0;287.0
UnterDenBruckenia-65040.jpeg;F;F;Hannelore_Schroth;[295.86536 231.60663 350.8779  317.60846];237.0;353.0;312.0;278.0
UnterDenBruckenia-65040.jpeg;F;M;Carl_Raddatz;[295.86536 231.60663 350.8779  317.60846];136.0;603.0;226.0;514.0
UnterDenBruckenia-65040.jpeg;M;F;Hannelore_Schroth;[543.74805  120.777534 614.68945  235.36282 ];237.0;353.0;312.0;278.0
UnterDenBruckenia-65040.jpeg;M;M;Carl_Raddatz;[543.74805  120.777534 614.68945  235.36282 ];136.0;603.0;226.0;514.0
UnterDenBruckenia-65040.jpeg;M;F;Hannelore_Schroth;[ 73.20295 114.52119 141.0874  227.69254];237.0;353.0;312.0;278.0
UnterDenBruckenia-65040.jpeg;M;M;Carl_Raddatz;[ 73.20295 114.52119 141.0874  227.69254];136.0;603.0;226.0;514.0
UnterDenBruckenia-65280.jpeg;F;F;Hannelore_Schroth;[355.1723   82.11161 483.74945 291.20676];133.0;476.0;288.0;322.0
UnterDenBruckenia-65433.jpeg;M;M;Carl_Raddatz;[321.34558  67.98525 438.66895 243.71393];110.0;425.0;239.0;296.0
UnterDenBruckenia-6564.jpeg;M;M;Gustav_Knuth;[195.42456   34.186256 277.39178  137.60805 ];36.0;295.0;126.0;205.0
UnterDenBruckenia-65649.jpeg;M;F;Hannelore_Schroth;[ 77.43686 112.21851 188.92017 275.78674];297.0;626.0;426.0;497.0
UnterDenBruckenia-65649.jpeg;M;M;Gustav_Knuth;[ 77.43686 112.21851 188.92017 275.78674];152.0;187.0;259.0;79.0
UnterDenBruckenia-65649.jpeg;F;F;Hannelore_Schroth;[510.82047 262.7535  621.3554  425.07532];297.0;626.0;426.0;497.0
UnterDenBruckenia-65649.jpeg;F;M;Gustav_Knuth;[510.82047 262.7535  621.3554  425.07532];152.0;187.0;259.0;79.0
UnterDenBruckenia-65710.jpeg;M;M;Carl_Raddatz;[324.88657  81.04669 439.04135 256.0661 ];125.0;440.0;254.0;311.0
UnterDenBruckenia-66065.jpeg;F;F;Hannelore_Schroth;[478.09924 251.27    588.1708  415.61792];282.0;597.0;411.0;468.0
UnterDenBruckenia-66065.jpeg;F;M;Gustav_Knuth;[478.09924 251.27    588.1708  415.61792];139.0;196.0;268.0;67.0
UnterDenBruckenia-66065.jpeg;M;F;Hannelore_Schroth;[ 62.72173 108.10483 174.11264 263.99094];282.0;597.0;411.0;468.0
UnterDenBruckenia-66065.jpeg;M;M;Gustav_Knuth;[ 62.72173 108.10483 174.11264 263.99094];139.0;196.0;268.0;67.0
UnterDenBruckenia-66283.jpeg;F;F;Hannelore_Schroth;[474.2043  273.82187 583.3419  429.89578];297.0;569.0;426.0;440.0
UnterDenBruckenia-66283.jpeg;F;M;Gustav_Knuth;[474.2043  273.82187 583.3419  429.89578];139.0;196.0;268.0;67.0
UnterDenBruckenia-66283.jpeg;M;F;Hannelore_Schroth;[ 62.547573 109.24181  172.87805  267.7748  ];297.0;569.0;426.0;440.0
UnterDenBruckenia-66283.jpeg;M;M;Gustav_Knuth;[ 62.547573 109.24181  172.87805  267.7748  ];139.0;196.0;268.0;67.0
UnterDenBruckenia-66657.jpeg;M;F;Hannelore_Schroth;[ 45.944923 112.27298  157.47386  270.9311  ];295.0;581.0;402.0;474.0
UnterDenBruckenia-66657.jpeg;M;M;Gustav_Knuth;[ 45.944923 112.27298  157.47386  270.9311  ];153.0;167.0;282.0;38.0
UnterDenBruckenia-66657.jpeg;F;F;Hannelore_Schroth;[480.27008 253.59914 590.7027  418.35556];295.0;581.0;402.0;474.0
UnterDenBruckenia-66657.jpeg;F;M;Gustav_Knuth;[480.27008 253.59914 590.7027  418.35556];153.0;167.0;282.0;38.0
UnterDenBruckenia-66840.jpeg;F;F;Hannelore_Schroth;[246.2022    92.544235 389.3362   326.63452 ];150.0;408.0;305.0;253.0
UnterDenBruckenia-67193.jpeg;M;M;Gustav_Knuth;[253.66904  79.49528 392.963   267.19598];116.0;408.0;270.0;253.0
UnterDenBruckenia-67373.jpeg;M;M;Gustav_Knuth;[269.56076 178.90971 350.8667  292.2586 ];206.0;354.0;295.0;265.0
UnterDenBruckenia-67373.jpeg;M;F;Hannelore_Schroth;[269.56076 178.90971 350.8667  292.2586 ];295.0;693.0;385.0;603.0
UnterDenBruckenia-67373.jpeg;M;M;Gustav_Knuth;[620.4736  269.21518 702.85754 392.42264];206.0;354.0;295.0;265.0
UnterDenBruckenia-67373.jpeg;M;F;Hannelore_Schroth;[620.4736  269.21518 702.85754 392.42264];295.0;693.0;385.0;603.0
UnterDenBruckenia-67853.jpeg;M;M;Gustav_Knuth;[202.87851  86.96742 357.12915 307.89273];118.0;366.0;304.0;180.0
UnterDenBruckenia-67906.jpeg;F;F;Hannelore_Schroth;[279.5368   96.81131 423.4449  305.76917];133.0;425.0;288.0;270.0
UnterDenBruckenia-68091.jpeg;M;M;Carl_Raddatz;[100.07372  77.36959 234.42868 267.18817];116.0;253.0;270.0;98.0
UnterDenBruckenia-68148.jpeg;M;M;Gustav_Knuth;[173.66151   65.519135 327.17706  283.02667 ];98.0;324.0;284.0;139.0
UnterDenBruckenia-68366.jpeg;M;M;Carl_Raddatz;[104.81095  84.80679 236.75719 279.53564];133.0;253.0;288.0;98.0
UnterDenBruckenia-68409.jpeg;M;M;Gustav_Knuth;[176.37123  64.11857 332.32028 297.5091 ];98.0;324.0;284.0;139.0
UnterDenBruckenia-69086.jpeg;M;F;Hannelore_Schroth;[370.52896 110.09129 437.12598 214.73297];126.0;434.0;216.0;344.0
UnterDenBruckenia-69086.jpeg;M;F;Hannelore_Schroth;[235.7857    62.946404 291.20697  191.78337 ];126.0;434.0;216.0;344.0
UnterDenBruckenia-69306.jpeg;M;M;Carl_Raddatz;[269.23102  60.34737 395.21915 265.38803];98.0;425.0;253.0;270.0
UnterDenBruckenia-73539.jpeg;M;M;Gustav_Knuth;[326.5207   88.03476 471.24155 276.2272 ];116.0;459.0;270.0;304.0
UnterDenBruckenia-73717.jpeg;M;M;Gustav_Knuth;[145.85197 163.55878 343.55426 423.84393];201.0;366.0;387.0;180.0
UnterDenBruckenia-75317.jpeg;M;M;Gustav_Knuth;[454.63632   61.550335 555.1286   221.6353  ];68.0;294.0;175.0;187.0
UnterDenBruckenia-75317.jpeg;M;M;Gustav_Knuth;[182.26779   57.595684 279.27188  181.08795 ];68.0;294.0;175.0;187.0
UnterDenBruckenia-76011.jpeg;M;M;Carl_Raddatz;[164.92926 148.12978 319.95624 360.84137];184.0;304.0;339.0;150.0
UnterDenBruckenia-76011.jpeg;M;M;Carl_Raddatz;[530.7667   84.9789  679.57025 277.32916];184.0;304.0;339.0;150.0
UnterDenBruckenia-76791.jpeg;M;F;Hannelore_Schroth;[428.67413  99.76834 518.96423 244.07794];128.0;521.0;235.0;414.0
UnterDenBruckenia-77271.jpeg;M;F;Hannelore_Schroth;[343.42108  84.14802 462.88022 275.7143 ];116.0;494.0;270.0;339.0
UnterDenBruckenia-77487.jpeg;F;F;Hannelore_Schroth;[184.23297  81.48714 294.14218 250.57785];125.0;311.0;254.0;182.0
UnterDenBruckenia-77727.jpeg;M;M;Carl_Raddatz;[339.02255  95.2609  464.94482 288.04694];139.0;454.0;268.0;325.0
UnterDenBruckenia-77967.jpeg;F;F;Hannelore_Schroth;[159.81937  73.57168 275.95602 246.50882];98.0;304.0;253.0;150.0
UnterDenBruckenia-78061.jpeg;F;F;Hannelore_Schroth;[164.80595   72.507965 281.6481   246.44914 ];110.0;296.0;239.0;167.0
UnterDenBruckenia-78262.jpeg;F;F;Hannelore_Schroth;[191.37158   51.146812 302.15735  223.6188  ];96.0;325.0;225.0;196.0
UnterDenBruckenia-81488.jpeg;F;F;Hannelore_Schroth;[435.45447 144.11522 496.32263 231.56557];155.0;494.0;229.0;419.0
UnterDenBruckenia-81488.jpeg;M;F;Hannelore_Schroth;[238.32162  17.68629 290.39594 135.82712];155.0;494.0;229.0;419.0
UnterDenBruckenia-85186.jpeg;M;F;Hannelore_Schroth;[ 73.34215  -21.716509 395.3074   442.1755  ];76.0;418.0;461.0;33.0
UnterDenBruckenia-8686.jpeg;M;M;Gustav_Knuth;[161.42686 160.62555 397.7302  485.73804];201.0;409.0;468.0;141.0
UnterDenBruckenia-88091.jpeg;M;F;Hannelore_Schroth;[210.80759  71.13639 295.65344 201.42834];106.0;305.0;196.0;215.0
UnterDenBruckenia-88457.jpeg;M;F;Hannelore_Schroth;[208.31073  68.80947 296.20987 200.61621];92.0;306.0;199.0;199.0
UnterDenBruckenia-90296.jpeg;M;M;Gustav_Knuth;[246.46832  79.70029 315.96616 180.77792];96.0;320.0;171.0;245.0
UnterDenBruckenia-90296.jpeg;M;F;Hannelore_Schroth;[246.46832  79.70029 315.96616 180.77792];229.0;544.0;304.0;469.0
UnterDenBruckenia-90296.jpeg;F;M;Gustav_Knuth;[491.47516 225.49715 542.83655 305.12555];96.0;320.0;171.0;245.0
UnterDenBruckenia-90296.jpeg;F;F;Hannelore_Schroth;[491.47516 225.49715 542.83655 305.12555];229.0;544.0;304.0;469.0
UnterDenBruckenia-90498.jpeg;F;F;Hannelore_Schroth;[479.33585 224.56966 531.90314 304.08838];229.0;536.0;304.0;461.0
UnterDenBruckenia-90498.jpeg;F;M;Gustav_Knuth;[479.33585 224.56966 531.90314 304.08838];96.0;328.0;171.0;254.0
UnterDenBruckenia-90498.jpeg;M;F;Hannelore_Schroth;[253.10501  78.56006 321.7025  178.58281];229.0;536.0;304.0;461.0
UnterDenBruckenia-90498.jpeg;M;M;Gustav_Knuth;[253.10501  78.56006 321.7025  178.58281];96.0;328.0;171.0;254.0
UnterDenBruckenia-90978.jpeg;M;M;Gustav_Knuth;[244.70412  74.55353 311.60077 173.18929];88.0;320.0;163.0;245.0
UnterDenBruckenia-90978.jpeg;M;F;Hannelore_Schroth;[244.70412  74.55353 311.60077 173.18929];232.0;508.0;294.0;446.0
UnterDenBruckenia-90978.jpeg;F;M;Gustav_Knuth;[455.81622 219.52133 508.2059  296.90894];88.0;320.0;163.0;245.0
UnterDenBruckenia-90978.jpeg;F;F;Hannelore_Schroth;[455.81622 219.52133 508.2059  296.90894];232.0;508.0;294.0;446.0
UnterDenBruckenia-91852.jpeg;M;F;Hannelore_Schroth;[277.74014 189.56274 362.59424 321.92255];226.0;364.0;315.0;275.0
UnterDenBruckenia-91852.jpeg;M;F;Hannelore_Schroth;[456.9734   71.84646 534.2745  243.65402];226.0;364.0;315.0;275.0
UnterDenBruckenia-92087.jpeg;M;F;Hannelore_Schroth;[260.05615 195.2305  346.32333 324.6339 ];223.0;354.0;331.0;247.0
UnterDenBruckenia-92087.jpeg;M;F;Hannelore_Schroth;[451.29205  72.09895 525.6607  233.04033];223.0;354.0;331.0;247.0
UnterDenBruckenia-92327.jpeg;M;M;Gustav_Knuth;[339.57266 116.15624 430.3026  246.73125];92.0;318.0;199.0;211.0
UnterDenBruckenia-92327.jpeg;M;M;Gustav_Knuth;[203.99315  62.04016 280.30762 209.48273];92.0;318.0;199.0;211.0
UnterDenBruckenia-92562.jpeg;F;F;Hannelore_Schroth;[292.8038   90.65959 383.25763 237.53488];116.0;378.0;223.0;270.0
UnterDenBruckenia-92786.jpeg;M;M;Gustav_Knuth;[146.45929   42.707695 242.56985  198.6191  ];67.0;282.0;196.0;153.0
UnterDenBruckenia-92786.jpeg;F;M;Gustav_Knuth;[396.02444 103.25156 495.16095 253.08302];67.0;282.0;196.0;153.0
UnterDenBruckenia-92994.jpeg;M;M;Gustav_Knuth;[131.39037  50.79867 226.50526 207.38036];80.0;247.0;187.0;139.0
UnterDenBruckenia-92994.jpeg;M;M;Gustav_Knuth;[386.13007 110.71165 460.21994 218.97124];80.0;247.0;187.0;139.0
UnterDenBruckenia-93234.jpeg;M;M;Gustav_Knuth;[122.81018   48.325977 221.24863  207.66537 ];67.0;253.0;196.0;124.0
UnterDenBruckenia-93234.jpeg;M;M;Gustav_Knuth;[412.9745   101.960915 513.74426  259.03287 ];67.0;253.0;196.0;124.0
UnterDenBruckenia-93367.jpeg;M;F;Hannelore_Schroth;[293.43442  94.80371 383.41452 241.46541];116.0;378.0;223.0;270.0
UnterDenBruckenia-93640.jpeg;M;F;Hannelore_Schroth;[274.89267   51.259266 434.23734  308.31702 ];118.0;428.0;304.0;242.0
UnterDenBruckenia-93722.jpeg;M;M;Gustav_Knuth;[353.8573   71.93514 529.71234 339.4163 ];139.0;551.0;325.0;366.0
UnterDenBruckenia-93819.jpeg;F;F;Hannelore_Schroth;[269.38037   55.287872 430.62747  309.97046 ];118.0;428.0;304.0;242.0
UnterDenBruckenia-93932.jpeg;M;M;Gustav_Knuth;[349.6692   70.78658 527.82306 339.08435];118.0;563.0;341.0;340.0
UnterDenBruckenia-94172.jpeg;M;M;Gustav_Knuth;[344.01654   71.371994 521.2541   338.7324  ];118.0;563.0;341.0;340.0
UnterDenBruckenia-94388.jpeg;M;F;Hannelore_Schroth;[286.55386   63.303455 449.13416  316.33698 ];118.0;448.0;304.0;262.0
UnterDenBruckenia-94443.jpeg;M;M;Gustav_Knuth;[340.95398   68.589455 514.6178   330.19586 ];139.0;531.0;325.0;345.0
ViktorundViktoria-10027.jpeg;M;M;Hermann_Thimig;[345.35468 173.59726 755.4669  765.14514];297.0;759.0;759.0;297.0
ViktorundViktoria-10276.jpeg;M;M;Hermann_Thimig;[241.28929 132.57593 631.85974 690.90576];246.0;656.0;708.0;194.0
ViktorundViktoria-106889.jpeg;F;M;Fritz_Odemar;[519.44763 120.38121 731.04706 415.00287];167.0;761.0;390.0;538.0
ViktorundViktoria-108134.jpeg;M;M;Fritz_Odemar;[401.78653 122.26219 589.10376 407.24927];167.0;563.0;390.0;340.0
ViktorundViktoria-108134.jpeg;F;M;Fritz_Odemar;[158.68811 275.23788 328.04395 491.7376 ];167.0;563.0;390.0;340.0
ViktorundViktoria-108383.jpeg;M;M;Fritz_Odemar;[ 865.84674  225.28577 1030.8456   486.4198 ];242.0;593.0;428.0;407.0
ViktorundViktoria-108383.jpeg;M;M;Fritz_Odemar;[427.44034 223.06668 585.4031  438.16217];242.0;593.0;428.0;407.0
ViktorundViktoria-115283.jpeg;M;M;Hermann_Thimig;[319.61072 149.1879  439.97488 322.56375];167.0;476.0;322.0;322.0
ViktorundViktoria-115283.jpeg;M;M;Hermann_Thimig;[837.3425  369.41547 892.2654  421.23904];167.0;476.0;322.0;322.0
ViktorundViktoria-115532.jpeg;F;M;Hermann_Thimig;[388.16913 116.393   532.1609  314.5271 ];180.0;1088.0;366.0;902.0
ViktorundViktoria-115532.jpeg;M;M;Hermann_Thimig;[ 905.5333   142.91046 1059.9976   361.92017];180.0;1088.0;366.0;902.0
ViktorundViktoria-117026.jpeg;M;M;Hermann_Thimig;[633.4971   95.52081 812.8895  347.2014 ];118.0;860.0;341.0;637.0
ViktorundViktoria-117597.jpeg;M;F;Hilde_Hildebrand;[829.62604 151.73357 940.5337  299.16516];168.0;927.0;297.0;798.0
ViktorundViktoria-119397.jpeg;M;M;Fritz_Odemar;[350.77295  111.689255 434.81873  220.40291 ];105.0;693.0;179.0;619.0
ViktorundViktoria-119397.jpeg;M;M;Fritz_Odemar;[623.18335  95.69855 700.8813  193.32243];105.0;693.0;179.0;619.0
ViktorundViktoria-119895.jpeg;M;M;Fritz_Odemar;[752.1161  128.53299 903.7865  343.40942];167.0;906.0;322.0;752.0
ViktorundViktoria-119895.jpeg;F;M;Fritz_Odemar;[414.98538 167.19746 528.0078  372.0168 ];167.0;906.0;322.0;752.0
ViktorundViktoria-123879.jpeg;M;F;Hilde_Hildebrand;[189.64651 115.84996 316.04758 284.422  ];275.0;882.0;365.0;792.0
ViktorundViktoria-123879.jpeg;M;F;Hilde_Hildebrand;[812.6233  252.89265 900.254   371.0612 ];275.0;882.0;365.0;792.0
ViktorundViktoria-124924.jpeg;M;F;Hilde_Hildebrand;[433.46854 147.92378 545.435   312.15997];196.0;822.0;285.0;733.0
ViktorundViktoria-124924.jpeg;M;F;Hilde_Hildebrand;[739.83606 162.54294 830.476   289.83896];196.0;822.0;285.0;733.0
ViktorundViktoria-128161.jpeg;M;M;Fritz_Odemar;[576.4585  125.54006 662.9002  254.59343];140.0;689.0;247.0;581.0
ViktorundViktoria-129833.jpeg;M;M;Fritz_Odemar;[245.11801   60.448135 448.1322   388.06342 ];112.0;557.0;379.0;290.0
ViktorundViktoria-129833.jpeg;F;M;Fritz_Odemar;[543.85986 242.37924 713.6019  491.5816 ];112.0;557.0;379.0;290.0
ViktorundViktoria-130133.jpeg;M;M;Fritz_Odemar;[840.12085 220.74759 960.37573 399.47058];160.0;675.0;345.0;489.0
ViktorundViktoria-130133.jpeg;F;M;Fritz_Odemar;[490.0124  118.12567 636.9183  358.45343];160.0;675.0;345.0;489.0
ViktorundViktoria-130880.jpeg;M;M;Hermann_Thimig;[829.53235 245.25485 959.15356 414.20587];118.0;593.0;304.0;407.0
ViktorundViktoria-130880.jpeg;M;M;Hermann_Thimig;[397.15656   76.653145 546.3279   303.3005  ];118.0;593.0;304.0;407.0
ViktorundViktoria-135218.jpeg;M;M;Hermann_Thimig;[473.01968 301.96716 595.59357 472.36075];325.0;597.0;454.0;468.0
ViktorundViktoria-139479.jpeg;M;M;Fritz_Odemar;[724.6416  152.25262 810.6153  280.08755];163.0;808.0;271.0;700.0
ViktorundViktoria-14611.jpeg;M;M;Hermann_Thimig;[297.11472 120.63788 736.3581  684.50745];194.0;656.0;657.0;194.0
ViktorundViktoria-15358.jpeg;F;M;Hermann_Thimig;[216.38507 208.40814 393.22034 437.09082];112.0;943.0;379.0;676.0
ViktorundViktoria-15358.jpeg;F;M;Hermann_Thimig;[773.17316  95.01454 978.9302  405.48822];112.0;943.0;379.0;676.0
ViktorundViktoria-15607.jpeg;F;M;Fritz_Odemar;[291.82657 188.17911 447.8372  406.63617];242.0;736.0;464.0;513.0
ViktorundViktoria-15607.jpeg;M;M;Fritz_Odemar;[566.91644 203.7622  767.7652  467.09225];242.0;736.0;464.0;513.0
ViktorundViktoria-15856.jpeg;F;M;Hermann_Thimig;[301.2237  184.64069 419.4188  366.31485];201.0;861.0;387.0;675.0
ViktorundViktoria-15856.jpeg;M;M;Hermann_Thimig;[709.61005 182.5903  870.8493  389.33395];201.0;861.0;387.0;675.0
ViktorundViktoria-16105.jpeg;F;M;Fritz_Odemar;[340.4562  163.51059 475.31323 354.15875];201.0;861.0;387.0;675.0
ViktorundViktoria-16105.jpeg;M;M;Fritz_Odemar;[718.1116  169.55255 875.9051  388.5729 ];201.0;861.0;387.0;675.0
ViktorundViktoria-17101.jpeg;M;M;Hermann_Thimig;[608.1589 194.7424 792.3513 453.4461];217.0;786.0;440.0;563.0
ViktorundViktoria-17101.jpeg;F;M;Hermann_Thimig;[298.0312  216.6566  466.19775 464.35852];217.0;786.0;440.0;563.0
ViktorundViktoria-20728.jpeg;M;M;Hermann_Thimig;[368.61154 149.30597 547.31384 407.9333 ];192.0;588.0;415.0;365.0
ViktorundViktoria-20728.jpeg;M;M;Hermann_Thimig;[544.074   353.58707 631.6521  450.6552 ];192.0;588.0;415.0;365.0
ViktorundViktoria-21083.jpeg;M;M;Hermann_Thimig;[343.00275 206.4558  527.509   468.6391 ];242.0;563.0;464.0;340.0
ViktorundViktoria-21083.jpeg;F;M;Hermann_Thimig;[521.2615  351.11044 593.944   448.18045];242.0;563.0;464.0;340.0
ViktorundViktoria-21884.jpeg;M;M;Hermann_Thimig;[493.6808  134.18678 682.9934  406.06494];167.0;712.0;390.0;489.0
ViktorundViktoria-21884.jpeg;M;M;Hermann_Thimig;[-21.060577 279.65488   78.54494  429.34515 ];167.0;712.0;390.0;489.0
ViktorundViktoria-22971.jpeg;M;M;Hermann_Thimig;[461.7516  141.98065 637.2903  405.72473];192.0;687.0;415.0;464.0
ViktorundViktoria-22971.jpeg;M;M;Hermann_Thimig;[ -3.3640213 254.51169    94.31896   392.5327   ];192.0;687.0;415.0;464.0
ViktorundViktoria-23566.jpeg;M;M;Hermann_Thimig;[599.90784 250.4729  903.84705 669.3311 ];384.0;919.0;705.0;598.0
ViktorundViktoria-23566.jpeg;M;M;Hermann_Thimig;[ 996.99384  377.4289  1134.5659   553.93207];384.0;919.0;705.0;598.0
ViktorundViktoria-23566.jpeg;M;M;Hermann_Thimig;[-33.979935 352.68326  114.53773  590.21204 ];384.0;919.0;705.0;598.0
ViktorundViktoria-23792.jpeg;M;M;Hermann_Thimig;[623.4631  216.18309 943.2681  664.8052 ];348.0;954.0;669.0;633.0
ViktorundViktoria-32540.jpeg;M;M;Fritz_Odemar;[849.7867  137.10426 957.35754 289.9724 ];168.0;970.0;297.0;841.0
ViktorundViktoria-32540.jpeg;M;M;Fritz_Odemar;[858.23596 404.1395  959.30664 533.2571 ];168.0;970.0;297.0;841.0
ViktorundViktoria-32540.jpeg;M;M;Fritz_Odemar;[289.30832 380.5961  429.34372 591.1208 ];168.0;970.0;297.0;841.0
ViktorundViktoria-34893.jpeg;F;M;Hermann_Thimig;[724.73413 405.1253  950.18567 681.62665];52.0;706.0;320.0;438.0
ViktorundViktoria-34893.jpeg;M;M;Hermann_Thimig;[435.48398     3.8164825 632.8274    307.16577  ];52.0;706.0;320.0;438.0
ViktorundViktoria-35142.jpeg;M;M;Hermann_Thimig;[289.4507  182.09923 498.86768 495.2393 ];266.0;538.0;489.0;315.0
ViktorundViktoria-35142.jpeg;F;M;Hermann_Thimig;[682.07196 384.1861  880.4499  671.81146];266.0;538.0;489.0;315.0
ViktorundViktoria-35391.jpeg;M;M;Hermann_Thimig;[216.83095   99.413284 431.97717  417.55695 ];142.0;498.0;409.0;230.0
ViktorundViktoria-35391.jpeg;F;M;Hermann_Thimig;[691.3559  448.5874  887.5268  716.48083];142.0;498.0;409.0;230.0
ViktorundViktoria-36636.jpeg;M;M;Hermann_Thimig;[530.7136  132.89043 734.3099  442.1081 ];192.0;712.0;415.0;489.0
ViktorundViktoria-38653.jpeg;F;M;Fritz_Odemar;[356.18396 159.6227  459.72742 324.76447];184.0;975.0;339.0;820.0
ViktorundViktoria-38653.jpeg;F;M;Fritz_Odemar;[872.84875 157.81454 996.8323  342.06305];184.0;975.0;339.0;820.0
ViktorundViktoria-38653.jpeg;M;M;Fritz_Odemar;[724.3438  219.74998 785.7303  296.0357 ];184.0;975.0;339.0;820.0
ViktorundViktoria-38653.jpeg;M;M;Fritz_Odemar;[496.09518 411.9863  568.5013  513.731  ];184.0;975.0;339.0;820.0
ViktorundViktoria-43882.jpeg;M;M;Hermann_Thimig;[482.8268  260.71393 677.7929  537.85925];316.0;687.0;539.0;464.0
ViktorundViktoria-43882.jpeg;F;M;Hermann_Thimig;[772.00104 370.6533  949.8885  606.9153 ];316.0;687.0;539.0;464.0
ViktorundViktoria-45407.jpeg;M;M;Hermann_Thimig;[481.01877 217.6059  622.4365  420.86768];236.0;631.0;391.0;476.0
ViktorundViktoria-45407.jpeg;M;M;Hermann_Thimig;[ 975.58154  534.69446 1027.7228   600.13416];236.0;631.0;391.0;476.0
ViktorundViktoria-45407.jpeg;F;M;Hermann_Thimig;[1019.2683  597.0644 1095.9366  693.9915];236.0;631.0;391.0;476.0
ViktorundViktoria-45407.jpeg;M;M;Hermann_Thimig;[1175.1837  565.1595 1257.7534  675.4705];236.0;631.0;391.0;476.0
ViktorundViktoria-45656.jpeg;M;M;Fritz_Odemar;[599.43896 169.80074 729.4936  375.0327 ];180.0;778.0;366.0;593.0
ViktorundViktoria-45656.jpeg;M;M;Fritz_Odemar;[ 984.1616  507.4273 1068.1193  625.6797];180.0;778.0;366.0;593.0
ViktorundViktoria-45656.jpeg;M;M;Fritz_Odemar;[1119.9528   492.96246 1202.6611   596.01715];180.0;778.0;366.0;593.0
ViktorundViktoria-47150.jpeg;M;M;Hermann_Thimig;[497.70117 131.52744 629.52435 320.0714 ];182.0;640.0;311.0;511.0
ViktorundViktoria-4726.jpeg;M;M;Fritz_Odemar;[510.84534   95.299225 628.9465   271.0616  ];116.0;666.0;270.0;511.0
ViktorundViktoria-47720.jpeg;F;M;Hermann_Thimig;[413.94     79.62341 609.4807  356.92264];118.0;637.0;341.0;414.0
ViktorundViktoria-49139.jpeg;M;M;Hermann_Thimig;[530.32294 136.76292 748.63275 450.3048 ];171.0;795.0;439.0;527.0
ViktorundViktoria-4975.jpeg;M;M;Hermann_Thimig;[356.69183 179.30408 766.1356  783.59534];297.0;861.0;759.0;399.0
ViktorundViktoria-49886.jpeg;M;M;Hermann_Thimig;[263.09766 216.68732 473.88867 546.143  ];260.0;527.0;528.0;260.0
ViktorundViktoria-50135.jpeg;M;M;Hermann_Thimig;[367.47626 248.28853 547.72687 504.27866];304.0;572.0;490.0;386.0
ViktorundViktoria-55149.jpeg;M;F;Hilde_Hildebrand;[ 938.2585   217.28748 1080.1248   417.64493];201.0;861.0;387.0;675.0
ViktorundViktoria-55149.jpeg;M;F;Hilde_Hildebrand;[194.80261   51.232468 426.21228  392.78027 ];201.0;861.0;387.0;675.0
ViktorundViktoria-55149.jpeg;F;F;Hilde_Hildebrand;[669.58307 186.81036 823.88544 402.80206];201.0;861.0;387.0;675.0
ViktorundViktoria-55149.jpeg;M;F;Hilde_Hildebrand;[1210.4309   414.31073 1276.5641   519.56494];201.0;861.0;387.0;675.0
ViktorundViktoria-55149.jpeg;M;F;Hilde_Hildebrand;[1085.7471   373.28262 1179.2778   500.87057];201.0;861.0;387.0;675.0
ViktorundViktoria-55896.jpeg;M;M;Hermann_Thimig;[396.19275 118.40866 764.75256 646.4254 ];247.0;803.0;632.0;418.0
ViktorundViktoria-56145.jpeg;M;M;Hermann_Thimig;[393.25067 152.43839 536.0126  353.52652];184.0;562.0;339.0;408.0
ViktorundViktoria-56145.jpeg;M;M;Hermann_Thimig;[ 903.55554  166.5651  1043.528    357.7674 ];184.0;562.0;339.0;408.0
ViktorundViktoria-56394.jpeg;F;M;Hermann_Thimig;[ 878.483   150.0306 1033.1519  353.6278];98.0;634.0;284.0;448.0
ViktorundViktoria-56394.jpeg;M;M;Hermann_Thimig;[423.98755  64.61311 567.84784 287.84204];98.0;634.0;284.0;448.0
ViktorundViktoria-57390.jpeg;M;M;Hermann_Thimig;[ 885.41327  179.60832 1031.348    369.00674];118.0;613.0;304.0;428.0
ViktorundViktoria-57390.jpeg;M;M;Hermann_Thimig;[418.3133    89.259224 569.62946  306.30548 ];118.0;613.0;304.0;428.0
ViktorundViktoria-5972.jpeg;M;M;Fritz_Odemar;[372.01276 189.4768  519.54407 372.81024];219.0;528.0;374.0;373.0
ViktorundViktoria-5972.jpeg;M;M;Fritz_Odemar;[944.6884    94.167366 989.94135  157.81335 ];219.0;528.0;374.0;373.0
ViktorundViktoria-59880.jpeg;M;F;Hilde_Hildebrand;[ 893.71954  185.18912 1035.3406   381.7384 ];201.0;861.0;387.0;675.0
ViktorundViktoria-59880.jpeg;F;F;Hilde_Hildebrand;[655.03906 182.97845 807.78455 393.20264];201.0;861.0;387.0;675.0
ViktorundViktoria-59880.jpeg;M;F;Hilde_Hildebrand;[140.14261  53.79448 377.32535 369.93878];201.0;861.0;387.0;675.0
ViktorundViktoria-6221.jpeg;M;M;Fritz_Odemar;[663.931   100.71542 829.64703 358.39673];139.0;799.0;325.0;613.0
ViktorundViktoria-62868.jpeg;M;M;Hermann_Thimig;[599.37854 139.39766 792.3606  419.29526];192.0;811.0;415.0;588.0
ViktorundViktoria-64860.jpeg;F;M;Hermann_Thimig;[268.05267 134.51776 404.195   313.1528 ];150.0;425.0;305.0;270.0
ViktorundViktoria-67988.jpeg;M;F;Hilde_Hildebrand;[643.5384  289.16357 746.7838  421.3379 ];319.0;748.0;426.0;641.0
ViktorundViktoria-67988.jpeg;M;F;Hilde_Hildebrand;[135.82278 255.14047 246.69284 407.9228 ];319.0;748.0;426.0;641.0
ViktorundViktoria-67988.jpeg;M;F;Hilde_Hildebrand;[875.771   160.68427 974.73065 345.31024];319.0;748.0;426.0;641.0
ViktorundViktoria-67988.jpeg;M;F;Hilde_Hildebrand;[262.79163 325.18655 305.01254 387.3498 ];319.0;748.0;426.0;641.0
ViktorundViktoria-67988.jpeg;M;F;Hilde_Hildebrand;[414.3257  410.1623  463.50232 491.0269 ];319.0;748.0;426.0;641.0
ViktorundViktoria-68237.jpeg;F;F;Hilde_Hildebrand;[642.1652  293.36874 740.05975 418.53387];307.0;724.0;414.0;617.0
ViktorundViktoria-68237.jpeg;F;M;Fritz_Odemar;[642.1652  293.36874 740.05975 418.53387];270.0;322.0;425.0;167.0
ViktorundViktoria-68237.jpeg;M;F;Hilde_Hildebrand;[823.47516 179.62523 944.3356  370.8935 ];307.0;724.0;414.0;617.0
ViktorundViktoria-68237.jpeg;M;M;Fritz_Odemar;[823.47516 179.62523 944.3356  370.8935 ];270.0;322.0;425.0;167.0
ViktorundViktoria-68237.jpeg;M;F;Hilde_Hildebrand;[163.36797 259.53488 262.28928 415.03616];307.0;724.0;414.0;617.0
ViktorundViktoria-68237.jpeg;M;M;Fritz_Odemar;[163.36797 259.53488 262.28928 415.03616];270.0;322.0;425.0;167.0
ViktorundViktoria-68370.jpeg;M;M;Fritz_Odemar;[163.16333 246.35512 264.76163 402.67795];253.0;322.0;408.0;167.0
ViktorundViktoria-68370.jpeg;M;M;Fritz_Odemar;[632.43164 307.16397 740.0271  437.67966];253.0;322.0;408.0;167.0
ViktorundViktoria-68370.jpeg;M;M;Fritz_Odemar;[860.8481  146.93517 953.76483 339.05518];253.0;322.0;408.0;167.0
ViktorundViktoria-68370.jpeg;M;M;Fritz_Odemar;[407.64377 416.00568 458.04678 488.83966];253.0;322.0;408.0;167.0
ViktorundViktoria-69414.jpeg;F;F;Hilde_Hildebrand;[624.29706  90.53775 865.6889  411.13068];142.0;854.0;409.0;587.0
ViktorundViktoria-78466.jpeg;M;M;Hermann_Thimig;[374.27325 254.42274 561.8191  519.8975 ];291.0;613.0;514.0;390.0
ViktorundViktoria-78466.jpeg;F;M;Hermann_Thimig;[ 853.3467   303.75436 1005.97314  506.71674];291.0;613.0;514.0;390.0
ViktorundViktoria-78715.jpeg;M;M;Hermann_Thimig;[297.66925 244.20291 487.37677 507.81097];266.0;513.0;489.0;291.0
ViktorundViktoria-78715.jpeg;F;M;Hermann_Thimig;[ 864.64056  325.73215 1031.7355   550.5159 ];266.0;513.0;489.0;291.0
ViktorundViktoria-79213.jpeg;F;M;Hermann_Thimig;[ 853.1145   345.62405 1015.90204  561.48627];290.0;617.0;558.0;349.0
ViktorundViktoria-79213.jpeg;M;M;Hermann_Thimig;[343.9476  261.23038 525.9463  542.50726];290.0;617.0;558.0;349.0
ViktorundViktoria-79442.jpeg;M;M;Hermann_Thimig;[280.30148 258.02893 472.7169  525.74976];291.0;513.0;514.0;291.0
ViktorundViktoria-79442.jpeg;M;M;Hermann_Thimig;[817.2514  334.46555 980.6834  559.51337];291.0;513.0;514.0;291.0
ViktorundViktoria-79691.jpeg;M;M;Fritz_Odemar;[336.82004 257.75595 510.6969  524.3057 ];291.0;563.0;514.0;340.0
ViktorundViktoria-79691.jpeg;F;M;Fritz_Odemar;[817.21075 357.54675 974.00946 574.9042 ];291.0;563.0;514.0;340.0
ViktorundViktoria-79940.jpeg;M;M;Hermann_Thimig;[265.43497 225.66629 450.1885  497.66742];266.0;489.0;489.0;266.0
ViktorundViktoria-79940.jpeg;M;M;Hermann_Thimig;[ 864.43256  309.16626 1030.6805   530.20245];266.0;489.0;489.0;266.0
ViktorundViktoria-80718.jpeg;M;M;Fritz_Odemar;[785.4017  188.89177 856.51575 283.65552];186.0;842.0;275.0;753.0
ViktorundViktoria-80718.jpeg;M;M;Fritz_Odemar;[315.4306  161.93062 375.46167 262.26874];186.0;842.0;275.0;753.0
ViktorundViktoria-80718.jpeg;M;M;Fritz_Odemar;[1123.9398  294.9839 1181.9879  369.8671];186.0;842.0;275.0;753.0
ViktorundViktoria-80718.jpeg;M;M;Fritz_Odemar;[539.5598  231.1223  600.098   320.88858];186.0;842.0;275.0;753.0
ViktorundViktoria-80718.jpeg;M;M;Fritz_Odemar;[1055.5881   263.10672 1121.9968   347.55206];186.0;842.0;275.0;753.0
ViktorundViktoria-8501.jpeg;M;M;Hermann_Thimig;[416.04263 196.45451 729.05786 638.6975 ];247.0;718.0;632.0;332.0
ViktorundViktoria-88935.jpeg;M;M;Fritz_Odemar;[643.084   160.8315  774.31195 339.7965 ];167.0;769.0;322.0;614.0
ViktorundViktoria-88935.jpeg;M;M;Fritz_Odemar;[263.1875  197.75076 375.16983 353.56995];167.0;769.0;322.0;614.0
ViktorundViktoria-89184.jpeg;M;M;Fritz_Odemar;[714.94556 147.65009 840.5398  315.97125];150.0;838.0;305.0;683.0
ViktorundViktoria-89184.jpeg;M;M;Fritz_Odemar;[337.95798 191.78896 458.53735 347.95294];150.0;838.0;305.0;683.0
ViktorundViktoria-9280.jpeg;M;M;Hermann_Thimig;[490.1554   117.551865 676.29333  395.3089  ];142.0;712.0;365.0;489.0
ViktorundViktoria-9280.jpeg;F;M;Hermann_Thimig;[921.89545 345.0699  973.07916 405.7739 ];142.0;712.0;365.0;489.0
ViktorundViktoria-93698.jpeg;M;M;Hermann_Thimig;[441.20532   60.226517 664.5388   396.46124 ];112.0;735.0;379.0;468.0
ViktorundViktoria-93947.jpeg;M;M;Hermann_Thimig;[422.09238   61.815353 639.8217   385.21704 ];112.0;706.0;379.0;438.0
ViktorundViktoria-94237.jpeg;M;M;Hermann_Thimig;[417.1213   52.51773 633.63367 377.74158];112.0;706.0;379.0;438.0
ViktorundViktoria-96464.jpeg;M;M;Hermann_Thimig;[500.2963   69.16468 617.6966  246.10524];110.0;640.0;239.0;511.0
ViktorundViktoria-96464.jpeg;F;M;Hermann_Thimig;[892.8171  343.95685 980.86456 526.1467 ];110.0;640.0;239.0;511.0
ViktorundViktoria-97460.jpeg;M;M;Fritz_Odemar;[326.30984 196.5707  452.33685 369.0011 ];219.0;476.0;374.0;322.0
ViktorundViktoria-97460.jpeg;M;M;Fritz_Odemar;[1159.0303   272.24982 1288.4343   442.06137];219.0;476.0;374.0;322.0
ViktorundViktoria-97652.jpeg;M;M;Fritz_Odemar;[263.04004  121.076256 367.02972  268.3263  ];152.0;378.0;259.0;270.0
ViktorundViktoria-97652.jpeg;M;M;Fritz_Odemar;[ 963.6067   157.1376  1077.2592   296.62592];152.0;378.0;259.0;270.0
ViktorundViktoria-9778.jpeg;M;M;Hermann_Thimig;[291.72156 170.94183 693.1796  766.4118 ];297.0;759.0;759.0;297.0
ViktorundViktoria-97901.jpeg;M;M;Hermann_Thimig;[417.12643 436.76263 644.86475 718.5818 ];489.0;637.0;712.0;414.0
WienerBlut-101800.jpeg;M;M;Theo_Lingen;[475.08334   40.750996 591.5954   200.125   ];53.0;583.0;182.0;454.0
WienerBlut-102350.jpeg;F;M;Theo_Lingen;[477.30502   37.624737 595.74713  186.55164 ];53.0;597.0;182.0;468.0
WienerBlut-106500.jpeg;M;M;Willy_Fritsch;[613.4282    79.874245 689.5006   183.08562 ];86.0;683.0;176.0;593.0
WienerBlut-107100.jpeg;M;M;Willy_Fritsch;[607.04846  80.96692 683.9429  190.36502];96.0;683.0;186.0;593.0
WienerBlut-107100.jpeg;M;M;Willy_Fritsch;[252.2985   99.34045 343.21283 245.7734 ];96.0;683.0;186.0;593.0
WienerBlut-107950.jpeg;M;M;Willy_Fritsch;[492.66226  45.64582 598.4324  183.38547];68.0;581.0;175.0;474.0
WienerBlut-108200.jpeg;M;M;Willy_Fritsch;[466.7648    33.393524 572.6094   175.98438 ];39.0;569.0;168.0;440.0
WienerBlut-109600.jpeg;M;M;Willy_Fritsch;[498.23965   46.649086 598.56384  183.0043  ];68.0;605.0;175.0;497.0
WienerBlut-109950.jpeg;M;M;Willy_Fritsch;[458.73633   54.713764 583.5596   223.91849 ];82.0;569.0;211.0;440.0
WienerBlut-116000.jpeg;M;M;Willy_Fritsch;[290.5705   27.35586 362.29596 131.69125];36.0;384.0;126.0;295.0
WienerBlut-116000.jpeg;F;M;Willy_Fritsch;[717.3568  110.84523 791.5162  205.8973 ];36.0;384.0;126.0;295.0
WienerBlut-120200.jpeg;M;M;Theo_Lingen;[719.73254 125.52423 762.7201  177.30496];72.0;361.0;146.0;287.0
WienerBlut-120200.jpeg;M;M;Theo_Lingen;[287.34454  70.46557 345.0926  145.78166];72.0;361.0;146.0;287.0
WienerBlut-12050.jpeg;M;M;Hans_Moser;[468.8015   70.38848 574.505   224.61543];104.0;581.0;211.0;474.0
WienerBlut-123000.jpeg;M;M;Hans_Moser;[307.85602 117.94914 364.23312 196.29335];129.0;370.0;191.0;308.0
WienerBlut-123000.jpeg;F;M;Hans_Moser;[448.09335   65.686066 508.54474  138.07172 ];129.0;370.0;191.0;308.0
WienerBlut-123000.jpeg;F;M;Hans_Moser;[700.5872   52.66201 749.3149  129.12515];129.0;370.0;191.0;308.0
WienerBlut-123300.jpeg;F;M;Hans_Moser;[673.1566   35.5823  734.2257  113.45659];142.0;328.0;205.0;266.0
WienerBlut-123300.jpeg;M;M;Hans_Moser;[267.7624  119.96635 328.14685 204.9644 ];142.0;328.0;205.0;266.0
WienerBlut-123300.jpeg;F;M;Hans_Moser;[451.66666  53.94814 517.8485  135.57578];142.0;328.0;205.0;266.0
WienerBlut-123550.jpeg;M;M;Hans_Moser;[251.60979  121.343895 310.06232  202.63124 ];135.0;315.0;198.0;252.0
WienerBlut-123550.jpeg;F;M;Hans_Moser;[488.70135  48.89296 549.38025 119.14097];135.0;315.0;198.0;252.0
WienerBlut-123550.jpeg;F;M;Hans_Moser;[681.4971    33.531425 746.4508   116.01457 ];135.0;315.0;198.0;252.0
WienerBlut-123850.jpeg;F;F;Maria_Holst;[377.6186   67.08858 445.96637 146.47339];66.0;722.0;129.0;660.0
WienerBlut-123850.jpeg;F;F;Maria_Holst;[670.41675   55.454327 731.5576   134.97464 ];66.0;722.0;129.0;660.0
WienerBlut-123850.jpeg;F;F;Maria_Holst;[258.28754 126.81509 315.29385 205.53384];66.0;722.0;129.0;660.0
WienerBlut-124150.jpeg;M;M;Hans_Moser;[322.1309  168.48044 413.3474  295.84094];187.0;426.0;295.0;318.0
WienerBlut-124150.jpeg;F;M;Hans_Moser;[591.04767  72.03419 666.63904 192.62476];187.0;426.0;295.0;318.0
WienerBlut-124450.jpeg;M;M;Hans_Moser;[338.73114 156.97586 425.20322 286.27127];175.0;450.0;283.0;342.0
WienerBlut-124450.jpeg;M;M;Hans_Moser;[559.05334   93.888626 631.6953   207.02856 ];175.0;450.0;283.0;342.0
WienerBlut-124700.jpeg;M;M;Hans_Moser;[329.74335 156.92654 413.75815 283.07846];186.0;424.0;275.0;335.0
WienerBlut-124700.jpeg;F;M;Hans_Moser;[566.43884  83.34079 639.24115 201.60512];186.0;424.0;275.0;335.0
WienerBlut-128900.jpeg;F;F;Maria_Holst;[690.4074    63.766747 785.756    199.89726 ];80.0;784.0;187.0;677.0
WienerBlut-128900.jpeg;F;F;Maria_Holst;[428.66757   47.475506 522.7139   191.37883 ];80.0;784.0;187.0;677.0
WienerBlut-129150.jpeg;F;F;Maria_Holst;[657.6237    62.277313 752.3691   200.66609 ];80.0;748.0;187.0;641.0
WienerBlut-129150.jpeg;M;F;Maria_Holst;[373.18375   43.030457 468.0484   179.21858 ];80.0;748.0;187.0;641.0
WienerBlut-129700.jpeg;M;F;Maria_Holst;[393.91364  61.76111 489.78717 201.15903];92.0;736.0;199.0;629.0
WienerBlut-129700.jpeg;F;F;Maria_Holst;[652.6741   72.80528 742.9997  204.00479];92.0;736.0;199.0;629.0
WienerBlut-130800.jpeg;M;M;Willy_Fritsch;[323.4849   39.96438 431.8895  180.94138];53.0;454.0;182.0;325.0
WienerBlut-130800.jpeg;F;M;Willy_Fritsch;[618.72766   58.544544 700.0506   188.15254 ];53.0;454.0;182.0;325.0
WienerBlut-131050.jpeg;F;M;Willy_Fritsch;[605.5233   73.63071 685.6355  201.38849];68.0;497.0;175.0;390.0
WienerBlut-131050.jpeg;F;M;Willy_Fritsch;[368.72052   44.714405 466.51324  184.81389 ];68.0;497.0;175.0;390.0
WienerBlut-131950.jpeg;M;M;Willy_Fritsch;[381.2775   74.43172 480.36386 217.68965];82.0;511.0;211.0;382.0
WienerBlut-132800.jpeg;F;F;Maria_Holst;[559.361     99.232765 647.08856  221.21768 ];104.0;641.0;211.0;533.0
WienerBlut-132800.jpeg;F;F;Maria_Holst;[409.78375  93.15498 465.89502 203.68199];104.0;641.0;211.0;533.0
WienerBlut-13450.jpeg;F;F;Maria_Holst;[377.54187  113.507835 474.43546  247.66106 ];128.0;462.0;235.0;354.0
WienerBlut-13450.jpeg;M;F;Maria_Holst;[584.7694   98.22972 692.6937  251.02908];128.0;462.0;235.0;354.0
WienerBlut-134750.jpeg;F;F;Maria_Holst;[555.2678   76.56224 636.9324  202.00894];80.0;629.0;187.0;521.0
WienerBlut-134750.jpeg;F;F;Maria_Holst;[372.8752   75.07817 434.2011  197.96448];80.0;629.0;187.0;521.0
WienerBlut-13500.jpeg;F;F;Maria_Holst;[394.63354  95.5008  494.51312 246.95468];116.0;485.0;223.0;378.0
WienerBlut-13500.jpeg;F;M;Willy_Fritsch;[394.63354  95.5008  494.51312 246.95468];110.0;698.0;239.0;569.0
WienerBlut-13500.jpeg;M;F;Maria_Holst;[595.7167    95.536156 714.7189   255.51216 ];116.0;485.0;223.0;378.0
WienerBlut-13500.jpeg;M;M;Willy_Fritsch;[595.7167    95.536156 714.7189   255.51216 ];110.0;698.0;239.0;569.0
WienerBlut-138950.jpeg;F;F;Maria_Holst;[532.63293   46.095856 614.9491   164.69942 ];56.0;617.0;163.0;509.0
WienerBlut-141150.jpeg;F;F;Maria_Holst;[509.76913  82.78346 655.2185  297.94086];98.0;655.0;284.0;469.0
WienerBlut-143950.jpeg;M;M;Fred_Liewehr;[142.66977 139.97777 189.12155 201.78996];82.0;468.0;211.0;339.0
WienerBlut-143950.jpeg;M;M;Fred_Liewehr;[596.32623  97.3452  708.63696 251.27621];82.0;468.0;211.0;339.0
WienerBlut-143950.jpeg;F;M;Fred_Liewehr;[481.25986  118.922745 515.0371   164.89893 ];82.0;468.0;211.0;339.0
WienerBlut-143950.jpeg;M;M;Fred_Liewehr;[332.0688    58.886463 461.03046  226.3071  ];82.0;468.0;211.0;339.0
WienerBlut-143950.jpeg;F;M;Fred_Liewehr;[190.94244 164.85501 240.3125  237.55539];82.0;468.0;211.0;339.0
WienerBlut-143950.jpeg;F;M;Fred_Liewehr;[197.36813   68.331345 241.27507  127.63603 ];82.0;468.0;211.0;339.0
WienerBlut-143950.jpeg;M;M;Fred_Liewehr;[571.5397  130.61516 607.5886  193.91542];82.0;468.0;211.0;339.0
WienerBlut-144250.jpeg;M;M;Fred_Liewehr;[547.9023   93.78551 668.7431  266.67157];82.0;454.0;211.0;325.0
WienerBlut-144250.jpeg;M;M;Fred_Liewehr;[320.74567   54.435326 450.55328  222.73889 ];82.0;454.0;211.0;325.0
WienerBlut-144250.jpeg;F;M;Fred_Liewehr;[185.53342 145.15652 235.38448 214.96675];82.0;454.0;211.0;325.0
WienerBlut-144250.jpeg;F;M;Fred_Liewehr;[470.7404  115.13274 501.15186 162.47165];82.0;454.0;211.0;325.0
WienerBlut-144250.jpeg;F;M;Fred_Liewehr;[175.96902  68.34114 218.94353 127.40608];82.0;454.0;211.0;325.0
WienerBlut-144800.jpeg;F;F;Maria_Holst;[595.32214  97.55277 694.822   225.35352];104.0;689.0;211.0;581.0
WienerBlut-144800.jpeg;F;F;Maria_Holst;[242.24397 111.68408 347.58337 233.00894];104.0;689.0;211.0;581.0
WienerBlut-144800.jpeg;M;F;Maria_Holst;[750.6206    63.332092 815.4814   145.1254  ];104.0;689.0;211.0;581.0
WienerBlut-144800.jpeg;F;F;Maria_Holst;[570.3744  125.83305 601.6959  177.1755 ];104.0;689.0;211.0;581.0
WienerBlut-145000.jpeg;F;F;Maria_Holst;[650.24896   94.952614 751.0126   225.96982 ];116.0;748.0;223.0;641.0
WienerBlut-145000.jpeg;F;F;Maria_Holst;[221.52698 112.85691 333.22095 236.36125];116.0;748.0;223.0;641.0
WienerBlut-145000.jpeg;M;F;Maria_Holst;[464.54703  41.31807 512.0309  106.56464];116.0;748.0;223.0;641.0
WienerBlut-145000.jpeg;F;F;Maria_Holst;[419.02548  72.22867 461.409   138.17447];116.0;748.0;223.0;641.0
WienerBlut-145000.jpeg;M;F;Maria_Holst;[160.78593  92.63438 190.93027 146.29497];116.0;748.0;223.0;641.0
WienerBlut-145600.jpeg;F;F;Maria_Holst;[609.19696  90.06454 708.5977  216.5581 ];104.0;712.0;211.0;605.0
WienerBlut-145600.jpeg;M;F;Maria_Holst;[363.06937  118.809525 455.752    240.29153 ];104.0;712.0;211.0;605.0
WienerBlut-145600.jpeg;F;F;Maria_Holst;[725.24207 125.79726 756.15814 168.03856];104.0;712.0;211.0;605.0
WienerBlut-145600.jpeg;M;F;Maria_Holst;[449.9764    76.425995 490.3172   128.25479 ];104.0;712.0;211.0;605.0
WienerBlut-145600.jpeg;M;F;Maria_Holst;[153.6292   61.20705 194.87161 125.60337];104.0;712.0;211.0;605.0
WienerBlut-145600.jpeg;F;F;Maria_Holst;[859.1506  105.91423 885.0206  162.30496];104.0;712.0;211.0;605.0
WienerBlut-146150.jpeg;F;F;Maria_Holst;[300.96762 174.13455 353.90457 238.12778];167.0;631.0;322.0;476.0
WienerBlut-146150.jpeg;F;F;Maria_Holst;[498.21182 155.38916 639.7967  333.43622];167.0;631.0;322.0;476.0
WienerBlut-146150.jpeg;F;F;Maria_Holst;[712.63983  87.0952  774.9596  174.77017];167.0;631.0;322.0;476.0
WienerBlut-146150.jpeg;M;F;Maria_Holst;[450.93414 189.5277  504.9527  264.16455];167.0;631.0;322.0;476.0
WienerBlut-146150.jpeg;F;F;Maria_Holst;[250.89798 195.36876 287.13165 244.24768];167.0;631.0;322.0;476.0
WienerBlut-146150.jpeg;F;F;Maria_Holst;[374.36313 171.85402 414.20093 226.26653];167.0;631.0;322.0;476.0
WienerBlut-147850.jpeg;F;F;Maria_Holst;[471.95996  88.52294 563.56213 208.13736];104.0;581.0;211.0;474.0
WienerBlut-151450.jpeg;M;F;Maria_Holst;[290.8817  125.59679 396.7791  254.53706];92.0;653.0;199.0;545.0
WienerBlut-151450.jpeg;F;F;Maria_Holst;[590.4918   77.53199 678.2016  207.30258];92.0;653.0;199.0;545.0
WienerBlut-15200.jpeg;F;F;Maria_Holst;[332.83072 142.17403 498.47275 378.56165];180.0;489.0;366.0;304.0
WienerBlut-15200.jpeg;M;F;Maria_Holst;[629.2419    72.903824 792.254    355.80585 ];180.0;489.0;366.0;304.0
WienerBlut-152850.jpeg;M;F;Maria_Holst;[614.5099  125.61204 713.75183 258.105  ];152.0;712.0;259.0;605.0
WienerBlut-153100.jpeg;M;F;Maria_Holst;[600.3376   122.644264 698.804    249.0198  ];152.0;700.0;259.0;593.0
WienerBlut-15400.jpeg;F;F;Maria_Holst;[347.73898 135.2373  523.15704 374.25214];180.0;510.0;366.0;324.0
WienerBlut-15400.jpeg;M;F;Maria_Holst;[654.4701    54.474537 869.04443  357.6146  ];180.0;510.0;366.0;324.0
WienerBlut-154800.jpeg;M;M;Willy_Fritsch;[441.39536   70.432045 539.3508   204.15363 ];92.0;557.0;199.0;450.0
WienerBlut-154800.jpeg;F;M;Willy_Fritsch;[267.00848 156.22847 378.15973 291.0142 ];92.0;557.0;199.0;450.0
WienerBlut-155000.jpeg;M;M;Willy_Fritsch;[466.05292  75.39662 568.7418  212.97293];82.0;597.0;211.0;468.0
WienerBlut-155000.jpeg;F;M;Willy_Fritsch;[276.25833 154.22298 381.47534 285.57904];82.0;597.0;211.0;468.0
WienerBlut-157850.jpeg;M;M;Willy_Fritsch;[778.2245  157.92258 829.5412  225.96236];82.0;526.0;211.0;397.0
WienerBlut-157850.jpeg;M;M;Willy_Fritsch;[381.14273   61.407677 505.4489   225.78067 ];82.0;526.0;211.0;397.0
WienerBlut-157850.jpeg;F;M;Willy_Fritsch;[580.0695  125.23466 680.15137 265.41568];82.0;526.0;211.0;397.0
WienerBlut-160350.jpeg;M;M;Fred_Liewehr;[433.07196   56.935265 563.55695  243.4227  ];81.0;562.0;236.0;408.0
WienerBlut-160600.jpeg;F;F;Maria_Holst;[467.87045 123.29983 591.7077  283.90814];168.0;597.0;297.0;468.0
WienerBlut-160900.jpeg;M;F;Maria_Holst;[466.86972  116.992775 593.46216  284.5025  ];153.0;597.0;282.0;468.0
WienerBlut-16150.jpeg;F;F;Maria_Holst;[608.02997  118.843285 720.0773   255.53215 ];187.0;497.0;295.0;390.0
WienerBlut-16150.jpeg;F;M;Willy_Fritsch;[608.02997  118.843285 720.0773   255.53215 ];140.0;700.0;247.0;593.0
WienerBlut-16150.jpeg;F;F;Maria_Holst;[398.40875 165.48491 493.1541  293.47244];187.0;497.0;295.0;390.0
WienerBlut-16150.jpeg;F;M;Willy_Fritsch;[398.40875 165.48491 493.1541  293.47244];140.0;700.0;247.0;593.0
WienerBlut-162300.jpeg;M;F;Maria_Holst;[312.1728  143.17204 420.37973 282.35495];128.0;712.0;235.0;605.0
WienerBlut-162300.jpeg;F;F;Maria_Holst;[616.69293 111.65027 717.9784  244.24765];128.0;712.0;235.0;605.0
WienerBlut-162600.jpeg;M;F;Maria_Holst;[308.16977 143.42194 416.1749  282.40958];163.0;712.0;271.0;605.0
WienerBlut-162600.jpeg;F;F;Maria_Holst;[614.32336 144.75577 719.76373 275.64005];163.0;712.0;271.0;605.0
WienerBlut-164550.jpeg;M;M;Fred_Liewehr;[368.08066   46.045715 445.38916  148.82335 ];63.0;453.0;138.0;378.0
WienerBlut-164550.jpeg;M;M;Fred_Liewehr;[159.42923  72.08085 221.16162 158.21059];63.0;453.0;138.0;378.0
WienerBlut-165650.jpeg;F;F;Maria_Holst;[453.75958 104.35425 574.16144 267.4694 ];125.0;569.0;254.0;440.0
WienerBlut-166200.jpeg;F;F;Maria_Holst;[461.6228   96.6829  583.53284 260.40363];139.0;583.0;268.0;454.0
WienerBlut-16850.jpeg;M;F;Maria_Holst;[408.30328 157.04565 501.43082 284.2038 ];175.0;497.0;283.0;390.0
WienerBlut-16850.jpeg;M;F;Maria_Holst;[581.1998  117.60869 670.17145 251.80173];175.0;497.0;283.0;390.0
WienerBlut-17100.jpeg;M;F;Maria_Holst;[422.40372 154.72629 521.7907  281.44943];163.0;533.0;271.0;426.0
WienerBlut-17100.jpeg;M;F;Maria_Holst;[583.3866  116.40743 690.02527 256.5612 ];163.0;533.0;271.0;426.0
WienerBlut-176850.jpeg;M;M;Willy_Fritsch;[620.9948    52.570824 707.1693   168.8863  ];96.0;554.0;186.0;464.0
WienerBlut-176850.jpeg;M;M;Willy_Fritsch;[469.1167    85.484245 549.0572   190.18633 ];96.0;554.0;186.0;464.0
WienerBlut-176850.jpeg;F;M;Willy_Fritsch;[314.1488  119.95686 391.7989  223.57498];96.0;554.0;186.0;464.0
WienerBlut-177100.jpeg;M;M;Willy_Fritsch;[597.1212   59.0754  699.7975  206.07487];67.0;726.0;196.0;597.0
WienerBlut-177100.jpeg;F;M;Willy_Fritsch;[301.98807 143.08923 403.16495 263.025  ];67.0;726.0;196.0;597.0
WienerBlut-177100.jpeg;M;M;Willy_Fritsch;[802.734   156.69138 866.2357  236.87102];67.0;726.0;196.0;597.0
WienerBlut-177650.jpeg;M;M;Fred_Liewehr;[424.6927   75.43541 481.97427 155.89943];87.0;487.0;149.0;425.0
WienerBlut-177650.jpeg;M;M;Fred_Liewehr;[603.151   112.72209 656.3229  185.79024];87.0;487.0;149.0;425.0
WienerBlut-177650.jpeg;F;M;Fred_Liewehr;[233.89282 156.64998 283.14642 218.06543];87.0;487.0;149.0;425.0
WienerBlut-179050.jpeg;F;F;Maria_Holst;[507.82574  121.195114 615.9094   254.8238  ];125.0;597.0;254.0;468.0
WienerBlut-179050.jpeg;F;F;Maria_Holst;[349.0377  129.65276 445.94727 281.23517];125.0;597.0;254.0;468.0
WienerBlut-179050.jpeg;F;F;Maria_Holst;[754.0984  228.58191 779.20447 260.5832 ];125.0;597.0;254.0;468.0
WienerBlut-179050.jpeg;F;F;Maria_Holst;[851.8903  170.79826 882.94354 222.33574];125.0;597.0;254.0;468.0
WienerBlut-179050.jpeg;F;F;Maria_Holst;[476.8597  218.85281 511.9113  279.9216 ];125.0;597.0;254.0;468.0
WienerBlut-180150.jpeg;F;F;Maria_Holst;[540.8637  129.81558 634.6733  236.80367];146.0;643.0;236.0;554.0
WienerBlut-180150.jpeg;F;F;Maria_Holst;[215.24606 103.25984 255.53891 164.24142];146.0;643.0;236.0;554.0
WienerBlut-180150.jpeg;F;F;Maria_Holst;[344.89496 143.68428 370.18192 174.5979 ];146.0;643.0;236.0;554.0
WienerBlut-180150.jpeg;F;F;Maria_Holst;[286.7641  146.02718 308.62036 177.60797];146.0;643.0;236.0;554.0
WienerBlut-180150.jpeg;F;F;Maria_Holst;[571.2736    54.660725 592.1933    79.47982 ];146.0;643.0;236.0;554.0
WienerBlut-180150.jpeg;F;F;Maria_Holst;[254.97717 139.03867 274.0113  164.57137];146.0;643.0;236.0;554.0
WienerBlut-180150.jpeg;F;F;Maria_Holst;[634.92004   40.255543 652.3205    61.74098 ];146.0;643.0;236.0;554.0
WienerBlut-180150.jpeg;F;F;Maria_Holst;[660.76666 147.3287  741.1748  298.59943];146.0;643.0;236.0;554.0
WienerBlut-180700.jpeg;M;M;Fred_Liewehr;[580.9155    26.495235 660.4889   129.00957 ];36.0;653.0;126.0;563.0
WienerBlut-180700.jpeg;F;M;Fred_Liewehr;[398.2669  131.00565 473.6083  223.07304];36.0;653.0;126.0;563.0
WienerBlut-180700.jpeg;F;M;Fred_Liewehr;[226.64339 156.83672 285.21643 226.28531];36.0;653.0;126.0;563.0
WienerBlut-180700.jpeg;M;M;Fred_Liewehr;[758.03076 147.97903 790.15466 191.64093];36.0;653.0;126.0;563.0
WienerBlut-180700.jpeg;M;M;Fred_Liewehr;[160.90152 128.39766 206.773   193.34908];36.0;653.0;126.0;563.0
WienerBlut-180700.jpeg;F;M;Fred_Liewehr;[462.91367 180.78093 505.85    232.75749];36.0;653.0;126.0;563.0
WienerBlut-180700.jpeg;F;M;Fred_Liewehr;[802.1759  141.43661 830.28455 187.6365 ];36.0;653.0;126.0;563.0
WienerBlut-180700.jpeg;F;M;Fred_Liewehr;[284.20908 177.49829 323.56976 234.0516 ];36.0;653.0;126.0;563.0
WienerBlut-180700.jpeg;M;M;Fred_Liewehr;[140.23691 140.57541 170.48041 209.28902];36.0;653.0;126.0;563.0
WienerBlut-180700.jpeg;M;M;Fred_Liewehr;[315.94165 131.32806 351.57693 183.52199];36.0;653.0;126.0;563.0
WienerBlut-180700.jpeg;F;M;Fred_Liewehr;[706.2343  145.96439 729.2601  177.84433];36.0;653.0;126.0;563.0
WienerBlut-181000.jpeg;M;F;Maria_Holst;[142.81729 138.79971 190.61893 213.0494 ];139.0;440.0;268.0;311.0
WienerBlut-181000.jpeg;F;F;Maria_Holst;[304.09222  109.673706 442.795    281.11176 ];139.0;440.0;268.0;311.0
WienerBlut-183500.jpeg;F;F;Maria_Holst;[463.51724  96.47022 544.02844 196.13144];106.0;544.0;196.0;454.0
WienerBlut-183500.jpeg;F;F;Maria_Holst;[266.15836  93.64209 323.17456 173.55498];106.0;544.0;196.0;454.0
WienerBlut-183500.jpeg;M;F;Maria_Holst;[685.9557    24.346441 721.61694   75.452934];106.0;544.0;196.0;454.0
WienerBlut-183500.jpeg;M;F;Maria_Holst;[391.71518   19.186274 419.98178   59.87451 ];106.0;544.0;196.0;454.0
WienerBlut-183500.jpeg;M;F;Maria_Holst;[774.1568    56.839092 804.20325   99.11404 ];106.0;544.0;196.0;454.0
WienerBlut-183500.jpeg;M;F;Maria_Holst;[214.48898   27.812353 237.03304   61.404186];106.0;544.0;196.0;454.0
WienerBlut-184950.jpeg;F;F;Maria_Holst;[621.931   102.56148 711.3398  211.2092 ];104.0;712.0;211.0;605.0
WienerBlut-184950.jpeg;F;F;Maria_Holst;[305.90176 134.47035 393.78604 240.33456];104.0;712.0;211.0;605.0
WienerBlut-184950.jpeg;M;F;Maria_Holst;[427.775     20.817944 512.9033   129.25928 ];104.0;712.0;211.0;605.0
WienerBlut-184950.jpeg;F;F;Maria_Holst;[373.29498   20.121716 403.39536   65.22151 ];104.0;712.0;211.0;605.0
WienerBlut-184950.jpeg;F;F;Maria_Holst;[858.13446   38.275444 884.71643   82.46074 ];104.0;712.0;211.0;605.0
WienerBlut-184950.jpeg;F;F;Maria_Holst;[761.5841    51.384315 792.1534    93.57476 ];104.0;712.0;211.0;605.0
WienerBlut-184950.jpeg;F;F;Maria_Holst;[215.0743    45.116955 238.42436   82.49333 ];104.0;712.0;211.0;605.0
WienerBlut-186300.jpeg;M;M;Fred_Liewehr;[444.6563    36.159935 558.5931   199.48306 ];53.0;554.0;182.0;425.0
WienerBlut-186550.jpeg;M;M;Fred_Liewehr;[494.15802  43.70852 603.66846 197.59431];53.0;626.0;182.0;497.0
WienerBlut-187450.jpeg;M;F;Maria_Holst;[591.83276 109.17041 707.0184  256.42038];125.0;698.0;254.0;569.0
WienerBlut-187450.jpeg;F;F;Maria_Holst;[302.74103 150.78745 417.4733  282.51926];125.0;698.0;254.0;569.0
WienerBlut-187450.jpeg;M;F;Maria_Holst;[520.29504   49.876003 563.4591   100.31234 ];125.0;698.0;254.0;569.0
WienerBlut-188300.jpeg;F;F;Maria_Holst;[381.84802 122.39012 507.95026 265.32553];152.0;497.0;259.0;390.0
WienerBlut-188550.jpeg;F;F;Maria_Holst;[361.6436   125.336815 477.41797  280.8788  ];139.0;483.0;268.0;354.0
WienerBlut-188850.jpeg;F;F;Maria_Holst;[507.93832  90.53599 615.8124  230.65271];96.0;612.0;225.0;483.0
WienerBlut-188850.jpeg;M;F;Maria_Holst;[179.33015    5.128586 213.41833   50.22445 ];96.0;612.0;225.0;483.0
WienerBlut-189100.jpeg;F;F;Maria_Holst;[571.7632  186.24129 642.9333  275.34436];188.0;652.0;262.0;577.0
WienerBlut-189100.jpeg;F;F;Maria_Holst;[243.1126  186.51389 308.93344 265.86984];188.0;652.0;262.0;577.0
WienerBlut-189100.jpeg;F;F;Maria_Holst;[656.08167 135.78246 681.69434 174.8711 ];188.0;652.0;262.0;577.0
WienerBlut-189100.jpeg;F;F;Maria_Holst;[756.6093  160.72693 811.4022  277.84735];188.0;652.0;262.0;577.0
WienerBlut-189700.jpeg;F;F;Maria_Holst;[445.62207 107.31272 558.3885  262.55545];139.0;554.0;268.0;425.0
WienerBlut-190200.jpeg;F;F;Maria_Holst;[435.4518  100.62542 561.12244 253.46585];125.0;569.0;254.0;440.0
WienerBlut-191050.jpeg;F;F;Maria_Holst;[442.95743 118.03601 561.3687  271.27264];116.0;597.0;270.0;442.0
WienerBlut-191350.jpeg;M;M;Willy_Fritsch;[442.5751    54.799896 576.8356   245.6398  ];81.0;597.0;236.0;442.0
WienerBlut-191600.jpeg;F;F;Maria_Holst;[462.42398   97.106346 582.4669   246.5988  ];110.0;583.0;239.0;454.0
WienerBlut-191600.jpeg;F;F;Maria_Holst;[282.14352   -9.12118  339.0456    52.168488];110.0;583.0;239.0;454.0
WienerBlut-191900.jpeg;F;F;Maria_Holst;[472.8155    94.727036 594.32776  237.32422 ];110.0;597.0;239.0;468.0
WienerBlut-191900.jpeg;F;F;Maria_Holst;[298.35074 -13.76799 348.55084  44.69807];110.0;597.0;239.0;468.0
WienerBlut-192150.jpeg;F;F;Maria_Holst;[484.6601   87.55343 600.73334 243.26376];116.0;593.0;223.0;485.0
WienerBlut-192150.jpeg;F;F;Maria_Holst;[272.27045  -18.643604 324.83707   42.389164];116.0;593.0;223.0;485.0
WienerBlut-19250.jpeg;M;F;Maria_Holst;[272.4345  154.66316 374.5252  299.79684];168.0;368.0;297.0;239.0
WienerBlut-19250.jpeg;M;F;Maria_Holst;[553.50964 102.921   662.81433 256.3957 ];168.0;368.0;297.0;239.0
WienerBlut-192750.jpeg;M;F;Maria_Holst;[233.22412   47.378345 312.38425  155.0768  ];150.0;580.0;305.0;425.0
WienerBlut-192750.jpeg;M;F;Maria_Holst;[564.4592      0.6684631 637.8923     96.56477  ];150.0;580.0;305.0;425.0
WienerBlut-192750.jpeg;F;F;Maria_Holst;[441.09406 129.70903 583.1832  308.56442];150.0;580.0;305.0;425.0
WienerBlut-192750.jpeg;F;F;Maria_Holst;[368.31143   56.125343 436.5709   141.29097 ];150.0;580.0;305.0;425.0
WienerBlut-192750.jpeg;F;F;Maria_Holst;[313.67725  79.922   370.9177  159.13206];150.0;580.0;305.0;425.0
WienerBlut-192750.jpeg;F;F;Maria_Holst;[478.48022   23.311794 538.3818   100.302795];150.0;580.0;305.0;425.0
WienerBlut-192750.jpeg;M;F;Maria_Holst;[145.0092   69.60405 207.52066 153.59138];150.0;580.0;305.0;425.0
WienerBlut-193900.jpeg;F;F;Maria_Holst;[661.2495  143.16338 752.902   253.82927];152.0;760.0;259.0;653.0
WienerBlut-193900.jpeg;M;F;Maria_Holst;[579.9904   73.5815  627.57874 136.29195];152.0;760.0;259.0;653.0
WienerBlut-193900.jpeg;F;F;Maria_Holst;[338.40106 162.17075 431.77435 282.36084];152.0;760.0;259.0;653.0
WienerBlut-193900.jpeg;M;F;Maria_Holst;[790.50745   16.870092 848.23956   94.32973 ];152.0;760.0;259.0;653.0
WienerBlut-193900.jpeg;M;F;Maria_Holst;[230.4271    59.127197 286.96802  128.62373 ];152.0;760.0;259.0;653.0
WienerBlut-193900.jpeg;F;F;Maria_Holst;[649.06104  54.30841 700.6161  125.93715];152.0;760.0;259.0;653.0
WienerBlut-193900.jpeg;M;F;Maria_Holst;[147.33421  71.23966 195.17683 136.52995];152.0;760.0;259.0;653.0
WienerBlut-193900.jpeg;F;F;Maria_Holst;[414.1092   92.78818 463.63458 154.88371];152.0;760.0;259.0;653.0
WienerBlut-193900.jpeg;M;F;Maria_Holst;[723.1655    21.661686 773.2122    87.88773 ];152.0;760.0;259.0;653.0
WienerBlut-193900.jpeg;M;F;Maria_Holst;[502.4677   54.01476 558.67993 132.10979];152.0;760.0;259.0;653.0
WienerBlut-193900.jpeg;F;F;Maria_Holst;[367.825     40.842476 409.58633  103.259544];152.0;760.0;259.0;653.0
WienerBlut-193900.jpeg;F;F;Maria_Holst;[761.24524  65.68607 802.12976 122.9781 ];152.0;760.0;259.0;653.0
WienerBlut-193900.jpeg;M;F;Maria_Holst;[469.3288   47.64201 516.3624  120.98865];152.0;760.0;259.0;653.0
WienerBlut-193900.jpeg;M;F;Maria_Holst;[258.538    26.35435 302.245    87.19609];152.0;760.0;259.0;653.0
WienerBlut-193900.jpeg;F;F;Maria_Holst;[185.34836  80.92638 224.95654 134.85904];152.0;760.0;259.0;653.0
WienerBlut-194450.jpeg;F;F;Maria_Holst;[296.76166   30.455236 351.15314  100.83563 ];146.0;653.0;236.0;563.0
WienerBlut-194450.jpeg;M;F;Maria_Holst;[751.8899    15.733618 808.9206    89.85286 ];146.0;653.0;236.0;563.0
WienerBlut-194450.jpeg;M;F;Maria_Holst;[425.3133    46.5991   474.27686  115.303734];146.0;653.0;236.0;563.0
WienerBlut-194450.jpeg;F;F;Maria_Holst;[231.88382   53.165955 287.17804  124.78418 ];146.0;653.0;236.0;563.0
WienerBlut-194450.jpeg;F;F;Maria_Holst;[585.07104 136.19847 667.3694  250.08037];146.0;653.0;236.0;563.0
WienerBlut-194450.jpeg;M;F;Maria_Holst;[472.03473   59.510803 530.17487  135.90712 ];146.0;653.0;236.0;563.0
WienerBlut-194450.jpeg;M;F;Maria_Holst;[177.55829   84.054214 223.59921  143.06024 ];146.0;653.0;236.0;563.0
WienerBlut-194450.jpeg;F;F;Maria_Holst;[440.3338  164.83963 516.70667 285.71658];146.0;653.0;236.0;563.0
WienerBlut-194450.jpeg;M;F;Maria_Holst;[545.1173    79.163734 591.8409   139.97906 ];146.0;653.0;236.0;563.0
WienerBlut-194450.jpeg;F;F;Maria_Holst;[363.17017  93.84255 415.60147 157.60303];146.0;653.0;236.0;563.0
WienerBlut-194450.jpeg;F;F;Maria_Holst;[693.55145   25.068035 742.68243   88.29389 ];146.0;653.0;236.0;563.0
WienerBlut-194450.jpeg;F;F;Maria_Holst;[729.034    68.76131 770.2543  125.2485 ];146.0;653.0;236.0;563.0
WienerBlut-194450.jpeg;M;F;Maria_Holst;[140.02853  68.86147 170.96512 132.45287];146.0;653.0;236.0;563.0
WienerBlut-194450.jpeg;M;F;Maria_Holst;[677.93054   90.252014 718.2054   137.93657 ];146.0;653.0;236.0;563.0
WienerBlut-194450.jpeg;M;F;Maria_Holst;[604.2901    63.877052 649.138    120.87356 ];146.0;653.0;236.0;563.0
WienerBlut-194700.jpeg;M;M;Willy_Fritsch;[424.45917   54.236473 559.18097  244.96138 ];81.0;580.0;236.0;425.0
WienerBlut-194700.jpeg;F;M;Willy_Fritsch;[165.15985  91.5052  205.26547 151.70107];81.0;580.0;236.0;425.0
WienerBlut-195250.jpeg;M;F;Maria_Holst;[733.198      4.906598 785.46277   74.96663 ];49.0;677.0;101.0;625.0
WienerBlut-195250.jpeg;F;F;Maria_Holst;[677.90204 189.3784  774.65216 296.38724];49.0;677.0;101.0;625.0
WienerBlut-195250.jpeg;F;F;Maria_Holst;[623.6154    41.252285 666.86755  104.237656];49.0;677.0;101.0;625.0
WienerBlut-195250.jpeg;F;F;Maria_Holst;[363.9635   84.41552 409.90094 141.97891];49.0;677.0;101.0;625.0
WienerBlut-195250.jpeg;M;F;Maria_Holst;[533.8656   68.74778 578.516   126.61304];49.0;677.0;101.0;625.0
WienerBlut-195250.jpeg;M;F;Maria_Holst;[451.5585   46.36327 505.36505 118.57462];49.0;677.0;101.0;625.0
WienerBlut-195250.jpeg;M;F;Maria_Holst;[246.80925 155.42842 346.57077 282.6615 ];49.0;677.0;101.0;625.0
WienerBlut-195250.jpeg;M;F;Maria_Holst;[143.97787   56.627464 185.69113  114.17714 ];49.0;677.0;101.0;625.0
WienerBlut-195250.jpeg;F;F;Maria_Holst;[184.35205  69.51082 225.55867 122.70094];49.0;677.0;101.0;625.0
WienerBlut-195250.jpeg;F;F;Maria_Holst;[583.17084   58.230003 619.3888   114.04347 ];49.0;677.0;101.0;625.0
WienerBlut-195250.jpeg;F;F;Maria_Holst;[658.81494   18.112473 700.43744   74.52877 ];49.0;677.0;101.0;625.0
WienerBlut-195250.jpeg;M;F;Maria_Holst;[281.3625    27.267162 326.44275   84.765076];49.0;677.0;101.0;625.0
WienerBlut-195250.jpeg;F;F;Maria_Holst;[687.1495    60.121704 727.63934  109.14772 ];49.0;677.0;101.0;625.0
WienerBlut-195250.jpeg;F;F;Maria_Holst;[416.0936    45.656487 454.3715   103.641525];49.0;677.0;101.0;625.0
WienerBlut-195250.jpeg;M;F;Maria_Holst;[317.8865   25.46255 358.58093  84.0344 ];49.0;677.0;101.0;625.0
WienerBlut-195250.jpeg;F;F;Maria_Holst;[232.32544   44.88462  275.05804   96.396385];49.0;677.0;101.0;625.0
WienerBlut-195500.jpeg;F;F;Maria_Holst;[724.9954  159.01591 823.7293  280.52356];163.0;844.0;271.0;736.0
WienerBlut-195500.jpeg;F;F;Maria_Holst;[307.96786 108.9745  415.10138 244.15971];163.0;844.0;271.0;736.0
WienerBlut-195500.jpeg;M;F;Maria_Holst;[644.79205   53.74427  690.9623   118.193504];163.0;844.0;271.0;736.0
WienerBlut-195500.jpeg;M;F;Maria_Holst;[512.44714  57.20094 563.2211  128.38423];163.0;844.0;271.0;736.0
WienerBlut-195500.jpeg;M;F;Maria_Holst;[577.1361   78.54506 622.17914 138.28781];163.0;844.0;271.0;736.0
WienerBlut-195500.jpeg;M;F;Maria_Holst;[758.2996    13.224466 812.108     82.63897 ];163.0;844.0;271.0;736.0
WienerBlut-195500.jpeg;M;F;Maria_Holst;[175.6194   72.89754 223.27693 131.37051];163.0;844.0;271.0;736.0
WienerBlut-195500.jpeg;F;F;Maria_Holst;[459.18695  61.43402 501.8793  119.37419];163.0;844.0;271.0;736.0
WienerBlut-195500.jpeg;F;F;Maria_Holst;[413.0183   97.30347 462.0454  160.79144];163.0;844.0;271.0;736.0
WienerBlut-195500.jpeg;M;F;Maria_Holst;[704.7359   26.94819 750.8823   87.82185];163.0;844.0;271.0;736.0
WienerBlut-195500.jpeg;F;F;Maria_Holst;[264.89508  58.61839 317.1845  122.40389];163.0;844.0;271.0;736.0
WienerBlut-195500.jpeg;F;F;Maria_Holst;[224.1718   88.36648 259.74445 137.666  ];163.0;844.0;271.0;736.0
WienerBlut-196050.jpeg;M;F;Maria_Holst;[314.7434  136.29233 422.74908 261.66156];315.0;683.0;405.0;593.0
WienerBlut-196050.jpeg;F;F;Maria_Holst;[604.68494 314.43784 689.96814 415.59082];315.0;683.0;405.0;593.0
WienerBlut-196050.jpeg;F;F;Maria_Holst;[543.62854 208.16743 583.592   259.7612 ];315.0;683.0;405.0;593.0
WienerBlut-196050.jpeg;M;F;Maria_Holst;[661.4713  179.30843 711.6707  243.86198];315.0;683.0;405.0;593.0
WienerBlut-196050.jpeg;F;F;Maria_Holst;[602.0128  188.8511  641.43335 240.60815];315.0;683.0;405.0;593.0
WienerBlut-196050.jpeg;M;F;Maria_Holst;[628.1026  220.55331 665.38605 266.38422];315.0;683.0;405.0;593.0
WienerBlut-196050.jpeg;M;F;Maria_Holst;[593.2312  248.97429 626.2291  289.94965];315.0;683.0;405.0;593.0
WienerBlut-196350.jpeg;M;M;Willy_Fritsch;[422.13037  50.68348 558.17615 229.45882];64.0;580.0;219.0;425.0
WienerBlut-196650.jpeg;M;F;Maria_Holst;[737.44824 126.625   777.6283  176.46635];166.0;252.0;209.0;208.0
WienerBlut-196650.jpeg;F;F;Maria_Holst;[210.93689 164.77687 249.05014 206.0561 ];166.0;252.0;209.0;208.0
WienerBlut-196650.jpeg;F;F;Maria_Holst;[636.67804  99.11823 713.8785  184.34029];166.0;252.0;209.0;208.0
WienerBlut-196650.jpeg;F;F;Maria_Holst;[341.65366 112.54264 410.79434 203.84587];166.0;252.0;209.0;208.0
WienerBlut-196650.jpeg;M;F;Maria_Holst;[249.12354 130.45798 282.47034 175.07962];166.0;252.0;209.0;208.0
WienerBlut-196650.jpeg;M;F;Maria_Holst;[780.11163 126.6402  811.4978  172.94308];166.0;252.0;209.0;208.0
WienerBlut-196650.jpeg;F;F;Maria_Holst;[692.1538  162.29214 725.5843  203.53918];166.0;252.0;209.0;208.0
WienerBlut-196650.jpeg;F;F;Maria_Holst;[160.77034 163.8804  197.0917  204.7374 ];166.0;252.0;209.0;208.0
WienerBlut-196650.jpeg;F;F;Maria_Holst;[290.405   158.4809  323.51804 199.65683];166.0;252.0;209.0;208.0
WienerBlut-196650.jpeg;M;F;Maria_Holst;[551.02234 148.10603 586.50903 187.89676];166.0;252.0;209.0;208.0
WienerBlut-196650.jpeg;M;F;Maria_Holst;[588.9262  151.57108 624.9443  201.05893];166.0;252.0;209.0;208.0
WienerBlut-203300.jpeg;F;M;Willy_Fritsch;[380.67496 147.57077 489.91333 300.05536];81.0;683.0;236.0;528.0
WienerBlut-203300.jpeg;M;M;Willy_Fritsch;[561.12067  66.54747 691.0505  248.55302];81.0;683.0;236.0;528.0
WienerBlut-203300.jpeg;M;M;Willy_Fritsch;[371.17822    -7.4181976 445.77197    72.94295  ];81.0;683.0;236.0;528.0
WienerBlut-203900.jpeg;M;M;Willy_Fritsch;[568.15247  52.97051 696.8751  236.75594];81.0;683.0;236.0;528.0
WienerBlut-203900.jpeg;M;M;Willy_Fritsch;[305.02753 121.03867 419.0229  292.17374];81.0;683.0;236.0;528.0
WienerBlut-203900.jpeg;M;M;Willy_Fritsch;[204.43007  -13.592367 271.56598   66.72992 ];81.0;683.0;236.0;528.0
WienerBlut-206350.jpeg;M;M;Hans_Moser;[260.961   108.53176 355.0101  234.44858];110.0;640.0;239.0;511.0
WienerBlut-206350.jpeg;M;M;Hans_Moser;[545.69824 100.43123 651.81177 248.7745 ];110.0;640.0;239.0;511.0
WienerBlut-206350.jpeg;M;M;Hans_Moser;[315.2188    28.72929  342.6328    59.797016];110.0;640.0;239.0;511.0
WienerBlut-206350.jpeg;F;M;Hans_Moser;[500.57657   43.366447 533.5751    79.85012 ];110.0;640.0;239.0;511.0
WienerBlut-206350.jpeg;M;M;Hans_Moser;[776.44006  70.76656 861.42676 258.68204];110.0;640.0;239.0;511.0
WienerBlut-206350.jpeg;M;M;Hans_Moser;[398.9008    65.36794  430.9555   105.701805];110.0;640.0;239.0;511.0
WienerBlut-206350.jpeg;F;M;Hans_Moser;[410.64194 139.69963 459.88736 202.42827];110.0;640.0;239.0;511.0
WienerBlut-207750.jpeg;M;M;Hans_Moser;[468.33563 105.28572 566.9563  240.1189 ];128.0;569.0;235.0;462.0
WienerBlut-207750.jpeg;F;M;Hans_Moser;[737.5181  131.22673 804.38654 274.50034];128.0;569.0;235.0;462.0
WienerBlut-207750.jpeg;M;M;Hans_Moser;[441.03857 167.48093 476.38898 229.04912];128.0;569.0;235.0;462.0
WienerBlut-208350.jpeg;M;M;Theo_Lingen;[438.97006  70.18442 558.846   219.42688];104.0;557.0;211.0;450.0
WienerBlut-208350.jpeg;F;M;Theo_Lingen;[170.30971 101.61351 298.37192 292.79425];104.0;557.0;211.0;450.0
WienerBlut-211950.jpeg;M;M;Hans_Moser;[530.0858  270.7597  605.6117  368.73273];182.0;683.0;311.0;554.0
WienerBlut-211950.jpeg;M;M;Hans_Moser;[362.0652   116.319016 467.12808  256.75543 ];182.0;683.0;311.0;554.0
WienerBlut-211950.jpeg;M;M;Hans_Moser;[592.43365 159.9751  701.6996  322.4598 ];182.0;683.0;311.0;554.0
WienerBlut-216700.jpeg;M;M;Hans_Moser;[423.69156   42.409035 536.6436   185.8669  ];104.0;641.0;211.0;533.0
WienerBlut-216700.jpeg;M;M;Hans_Moser;[534.0662   96.8843  633.9764  208.85799];104.0;641.0;211.0;533.0
WienerBlut-216700.jpeg;M;M;Hans_Moser;[6.9316711e+02 7.5524904e-02 7.4347571e+02 9.2637123e+01];104.0;641.0;211.0;533.0
WienerBlut-21700.jpeg;F;F;Maria_Holst;[645.6      106.017845 739.85913  248.05786 ];125.0;726.0;254.0;597.0
WienerBlut-21700.jpeg;M;F;Maria_Holst;[375.45792  111.355675 467.34854  224.79837 ];125.0;726.0;254.0;597.0
WienerBlut-217250.jpeg;M;M;Theo_Lingen;[400.82184   45.162384 520.66864  205.60388 ];53.0;526.0;182.0;397.0
WienerBlut-217250.jpeg;M;M;Theo_Lingen;[574.7575    62.906013 690.49805  220.56538 ];53.0;526.0;182.0;397.0
WienerBlut-217800.jpeg;M;M;Hans_Moser;[549.6154  104.58494 665.72943 266.12408];128.0;641.0;235.0;533.0
WienerBlut-217800.jpeg;F;M;Hans_Moser;[350.8221   68.84576 468.43695 225.7537 ];128.0;641.0;235.0;533.0
WienerBlut-218100.jpeg;M;M;Theo_Lingen;[537.48846 106.09027 642.9962  258.08   ];96.0;454.0;225.0;325.0
WienerBlut-218100.jpeg;M;M;Theo_Lingen;[330.37042  59.29608 455.5844  218.58536];96.0;454.0;225.0;325.0
WienerBlut-218650.jpeg;M;M;Hans_Moser;[350.90173   61.777454 476.51874  222.88956 ];64.0;511.0;219.0;356.0
WienerBlut-218650.jpeg;M;M;Hans_Moser;[571.32825  96.76344 678.99457 263.47067];64.0;511.0;219.0;356.0
WienerBlut-218950.jpeg;M;M;Hans_Moser;[330.3094    58.047607 458.73486  223.05977 ];139.0;612.0;268.0;483.0
WienerBlut-218950.jpeg;M;M;Hans_Moser;[524.4772  115.39152 632.7129  281.54684];139.0;612.0;268.0;483.0
WienerBlut-219200.jpeg;M;M;Hans_Moser;[335.63474   63.977642 462.4475   225.33194 ];125.0;597.0;254.0;468.0
WienerBlut-219200.jpeg;M;M;Hans_Moser;[516.4742  106.74817 622.9419  278.7839 ];125.0;597.0;254.0;468.0
WienerBlut-220000.jpeg;M;M;Hans_Moser;[358.11627  62.34791 494.5822  228.85896];110.0;741.0;239.0;612.0
WienerBlut-220000.jpeg;M;M;Hans_Moser;[653.1954   85.05339 763.3085  258.3283 ];110.0;741.0;239.0;612.0
WienerBlut-220900.jpeg;M;M;Hans_Moser;[617.4381   110.889725 725.45294  268.3194  ];125.0;698.0;254.0;569.0
WienerBlut-220900.jpeg;F;M;Hans_Moser;[361.42572   54.258324 479.65366  218.54749 ];125.0;698.0;254.0;569.0
WienerBlut-228450.jpeg;M;M;Hans_Moser;[634.50793 113.79585 711.89746 219.04375];73.0;501.0;135.0;439.0
WienerBlut-228450.jpeg;M;M;Hans_Moser;[436.90152  45.71178 506.5041  146.28546];73.0;501.0;135.0;439.0
WienerBlut-228450.jpeg;M;M;Hans_Moser;[327.59482 141.83488 397.51825 247.78947];73.0;501.0;135.0;439.0
WienerBlut-228700.jpeg;M;M;Hans_Moser;[691.6471  144.6102  776.19305 262.37402];96.0;552.0;171.0;478.0
WienerBlut-228700.jpeg;M;M;Hans_Moser;[480.45126   75.598366 556.7741   175.45122 ];96.0;552.0;171.0;478.0
WienerBlut-228700.jpeg;M;M;Hans_Moser;[297.81686 176.14539 370.45294 315.96408];96.0;552.0;171.0;478.0
WienerBlut-229250.jpeg;M;M;Hans_Moser;[685.4559  143.44826 767.11865 259.0095 ];56.0;563.0;146.0;474.0
WienerBlut-229250.jpeg;M;M;Hans_Moser;[480.3185    38.554127 557.2052   143.50223 ];56.0;563.0;146.0;474.0
WienerBlut-229250.jpeg;M;M;Hans_Moser;[296.33105 177.36996 370.2326  310.56284];56.0;563.0;146.0;474.0
WienerBlut-229550.jpeg;M;M;Hans_Moser;[508.9711   64.97932 583.81256 169.78677];88.0;585.0;163.0;511.0
WienerBlut-229550.jpeg;M;M;Hans_Moser;[689.71466 129.24667 771.07196 244.02705];88.0;585.0;163.0;511.0
WienerBlut-229850.jpeg;M;M;Hans_Moser;[673.36096 142.37677 759.85846 264.5458 ];96.0;534.0;186.0;444.0
WienerBlut-229850.jpeg;M;M;Hans_Moser;[454.11362  72.58473 531.6461  176.59805];96.0;534.0;186.0;444.0
WienerBlut-230050.jpeg;M;M;Hans_Moser;[692.9317  135.81198 782.80225 261.25653];96.0;544.0;171.0;469.0
WienerBlut-230050.jpeg;M;M;Hans_Moser;[473.5794   67.29392 552.6533  174.2016 ];96.0;544.0;171.0;469.0
WienerBlut-230050.jpeg;M;M;Hans_Moser;[297.4585  180.91914 365.0069  304.59723];96.0;544.0;171.0;469.0
WienerBlut-237950.jpeg;M;M;Theo_Lingen;[385.95477   37.918205 486.66196  165.36838 ];56.0;485.0;163.0;378.0
WienerBlut-237950.jpeg;M;M;Theo_Lingen;[538.93274  81.37515 624.45624 205.43137];56.0;485.0;163.0;378.0
WienerBlut-238750.jpeg;M;M;Theo_Lingen;[429.06097  32.36994 530.36194 161.26778];44.0;533.0;152.0;426.0
WienerBlut-238750.jpeg;M;M;Theo_Lingen;[538.7492   64.23015 630.98456 187.95801];44.0;533.0;152.0;426.0
WienerBlut-239000.jpeg;M;M;Hans_Moser;[419.40656   37.796783 523.35724  168.22275 ];68.0;629.0;175.0;521.0
WienerBlut-239000.jpeg;M;M;Hans_Moser;[551.20593   56.081432 637.3242   181.69742 ];68.0;629.0;175.0;521.0
WienerBlut-239600.jpeg;M;M;Theo_Lingen;[389.38242   41.608387 486.03717  170.20476 ];68.0;485.0;175.0;378.0
WienerBlut-239600.jpeg;M;M;Theo_Lingen;[503.38736  64.36523 594.7953  196.43314];68.0;485.0;175.0;378.0
WienerBlut-239900.jpeg;M;M;Theo_Lingen;[583.06726  70.08306 676.5549  196.15027];68.0;521.0;175.0;414.0
WienerBlut-239900.jpeg;M;M;Theo_Lingen;[416.02652  56.69821 517.6846  185.04552];68.0;521.0;175.0;414.0
WienerBlut-240400.jpeg;M;M;Theo_Lingen;[411.37183  67.40675 513.5005  198.39499];80.0;521.0;187.0;414.0
WienerBlut-240400.jpeg;M;M;Hans_Moser;[411.37183  67.40675 513.5005  198.39499];106.0;623.0;196.0;534.0
WienerBlut-240400.jpeg;M;M;Theo_Lingen;[542.66296  76.07832 635.57263 207.43198];80.0;521.0;187.0;414.0
WienerBlut-240400.jpeg;M;M;Hans_Moser;[542.66296  76.07832 635.57263 207.43198];106.0;623.0;196.0;534.0
WienerBlut-24100.jpeg;M;M;Theo_Lingen;[420.78622  46.63621 539.48157 193.0265 ];67.0;554.0;196.0;425.0
WienerBlut-246850.jpeg;M;M;Hans_Moser;[377.89096  56.27525 514.4452  219.83977];82.0;526.0;211.0;397.0
WienerBlut-247650.jpeg;M;M;Theo_Lingen;[484.08633   58.370167 550.84314  145.35692 ];63.0;560.0;138.0;486.0
WienerBlut-248250.jpeg;F;F;Maria_Holst;[334.4563  134.78053 438.7853  259.2245 ];152.0;438.0;259.0;330.0
WienerBlut-248250.jpeg;M;F;Maria_Holst;[553.4536   68.40764 652.1001  222.47408];152.0;438.0;259.0;330.0
WienerBlut-248500.jpeg;F;M;Willy_Fritsch;[359.91855  90.9795  457.01337 222.84265];104.0;641.0;211.0;533.0
WienerBlut-248500.jpeg;M;M;Willy_Fritsch;[561.9083   65.04134 662.80145 218.27536];104.0;641.0;211.0;533.0
WienerBlut-248800.jpeg;F;F;Maria_Holst;[328.0522  137.98636 434.78668 262.968  ];166.0;424.0;255.0;335.0
WienerBlut-248800.jpeg;F;F;Maria_Holst;[548.38104  76.80968 649.70764 221.64214];166.0;424.0;255.0;335.0
WienerBlut-249050.jpeg;F;F;Maria_Holst;[330.57513  92.90712 433.39813 223.07405];116.0;438.0;223.0;330.0
WienerBlut-249050.jpeg;M;F;Maria_Holst;[552.15735  65.1937  650.5245  216.58887];116.0;438.0;223.0;330.0
WienerBlut-249650.jpeg;F;F;Maria_Holst;[333.25836 113.39929 436.8693  240.21565];140.0;450.0;247.0;342.0
WienerBlut-249650.jpeg;M;F;Maria_Holst;[532.73505  85.17212 630.71106 234.48813];140.0;450.0;247.0;342.0
WienerBlut-249950.jpeg;F;F;Maria_Holst;[338.79034 113.04097 440.80933 239.22018];128.0;450.0;235.0;342.0
WienerBlut-249950.jpeg;M;F;Maria_Holst;[520.0472   92.90142 609.2782  230.58157];128.0;450.0;235.0;342.0
WienerBlut-250100.jpeg;F;F;Maria_Holst;[307.07867  122.705605 414.33075  255.03304 ];140.0;402.0;247.0;294.0
WienerBlut-250100.jpeg;M;F;Maria_Holst;[519.4375   82.8849  613.84094 226.19388];140.0;402.0;247.0;294.0
WienerBlut-250700.jpeg;F;F;Maria_Holst;[320.5305  122.69873 422.52472 245.12602];128.0;438.0;235.0;330.0
WienerBlut-250700.jpeg;M;F;Maria_Holst;[541.57983   93.971054 655.0613   242.4488  ];128.0;438.0;235.0;330.0
WienerBlut-253800.jpeg;F;F;Maria_Holst;[317.5538  131.05278 377.11777 198.24686];135.0;370.0;198.0;308.0
WienerBlut-253800.jpeg;F;F;Maria_Holst;[630.42535  66.7957  703.1266  190.84245];135.0;370.0;198.0;308.0
WienerBlut-254600.jpeg;F;F;Maria_Holst;[494.19684  90.0493  609.24786 241.44199];110.0;612.0;239.0;483.0
WienerBlut-258500.jpeg;M;M;Willy_Fritsch;[475.2194   57.22796 571.5748  192.23218];86.0;563.0;176.0;474.0
WienerBlut-258800.jpeg;M;M;Theo_Lingen;[489.631    50.83069 579.2256  174.68056];56.0;593.0;163.0;485.0
WienerBlut-258800.jpeg;F;M;Theo_Lingen;[620.5434  137.6501  707.14966 258.69858];56.0;593.0;163.0;485.0
WienerBlut-266900.jpeg;M;M;Willy_Fritsch;[519.6092    37.615776 593.0272   142.52199 ];46.0;613.0;136.0;524.0
WienerBlut-267150.jpeg;F;F;Maria_Holst;[290.0561   56.22409 367.0398  167.60876];66.0;384.0;156.0;295.0
WienerBlut-267150.jpeg;M;F;Maria_Holst;[539.54095   44.638958 612.20966  147.31247 ];66.0;384.0;156.0;295.0
WienerBlut-268550.jpeg;F;F;Maria_Holst;[355.12878   80.955666 439.7745   194.66776 ];96.0;454.0;186.0;364.0
WienerBlut-268550.jpeg;M;F;Maria_Holst;[534.3748    63.097565 617.56665  188.64702 ];96.0;454.0;186.0;364.0
WienerBlut-271050.jpeg;F;F;Maria_Holst;[285.13446  67.58438 375.72906 186.93903];86.0;374.0;176.0;285.0
WienerBlut-271050.jpeg;F;F;Maria_Holst;[685.55475  78.87192 763.0245  193.06802];86.0;374.0;176.0;285.0
WienerBlut-273900.jpeg;F;F;Maria_Holst;[318.8143   90.81212 448.12103 257.24146];125.0;454.0;254.0;325.0
WienerBlut-274150.jpeg;F;F;Maria_Holst;[330.47125  90.51698 468.49725 254.50444];125.0;468.0;254.0;339.0
WienerBlut-274700.jpeg;F;F;Maria_Holst;[486.46844  97.14684 590.5359  233.63318];116.0;581.0;223.0;474.0
WienerBlut-274700.jpeg;F;F;Maria_Holst;[164.79735   62.715584 202.16599  108.9485  ];116.0;581.0;223.0;474.0
WienerBlut-275800.jpeg;M;M;Fred_Liewehr;[274.62592  81.51852 354.705   196.92708];106.0;374.0;196.0;285.0
WienerBlut-275800.jpeg;M;M;Fred_Liewehr;[637.77686  97.87477 696.2657  222.31192];106.0;374.0;196.0;285.0
WienerBlut-276050.jpeg;F;F;Maria_Holst;[593.4164  111.86765 668.0041  206.9093 ];130.0;660.0;204.0;585.0
WienerBlut-276050.jpeg;M;F;Maria_Holst;[374.15594  88.08056 443.14664 185.12723];130.0;660.0;204.0;585.0
WienerBlut-276650.jpeg;F;F;Maria_Holst;[545.8254  166.34773 644.26624 289.78354];196.0;633.0;285.0;544.0
WienerBlut-276950.jpeg;M;M;Fred_Liewehr;[385.083     53.091057 490.64566  205.65024 ];82.0;511.0;211.0;382.0
WienerBlut-277800.jpeg;M;M;Fred_Liewehr;[375.758     47.694633 479.45718  194.65756 ];80.0;497.0;187.0;390.0
WienerBlut-278350.jpeg;F;F;Maria_Holst;[567.07495 117.48678 663.1932  247.68872];140.0;665.0;247.0;557.0
WienerBlut-278900.jpeg;F;F;Maria_Holst;[622.78    130.11874 693.89276 217.5583 ];146.0;693.0;221.0;619.0
WienerBlut-279200.jpeg;F;F;Maria_Holst;[630.7417  133.81844 709.29974 230.3477 ];146.0;713.0;236.0;623.0
WienerBlut-280850.jpeg;F;F;Maria_Holst;[462.68863   84.577866 560.4786   218.64453 ];104.0;581.0;211.0;474.0
WienerBlut-282250.jpeg;F;F;Maria_Holst;[590.05383   74.517395 680.18085  195.02812 ];96.0;683.0;186.0;593.0
WienerBlut-282500.jpeg;F;F;Maria_Holst;[446.36334   85.217995 601.3427   278.09378 ];116.0;597.0;270.0;442.0
WienerBlut-282800.jpeg;F;F;Maria_Holst;[443.78265  110.235275 616.2945   348.03418 ];160.0;613.0;345.0;428.0
WienerBlut-283050.jpeg;F;F;Maria_Holst;[442.53516 108.45054 581.3286  314.85114];118.0;572.0;304.0;386.0
WienerBlut-283650.jpeg;F;F;Maria_Holst;[465.02118  119.609886 576.41284  258.17758 ];152.0;569.0;259.0;462.0
WienerBlut-284200.jpeg;F;F;Maria_Holst;[438.13834  58.70701 552.7133  218.06985];82.0;554.0;211.0;425.0
WienerBlut-287250.jpeg;M;M;Willy_Fritsch;[529.5239    61.711304 678.88086  280.52768 ];98.0;666.0;253.0;511.0
WienerBlut-294500.jpeg;M;M;Willy_Fritsch;[458.91193  81.0995  567.1756  229.64151];96.0;583.0;225.0;454.0
WienerBlut-295900.jpeg;F;F;Maria_Holst;[587.0342    62.288063 661.1813   164.24754 ];80.0;652.0;155.0;577.0
WienerBlut-295900.jpeg;F;M;Willy_Fritsch;[587.0342    62.288063 661.1813   164.24754 ];206.0;524.0;295.0;434.0
WienerBlut-295900.jpeg;M;F;Maria_Holst;[432.37354 187.32771 516.1101  304.78345];80.0;652.0;155.0;577.0
WienerBlut-295900.jpeg;M;M;Willy_Fritsch;[432.37354 187.32771 516.1101  304.78345];206.0;524.0;295.0;434.0
WienerBlut-296200.jpeg;M;M;Willy_Fritsch;[433.7335  185.03697 514.64056 295.4441 ];196.0;524.0;285.0;434.0
WienerBlut-296200.jpeg;F;M;Willy_Fritsch;[543.5072  128.75436 613.2332  205.34167];196.0;524.0;285.0;434.0
WienerBlut-296750.jpeg;F;F;Maria_Holst;[552.6095    61.258484 699.69257  262.02136 ];98.0;700.0;253.0;545.0
WienerBlut-296750.jpeg;F;M;Willy_Fritsch;[552.6095    61.258484 699.69257  262.02136 ];284.0;531.0;469.0;345.0
WienerBlut-296750.jpeg;M;F;Maria_Holst;[314.67984 241.52812 483.28125 489.33676];98.0;700.0;253.0;545.0
WienerBlut-296750.jpeg;M;M;Willy_Fritsch;[314.67984 241.52812 483.28125 489.33676];284.0;531.0;469.0;345.0
WienerBlut-297000.jpeg;F;F;Maria_Holst;[559.6925   67.06055 705.9752  260.23886];98.0;717.0;253.0;562.0
WienerBlut-297000.jpeg;F;M;Willy_Fritsch;[559.6925   67.06055 705.9752  260.23886];284.0;531.0;469.0;345.0
WienerBlut-297000.jpeg;M;F;Maria_Holst;[315.26422 249.56577 484.61652 495.21695];98.0;717.0;253.0;562.0
WienerBlut-297000.jpeg;M;M;Willy_Fritsch;[315.26422 249.56577 484.61652 495.21695];284.0;531.0;469.0;345.0
WienerBlut-297300.jpeg;F;F;Maria_Holst;[542.6331   120.462265 691.33026  303.93988 ];150.0;683.0;305.0;528.0
WienerBlut-297300.jpeg;M;F;Maria_Holst;[350.16913 224.90092 498.1124  464.5114 ];150.0;683.0;305.0;528.0
WienerBlut-297600.jpeg;F;F;Maria_Holst;[545.1603   97.59155 689.3915  294.12405];133.0;683.0;288.0;528.0
WienerBlut-297600.jpeg;F;M;Willy_Fritsch;[545.1603   97.59155 689.3915  294.12405];266.0;538.0;489.0;315.0
WienerBlut-297600.jpeg;M;F;Maria_Holst;[310.45532 252.50839 477.62653 497.90186];133.0;683.0;288.0;528.0
WienerBlut-297600.jpeg;M;M;Willy_Fritsch;[310.45532 252.50839 477.62653 497.90186];266.0;538.0;489.0;315.0
WienerBlut-298700.jpeg;F;F;Maria_Holst;[220.97937 125.61162 327.48343 267.95782];152.0;330.0;259.0;223.0
WienerBlut-298700.jpeg;F;M;Willy_Fritsch;[220.97937 125.61162 327.48343 267.95782];81.0;631.0;236.0;476.0
WienerBlut-298700.jpeg;M;F;Maria_Holst;[474.61328   65.666275 612.49036  261.94122 ];152.0;330.0;259.0;223.0
WienerBlut-298700.jpeg;M;M;Willy_Fritsch;[474.61328   65.666275 612.49036  261.94122 ];81.0;631.0;236.0;476.0
WienerBlut-299300.jpeg;F;F;Maria_Holst;[211.29898 123.81356 320.25494 265.18774];152.0;330.0;259.0;223.0
WienerBlut-299300.jpeg;M;F;Maria_Holst;[445.11978 104.91886 588.59985 292.5382 ];152.0;330.0;259.0;223.0
WienerBlut-299850.jpeg;F;F;Maria_Holst;[196.90796 109.20652 303.6597  249.24675];140.0;318.0;247.0;211.0
WienerBlut-299850.jpeg;F;M;Willy_Fritsch;[196.90796 109.20652 303.6597  249.24675];98.0;631.0;253.0;476.0
WienerBlut-299850.jpeg;M;F;Maria_Holst;[469.80118   60.588005 610.68494  262.75638 ];140.0;318.0;247.0;211.0
WienerBlut-299850.jpeg;M;M;Willy_Fritsch;[469.80118   60.588005 610.68494  262.75638 ];98.0;631.0;253.0;476.0
WienerBlut-300000.jpeg;F;M;Willy_Fritsch;[196.07384 106.94985 303.12918 249.83528];98.0;648.0;253.0;494.0
WienerBlut-300000.jpeg;F;F;Maria_Holst;[196.07384 106.94985 303.12918 249.83528];110.0;325.0;239.0;196.0
WienerBlut-300000.jpeg;M;M;Willy_Fritsch;[475.35547  57.69567 615.8188  263.2607 ];98.0;648.0;253.0;494.0
WienerBlut-300000.jpeg;M;F;Maria_Holst;[475.35547  57.69567 615.8188  263.2607 ];110.0;325.0;239.0;196.0
WienerBlut-300600.jpeg;M;F;Maria_Holst;[448.23038  88.50364 555.14764 233.40796];140.0;354.0;247.0;247.0
WienerBlut-300600.jpeg;F;F;Maria_Holst;[240.64224 124.29028 353.958   257.0578 ];140.0;354.0;247.0;247.0
WienerBlut-301150.jpeg;M;F;Maria_Holst;[579.3453    61.995953 677.9057   199.75711 ];82.0;511.0;211.0;382.0
WienerBlut-301150.jpeg;M;M;Willy_Fritsch;[579.3453    61.995953 677.9057   199.75711 ];92.0;689.0;199.0;581.0
WienerBlut-301150.jpeg;F;F;Maria_Holst;[371.202    76.68444 471.35815 216.26059];82.0;511.0;211.0;382.0
WienerBlut-301150.jpeg;F;M;Willy_Fritsch;[371.202    76.68444 471.35815 216.26059];92.0;689.0;199.0;581.0
WienerBlut-305050.jpeg;M;M;Fred_Liewehr;[448.94205  124.352005 537.99255  246.10332 ];146.0;544.0;236.0;454.0
WienerBlut-305050.jpeg;M;M;Fred_Liewehr;[234.46587 225.65047 315.0483  322.64764];146.0;544.0;236.0;454.0
WienerBlut-305050.jpeg;F;M;Fred_Liewehr;[582.61383 229.65413 656.7983  330.55032];146.0;544.0;236.0;454.0
WienerBlut-306200.jpeg;M;M;Hans_Moser;[358.11115  98.97148 466.4453  245.49812];125.0;483.0;254.0;354.0
WienerBlut-306200.jpeg;F;M;Hans_Moser;[553.16565  77.04989 661.6846  201.86092];125.0;483.0;254.0;354.0
WienerBlut-37850.jpeg;M;F;Maria_Holst;[561.01385 242.57791 594.8962  290.96155];247.0;592.0;290.0;549.0
WienerBlut-37850.jpeg;M;F;Maria_Holst;[349.8323  110.23995 389.76794 154.15239];247.0;592.0;290.0;549.0
WienerBlut-38400.jpeg;M;M;Hans_Moser;[506.66437   45.877953 587.34973  168.53091 ];56.0;581.0;163.0;474.0
WienerBlut-45050.jpeg;M;M;Willy_Fritsch;[253.8392    60.498627 359.8519   204.03389 ];82.0;382.0;211.0;253.0
WienerBlut-45050.jpeg;F;M;Willy_Fritsch;[635.23376  99.87506 724.29364 237.29395];82.0;382.0;211.0;253.0
WienerBlut-47000.jpeg;M;F;Maria_Holst;[285.6761  173.74124 388.15997 318.61032];53.0;741.0;182.0;612.0
WienerBlut-47000.jpeg;F;F;Maria_Holst;[637.3085    54.911713 746.1416   202.75761 ];53.0;741.0;182.0;612.0
WienerBlut-48150.jpeg;F;F;Maria_Holst;[595.677   95.3019 672.5245 201.8648];106.0;663.0;196.0;573.0
WienerBlut-48150.jpeg;F;F;Maria_Holst;[251.95903 162.18375 310.13354 241.60991];106.0;663.0;196.0;573.0
WienerBlut-61500.jpeg;M;M;Willy_Fritsch;[474.63007  33.94944 574.0906  162.78784];56.0;569.0;163.0;462.0
WienerBlut-61800.jpeg;F;F;Maria_Holst;[267.4959   71.27328 373.87006 207.46655];82.0;397.0;211.0;268.0
WienerBlut-61800.jpeg;M;F;Maria_Holst;[549.7009   51.46699 633.56586 216.43294];82.0;397.0;211.0;268.0
WienerBlut-64300.jpeg;F;F;Maria_Holst;[307.77338   56.101997 406.608    190.12076 ];68.0;426.0;175.0;318.0
WienerBlut-69900.jpeg;M;M;Willy_Fritsch;[456.79648  57.59961 569.5222  210.59705];67.0;569.0;196.0;440.0
WienerBlut-73250.jpeg;M;M;Willy_Fritsch;[470.00684   27.490025 546.0021   127.13161 ];47.0;552.0;121.0;478.0
WienerBlut-92200.jpeg;M;M;Hans_Moser;[437.94687  47.18911 597.40314 257.8194 ];77.0;593.0;263.0;407.0
WienerBlut-95250.jpeg;F;F;Maria_Holst;[624.3483    58.022865 688.11664  133.12505 ];66.0;688.0;129.0;626.0
WienerBlut-95250.jpeg;M;F;Maria_Holst;[272.10767 202.1437  336.479   289.0366 ];66.0;688.0;129.0;626.0
WienerBlut-95500.jpeg;F;F;Maria_Holst;[620.0299   49.34275 680.3194  123.81346];59.0;674.0;122.0;612.0
WienerBlut-95500.jpeg;F;F;Maria_Holst;[281.33005 210.995   331.01508 281.54565];59.0;674.0;122.0;612.0
WirmachenMusik-100722.jpeg;F;F;Edith_Oss;[183.62512  93.62989 252.08847 198.89592];106.0;285.0;196.0;195.0
WirmachenMusik-100722.jpeg;M;F;Edith_Oss;[476.85486  105.444786 545.47986  215.36687 ];106.0;285.0;196.0;195.0
WirmachenMusik-103432.jpeg;F;F;Dorit_Kreysler;[299.68814 149.11137 355.0321  229.48503];106.0;421.0;142.0;385.0
WirmachenMusik-103432.jpeg;M;F;Dorit_Kreysler;[ 77.94951 171.07486 109.77843 210.07896];106.0;421.0;142.0;385.0
WirmachenMusik-103432.jpeg;F;F;Dorit_Kreysler;[389.7116   99.60477 419.6151  140.51192];106.0;421.0;142.0;385.0
WirmachenMusik-103432.jpeg;M;F;Dorit_Kreysler;[258.0925  127.2062  283.43494 160.99309];106.0;421.0;142.0;385.0
WirmachenMusik-103432.jpeg;F;F;Dorit_Kreysler;[479.42294 156.7153  516.6795  207.33391];106.0;421.0;142.0;385.0
WirmachenMusik-108177.jpeg;M;M;Albert_Lippert;[392.8742  139.41565 435.86768 206.70312];175.0;501.0;218.0;458.0
WirmachenMusik-108177.jpeg;M;M;Albert_Lippert;[457.63678 172.30798 492.3825  218.58789];175.0;501.0;218.0;458.0
WirmachenMusik-108177.jpeg;M;M;Albert_Lippert;[195.33589 156.27496 231.67203 213.70305];175.0;501.0;218.0;458.0
WirmachenMusik-108427.jpeg;M;M;Heinz_Salfner;[361.13773 136.43478 407.76898 206.44153];154.0;465.0;190.0;429.0
WirmachenMusik-108427.jpeg;M;M;Heinz_Salfner;[430.45322 152.41504 460.42093 192.5245 ];154.0;465.0;190.0;429.0
WirmachenMusik-108427.jpeg;F;M;Heinz_Salfner;[581.15173 152.81232 611.4561  199.09071];154.0;465.0;190.0;429.0
WirmachenMusik-108594.jpeg;F;F;Lisa_Helwig;[178.90277 214.27701 236.78656 291.27548];246.0;411.0;308.0;349.0
WirmachenMusik-108594.jpeg;F;F;Edith_Oss;[178.90277 214.27701 236.78656 291.27548];84.0;347.0;127.0;304.0
WirmachenMusik-108594.jpeg;F;F;Lisa_Helwig;[355.12268 237.67694 415.58768 312.95102];246.0;411.0;308.0;349.0
WirmachenMusik-108594.jpeg;F;F;Edith_Oss;[355.12268 237.67694 415.58768 312.95102];84.0;347.0;127.0;304.0
WirmachenMusik-108594.jpeg;M;F;Lisa_Helwig;[ 68.77405 379.48297 141.44962 464.75235];246.0;411.0;308.0;349.0
WirmachenMusik-108594.jpeg;M;F;Edith_Oss;[ 68.77405 379.48297 141.44962 464.75235];84.0;347.0;127.0;304.0
WirmachenMusik-108594.jpeg;M;F;Lisa_Helwig;[385.4528  171.4882  441.87964 241.83559];246.0;411.0;308.0;349.0
WirmachenMusik-108594.jpeg;M;F;Edith_Oss;[385.4528  171.4882  441.87964 241.83559];84.0;347.0;127.0;304.0
WirmachenMusik-108594.jpeg;M;F;Lisa_Helwig;[426.51242  66.41321 479.37674 128.36404];246.0;411.0;308.0;349.0
WirmachenMusik-108594.jpeg;M;F;Edith_Oss;[426.51242  66.41321 479.37674 128.36404];84.0;347.0;127.0;304.0
WirmachenMusik-108594.jpeg;M;F;Lisa_Helwig;[187.15933  62.84892 235.93015 123.17868];246.0;411.0;308.0;349.0
WirmachenMusik-108594.jpeg;M;F;Edith_Oss;[187.15933  62.84892 235.93015 123.17868];84.0;347.0;127.0;304.0
WirmachenMusik-108594.jpeg;M;F;Lisa_Helwig;[ 59.82223 119.98259 115.90584 190.84894];246.0;411.0;308.0;349.0
WirmachenMusik-108594.jpeg;M;F;Edith_Oss;[ 59.82223 119.98259 115.90584 190.84894];84.0;347.0;127.0;304.0
WirmachenMusik-108594.jpeg;M;F;Lisa_Helwig;[305.30643   76.153046 347.4585   132.02269 ];246.0;411.0;308.0;349.0
WirmachenMusik-108594.jpeg;M;F;Edith_Oss;[305.30643   76.153046 347.4585   132.02269 ];84.0;347.0;127.0;304.0
WirmachenMusik-108594.jpeg;M;F;Lisa_Helwig;[343.46927 354.5534  420.41684 451.96362];246.0;411.0;308.0;349.0
WirmachenMusik-108594.jpeg;M;F;Edith_Oss;[343.46927 354.5534  420.41684 451.96362];84.0;347.0;127.0;304.0
WirmachenMusik-108594.jpeg;M;F;Lisa_Helwig;[228.38126   16.648136 267.45697   65.94927 ];246.0;411.0;308.0;349.0
WirmachenMusik-108594.jpeg;M;F;Edith_Oss;[228.38126   16.648136 267.45697   65.94927 ];84.0;347.0;127.0;304.0
WirmachenMusik-108594.jpeg;M;F;Lisa_Helwig;[57.449112  2.345314 95.30892  47.545273];246.0;411.0;308.0;349.0
WirmachenMusik-108594.jpeg;M;F;Edith_Oss;[57.449112  2.345314 95.30892  47.545273];84.0;347.0;127.0;304.0
WirmachenMusik-108594.jpeg;M;F;Lisa_Helwig;[188.86304 154.20015 246.68591 219.9402 ];246.0;411.0;308.0;349.0
WirmachenMusik-108594.jpeg;M;F;Edith_Oss;[188.86304 154.20015 246.68591 219.9402 ];84.0;347.0;127.0;304.0
WirmachenMusik-108594.jpeg;M;F;Lisa_Helwig;[ 14.495583  80.05505   58.500412 132.37587 ];246.0;411.0;308.0;349.0
WirmachenMusik-108594.jpeg;M;F;Edith_Oss;[ 14.495583  80.05505   58.500412 132.37587 ];84.0;347.0;127.0;304.0
WirmachenMusik-108594.jpeg;M;F;Lisa_Helwig;[335.3307    25.845697 375.32147   71.19301 ];246.0;411.0;308.0;349.0
WirmachenMusik-108594.jpeg;M;F;Edith_Oss;[335.3307    25.845697 375.32147   71.19301 ];84.0;347.0;127.0;304.0
WirmachenMusik-108594.jpeg;F;F;Lisa_Helwig;[466.47244    -3.4067135 510.82074    51.510193 ];246.0;411.0;308.0;349.0
WirmachenMusik-108594.jpeg;F;F;Edith_Oss;[466.47244    -3.4067135 510.82074    51.510193 ];84.0;347.0;127.0;304.0
WirmachenMusik-108594.jpeg;M;F;Lisa_Helwig;[269.93604   -4.771572 299.6777    30.243462];246.0;411.0;308.0;349.0
WirmachenMusik-108594.jpeg;M;F;Edith_Oss;[269.93604   -4.771572 299.6777    30.243462];84.0;347.0;127.0;304.0
WirmachenMusik-108594.jpeg;M;F;Lisa_Helwig;[-0.42522812 -6.564871   26.642813   32.466694  ];246.0;411.0;308.0;349.0
WirmachenMusik-108594.jpeg;M;F;Edith_Oss;[-0.42522812 -6.564871   26.642813   32.466694  ];84.0;347.0;127.0;304.0
WirmachenMusik-115772.jpeg;F;F;Ilse_Werner;[140.4281  122.91715 219.18164 267.9611 ];152.0;235.0;259.0;127.0
WirmachenMusik-117941.jpeg;F;F;Brigitte_Horney;[295.60388 134.34306 352.94824 214.71461];149.0;349.0;211.0;287.0
WirmachenMusik-117941.jpeg;M;F;Brigitte_Horney;[409.8296   61.91578 483.37564 191.68762];149.0;349.0;211.0;287.0
WirmachenMusik-117941.jpeg;M;F;Brigitte_Horney;[227.24277   79.494995 272.26685  191.0981  ];149.0;349.0;211.0;287.0
WirmachenMusik-121403.jpeg;M;M;Georg_Thomalla;[ 34.866135 199.16504  167.87854  369.34845 ];225.0;167.0;354.0;38.0
WirmachenMusik-121403.jpeg;M;M;Georg_Thomalla;[469.07355 223.97041 592.6117  374.86646];225.0;167.0;354.0;38.0
WirmachenMusik-123053.jpeg;M;F;Inge_List;[260.08807  98.6583  338.24176 217.2917 ];116.0;245.0;206.0;155.0
WirmachenMusik-123053.jpeg;F;F;Inge_List;[169.3764   98.25061 243.73795 210.46107];116.0;245.0;206.0;155.0
WirmachenMusik-123053.jpeg;M;F;Inge_List;[  3.0426388 183.33116    33.640915  227.54082  ];116.0;245.0;206.0;155.0
WirmachenMusik-130160.jpeg;M;F;Edith_Oss;[271.8143  115.48425 346.5227  219.90585];138.0;361.0;213.0;287.0
WirmachenMusik-130160.jpeg;M;F;Edith_Oss;[358.02377  89.029   418.71014 209.4415 ];138.0;361.0;213.0;287.0
WirmachenMusik-14481.jpeg;M;M;Georg_Thomalla;[ 50.57671 147.20483 139.0413  267.80304];176.0;135.0;265.0;46.0
WirmachenMusik-14481.jpeg;M;M;Georg_Thomalla;[416.0707   80.52204 461.12155 141.33034];176.0;135.0;265.0;46.0
WirmachenMusik-14481.jpeg;F;M;Georg_Thomalla;[536.9746    67.511116 566.3636   110.5315  ];176.0;135.0;265.0;46.0
WirmachenMusik-14481.jpeg;F;M;Georg_Thomalla;[559.5445  167.89883 640.81055 283.3553 ];176.0;135.0;265.0;46.0
WirmachenMusik-14481.jpeg;F;M;Georg_Thomalla;[124.16908   63.264015 153.66908   99.18213 ];176.0;135.0;265.0;46.0
WirmachenMusik-14481.jpeg;M;M;Georg_Thomalla;[309.93683 143.68741 393.5441  258.1195 ];176.0;135.0;265.0;46.0
WirmachenMusik-14481.jpeg;F;M;Georg_Thomalla;[387.53253   71.693245 416.69058  108.43548 ];176.0;135.0;265.0;46.0
WirmachenMusik-14481.jpeg;M;M;Georg_Thomalla;[246.63672  91.75275 289.39108 143.20766];176.0;135.0;265.0;46.0
WirmachenMusik-14481.jpeg;F;M;Georg_Thomalla;[488.69897   47.429977 512.8773    77.618546];176.0;135.0;265.0;46.0
WirmachenMusik-14481.jpeg;M;M;Georg_Thomalla;[37.984264 56.046852 65.52832  93.031296];176.0;135.0;265.0;46.0
WirmachenMusik-14481.jpeg;F;M;Georg_Thomalla;[221.13005   34.719566 242.04543   62.208313];176.0;135.0;265.0;46.0
WirmachenMusik-14481.jpeg;F;M;Georg_Thomalla;[610.49756   96.031876 653.85     150.651   ];176.0;135.0;265.0;46.0
WirmachenMusik-14591.jpeg;M;F;Dorit_Kreysler;[306.42322 135.1413  393.5607  250.2763 ];103.0;304.0;146.0;261.0
WirmachenMusik-14591.jpeg;M;F;Dorit_Kreysler;[422.0542   84.35778 467.0896  145.92519];103.0;304.0;146.0;261.0
WirmachenMusik-14591.jpeg;F;F;Dorit_Kreysler;[489.73892   50.142834 515.52466   82.17627 ];103.0;304.0;146.0;261.0
WirmachenMusik-14591.jpeg;M;F;Dorit_Kreysler;[34.02147  54.375725 63.877415 92.81718 ];103.0;304.0;146.0;261.0
WirmachenMusik-14591.jpeg;F;F;Dorit_Kreysler;[535.19476   77.514046 566.69806  122.531624];103.0;304.0;146.0;261.0
WirmachenMusik-14591.jpeg;M;F;Dorit_Kreysler;[214.18137  39.32724 235.99454  69.82942];103.0;304.0;146.0;261.0
WirmachenMusik-14591.jpeg;F;F;Dorit_Kreysler;[160.03146   46.639877 179.83911   74.66094 ];103.0;304.0;146.0;261.0
WirmachenMusik-14591.jpeg;M;F;Dorit_Kreysler;[ 95.12149 136.96724 179.42432 242.82373];103.0;304.0;146.0;261.0
WirmachenMusik-14591.jpeg;M;F;Dorit_Kreysler;[379.53683  91.11215 413.2655  129.569  ];103.0;304.0;146.0;261.0
WirmachenMusik-14591.jpeg;F;F;Dorit_Kreysler;[117.245316  63.548424 144.84619   99.49377 ];103.0;304.0;146.0;261.0
WirmachenMusik-14591.jpeg;F;F;Dorit_Kreysler;[260.41464  97.75184 301.52258 149.22841];103.0;304.0;146.0;261.0
WirmachenMusik-14591.jpeg;M;F;Dorit_Kreysler;[569.58136 166.45404 638.36115 269.73743];103.0;304.0;146.0;261.0
WirmachenMusik-14591.jpeg;M;F;Dorit_Kreysler;[607.2406   86.72034 646.9466  141.1261 ];103.0;304.0;146.0;261.0
WirmachenMusik-16474.jpeg;M;F;Edith_Oss;[444.08826 304.43936 475.51096 343.72345];216.0;524.0;305.0;434.0
WirmachenMusik-16474.jpeg;F;F;Edith_Oss;[467.07724 206.19687 529.9125  307.17804];216.0;524.0;305.0;434.0
WirmachenMusik-16474.jpeg;M;F;Edith_Oss;[290.8803  150.19968 376.36755 256.2794 ];216.0;524.0;305.0;434.0
WirmachenMusik-16474.jpeg;M;F;Edith_Oss;[387.7868  246.32047 431.43713 312.13632];216.0;524.0;305.0;434.0
WirmachenMusik-18992.jpeg;M;F;Hilde_Sessak;[229.45586 178.55435 294.22223 269.09048];246.0;577.0;320.0;502.0
WirmachenMusik-18992.jpeg;F;F;Hilde_Sessak;[512.6493  230.15984 576.4477  311.57367];246.0;577.0;320.0;502.0
WirmachenMusik-18992.jpeg;M;F;Hilde_Sessak;[380.7777   83.84508 437.31042 159.12311];246.0;577.0;320.0;502.0
WirmachenMusik-18992.jpeg;M;F;Hilde_Sessak;[ 67.10893 247.64008 113.12403 300.6486 ];246.0;577.0;320.0;502.0
WirmachenMusik-18992.jpeg;M;F;Hilde_Sessak;[125.34152 220.87677 162.06387 268.38684];246.0;577.0;320.0;502.0
WirmachenMusik-18992.jpeg;M;F;Hilde_Sessak;[174.17389 191.41878 197.00055 219.56404];246.0;577.0;320.0;502.0
WirmachenMusik-18992.jpeg;M;F;Hilde_Sessak;[ 37.689728 138.97652   54.196335 160.05666 ];246.0;577.0;320.0;502.0
WirmachenMusik-19367.jpeg;F;F;Grethe_Weiser;[444.05405 223.33557 511.78598 308.31903];229.0;502.0;304.0;428.0
WirmachenMusik-19367.jpeg;M;F;Grethe_Weiser;[222.76424 195.19916 293.01663 295.82867];229.0;502.0;304.0;428.0
WirmachenMusik-19367.jpeg;M;F;Grethe_Weiser;[189.73083 118.81424 223.68391 165.90645];229.0;502.0;304.0;428.0
WirmachenMusik-19367.jpeg;M;F;Grethe_Weiser;[289.36404 236.75179 318.3285  277.26505];229.0;502.0;304.0;428.0
WirmachenMusik-19367.jpeg;M;F;Grethe_Weiser;[ 77.84729 247.26477 123.54998 299.624  ];229.0;502.0;304.0;428.0
WirmachenMusik-19367.jpeg;M;F;Grethe_Weiser;[129.61244 220.78033 163.42607 267.1723 ];229.0;502.0;304.0;428.0
WirmachenMusik-19367.jpeg;M;F;Grethe_Weiser;[ 70.78906  137.21457  101.840065 174.56229 ];229.0;502.0;304.0;428.0
WirmachenMusik-19367.jpeg;M;F;Grethe_Weiser;[-27.30109 196.91312  40.98342 304.10828];229.0;502.0;304.0;428.0
WirmachenMusik-19367.jpeg;M;F;Grethe_Weiser;[122.42151 145.84398 150.0669  178.84683];229.0;502.0;304.0;428.0
WirmachenMusik-23279.jpeg;F;F;Anneliese_Uhlig;[407.38812 104.01194 510.26038 241.73904];88.0;378.0;163.0;303.0
WirmachenMusik-23279.jpeg;F;F;Anneliese_Uhlig;[315.258    74.66316 377.99277 163.0926 ];88.0;378.0;163.0;303.0
WirmachenMusik-23279.jpeg;M;F;Anneliese_Uhlig;[196.19186 211.74307 241.04453 273.70798];88.0;378.0;163.0;303.0
WirmachenMusik-23448.jpeg;M;F;Grethe_Weiser;[418.87003 193.12704 486.46234 281.64154];204.0;486.0;279.0;411.0
WirmachenMusik-23448.jpeg;M;F;Grethe_Weiser;[364.48352 199.19576 394.4833  238.10931];204.0;486.0;279.0;411.0
WirmachenMusik-23448.jpeg;M;F;Grethe_Weiser;[324.8804  194.8233  366.71704 254.43655];204.0;486.0;279.0;411.0
WirmachenMusik-23448.jpeg;M;F;Grethe_Weiser;[147.25531 150.56529 222.35518 251.05545];204.0;486.0;279.0;411.0
WirmachenMusik-23448.jpeg;M;F;Grethe_Weiser;[273.89597 202.74892 302.09042 241.07144];204.0;486.0;279.0;411.0
WirmachenMusik-23448.jpeg;M;F;Grethe_Weiser;[103.583435 203.29272  148.73178  257.86954 ];204.0;486.0;279.0;411.0
WirmachenMusik-23448.jpeg;F;F;Grethe_Weiser;[548.28436 211.59094 581.3354  251.80795];204.0;486.0;279.0;411.0
WirmachenMusik-24570.jpeg;F;F;Inge_List;[412.0884  202.20557 474.25925 288.3744 ];206.0;361.0;242.0;325.0
WirmachenMusik-24570.jpeg;M;F;Inge_List;[263.15082 205.59892 292.69226 247.52586];206.0;361.0;242.0;325.0
WirmachenMusik-24570.jpeg;F;F;Inge_List;[335.11588 204.97113 362.45267 244.908  ];206.0;361.0;242.0;325.0
WirmachenMusik-24570.jpeg;M;F;Inge_List;[176.85179 195.7846  256.27838 292.6249 ];206.0;361.0;242.0;325.0
WirmachenMusik-31352.jpeg;M;F;Edith_Oss;[243.88783   55.215485 341.2602   190.36514 ];80.0;354.0;187.0;247.0
WirmachenMusik-33147.jpeg;M;F;Edith_Oss;[278.56152  98.55659 359.83823 205.53928];104.0;390.0;211.0;282.0
WirmachenMusik-34578.jpeg;F;F;Edith_Oss;[155.41844 170.67282 242.69023 291.35913];175.0;282.0;283.0;175.0
WirmachenMusik-34578.jpeg;M;F;Edith_Oss;[371.4175    62.451256 446.1163   221.3428  ];175.0;282.0;283.0;175.0
WirmachenMusik-40076.jpeg;F;F;Marianne_Simson;[148.9816  116.05623 228.24028 231.84938];136.0;235.0;226.0;145.0
WirmachenMusik-40076.jpeg;F;F;Marianne_Simson;[315.91208 116.04477 391.5066  223.28983];136.0;235.0;226.0;145.0
WirmachenMusik-40076.jpeg;F;F;Marianne_Simson;[531.97284 129.50896 574.95197 185.7628 ];136.0;235.0;226.0;145.0
WirmachenMusik-42415.jpeg;F;F;Ilse_Werner;[255.52559   67.954895 326.7986   180.93561 ];86.0;344.0;176.0;255.0
WirmachenMusik-44006.jpeg;F;F;Edith_Oss;[369.32983 190.3414  445.79608 271.13046];204.0;444.0;279.0;370.0
WirmachenMusik-46423.jpeg;F;F;Edith_Oss;[292.82703 165.17966 353.8644  251.93307];171.0;370.0;246.0;295.0
WirmachenMusik-46598.jpeg;F;F;Edith_Oss;[345.6636  156.87512 404.79785 239.9633 ];163.0;419.0;237.0;345.0
WirmachenMusik-48017.jpeg;M;F;Ilse_Werner;[209.4824    30.341255 337.35315  215.40182 ];47.0;339.0;202.0;184.0
WirmachenMusik-49017.jpeg;F;F;Ilse_Werner;[186.16776 111.44147 274.45203 240.04736];128.0;270.0;235.0;163.0
WirmachenMusik-49017.jpeg;M;F;Ilse_Werner;[384.24796  110.557434 470.44153  251.7938  ];128.0;270.0;235.0;163.0
WirmachenMusik-58364.jpeg;F;F;Hilde_Sessak;[222.84578  101.381836 285.541    183.27847 ];105.0;278.0;179.0;204.0
WirmachenMusik-60503.jpeg;M;F;Ilse_Werner;[353.43365  98.47985 454.9165  240.02774];128.0;462.0;235.0;354.0
WirmachenMusik-64039.jpeg;F;F;Ilse_Werner;[256.33017 117.00713 369.09436 279.12296];153.0;368.0;282.0;239.0
WirmachenMusik-74210.jpeg;M;F;Edith_Oss;[360.91077 219.3611  393.47174 262.6058 ];226.0;389.0;262.0;353.0
WirmachenMusik-8000.jpeg;M;F;Grethe_Weiser;[144.8597  145.28896 221.11841 250.35562];105.0;511.0;179.0;436.0
WirmachenMusik-8000.jpeg;F;F;Grethe_Weiser;[436.16522  78.27124 515.7995  179.51828];105.0;511.0;179.0;436.0
WirmachenMusik-80634.jpeg;F;F;Edith_Oss;[317.3017  140.47311 361.45258 200.75626];147.0;366.0;199.0;314.0
WirmachenMusik-80634.jpeg;M;F;Edith_Oss;[ 90.857895  66.912704 140.7601   134.22534 ];147.0;366.0;199.0;314.0
WirmachenMusik-80933.jpeg;M;M;Fritz_Odemar;[438.733    88.25724 485.2555  149.83366];87.0;183.0;149.0;121.0
WirmachenMusik-80933.jpeg;M;M;Fritz_Odemar;[122.749825  83.02055  172.99384  145.34772 ];87.0;183.0;149.0;121.0
WirmachenMusik-8282.jpeg;M;F;Grethe_Weiser;[418.35132 104.01955 494.1483  203.7674 ];130.0;494.0;204.0;419.0
WirmachenMusik-8282.jpeg;M;F;Grethe_Weiser;[149.2695  184.42044 223.09851 284.43387];130.0;494.0;204.0;419.0
WirmachenMusik-8501.jpeg;M;F;Grethe_Weiser;[439.59995 107.4022  518.49927 204.80322];116.0;534.0;206.0;444.0
WirmachenMusik-8501.jpeg;M;F;Grethe_Weiser;[149.33374 171.58994 226.97112 275.57034];116.0;534.0;206.0;444.0
WirmachenMusik-8689.jpeg;M;M;Kurt_Seifert;[250.74681   49.862934 339.22205  173.36272 ];68.0;342.0;175.0;235.0
WirmachenMusik-88972.jpeg;M;M;Hans_Holt;[303.91858   73.952286 374.08636  176.43047 ];86.0;394.0;176.0;305.0
WirmachenMusik-91227.jpeg;M;F;Marianne_Simson;[362.56845 140.4407  419.47656 218.85382];135.0;280.0;198.0;218.0
WirmachenMusik-91227.jpeg;F;F;Marianne_Simson;[230.71735 131.90106 280.63312 198.77899];135.0;280.0;198.0;218.0
WirmachenMusik-91227.jpeg;F;F;Marianne_Simson;[447.4915    52.258804 477.50348   91.25379 ];135.0;280.0;198.0;218.0
WirmachenMusik-91227.jpeg;F;F;Marianne_Simson;[177.02422  75.10585 206.54636 113.81974];135.0;280.0;198.0;218.0
WirmachenMusik-91227.jpeg;M;F;Marianne_Simson;[  7.072693 174.76596   67.42592  255.90645 ];135.0;280.0;198.0;218.0
WirmachenMusik-91227.jpeg;M;F;Marianne_Simson;[ 93.44922 192.24774 167.19785 286.1054 ];135.0;280.0;198.0;218.0
WirmachenMusik-91227.jpeg;M;F;Marianne_Simson;[306.1944   44.90558 330.69412  74.2612 ];135.0;280.0;198.0;218.0
WirmachenMusik-91227.jpeg;M;F;Marianne_Simson;[534.55804 163.60825 586.598   236.86758];135.0;280.0;198.0;218.0
WirmachenMusik-91227.jpeg;M;F;Marianne_Simson;[333.97186   63.095955 361.3809    95.06262 ];135.0;280.0;198.0;218.0
WirmachenMusik-91227.jpeg;M;F;Marianne_Simson;[ 33.848156  91.650986  66.245125 134.93283 ];135.0;280.0;198.0;218.0
WirmachenMusik-91227.jpeg;F;F;Marianne_Simson;[405.11615  88.18008 444.7669  133.89537];135.0;280.0;198.0;218.0
WirmachenMusik-91227.jpeg;M;F;Marianne_Simson;[ 65.418495 114.447014 108.3821   177.56009 ];135.0;280.0;198.0;218.0
WirmachenMusik-91227.jpeg;F;F;Marianne_Simson;[ 98.548996  44.513336 120.57501   73.672714];135.0;280.0;198.0;218.0
WirmachenMusik-91227.jpeg;M;F;Marianne_Simson;[567.6699    48.385788 604.60376   93.70744 ];135.0;280.0;198.0;218.0
WirmachenMusik-91227.jpeg;F;F;Marianne_Simson;[388.72266   23.196825 414.79663   55.535145];135.0;280.0;198.0;218.0
WirmachenMusik-91227.jpeg;F;F;Marianne_Simson;[134.06665   34.636826 153.4288    59.607727];135.0;280.0;198.0;218.0
WirmachenMusik-91227.jpeg;M;F;Marianne_Simson;[360.96872   39.947914 381.83115   65.23456 ];135.0;280.0;198.0;218.0
WirmachenMusik-91227.jpeg;M;F;Marianne_Simson;[471.02017  101.181656 506.95215  156.87555 ];135.0;280.0;198.0;218.0
WirmachenMusik-91227.jpeg;M;F;Marianne_Simson;[508.08527   42.969395 535.2366    76.323524];135.0;280.0;198.0;218.0
WirmachenMusik-91227.jpeg;M;F;Marianne_Simson;[525.2915   75.15025 563.0498  127.20126];135.0;280.0;198.0;218.0
WirmachenMusik-91227.jpeg;F;F;Marianne_Simson;[158.69017   40.587944 182.44052   72.29901 ];135.0;280.0;198.0;218.0
WirmachenMusik-91227.jpeg;M;F;Marianne_Simson;[260.48862  67.12941 291.97873 106.53551];135.0;280.0;198.0;218.0
WirmachenMusik-91227.jpeg;F;F;Marianne_Simson;[476.78375   32.890324 498.46973   59.704185];135.0;280.0;198.0;218.0
WirmachenMusik-91227.jpeg;F;F;Marianne_Simson;[556.9258  206.78435 633.88153 316.48874];135.0;280.0;198.0;218.0
WirmachenMusik-91227.jpeg;M;F;Marianne_Simson;[286.27682   34.455826 305.39703   58.37834 ];135.0;280.0;198.0;218.0
WirmachenMusik-91227.jpeg;M;F;Marianne_Simson;[136.10164 118.52167 171.1928  165.77054];135.0;280.0;198.0;218.0
WirmachenMusik-91227.jpeg;M;F;Marianne_Simson;[63.252983 48.569527 91.41971  86.01381 ];135.0;280.0;198.0;218.0
WirmachenMusik-91227.jpeg;M;F;Marianne_Simson;[223.45433   24.233437 244.31857   49.180588];135.0;280.0;198.0;218.0
WirmachenMusik-91227.jpeg;M;F;Marianne_Simson;[458.3344    23.006056 475.69147   43.014473];135.0;280.0;198.0;218.0
WirmachenMusik-91227.jpeg;F;F;Marianne_Simson;[244.97672   44.586086 268.04196   75.39612 ];135.0;280.0;198.0;218.0
WirmachenMusik-91227.jpeg;F;F;Marianne_Simson;[533.0184    23.968937 549.3118    45.20186 ];135.0;280.0;198.0;218.0
WirmachenMusik-91227.jpeg;F;F;Marianne_Simson;[406.98245    6.877117 419.5248    22.272572];135.0;280.0;198.0;218.0
WirmachenMusik-91227.jpeg;F;F;Marianne_Simson;[579.9564    15.474998 594.8207    34.262627];135.0;280.0;198.0;218.0
WirmachenMusik-91227.jpeg;F;F;Marianne_Simson;[312.50345   11.534317 327.90094   29.94806 ];135.0;280.0;198.0;218.0
WirmachenMusik-91227.jpeg;F;F;Marianne_Simson;[433.96686    9.24108  449.1062    27.824543];135.0;280.0;198.0;218.0
WirmachenMusik-92473.jpeg;F;F;Hildegard_Adolphi;[285.6037   95.35441 349.19888 164.013  ];179.0;171.0;254.0;96.0
WirmachenMusik-92473.jpeg;F;F;Hildegard_Adolphi;[542.39325 119.44046 608.68866 203.78082];179.0;171.0;254.0;96.0
WirmachenMusik-92473.jpeg;M;F;Hildegard_Adolphi;[393.91504   55.639782 444.9958   118.70015 ];179.0;171.0;254.0;96.0
WirmachenMusik-92473.jpeg;M;F;Hildegard_Adolphi;[170.39746   49.589474 219.57166  109.59979 ];179.0;171.0;254.0;96.0
WirmachenMusik-92473.jpeg;M;F;Hildegard_Adolphi;[ 60.363026  72.531845 121.879524 146.74652 ];179.0;171.0;254.0;96.0
WirmachenMusik-92473.jpeg;M;F;Hildegard_Adolphi;[592.0712    59.732307 641.1783   123.49754 ];179.0;171.0;254.0;96.0
WirmachenMusik-92473.jpeg;M;F;Hildegard_Adolphi;[401.972    71.48079 507.10068 212.88997];179.0;171.0;254.0;96.0
WirmachenMusik-92473.jpeg;M;F;Hildegard_Adolphi;[231.62357   41.268703 266.73346   85.435394];179.0;171.0;254.0;96.0
WirmachenMusik-92473.jpeg;M;F;Hildegard_Adolphi;[101.85675 156.18631 181.78763 261.77075];179.0;171.0;254.0;96.0
WirmachenMusik-92473.jpeg;M;F;Hildegard_Adolphi;[537.63043   32.08621  572.75104   75.984985];179.0;171.0;254.0;96.0
WirmachenMusik-92473.jpeg;M;F;Hildegard_Adolphi;[288.14206   39.448807 335.04642   96.54478 ];179.0;171.0;254.0;96.0
WirmachenMusik-92473.jpeg;F;F;Hildegard_Adolphi;[183.68614   24.381279 209.86539   55.284416];179.0;171.0;254.0;96.0
WirmachenMusik-9352.jpeg;M;F;Hilde_Hildebrand;[384.0758   37.43222 446.38977 108.32875];191.0;626.0;253.0;563.0
WirmachenMusik-9352.jpeg;F;F;Hilde_Hildebrand;[574.5219  189.24486 624.2335  250.77924];191.0;626.0;253.0;563.0
WirmachenMusik-9352.jpeg;M;F;Hilde_Hildebrand;[269.55215  52.39025 330.03064 114.4282 ];191.0;626.0;253.0;563.0
