frame_name;position;guessed_gender;actor;gender;top;right;bottom;left
50_50 (2011)-102240.jpeg;[379.38464 130.39194 487.19144 275.31555];F;Anjelica_Huston;F;1390;4830;2680;3540
50_50 (2011)-102240.jpeg;[ 54.49879  74.84046 150.93405 198.78925];M;Anjelica_Huston;F;1390;4830;2680;3540
50_50 (2011)-102521.jpeg;[423.28732  72.28007 521.929   202.4321 ];F;Anjelica_Huston;F;920;5330;1990;4260
50_50 (2011)-102521.jpeg;[ 89.501465  63.528442 200.81932  207.87671 ];M;Anjelica_Huston;F;920;5330;1990;4260
50_50 (2011)-104578.jpeg;[131.711     93.974915 204.96802  186.90446 ];M;Anjelica_Huston;F;960;5140;1860;4240
50_50 (2011)-104578.jpeg;[420.15347  82.10785 497.11716 185.16069];F;Anjelica_Huston;F;960;5140;1860;4240
50_50 (2011)-104828.jpeg;[447.0964   106.173386 534.2558   216.27332 ];F;Anjelica_Huston;F;1260;5340;2160;4440
50_50 (2011)-104828.jpeg;[141.6443   93.89902 219.2704  193.8054 ];M;Anjelica_Huston;F;1260;5340;2160;4440
50_50 (2011)-105328.jpeg;[461.14694 111.29052 566.5417  226.10902];F;Anjelica_Huston;F;1360;5540;2260;4640
50_50 (2011)-105328.jpeg;[120.502884  80.37161  204.65321  190.91336 ];M;Anjelica_Huston;F;1360;5540;2260;4640
50_50 (2011)-105578.jpeg;[100.31764  79.50224 188.53427 199.92163];M;Anjelica_Huston;F;1280;5690;2350;4620
50_50 (2011)-105578.jpeg;[469.1325  110.77663 573.975   233.98792];F;Anjelica_Huston;F;1280;5690;2350;4620
50_50 (2011)-128692.jpeg;[295.33307  77.97973 436.90076 276.06384];F;Anjelica_Huston;F;1160;4420;2700;2870
50_50 (2011)-128692.jpeg;[110.930016  51.02738  224.14177  206.09088 ];M;Anjelica_Huston;F;1160;4420;2700;2870
50_50 (2011)-129939.jpeg;[182.67668  61.91062 321.0328  252.89612];F;Anjelica_Huston;F;810;3390;2360;1840
50_50 (2011)-129939.jpeg;[487.65045  68.57903 593.39185 291.83884];M;Anjelica_Huston;F;810;3390;2360;1840
50_50 (2011)-130721.jpeg;[436.63647   22.045105 520.4701   142.1569  ];M;Anjelica_Huston;F;1390;2680;2680;1390
50_50 (2011)-130721.jpeg;[153.75677 115.53265 267.05243 260.48468];F;Anjelica_Huston;F;1390;2680;2680;1390
50_50 (2011)-13477.jpeg;[152.19373  83.92518 314.14227 308.15988];M;Joseph_Gordon_Levitt;M;1180;3240;3040;1390
50_50 (2011)-136479.jpeg;[164.78624  65.4619  310.51633 273.58472];F;Anna_Kendrick;F;1160;3220;2700;1670
50_50 (2011)-137262.jpeg;[ 96.54005  -34.708893 292.23233  240.17021 ];F;Anna_Kendrick;F;190;3150;2420;920
50_50 (2011)-137339.jpeg;[291.35687  -17.416702 532.28955  319.6883  ];M;Joseph_Gordon_Levitt;M;430;5130;2660;2910
50_50 (2011)-17352.jpeg;[333.03857  60.30435 482.5807  262.35162];M;Joseph_Gordon_Levitt;M;980;4760;2530;3220
50_50 (2011)-18453.jpeg;[258.89948  30.15284 409.65988 235.09262];M;Joseph_Gordon_Levitt;M;810;4080;2360;2530
50_50 (2011)-19195.jpeg;[334.3344    35.047287 500.38647  254.90251 ];M;Joseph_Gordon_Levitt;M;770;5100;2630;3240
50_50 (2011)-21109.jpeg;[ 97.78235  45.34449 188.59488 169.78908];F;Anjelica_Huston;F;680;1990;1750;910
50_50 (2011)-21109.jpeg;[327.51273   41.092743 415.14893  164.20055 ];M;Anjelica_Huston;F;680;1990;1750;910
50_50 (2011)-21109.jpeg;[498.4034   83.57027 570.7823  190.76729];M;Anjelica_Huston;F;680;1990;1750;910
50_50 (2011)-21675.jpeg;[345.5503   58.79227 425.5948  169.25287];F;Anjelica_Huston;F;760;4240;1660;3350
50_50 (2011)-22147.jpeg;[336.87665   40.224747 477.50177  221.78114 ];F;Anjelica_Huston;F;820;4680;2110;3390
50_50 (2011)-22393.jpeg;[350.42853  79.87731 474.1225  253.15369];F;Anjelica_Huston;F;1160;4940;2700;3390
50_50 (2011)-22393.jpeg;[  4.62014   60.496765 179.9273   342.68738 ];M;Anjelica_Huston;F;1160;4940;2700;3390
50_50 (2011)-22778.jpeg;[377.59622  80.87706 501.80817 258.60608];F;Anjelica_Huston;F;1250;4970;2540;3680
50_50 (2011)-22896.jpeg;[187.2742    64.220375 320.24796  246.91226 ];M;Joseph_Gordon_Levitt;M;810;3220;2360;1670
50_50 (2011)-23162.jpeg;[381.75418   52.913578 463.116    166.07928 ];F;Anjelica_Huston;F;760;4640;1660;3740
50_50 (2011)-23236.jpeg;[381.4104    52.773884 462.3714   167.95834 ];F;Anjelica_Huston;F;560;4620;1630;3540
50_50 (2011)-23398.jpeg;[352.48636  71.5086  435.0279  185.1219 ];F;Anjelica_Huston;F;960;4340;1860;3440
50_50 (2011)-23398.jpeg;[128.5636    59.343422 211.645    223.66455 ];F;Anjelica_Huston;F;960;4340;1860;3440
50_50 (2011)-23605.jpeg;[384.9666   73.01311 504.21335 231.16068];F;Anjelica_Huston;F;960;5110;2250;3820
50_50 (2011)-23810.jpeg;[389.3373    54.805767 471.57327  171.25848 ];F;Anjelica_Huston;F;680;4740;1750;3660
50_50 (2011)-27711.jpeg;[215.66174   48.534893 297.24063  154.9511  ];F;Anna_Kendrick;F;660;3050;1560;2150
50_50 (2011)-29592.jpeg;[166.73917 112.5442  293.4452  270.04718];F;Anna_Kendrick;F;1390;2960;2680;1670
50_50 (2011)-29870.jpeg;[106.7603    55.858086 209.43813  190.62788 ];F;Anna_Kendrick;F;800;2230;1870;1150
50_50 (2011)-31054.jpeg;[315.24817  42.32087 419.0607  187.7974 ];M;Joseph_Gordon_Levitt;M;800;4260;1870;3180
50_50 (2011)-31054.jpeg;[160.31302 114.00769 253.1344  242.6889 ];F;Joseph_Gordon_Levitt;M;800;4260;1870;3180
50_50 (2011)-31281.jpeg;[356.58282   55.877502 458.73007  198.60826 ];M;Joseph_Gordon_Levitt;M;920;4620;1990;3540
50_50 (2011)-31281.jpeg;[143.76068 119.97089 230.11995 240.42072];F;Joseph_Gordon_Levitt;M;920;4620;1990;3540
50_50 (2011)-33476.jpeg;[298.47372   47.823296 389.5492   172.6708  ];M;Joseph_Gordon_Levitt;M;760;3840;1660;2950
50_50 (2011)-45577.jpeg;[296.30878  78.55799 438.43536 275.91977];M;Joseph_Gordon_Levitt;M;1160;4420;2700;2870
50_50 (2011)-45577.jpeg;[141.29456   70.066605 228.79245  197.11386 ];M;Joseph_Gordon_Levitt;M;1160;4420;2700;2870
50_50 (2011)-47121.jpeg;[315.83862   40.720825 478.8743   283.3061  ];M;Joseph_Gordon_Levitt;M;770;4890;2630;3040
50_50 (2011)-47121.jpeg;[141.4256    62.014404 243.66858  208.49117 ];M;Joseph_Gordon_Levitt;M;770;4890;2630;3040
50_50 (2011)-51524.jpeg;[407.3606   67.957   488.00616 175.69814];M;Joseph_Gordon_Levitt;M;860;4840;1760;3940
50_50 (2011)-51524.jpeg;[200.1413   64.21822 262.27567 198.49042];M;Joseph_Gordon_Levitt;M;860;4840;1760;3940
50_50 (2011)-52064.jpeg;[284.59192  74.76956 423.09314 255.38614];M;Joseph_Gordon_Levitt;M;980;4250;2530;2700
50_50 (2011)-68775.jpeg;[406.1823   80.51556 485.15594 183.95116];M;Joseph_Gordon_Levitt;M;860;2050;1760;1160
50_50 (2011)-68775.jpeg;[106.463936  71.81506  186.65852  181.3266  ];M;Joseph_Gordon_Levitt;M;860;2050;1760;1160
50_50 (2011)-73994.jpeg;[400.4759   52.03108 470.04385 139.84654];F;Anna_Kendrick;F;630;4780;1380;4030
50_50 (2011)-74420.jpeg;[447.01312   48.488434 515.0271   140.35986 ];F;Anna_Kendrick;F;630;5190;1380;4440
50_50 (2011)-74930.jpeg;[215.08455   68.108406 335.47815  230.55368 ];F;Anna_Kendrick;F;960;3390;2250;2100
50_50 (2011)-80742.jpeg;[374.09283 134.33313 448.69492 240.29764];F;Anna_Kendrick;F;1460;4540;2360;3640
50_50 (2011)-93117.jpeg;[342.124    73.78145 430.23053 181.88531];M;Joseph_Gordon_Levitt;M;860;4240;1760;3350
50_50 (2011)-97648.jpeg;[259.97015  67.9411  315.24274 142.819  ];F;Anna_Kendrick;F;840;3190;1360;2680
50_50 (2011)-99261.jpeg;[241.68787   56.964127 334.5971   175.69528 ];F;Anna_Kendrick;F;760;3350;1660;2450
AmericanFiction-122813.jpeg;[299.14706  30.05297 395.81857 168.1265 ];M;Jeffrey_Wright;M;560;3900;1630;2820
AmericanFiction-122939.jpeg;[274.91388   35.135487 369.2984   164.47205 ];M;Jeffrey_Wright;M;560;3660;1630;2590
AmericanFiction-126443.jpeg;[174.34615  92.60216 229.9697  160.22345];F;Jeffrey_Wright;M;360;3740;1260;2850
AmericanFiction-126443.jpeg;[298.75064   31.102757 372.28796  129.46727 ];M;Jeffrey_Wright;M;360;3740;1260;2850
AmericanFiction-133182.jpeg;[383.81476   33.843716 464.90024  161.89398 ];M;Sterling_K_Brown;M;560;4640;1460;3740
AmericanFiction-133432.jpeg;[369.1359    42.429382 453.13254  162.63983 ];M;Sterling_K_Brown;M;660;4540;1560;3640
AmericanFiction-133868.jpeg;[374.33997   42.791595 458.9566   162.33057 ];M;Sterling_K_Brown;M;660;4540;1560;3640
AmericanFiction-139861.jpeg;[156.92744   20.592499 222.99763  116.76195 ];M;Jeffrey_Wright;M;460;2250;1080;1630
AmericanFiction-140102.jpeg;[173.07704   23.482437 238.30586  120.44126 ];M;Jeffrey_Wright;M;470;2450;1210;1710
AmericanFiction-140242.jpeg;[158.68796   21.565247 223.47214  119.789536];M;Jeffrey_Wright;M;470;2290;1210;1540
AmericanFiction-14195.jpeg;[162.6927   38.77185 240.54951 141.6551 ];M;Jeffrey_Wright;M;460;2550;1360;1650
AmericanFiction-141999.jpeg;[259.23557   29.268639 388.90173  233.85304 ];M;Jeffrey_Wright;M;810;4080;2360;2530
AmericanFiction-142728.jpeg;[179.8916    23.467129 244.70908  119.900635];M;Jeffrey_Wright;M;470;2540;1210;1790
AmericanFiction-142872.jpeg;[141.7492    22.5452   210.22116  123.894806];M;Jeffrey_Wright;M;470;2200;1210;1460
AmericanFiction-143171.jpeg;[150.17642   22.916328 216.4737   116.57597 ];M;Jeffrey_Wright;M;470;2200;1210;1460
AmericanFiction-149280.jpeg;[350.71252  29.21009 412.83102 111.56112];M;Jeffrey_Wright;M;460;4050;1080;3420
AmericanFiction-149280.jpeg;[164.85442 204.68802 240.39182 273.0664 ];M;Jeffrey_Wright;M;460;4050;1080;3420
AmericanFiction-149280.jpeg;[ 72.268234 163.391    103.58914  200.42934 ];M;Jeffrey_Wright;M;460;4050;1080;3420
AmericanFiction-149280.jpeg;[512.22327 127.7442  551.84546 176.59018];M;Jeffrey_Wright;M;460;4050;1080;3420
AmericanFiction-149280.jpeg;[ 92.192566 148.60208  118.91811  180.40314 ];M;Jeffrey_Wright;M;460;4050;1080;3420
AmericanFiction-149657.jpeg;[299.34964  65.24963 363.69476 146.93893];M;Jeffrey_Wright;M;800;3630;1420;3010
AmericanFiction-149657.jpeg;[536.64386 149.9675  561.0407  180.75365];F;Jeffrey_Wright;M;800;3630;1420;3010
AmericanFiction-149657.jpeg;[417.4502  155.61368 445.67838 194.0461 ];M;Jeffrey_Wright;M;800;3630;1420;3010
AmericanFiction-149657.jpeg;[ -1.3458385 136.02083    20.358892  165.80302  ];M;Jeffrey_Wright;M;800;3630;1420;3010
AmericanFiction-149657.jpeg;[432.0596  182.82646 472.2821  232.74942];F;Jeffrey_Wright;M;800;3630;1420;3010
AmericanFiction-149657.jpeg;[ 33.868675 122.57734   49.725243 141.74687 ];M;Jeffrey_Wright;M;800;3630;1420;3010
AmericanFiction-149657.jpeg;[162.87334 131.07355 177.77797 150.14398];M;Jeffrey_Wright;M;800;3630;1420;3010
AmericanFiction-149657.jpeg;[448.4339   116.293175 460.70425  131.59328 ];F;Jeffrey_Wright;M;800;3630;1420;3010
AmericanFiction-149657.jpeg;[486.36542 117.57449 502.76047 140.11736];M;Jeffrey_Wright;M;800;3630;1420;3010
AmericanFiction-149657.jpeg;[189.46098  125.758156 209.12585  150.12492 ];M;Jeffrey_Wright;M;800;3630;1420;3010
AmericanFiction-149657.jpeg;[421.95273 107.27174 431.51556 119.65399];M;Jeffrey_Wright;M;800;3630;1420;3010
AmericanFiction-149657.jpeg;[562.6513  109.06905 572.8626  122.11421];F;Jeffrey_Wright;M;800;3630;1420;3010
AmericanFiction-149657.jpeg;[576.6433  106.85899 587.16016 119.61131];M;Jeffrey_Wright;M;800;3630;1420;3010
AmericanFiction-27927.jpeg;[184.82474   25.970009 262.95172  137.47824 ];M;Jeffrey_Wright;M;460;2750;1360;1850
AmericanFiction-27927.jpeg;[417.73315  16.16151 486.29852 141.26724];M;Jeffrey_Wright;M;460;2750;1360;1850
AmericanFiction-28056.jpeg;[174.38724   31.263557 302.0052   217.11945 ];M;Jeffrey_Wright;M;820;2960;2110;1670
AmericanFiction-48443.jpeg;[151.05797   27.241161 223.71284  131.84152 ];M;Jeffrey_Wright;M;460;2350;1360;1450
AmericanFiction-74664.jpeg;[384.27728   59.890717 474.90308  167.2089  ];M;Jeffrey_Wright;M;680;4740;1750;3660
AmericanFiction-82470.jpeg;[ 96.33467  95.36408 164.25284 180.81862];F;Jeffrey_Wright;M;240;5540;1530;4250
AmericanFiction-82470.jpeg;[448.2518    14.274506 554.4516   160.17307 ];M;Jeffrey_Wright;M;240;5540;1530;4250
AmericanFiction-87477.jpeg;[173.83334  48.72106 266.51062 181.03183];M;Jeffrey_Wright;M;860;2650;1760;1750
AmericanFiction-87666.jpeg;[471.02118   32.229675 555.52325  142.97528 ];M;Jeffrey_Wright;M;560;5540;1460;4640
AMinecraftMovie-54168.jpeg;[224.65016  73.74703 317.073   190.65962];M;Jack_Black;M;960;3200;1710;2450
AMinecraftMovie-82587.jpeg;[281.1173   72.474   363.4169  174.64497];M;Jack_Black;M;860;3640;1760;2750
AMinecraftMovie-92038.jpeg;[190.48773 102.33411 252.19507 181.68425];M;Jack_Black;M;760;3940;1660;3050
AMinecraftMovie-92038.jpeg;[307.75153  68.58309 403.072   189.84727];M;Jack_Black;M;760;3940;1660;3050
Barbie-53033.jpeg;[310.67413   46.076893 411.75467  195.53253 ];M;Will_Ferrell;M;800;4140;1870;3060
Barbie-58182.jpeg;[349.7613    56.230625 464.0353   202.75035 ];F;Ariana_Greenblatt;F;820;4680;2110;3390
Barbie-58427.jpeg;[322.1434   55.30739 438.0814  200.92078];F;Ariana_Greenblatt;F;670;4400;1960;3110
Barbie-58721.jpeg;[359.59198  55.26643 473.7442  203.74324];F;Ariana_Greenblatt;F;670;4680;1960;3390
Barbie-59447.jpeg;[373.3714    63.039833 488.7688   202.78554 ];F;Ariana_Greenblatt;F;820;4830;2110;3540
Barbie-64118.jpeg;[223.67647   55.242157 342.29147  226.16782 ];F;America_Ferrera;F;820;3540;2110;2250
Barbie-77110.jpeg;[442.97375  -41.212376 634.4717   250.42223 ];F;Ariana_Greenblatt;F;960;2390;2250;1100
Barbie-77110.jpeg;[123.372055  71.96837  244.59592  234.39122 ];F;Ariana_Greenblatt;F;960;2390;2250;1100
Barbie-77533.jpeg;[169.93132   50.482296 290.59305  216.80582 ];F;Ariana_Greenblatt;F;820;2820;2110;1530
Barbie-77533.jpeg;[406.18417  -30.247309 553.5943   225.29483 ];F;Ariana_Greenblatt;F;820;2820;2110;1530
BirdmanorTheUnexpectedVirtueofIgnorance-150203.jpeg;[517.6242    24.171429 598.04956  131.4069  ];M;Zach_Galifianakis;M;470;5850;1210;5110
BirdmanorTheUnexpectedVirtueofIgnorance-22533.jpeg;[203.14113   40.003284 317.08978  200.88052 ];M;Edward_Norton;M;470;3560;2020;2010
BirdmanorTheUnexpectedVirtueofIgnorance-22533.jpeg;[553.7346  -51.24064 706.116   255.27904];M;Edward_Norton;M;470;3560;2020;2010
BirdmanorTheUnexpectedVirtueofIgnorance-23243.jpeg;[233.21196   67.747284 313.8828   186.94977 ];M;Edward_Norton;M;960;3250;1860;2350
BirdmanorTheUnexpectedVirtueofIgnorance-49927.jpeg;[368.8148  211.57439 448.48468 309.6404 ];M;Edward_Norton;M;1180;3150;3410;920
BirdmanorTheUnexpectedVirtueofIgnorance-49927.jpeg;[106.42222   62.963516 288.46756  319.91797 ];M;Edward_Norton;M;1180;3150;3410;920
BirdmanorTheUnexpectedVirtueofIgnorance-49927.jpeg;[526.7599   89.42907 617.6361  267.20215];F;Edward_Norton;M;1180;3150;3410;920
BlackSwan-10487.jpeg;[303.56033   15.284248 436.2227   192.84119 ];F;Natalie_Portman;F;670;4400;1960;3110
BlackSwan-10487.jpeg;[464.69754   51.109783 545.1396   145.28891 ];F;Natalie_Portman;F;670;4400;1960;3110
BlackSwan-109987.jpeg;[265.1364   40.86052 413.84958 247.14001];F;Natalie_Portman;F;810;4080;2360;2530
BlackSwan-110677.jpeg;[301.33475  -33.869217 443.25125  159.47076 ];F;Natalie_Portman;F;0;4420;1500;2870
BlackSwan-110790.jpeg;[306.37616   13.482948 341.42722   61.957314];F;Natalie_Portman;F;170;3520;600;3090
BlackSwan-111512.jpeg;[194.3554   -14.113358 367.9337   239.62701 ];M;Vincent_Cassel;M;360;3860;2220;2010
BlackSwan-111849.jpeg;[140.19952 -17.03553 307.94507 227.13733];M;Vincent_Cassel;M;360;3240;2220;1390
BlackSwan-15686.jpeg;[486.07516  47.3533  562.55176 145.36977];M;Vincent_Cassel;M;560;5730;1460;4840
BlackSwan-15868.jpeg;[330.6366    22.694878 459.0765   187.90384 ];F;Mila_Kunis;F;530;4400;1820;3110
BlackSwan-15868.jpeg;[136.86086 -55.32065 249.80005  97.29805];M;Mila_Kunis;F;530;4400;1820;3110
BlackSwan-25522.jpeg;[269.6061     -6.1395493 420.5932    194.20306  ];F;Natalie_Portman;F;470;4250;2020;2700
BlackSwan-41732.jpeg;[285.13406   18.905006 415.55328  194.7927  ];F;Natalie_Portman;F;300;4080;1840;2530
BlackSwan-60480.jpeg;[139.74324   13.241058 327.17148  254.20047 ];M;Vincent_Cassel;M;570;3450;2420;1590
BlackSwan-60806.jpeg;[ 87.97112 -60.84413 312.5396  252.47067];M;Vincent_Cassel;M;190;3400;2420;1170
BlackSwan-60806.jpeg;[ 360.49792 -128.29538  659.4208   300.7345 ];F;Vincent_Cassel;M;190;3400;2420;1170
BlackSwan-61065.jpeg;[249.17828    4.526062 401.426    217.83838 ];M;Natalie_Portman;F;640;4080;2190;2530
BlackSwan-61162.jpeg;[226.52618   18.680618 359.73398  202.02829 ];M;Natalie_Portman;F;470;3730;2020;2180
BlackSwan-6707.jpeg;[233.91318      0.83898926 348.78644    158.06248   ];F;Barbara_Hershey;F;240;3680;1530;2390
BlackSwan-81640.jpeg;[263.37152     7.8153534 416.99265   213.42538  ];F;Barbara_Hershey;F;470;4080;2020;2530
BlackSwan-90574.jpeg;[172.24072   -8.144562 325.60745  206.37038 ];F;Natalie_Portman;F;150;3450;2010;1590
BlackSwan-91402.jpeg;[298.35358  -19.690353 470.91348  202.13625 ];F;Natalie_Portman;F;150;4890;2010;3040
BlackSwan-92205.jpeg;[277.44763  -21.378693 472.2007   244.03679 ];F;Natalie_Portman;F;190;4890;2420;2660
BlackSwan-92338.jpeg;[222.76863  -11.864044 440.46048  248.93292 ];F;Natalie_Portman;F;430;4390;2660;2160
BlackSwan-9341.jpeg;[262.98392   51.256844 338.87152  144.54239 ];F;Natalie_Portman;F;1860;1450;2660;560
BlackSwan-9341.jpeg;[236.20915   32.001167 261.11835   66.63091 ];F;Natalie_Portman;F;1860;1450;2660;560
BlackSwan-9341.jpeg;[381.18555  77.96373 408.81424 114.85661];F;Natalie_Portman;F;1860;1450;2660;560
BlackSwan-9341.jpeg;[ 68.3402  173.1469  144.84682 268.29492];F;Natalie_Portman;F;1860;1450;2660;560
BlackSwan-9341.jpeg;[535.9059    65.723076 564.05707  104.098495];M;Natalie_Portman;F;1860;1450;2660;560
BlackSwan-9341.jpeg;[226.2634   114.383316 236.84451  126.626366];F;Natalie_Portman;F;1860;1450;2660;560
CrazyStupidLove-118251.jpeg;[257.7741   26.97711 371.38498 188.29134];F;Lio_Tipton;F;530;3820;1820;2530
CrazyStupidLove-137251.jpeg;[506.51617   27.387615 686.3579   288.29263 ];M;Steve_Carell;M;770;6750;2630;4890
CrazyStupidLove-141251.jpeg;[479.89642  48.92366 618.2334  244.40768];M;Steve_Carell;M;810;6140;2360;4590
CrazyStupidLove-153001.jpeg;[418.91632  60.43412 556.1742  244.82228];F;Lio_Tipton;F;810;5450;2360;3900
CrazyStupidLove-158751.jpeg;[393.05908   57.269306 524.99774  231.02399 ];F;Lio_Tipton;F;810;5110;2360;3560
CrazyStupidLove-162751.jpeg;[443.12637  38.15393 540.8503  166.3775 ];M;Steve_Carell;M;390;5400;1680;4110
CrazyStupidLove-162751.jpeg;[338.81384  96.54196 365.21237 131.30635];F;Steve_Carell;M;390;5400;1680;4110
CrazyStupidLove-162751.jpeg;[394.56232 106.0861  421.04535 142.23846];F;Steve_Carell;M;390;5400;1680;4110
CrazyStupidLove-164751.jpeg;[502.83398  10.53561 610.01904 153.2991 ];F;Lio_Tipton;F;440;6050;1520;4970
CrazyStupidLove-39501.jpeg;[156.37512  28.61919 292.77365 218.68791];M;Steve_Carell;M;470;3220;2020;1670
CrazyStupidLove-39501.jpeg;[644.2669    39.868538 747.3402   250.12488 ];M;Steve_Carell;M;470;3220;2020;1670
CrazyStupidLove-72251.jpeg;[238.95546   32.870136 374.09335  216.48137 ];F;Lio_Tipton;F;640;3900;2190;2360
CrazyStupidLove-85501.jpeg;[312.67392   47.347763 431.69342  216.99268 ];M;Steve_Carell;M;820;4250;2110;2960
CrazyStupidLove-85751.jpeg;[295.35422   49.986614 415.63623  220.52568 ];M;Steve_Carell;M;820;4110;2110;2820
CrazyStupidLove-90751.jpeg;[556.6378    51.277946 667.8162   217.91988 ];M;Steve_Carell;M;820;6690;2110;5400
CrazyStupidLove-91251.jpeg;[521.8113   50.89202 629.9309  206.24573];M;Steve_Carell;M;820;6260;2110;4970
DeadpoolWolverine-114420.jpeg;[288.62222   57.486958 426.87653  248.92665 ];M;Hugh_Jackman;M;980;4420;2530;2870
DeadpoolWolverine-114420.jpeg;[739.8911  190.20558 850.22375 343.50467];M;Hugh_Jackman;M;980;4420;2530;2870
DeadpoolWolverine-121672.jpeg;[424.96075  -65.208466 697.655    301.4738  ];M;Hugh_Jackman;M;0;6690;3130;3480
DeadpoolWolverine-122365.jpeg;[411.71515 -65.89585 690.86835 322.94556];F;Emma_Corrin;F;0;6690;3130;3480
DeadpoolWolverine-123176.jpeg;[371.11365  -53.339794 630.56244  303.0185  ];M;Emma_Corrin;F;230;5870;2900;3190
DeadpoolWolverine-123176.jpeg;[-110.75031 -112.46858  158.89629  345.5261 ];F;Emma_Corrin;F;230;5870;2900;3190
DeadpoolWolverine-123652.jpeg;[257.70056   46.676834 392.78497  247.02919 ];M;Hugh_Jackman;M;980;4080;2530;2530
DeadpoolWolverine-124094.jpeg;[280.39893   68.969894 423.5446   269.78632 ];M;Hugh_Jackman;M;1160;4420;2700;2870
DeadpoolWolverine-125088.jpeg;[200.49106  56.22285 323.64612 234.47556];M;Hugh_Jackman;M;960;3390;2250;2100
DeadpoolWolverine-125716.jpeg;[280.65155   34.106964 428.45914  237.43619 ];M;Hugh_Jackman;M;810;4420;2360;2870
DeadpoolWolverine-126311.jpeg;[281.4698    47.244473 402.14948  220.6376  ];M;Hugh_Jackman;M;820;4110;2110;2820
DeadpoolWolverine-133031.jpeg;[441.5146    24.872976 508.70197  123.23984 ];M;Matthew_Macfadyen;M;470;5110;1210;4360
DeadpoolWolverine-133031.jpeg;[333.73526  99.39125 366.05267 144.438  ];M;Matthew_Macfadyen;M;470;5110;1210;4360
DeadpoolWolverine-133031.jpeg;[156.24988  90.59341 190.49016 139.87314];F;Matthew_Macfadyen;M;470;5110;1210;4360
DeadpoolWolverine-133669.jpeg;[398.58463     5.1072845 572.6583    250.18459  ];M;Emma_Corrin;F;1820;7550;3110;6260
DeadpoolWolverine-133669.jpeg;[634.442   126.79292 773.0859  316.86398];M;Emma_Corrin;F;1820;7550;3110;6260
DeadpoolWolverine-134249.jpeg;[189.16852    9.411765 352.69894  253.49939 ];F;Emma_Corrin;F;570;3860;2420;2010
DeadpoolWolverine-134249.jpeg;[351.55814  -50.670673 550.3099   243.86153 ];M;Emma_Corrin;F;570;3860;2420;2010
DeadpoolWolverine-139975.jpeg;[303.83176   41.974213 420.7116   225.27667 ];M;Ryan_Reynolds;M;670;4400;1960;3110
DeadpoolWolverine-140092.jpeg;[186.10272  67.45742 232.07497 131.05667];M;Ryan_Reynolds;M;780;2330;1300;1810
DeadpoolWolverine-140092.jpeg;[607.00665  92.24063 636.5394  127.84675];M;Ryan_Reynolds;M;780;2330;1300;1810
DeadpoolWolverine-140092.jpeg;[416.4976    38.965195 479.5194   117.66278 ];M;Ryan_Reynolds;M;780;2330;1300;1810
DeadpoolWolverine-141464.jpeg;[467.11185   44.818436 569.6222   192.54214 ];M;Ryan_Reynolds;M;680;5570;1750;4500
DeadpoolWolverine-141752.jpeg;[376.75372   32.971504 541.6803   279.77325 ];M;Ryan_Reynolds;M;360;5310;2220;3450
DeadpoolWolverine-168182.jpeg;[249.53177   53.006668 366.2804   214.47435 ];M;Hugh_Jackman;M;820;3540;2110;2250
DeadpoolWolverine-168182.jpeg;[507.74615   57.472176 670.58545  276.28583 ];M;Hugh_Jackman;M;820;3540;2110;2250
DeadpoolWolverine-28775.jpeg;[535.05743  64.33828 616.7345  192.52484];M;Matthew_Macfadyen;M;800;6170;1870;5090
DeadpoolWolverine-28775.jpeg;[279.17563  34.85872 372.39917 172.4839 ];M;Matthew_Macfadyen;M;800;6170;1870;5090
DeadpoolWolverine-28899.jpeg;[477.55038   52.163338 522.01556  120.7547  ];M;Matthew_Macfadyen;M;590;5150;1220;4530
DeadpoolWolverine-28899.jpeg;[312.70462  58.4747  359.8624  125.07742];M;Matthew_Macfadyen;M;590;5150;1220;4530
DeadpoolWolverine-28899.jpeg;[141.48222 172.19748 166.64793 206.01503];M;Matthew_Macfadyen;M;590;5150;1220;4530
DeadpoolWolverine-29225.jpeg;[441.76672   51.867977 494.70798  132.57027 ];M;Matthew_Macfadyen;M;660;4870;1290;4250
DeadpoolWolverine-29225.jpeg;[327.6599   45.07507 379.91974 116.23645];M;Matthew_Macfadyen;M;660;4870;1290;4250
DeadpoolWolverine-34393.jpeg;[419.8767    51.608913 497.7946   159.89604 ];M;Matthew_Macfadyen;M;660;5040;1560;4140
DeadpoolWolverine-36806.jpeg;[456.1677   46.37432 508.75635 122.41168];M;Matthew_Macfadyen;M;670;5040;1180;4520
DeadpoolWolverine-38045.jpeg;[467.41998  35.01712 597.1791  236.61192];M;Matthew_Macfadyen;M;810;5970;2360;4420
DeadpoolWolverine-38787.jpeg;[528.3001   46.28526 613.0962  177.14691];M;Matthew_Macfadyen;M;760;6030;1660;5140
DeadpoolWolverine-48288.jpeg;[377.2949    39.713036 507.67398  208.35487 ];M;Matthew_Macfadyen;M;470;5110;2020;3560
DeadpoolWolverine-53038.jpeg;[316.59778  -41.464386 559.9892   304.03275 ];M;Hugh_Jackman;M;0;5570;2600;2900
DeadpoolWolverine-58086.jpeg;[426.73358   50.263023 571.0393   226.46805 ];M;Aaron_Stanford;M;810;5800;2360;4250
DeadpoolWolverine-62740.jpeg;[370.62732  -23.166492 583.5396   290.57028 ];M;Hugh_Jackman;M;0;5870;2600;3190
DeadpoolWolverine-63320.jpeg;[384.78967     5.8892374 590.55585   312.29678  ];M;Hugh_Jackman;M;680;5880;2910;3650
DeadpoolWolverine-69000.jpeg;[346.17398  95.17034 386.89984 147.3669 ];M;Emma_Corrin;F;470;5800;2020;4250
DeadpoolWolverine-69000.jpeg;[414.5796    26.141207 555.33276  205.68497 ];F;Emma_Corrin;F;470;5800;2020;4250
DeadpoolWolverine-69000.jpeg;[621.24414  91.58619 662.0789  152.17145];F;Emma_Corrin;F;470;5800;2020;4250
DeadpoolWolverine-69173.jpeg;[601.4731   109.241516 672.4173   204.00706 ];M;Emma_Corrin;F;810;4250;2360;2700
DeadpoolWolverine-69173.jpeg;[296.7914   66.86554 445.89536 252.25327];M;Emma_Corrin;F;810;4250;2360;2700
DeadpoolWolverine-70188.jpeg;[484.6038   88.39062 563.3568  194.43384];M;Emma_Corrin;F;1130;5600;1880;4860
DeadpoolWolverine-70188.jpeg;[ 88.056816 177.68329  116.37369  216.01756 ];M;Emma_Corrin;F;1130;5600;1880;4860
DeadpoolWolverine-70188.jpeg;[240.89757 146.02243 284.96097 206.2134 ];M;Emma_Corrin;F;1130;5600;1880;4860
DeadpoolWolverine-70188.jpeg;[ 29.437788 160.05136   49.357117 190.3408  ];M;Emma_Corrin;F;1130;5600;1880;4860
DeadpoolWolverine-70958.jpeg;[271.02216  70.24498 386.45663 225.81601];M;Hugh_Jackman;M;1100;3970;2390;2680
DeadpoolWolverine-73814.jpeg;[347.1435    24.207253 516.55646  260.51755 ];F;Emma_Corrin;F;680;5380;2910;3150
DeadpoolWolverine-74817.jpeg;[488.64978   42.229275 621.59625  227.43443 ];F;Emma_Corrin;F;960;6120;2250;4830
DeadpoolWolverine-86181.jpeg;[316.88196  43.61679 438.4594  232.39993];M;Ryan_Reynolds;M;820;4540;2110;3250
DeadpoolWolverine-88676.jpeg;[415.38348  68.06982 538.3446  236.39555];M;Hugh_Jackman;M;960;5540;2250;4250
DeadpoolWolverine-89148.jpeg;[269.8536   59.59231 416.1877  259.33698];M;Hugh_Jackman;M;810;4420;2360;2870
DeadpoolWolverine-89526.jpeg;[419.57153 -23.48807 647.60126 291.55756];M;Hugh_Jackman;M;230;6760;2900;4090
DeadpoolWolverine-90424.jpeg;[433.96976  -23.065426 656.33453  280.58624 ];M;Hugh_Jackman;M;230;6760;2900;4090
DeadpoolWolverine-90936.jpeg;[415.42062 -69.68584 652.32385 268.28638];M;Hugh_Jackman;M;0;6460;2600;3790
DeadpoolWolverine-91457.jpeg;[420.6681  -53.18368 652.39417 272.38702];M;Hugh_Jackman;M;0;6760;2600;4090
DontLookUp-103234.jpeg;[506.86813   66.485985 673.5001   284.8958  ];M;Rob_Morgan;M;770;6550;2630;4690
DontLookUp-105954.jpeg;[432.24603     4.0357785 690.3727    359.11423  ];F;Meryl_Streep;F;630;7050;3840;3840
DontLookUp-105954.jpeg;[ -61.841045 -122.03997   157.70409   141.5924  ];M;Meryl_Streep;F;630;7050;3840;3840
DontLookUp-107374.jpeg;[618.8047   96.9464  714.8511  215.55585];M;Leonardo_DiCaprio;M;1040;7000;2110;5930
DontLookUp-107374.jpeg;[262.5684  102.07074 341.4744  199.07404];M;Leonardo_DiCaprio;M;1040;7000;2110;5930
DontLookUp-107374.jpeg;[125.648476 123.322784 164.61397  190.83652 ];M;Leonardo_DiCaprio;M;1040;7000;2110;5930
DontLookUp-121779.jpeg;[323.31238  85.97203 528.4115  357.8698 ];F;Meryl_Streep;F;1180;5130;3410;2910
DontLookUp-122417.jpeg;[361.32782  -40.996246 562.22565  242.53279 ];F;Meryl_Streep;F;190;5630;2420;3400
DontLookUp-129435.jpeg;[605.4253    45.284492 698.4828   170.7876  ];F;Cate_Blanchett;F;680;7000;1750;5930
DontLookUp-129435.jpeg;[228.03618  19.09941 331.28458 153.4449 ];M;Cate_Blanchett;F;680;7000;1750;5930
DontLookUp-130696.jpeg;[357.879     15.312888 563.4295   279.83832 ];M;Leonardo_DiCaprio;M;430;5380;2660;3150
DontLookUp-133793.jpeg;[ 257.6923  -137.36073  779.61676  466.20386];M;Leonardo_DiCaprio;M;400;7590;4280;2970
DontLookUp-153834.jpeg;[337.87515  -52.441616 572.3319   289.39432 ];M;Rob_Morgan;M;190;5880;2420;3650
DontLookUp-168076.jpeg;[638.1284   64.16534 821.48456 300.3631 ];F;Meryl_Streep;F;1180;7990;3040;6130
DontLookUp-26738.jpeg;[703.9787   45.91249 769.50244 141.19691];F;Meryl_Streep;F;630;7680;1380;6930
DontLookUp-28831.jpeg;[378.87973   42.459946 563.45703  263.20422 ];M;Leonardo_DiCaprio;M;980;5720;2840;3860
DontLookUp-28935.jpeg;[584.36365  59.43277 653.0524  157.13507];F;Meryl_Streep;F;800;6520;1550;5770
DontLookUp-29895.jpeg;[9.3106879e+02 4.3283421e-01 9.7213165e+02 6.0304260e+01];M;Meryl_Streep;F;720;7180;1460;6430
DontLookUp-29895.jpeg;[659.1679   56.60977 720.4315  146.1676 ];F;Meryl_Streep;F;720;7180;1460;6430
DontLookUp-31058.jpeg;[579.39056    4.254058 681.85474  151.51942 ];F;Meryl_Streep;F;240;6830;1530;5540
DontLookUp-31385.jpeg;[600.3441   45.34179 661.70703 132.65573];F;Meryl_Streep;F;630;6600;1380;5850
DontLookUp-33587.jpeg;[393.2977    82.082405 475.90244  201.43877 ];F;Meryl_Streep;F;1160;4840;2060;3940
DontLookUp-33587.jpeg;[797.81525 141.6826  882.75934 277.08926];M;Meryl_Streep;F;1160;4840;2060;3940
DontLookUp-40953.jpeg;[502.54233   30.396925 651.43335  218.25346 ];M;Leonardo_DiCaprio;M;470;6310;2020;4760
DontLookUp-41183.jpeg;[432.39365  68.97977 591.43164 267.9943 ];M;Leonardo_DiCaprio;M;1160;5970;2700;4420
DontLookUp-53651.jpeg;[236.03174   38.225967 344.52896  177.97887 ];M;Leonardo_DiCaprio;M;560;3300;1630;2230
DontLookUp-53651.jpeg;[732.27625   45.683292 819.3292   163.59874 ];F;Leonardo_DiCaprio;M;560;3300;1630;2230
DontLookUp-54560.jpeg;[467.95972  66.55764 550.72925 180.91135];M;Rob_Morgan;M;860;5440;1760;4540
DontLookUp-55492.jpeg;[568.01904   61.302586 642.1036   156.64664 ];M;Rob_Morgan;M;660;6430;1560;5540
DontLookUp-61890.jpeg;[617.1777    75.984215 710.2278   189.28868 ];M;Leonardo_DiCaprio;M;800;7000;1870;5930
DontLookUp-61890.jpeg;[216.87714  99.4253  266.63022 170.54823];F;Leonardo_DiCaprio;M;800;7000;1870;5930
DontLookUp-61890.jpeg;[786.4755  161.6287  812.4914  190.75272];M;Leonardo_DiCaprio;M;800;7000;1870;5930
DontLookUp-62696.jpeg;[493.6561    28.423546 627.7004   195.35432 ];M;Leonardo_DiCaprio;M;470;6480;2020;4940
DontLookUp-63364.jpeg;[626.0615  118.61365 737.0209  248.11473];M;Leonardo_DiCaprio;M;1400;7360;2470;6290
DontLookUp-71875.jpeg;[486.49103   41.240734 637.91644  255.20361 ];F;Meryl_Streep;F;980;6310;2530;4760
DontLookUp-77642.jpeg;[322.03497   71.706055 405.91647  188.3768  ];F;Meryl_Streep;F;960;4140;1860;3250
DontLookUp-77642.jpeg;[909.07446 100.70819 987.86694 225.3509 ];F;Meryl_Streep;F;960;4140;1860;3250
DontLookUp-80326.jpeg;[414.15988      0.72113556 618.2796     258.7121    ];M;Leonardo_DiCaprio;M;570;5930;2420;4070
DontLookUp-88546.jpeg;[751.3479   104.971054 868.9235   253.29091 ];F;Rob_Morgan;M;770;6130;2630;4280
DontLookUp-88546.jpeg;[ 950.0444   131.98245 1036.5938   253.83803];M;Rob_Morgan;M;770;6130;2630;4280
DontLookUp-88546.jpeg;[408.85373   38.772083 590.9796   291.67337 ];M;Rob_Morgan;M;770;6130;2630;4280
DontLookUp-90423.jpeg;[526.3215  -17.76728 817.199   350.64117];M;Leonardo_DiCaprio;M;820;7950;3500;5270
DontLookUp-92783.jpeg;[343.09222  68.09867 427.40012 173.71544];M;Rob_Morgan;M;760;4340;1660;3440
DontLookUp-92783.jpeg;[659.1372   88.36748 731.14075 190.25487];F;Rob_Morgan;M;760;4340;1660;3440
DontLookUp-94098.jpeg;[663.3938  131.31812 759.5875  255.20934];M;Rob_Morgan;M;680;2660;2910;430
DontLookUp-94098.jpeg;[483.07806  103.556946 597.82886  242.4984  ];F;Rob_Morgan;M;680;2660;2910;430
DontLookUp-94098.jpeg;[ 68.69046   50.840782 246.09648  277.75027 ];M;Rob_Morgan;M;680;2660;2910;430
DontLookUp-95370.jpeg;[577.0164   78.72648 663.1062  192.86038];F;Rob_Morgan;M;860;4940;1760;4040
DontLookUp-95370.jpeg;[413.22064  68.32293 496.02478 179.6282 ];M;Rob_Morgan;M;860;4940;1760;4040
DontLookUp-95370.jpeg;[925.99347 125.93494 991.2599  255.21112];M;Rob_Morgan;M;860;4940;1760;4040
F1-130945.jpeg;[297.129    73.25119 391.61545 203.09758];F;Kerry_Condon;F;820;3970;2110;2680
F1-132366.jpeg;[257.56033  39.56394 389.58887 220.99042];F;Kerry_Condon;F;640;3900;2190;2360
F1-132366.jpeg;[521.1054  169.27805 576.67267 248.92996];M;Kerry_Condon;F;640;3900;2190;2360
F1-133560.jpeg;[241.83904   53.974373 335.42233  178.80788 ];F;Kerry_Condon;F;860;3350;1760;2450
F1-133560.jpeg;[471.89804 129.44022 519.6883  192.43251];M;Kerry_Condon;F;860;3350;1760;2450
F1-16558.jpeg;[524.7262   65.46193 692.7462  289.87057];M;Brad_Pitt;M;980;6960;2840;5100
F1-36470.jpeg;[457.59674  57.95101 568.1224  212.52716];F;Kerry_Condon;F;820;5690;2110;4400
FiftyShadesofGrey-109277.jpeg;[484.3417    42.723026 559.3458   142.22829 ];M;Jamie_Dornan;M;560;5630;1460;4740
FiftyShadesofGrey-109277.jpeg;[251.70317 105.45772 314.73477 189.70605];F;Jamie_Dornan;M;560;5630;1460;4740
FiftyShadesofGrey-111782.jpeg;[536.7278  101.90753 618.0969  214.23126];F;Jamie_Dornan;M;680;2700;1750;1630
FiftyShadesofGrey-111782.jpeg;[175.56029   49.751263 276.55402  184.00108 ];M;Jamie_Dornan;M;680;2700;1750;1630
FiftyShadesofGrey-114174.jpeg;[463.69528   36.395847 555.1846   169.25949 ];F;Dakota_Johnson;F;560;5340;1460;4440
FiftyShadesofGrey-129104.jpeg;[383.9158  -69.99741 643.64386 259.4228 ];M;Jamie_Dornan;M;0;6460;2600;3790
FiftyShadesofGrey-129842.jpeg;[341.96106    -6.9979515 598.00964   300.74994  ];M;Jamie_Dornan;M;230;5870;2900;3190
FiftyShadesofGrey-133899.jpeg;[376.0774    56.574226 482.66312  206.30809 ];F;Dakota_Johnson;F;670;4830;1960;3540
FiftyShadesofGrey-134239.jpeg;[328.10257   41.254402 476.88474  242.70831 ];F;Dakota_Johnson;F;810;4760;2360;3220
FiftyShadesofGrey-13739.jpeg;[242.49023  -23.640099 479.25824  301.35373 ];F;Dakota_Johnson;F;230;4980;2900;2300
FiftyShadesofGrey-137949.jpeg;[213.8302   43.92764 351.7735  234.53668];M;Jamie_Dornan;M;810;3730;2360;2180
FiftyShadesofGrey-138194.jpeg;[193.04102   42.372517 338.5231   236.41151 ];M;Jamie_Dornan;M;810;3560;2360;2010
FiftyShadesofGrey-138489.jpeg;[192.60115     4.7515044 404.8221    288.07477  ];M;Jamie_Dornan;M;430;4140;2660;1910
FiftyShadesofGrey-139162.jpeg;[196.73769    -6.5248604 410.4811    275.91623  ];M;Jamie_Dornan;M;430;4390;2660;2160
FiftyShadesofGrey-145581.jpeg;[348.39133  58.4636  549.9446  311.48145];M;Jamie_Dornan;M;980;5310;2840;3450
FiftyShadesofGrey-147128.jpeg;[407.20416  -48.344234 647.52057  261.77087 ];M;Jamie_Dornan;M;0;6460;2600;3790
FiftyShadesofGrey-147393.jpeg;[391.85822  -15.930546 650.95715  300.2822  ];M;Jamie_Dornan;M;230;6460;2900;3790
FiftyShadesofGrey-168064.jpeg;[420.3351   93.28255 540.14667 252.02441];M;Jamie_Dornan;M;1250;5400;2540;4110
FiftyShadesofGrey-168414.jpeg;[438.83328 104.07428 560.237   267.51312];M;Jamie_Dornan;M;1390;5540;2680;4250
FiftyShadesofGrey-186462.jpeg;[439.52307  58.46007 561.09216 224.4944 ];F;Dakota_Johnson;F;960;5540;2250;4250
FiftyShadesofGrey-190649.jpeg;[318.63196  68.38653 479.5955  258.6497 ];F;Dakota_Johnson;F;980;4940;2530;3390
FiftyShadesofGrey-200869.jpeg;[464.64243  36.87084 659.9539  288.2097 ];M;Jamie_Dornan;M;430;6370;2660;4140
FiftyShadesofGrey-201417.jpeg;[239.59038     1.9394984 445.33157   292.33347  ];F;Dakota_Johnson;F;770;4690;2630;2830
FiftyShadesofGrey-211981.jpeg;[306.70346   31.961779 473.96286  256.37308 ];F;Dakota_Johnson;F;770;4890;2630;3040
FiftyShadesofGrey-233857.jpeg;[386.3458    36.145172 607.6898   283.44626 ];M;Jamie_Dornan;M;680;6130;2910;3900
FiftyShadesofGrey-239260.jpeg;[473.54547   57.343407 583.43646  186.66441 ];F;Dakota_Johnson;F;670;5830;1960;4540
FiftyShadesofGrey-26441.jpeg;[403.31747   31.082214 580.8517   258.76355 ];M;Jamie_Dornan;M;770;5720;2630;3860
FiftyShadesofGrey-267721.jpeg;[460.8439    58.767063 523.1763   142.88919 ];M;Jamie_Dornan;M;730;5080;1350;4460
FiftyShadesofGrey-267721.jpeg;[787.58606 281.28174 834.6943  339.12497];M;Jamie_Dornan;M;730;5080;1350;4460
FiftyShadesofGrey-273349.jpeg;[431.7932   45.92852 494.568   135.26564];M;Dakota_Johnson;F;680;6170;1750;5090
FiftyShadesofGrey-273349.jpeg;[261.50104  49.68276 367.39648 205.04134];F;Dakota_Johnson;F;680;6170;1750;5090
FiftyShadesofGrey-273349.jpeg;[543.89514   43.634445 648.59766  191.59213 ];F;Dakota_Johnson;F;680;6170;1750;5090
FiftyShadesofGrey-273349.jpeg;[788.0606  -41.41969 910.998   178.22408];F;Dakota_Johnson;F;680;6170;1750;5090
FiftyShadesofGrey-273867.jpeg;[498.89276 139.08005 581.3743  247.11502];M;Jamie_Dornan;M;1180;4480;3040;2620
FiftyShadesofGrey-273867.jpeg;[258.3919    77.240456 427.16675  295.32635 ];M;Jamie_Dornan;M;1180;4480;3040;2620
FiftyShadesofGrey-273867.jpeg;[ 81.01644 113.80029 137.18108 212.86435];M;Jamie_Dornan;M;1180;4480;3040;2620
FiftyShadesofGrey-273867.jpeg;[564.5855    -3.155329 725.58887  293.82578 ];M;Jamie_Dornan;M;1180;4480;3040;2620
FiftyShadesofGrey-273867.jpeg;[388.79672 160.29884 462.9581  276.53864];M;Jamie_Dornan;M;1180;4480;3040;2620
FiftyShadesofGrey-273867.jpeg;[134.25298 111.67952 189.18163 199.86986];F;Jamie_Dornan;M;1180;4480;3040;2620
FiftyShadesofGrey-274580.jpeg;[355.91263  58.85682 414.8151  156.9977 ];M;Dakota_Johnson;F;800;6410;1870;5330
FiftyShadesofGrey-274580.jpeg;[564.8501   70.75887 661.28723 198.85416];F;Dakota_Johnson;F;800;6410;1870;5330
FiftyShadesofGrey-274580.jpeg;[ 84.62388  80.63793 133.60194 166.47903];F;Dakota_Johnson;F;800;6410;1870;5330
FiftyShadesofGrey-274580.jpeg;[262.08286  62.62201 373.13266 219.66844];F;Dakota_Johnson;F;800;6410;1870;5330
FiftyShadesofGrey-274580.jpeg;[414.1299   46.69625 458.15457 119.54658];M;Dakota_Johnson;F;800;6410;1870;5330
FiftyShadesofGrey-274580.jpeg;[485.5498    39.346367 534.6415   140.54889 ];M;Dakota_Johnson;F;800;6410;1870;5330
FiftyShadesofGrey-274580.jpeg;[ 22.04017   65.32097   58.021297 139.55856 ];M;Dakota_Johnson;F;800;6410;1870;5330
FiftyShadesofGrey-29507.jpeg;[392.9539     9.915449 608.8727   283.07956 ];M;Jamie_Dornan;M;680;5880;2910;3650
FiftyShadesofGrey-31309.jpeg;[374.1616      1.2388011 598.7546    297.14142  ];M;Jamie_Dornan;M;680;5880;2910;3650
FiftyShadesofGrey-328474.jpeg;[572.72723  87.64764 691.4655  243.60275];F;Dakota_Johnson;F;1100;6830;2390;5540
FiftyShadesofGrey-328474.jpeg;[449.51355   26.205782 563.72784  181.27293 ];M;Dakota_Johnson;F;1100;6830;2390;5540
FiftyShadesofGrey-33363.jpeg;[378.48196   31.123598 582.0916   298.9125  ];M;Jamie_Dornan;M;680;5880;2910;3650
FiftyShadesofGrey-353477.jpeg;[163.58966   53.035686 301.25436  242.33325 ];F;Dakota_Johnson;F;810;3040;2360;1500
FiftyShadesofGrey-361062.jpeg;[527.6479   56.22316 648.0286  214.64929];F;Dakota_Johnson;F;820;6400;2110;5110
FiftyShadesofGrey-361940.jpeg;[505.008     66.124535 622.7463   220.95915 ];F;Dakota_Johnson;F;960;6400;2250;5110
FiftyShadesofGrey-361940.jpeg;[306.8027   71.15079 359.29535 153.8845 ];F;Dakota_Johnson;F;960;6400;2250;5110
FiftyShadesofGrey-362431.jpeg;[445.8714    52.725487 552.9258   197.94368 ];M;Jamie_Dornan;M;670;5540;1960;4250
FiftyShadesofGrey-364400.jpeg;[268.40097  21.61598 433.192   234.86992];F;Dakota_Johnson;F;570;4480;2420;2620
FiftyShadesofGrey-364400.jpeg;[481.2788   35.10346 598.3345  291.3022 ];M;Dakota_Johnson;F;570;4480;2420;2620
FiftyShadesofGrey-365977.jpeg;[438.31076   31.336382 616.0992   266.43024 ];M;Jamie_Dornan;M;570;5930;2420;4070
FiftyShadesofGrey-365977.jpeg;[191.6082  115.09399 333.46698 323.88266];M;Jamie_Dornan;M;570;5930;2420;4070
FiftyShadesofGrey-372093.jpeg;[644.6788    -6.208304 842.57263  197.28503 ];F;Jamie_Dornan;M;0;7990;1800;6130
FiftyShadesofGrey-374232.jpeg;[236.3776    28.316633 444.0106   295.03848 ];F;Dakota_Johnson;F;430;4890;2660;2660
FiftyShadesofGrey-374232.jpeg;[492.79044 -29.11591 619.74713 244.60529];M;Dakota_Johnson;F;430;4890;2660;2660
FiftyShadesofGrey-374713.jpeg;[353.18982   17.649197 560.1092   293.72583 ];F;Dakota_Johnson;F;430;6130;2660;3900
FiftyShadesofGrey-379795.jpeg;[256.14468   21.391336 418.2184   228.91928 ];F;Dakota_Johnson;F;360;4280;2220;2420
FiftyShadesofGrey-384414.jpeg;[368.69705  30.91741 528.45734 236.90617];F;Dakota_Johnson;F;570;5510;2420;3660
FiftyShadesofGrey-427694.jpeg;[221.31972   26.888678 421.6761   272.81885 ];M;Jamie_Dornan;M;430;4640;2660;2410
FiftyShadesofGrey-427944.jpeg;[202.99155   11.649776 407.44876  254.24173 ];M;Jamie_Dornan;M;190;4390;2420;2160
FiftyShadesofGrey-428372.jpeg;[474.7397   87.8826  561.3604  200.52083];M;Jamie_Dornan;M;1060;5540;1960;4640
FiftyShadesofGrey-428598.jpeg;[447.5588   47.14739 560.7037  196.96803];M;Jamie_Dornan;M;800;5450;1870;4380
FiftyShadesofGrey-429303.jpeg;[384.46652   9.54932 608.29016 317.1752 ];M;Jamie_Dornan;M;520;6170;3200;3490
FiftyShadesofGrey-435191.jpeg;[408.6198   -31.354641 614.3239   237.32999 ];M;Jamie_Dornan;M;0;5880;2170;3650
FiftyShadesofGrey-48803.jpeg;[253.21223  74.72307 416.28134 272.68738];F;Dakota_Johnson;F;980;4280;2840;2420
FiftyShadesofGrey-50603.jpeg;[227.58524   21.071953 405.9675   258.16418 ];M;Jamie_Dornan;M;570;4280;2420;2420
FiftyShadesofGrey-51071.jpeg;[489.35123   37.280006 657.49896  262.2182  ];F;Dakota_Johnson;F;570;6550;2420;4690
FiftyShadesofGrey-53521.jpeg;[258.54858   27.714628 438.74197  266.30737 ];M;Jamie_Dornan;M;430;4640;2660;2410
FiftyShadesofGrey-54702.jpeg;[599.11926  45.20902 695.23334 171.59753];M;Jamie_Dornan;M;680;6890;1750;5810
FiftyShadesofGrey-54977.jpeg;[598.98645   41.096664 696.3909   170.16864 ];M;Jamie_Dornan;M;660;6830;1560;5930
FiftyShadesofGrey-55485.jpeg;[584.1678    52.892994 682.1745   181.12526 ];M;Jamie_Dornan;M;680;6770;1750;5690
FiftyShadesofGrey-56974.jpeg;[430.10675 -20.02033 666.5283  285.03265];M;Jamie_Dornan;M;430;6370;2660;4140
FiftyShadesofGrey-59137.jpeg;[257.5077   65.84427 399.73505 241.06259];M;Jamie_Dornan;M;810;4250;2360;2700
FiftyShadesofGrey-65338.jpeg;[221.73553   28.734135 395.99185  252.18767 ];M;Jamie_Dornan;M;430;4390;2660;2160
FiftyShadesofGrey-70220.jpeg;[387.23785   19.063871 597.88776  295.85098 ];M;Jamie_Dornan;M;430;5630;2660;3400
FiftyShadesofGrey-70561.jpeg;[366.77103  -32.714375 620.2222   315.14502 ];M;Jamie_Dornan;M;230;5870;2900;3190
FrancesHa-100238.jpeg;[404.75778   46.138275 489.28146  163.47948 ];M;Greta_Gerwig;F;560;4970;1630;3900
FrancesHa-100238.jpeg;[256.2447  188.15472 283.22006 224.3466 ];M;Greta_Gerwig;F;560;4970;1630;3900
FrancesHa-100238.jpeg;[542.31024 138.46721 555.7072  156.79352];M;Greta_Gerwig;F;560;4970;1630;3900
FrancesHa-100238.jpeg;[599.9194  128.998   614.566   149.75528];M;Greta_Gerwig;F;560;4970;1630;3900
FrancesHa-100238.jpeg;[163.0749  211.73123 183.34013 242.10426];M;Greta_Gerwig;F;560;4970;1630;3900
FrancesHa-100402.jpeg;[379.69006  49.42775 463.72818 158.70505];F;Greta_Gerwig;F;560;4540;1460;3640
FrancesHa-100402.jpeg;[247.59856 190.96614 274.27103 229.1373 ];M;Greta_Gerwig;F;560;4540;1460;3640
FrancesHa-100402.jpeg;[555.07153 137.40044 569.7605  155.67038];F;Greta_Gerwig;F;560;4540;1460;3640
FrancesHa-100402.jpeg;[149.80377 208.3322  172.89972 240.32347];M;Greta_Gerwig;F;560;4540;1460;3640
FrancesHa-100573.jpeg;[397.3966    51.514194 480.47803  162.5521  ];F;Greta_Gerwig;F;560;4850;1630;3780
FrancesHa-100573.jpeg;[252.792   192.43283 276.90027 230.17752];M;Greta_Gerwig;F;560;4850;1630;3780
FrancesHa-100573.jpeg;[159.88222 204.28278 180.27448 239.59174];M;Greta_Gerwig;F;560;4850;1630;3780
FrancesHa-100573.jpeg;[550.636   137.13263 564.09357 156.23529];F;Greta_Gerwig;F;560;4850;1630;3780
FrancesHa-100642.jpeg;[407.04514  53.39512 491.6038  164.23868];F;Greta_Gerwig;F;660;4940;1560;4040
FrancesHa-100642.jpeg;[159.4868  207.99733 179.02415 241.42752];F;Greta_Gerwig;F;660;4940;1560;4040
FrancesHa-100642.jpeg;[288.42642 193.3175  311.91968 230.2094 ];M;Greta_Gerwig;F;660;4940;1560;4040
FrancesHa-100642.jpeg;[539.28937 136.6883  553.6747  156.27502];F;Greta_Gerwig;F;660;4940;1560;4040
FrancesHa-100784.jpeg;[390.22626  51.9596  471.3958  166.03552];M;Greta_Gerwig;F;660;4740;1560;3840
FrancesHa-100784.jpeg;[555.1392  137.89845 568.3535  156.42697];F;Greta_Gerwig;F;660;4740;1560;3840
FrancesHa-103820.jpeg;[427.62997 143.37852 466.90128 198.96037];F;Mickey_Sumner;F;1560;4670;1990;4240
FrancesHa-11020.jpeg;[355.74405   47.575268 415.41803  129.61719 ];F;Greta_Gerwig;F;590;4250;1220;3630
FrancesHa-112144.jpeg;[293.43076   61.765255 354.2991   137.46944 ];M;Greta_Gerwig;F;720;3610;1460;2870
FrancesHa-113590.jpeg;[245.65674  65.61278 327.3886  176.12296];M;Michael_Zegen;M;860;3350;1760;2450
FrancesHa-113590.jpeg;[570.04565 145.56726 685.83435 294.93796];F;Michael_Zegen;M;860;3350;1760;2450
FrancesHa-113590.jpeg;[518.35455  71.95506 579.0432  156.05453];F;Michael_Zegen;M;860;3350;1760;2450
FrancesHa-113766.jpeg;[200.32428  46.95363 270.7978  141.23123];M;Patrick_Heusinger;M;550;2780;1300;2040
FrancesHa-113766.jpeg;[434.0215    62.204567 499.8133   153.8576  ];M;Patrick_Heusinger;M;550;2780;1300;2040
FrancesHa-117064.jpeg;[196.43951   51.549232 330.86414  229.99155 ];F;Greta_Gerwig;F;810;3390;2360;1840
FrancesHa-117128.jpeg;[394.55777  53.66282 510.67215 210.27203];M;Mickey_Sumner;F;820;5110;2110;3820
FrancesHa-13132.jpeg;[346.81796   53.898766 409.57474  135.69832 ];M;Greta_Gerwig;F;630;4190;1380;3450
FrancesHa-13132.jpeg;[171.7753   83.86235 245.67145 188.68971];M;Greta_Gerwig;F;630;4190;1380;3450
FrancesHa-14632.jpeg;[327.9621   54.88236 389.5362  143.552  ];M;Greta_Gerwig;F;630;3860;1380;3120
FrancesHa-14632.jpeg;[327.9621   54.88236 389.5362  143.552  ];M;Mickey_Sumner;F;860;3050;1760;2150
FrancesHa-14632.jpeg;[212.54268  79.12197 281.40488 181.86754];F;Greta_Gerwig;F;630;3860;1380;3120
FrancesHa-14632.jpeg;[212.54268  79.12197 281.40488 181.86754];F;Mickey_Sumner;F;860;3050;1760;2150
FrancesHa-19471.jpeg;[303.35892   24.993223 337.85074   72.11442 ];M;Greta_Gerwig;F;340;3370;700;3010
FrancesHa-19471.jpeg;[404.58835   61.693657 440.04953  101.870255];M;Greta_Gerwig;F;340;3370;700;3010
FrancesHa-20549.jpeg;[232.5275    50.212494 294.66605  140.51077 ];M;Mickey_Sumner;F;630;2870;1380;2120
FrancesHa-20549.jpeg;[350.19714   55.782406 417.25757  160.63281 ];M;Mickey_Sumner;F;630;2870;1380;2120
FrancesHa-21325.jpeg;[440.13104   54.012665 538.1545   189.98457 ];M;Greta_Gerwig;F;680;5330;1750;4260
FrancesHa-21825.jpeg;[429.2421    77.543236 528.10583  216.11894 ];M;Greta_Gerwig;F;1040;5330;2110;4260
FrancesHa-24623.jpeg;[316.8072   74.38348 443.08313 250.4877 ];M;Greta_Gerwig;F;960;4250;2250;2960
FrancesHa-24718.jpeg;[322.89108 106.39379 451.51523 289.7332 ];M;Greta_Gerwig;F;1160;4420;2700;2870
FrancesHa-24859.jpeg;[305.23395 120.21104 439.0775  296.98303];M;Greta_Gerwig;F;1330;4250;2880;2700
FrancesHa-25216.jpeg;[228.25989   75.964165 344.20322  259.97916 ];F;Adam_Driver;M;980;3900;2530;2360
FrancesHa-25258.jpeg;[363.12958  65.19357 480.11    232.2973 ];F;Greta_Gerwig;F;820;4680;2110;3390
FrancesHa-30085.jpeg;[330.50287   49.361588 376.8503   111.3343  ];M;Adam_Driver;M;550;3770;1070;3250
FrancesHa-30514.jpeg;[216.51299   61.543526 273.492    139.7037  ];M;Greta_Gerwig;F;730;2800;1350;2180
FrancesHa-30705.jpeg;[129.02934 100.46466 185.02435 173.28206];M;Michael_Zegen;M;1080;1900;1700;1280
FrancesHa-30705.jpeg;[129.02934 100.46466 185.02435 173.28206];M;Greta_Gerwig;F;1080;5430;1700;4810
FrancesHa-30705.jpeg;[486.543     98.690414 537.6991   168.56519 ];M;Michael_Zegen;M;1080;1900;1700;1280
FrancesHa-30705.jpeg;[486.543     98.690414 537.6991   168.56519 ];M;Greta_Gerwig;F;1080;5430;1700;4810
FrancesHa-35332.jpeg;[111.11511  86.03137 170.37163 165.16489];M;Michael_Zegen;M;1010;1760;1630;1140
FrancesHa-35332.jpeg;[489.39246  69.99701 557.4148  162.00702];F;Michael_Zegen;M;1010;1760;1630;1140
FrancesHa-35556.jpeg;[113.52191   78.543274 172.1093   157.8995  ];M;Michael_Zegen;M;870;1700;1490;1070
FrancesHa-35556.jpeg;[451.25888  77.53687 520.85657 169.37346];F;Michael_Zegen;M;870;1700;1490;1070
FrancesHa-35683.jpeg;[125.363434  89.82462  185.86786  169.52959 ];M;Greta_Gerwig;F;720;5110;1460;4360
FrancesHa-35683.jpeg;[449.11594  64.93959 519.01654 156.38736];F;Greta_Gerwig;F;720;5110;1460;4360
FrancesHa-35796.jpeg;[123.9337   83.45047 182.95746 159.77782];M;Michael_Zegen;M;870;1900;1490;1280
FrancesHa-35796.jpeg;[446.31262  74.16461 518.9677  170.20244];F;Michael_Zegen;M;870;1900;1490;1280
FrancesHa-35887.jpeg;[ 99.001915  68.03948  157.35211  144.70638 ];M;Michael_Zegen;M;800;1630;1420;1000
FrancesHa-35887.jpeg;[ 99.001915  68.03948  157.35211  144.70638 ];M;Greta_Gerwig;F;630;5110;1380;4360
FrancesHa-35887.jpeg;[453.92465  50.1152  519.9518  139.2354 ];F;Michael_Zegen;M;800;1630;1420;1000
FrancesHa-35887.jpeg;[453.92465  50.1152  519.9518  139.2354 ];F;Greta_Gerwig;F;630;5110;1380;4360
FrancesHa-36017.jpeg;[461.40253   51.956936 520.5478   137.14761 ];F;Adam_Driver;M;360;1260;1260;360
FrancesHa-36017.jpeg;[ 30.696163  34.63272  100.74694  128.43211 ];M;Adam_Driver;M;360;1260;1260;360
FrancesHa-36047.jpeg;[ 99.703224  87.26604  158.8667   165.2575  ];M;Michael_Zegen;M;1010;1630;1630;1000
FrancesHa-36047.jpeg;[438.56204  67.62244 508.64316 163.19868];F;Michael_Zegen;M;1010;1630;1630;1000
FrancesHa-36211.jpeg;[104.305046  73.88971  161.86874  147.80873 ];M;Michael_Zegen;M;800;1700;1420;1070
FrancesHa-36211.jpeg;[443.68054  79.82199 511.80493 175.03897];F;Michael_Zegen;M;800;1700;1420;1070
FrancesHa-36332.jpeg;[126.721695  95.16737  189.40036  173.81442 ];M;Michael_Zegen;M;1080;1900;1700;1280
FrancesHa-36332.jpeg;[439.17853  96.22644 508.95734 183.61234];M;Michael_Zegen;M;1080;1900;1700;1280
FrancesHa-36450.jpeg;[ 92.39801 100.87833 151.24568 175.96498];M;Greta_Gerwig;F;880;4940;1630;4190
FrancesHa-36450.jpeg;[435.39282  75.36148 504.4261  172.4639 ];F;Greta_Gerwig;F;880;4940;1630;4190
FrancesHa-36598.jpeg;[105.18632  87.41632 162.613   164.85574];M;Michael_Zegen;M;940;1760;1560;1140
FrancesHa-36598.jpeg;[438.7155   70.80171 501.79477 163.92053];M;Michael_Zegen;M;940;1760;1560;1140
FrancesHa-36712.jpeg;[119.08641  89.61844 178.76091 166.30023];M;Michael_Zegen;M;880;1870;1630;1130
FrancesHa-36712.jpeg;[446.52658   89.236465 517.67773  189.00912 ];F;Michael_Zegen;M;880;1870;1630;1130
FrancesHa-36775.jpeg;[112.9113   86.15082 171.92355 170.88208];M;Michael_Zegen;M;940;1760;1560;1140
FrancesHa-36775.jpeg;[445.6832   67.36308 516.25165 162.72946];F;Michael_Zegen;M;940;1760;1560;1140
FrancesHa-37636.jpeg;[306.19797   35.844173 362.44238  114.32605 ];M;Michael_Zegen;M;460;3630;1080;3010
FrancesHa-37876.jpeg;[313.9112   52.97287 381.2863  132.77562];F;Greta_Gerwig;F;630;3860;1380;3120
FrancesHa-38521.jpeg;[346.0567   76.19898 444.74323 197.61172];F;Greta_Gerwig;F;920;4380;1990;3300
FrancesHa-39021.jpeg;[363.71994   61.644783 456.4638   182.6643  ];F;Greta_Gerwig;F;680;4620;1750;3540
FrancesHa-39136.jpeg;[319.65103  59.69377 411.45862 187.87317];M;Michael_Zegen;M;800;4260;1870;3180
FrancesHa-39299.jpeg;[305.00232   56.440037 396.8286   177.94827 ];M;Michael_Zegen;M;860;3940;1760;3050
FrancesHa-40171.jpeg;[306.4806    51.866947 383.82755  147.4198  ];M;Greta_Gerwig;F;630;3780;1380;3030
FrancesHa-40386.jpeg;[301.6853   48.76606 373.85336 144.94395];M;Greta_Gerwig;F;630;3700;1380;2950
FrancesHa-47773.jpeg;[377.47372  51.42808 439.8473  136.71233];F;Greta_Gerwig;F;550;4360;1300;3610
FrancesHa-49286.jpeg;[363.4664   85.13455 450.23532 209.73508];M;Patrick_Heusinger;M;320;2820;1400;1750
FrancesHa-49286.jpeg;[194.25055  33.5019  281.506   141.75052];M;Patrick_Heusinger;M;320;2820;1400;1750
FrancesHa-49575.jpeg;[176.1813   58.6037  278.85138 201.30005];M;Greta_Gerwig;F;670;3110;1960;1820
FrancesHa-51428.jpeg;[321.62692   30.341484 393.28122  131.63571 ];M;Greta_Gerwig;F;470;4030;1210;3280
FrancesHa-51965.jpeg;[288.23163  68.31049 359.55325 162.90144];M;Mickey_Sumner;F;800;3530;1550;2780
FrancesHa-51965.jpeg;[458.32822   53.736565 533.2153   153.4023  ];M;Mickey_Sumner;F;800;3530;1550;2780
FrancesHa-53834.jpeg;[485.79013   92.403824 576.7487   211.84575 ];M;Greta_Gerwig;F;1040;5930;2110;4850
FrancesHa-53834.jpeg;[220.8968   121.208176 324.85187  223.49448 ];M;Greta_Gerwig;F;1040;5930;2110;4850
FrancesHa-56581.jpeg;[168.3317   66.17654 245.04747 169.76332];M;Michael_Zegen;M;760;2450;1660;1550
FrancesHa-56728.jpeg;[253.70306  78.30616 332.0167  172.44571];M;Michael_Zegen;M;960;3280;1710;2540
FrancesHa-59565.jpeg;[229.16785   54.465595 294.42868  143.22426 ];F;Greta_Gerwig;F;720;3030;1460;2290
FrancesHa-59565.jpeg;[326.9252    24.295998 388.37955  114.53264 ];M;Greta_Gerwig;F;720;3030;1460;2290
FrancesHa-59565.jpeg;[384.44128   45.166973 459.39023  143.47197 ];M;Greta_Gerwig;F;720;3030;1460;2290
FrancesHa-59565.jpeg;[115.89663  87.85858 170.84738 163.4232 ];M;Greta_Gerwig;F;720;3030;1460;2290
FrancesHa-59565.jpeg;[538.3451    82.526794 626.20966  165.33781 ];M;Greta_Gerwig;F;720;3030;1460;2290
FrancesHa-59565.jpeg;[460.0501   93.68007 504.2977  152.89432];M;Greta_Gerwig;F;720;3030;1460;2290
FrancesHa-65445.jpeg;[418.66705  76.86536 477.44778 156.7662 ];F;Greta_Gerwig;F;800;4780;1550;4030
FrancesHa-65445.jpeg;[214.55226   46.152096 269.14136  148.53445 ];M;Greta_Gerwig;F;800;4780;1550;4030
FrancesHa-65597.jpeg;[478.48364  74.11876 540.3099  155.74823];F;Greta_Gerwig;F;800;5520;1550;4780
FrancesHa-65597.jpeg;[248.00818  65.50649 323.35742 170.92926];M;Greta_Gerwig;F;800;5520;1550;4780
FrancesHa-66097.jpeg;[480.93048  79.71796 546.2211  165.69543];M;Greta_Gerwig;F;940;5360;1560;4740
FrancesHa-66097.jpeg;[285.6265    75.348145 344.86752  174.94489 ];M;Greta_Gerwig;F;940;5360;1560;4740
FrancesHa-66097.jpeg;[ 72.692245  61.958847 249.98265  343.07138 ];F;Greta_Gerwig;F;940;5360;1560;4740
FrancesHa-66234.jpeg;[240.78474   57.33867  268.6769    93.864136];M;Greta_Gerwig;F;580;2770;940;2410
FrancesHa-66234.jpeg;[393.0608    49.709496 420.34705   88.93404 ];M;Greta_Gerwig;F;580;2770;940;2410
FrancesHa-66234.jpeg;[145.0583   56.80088 170.56276 100.71183];M;Greta_Gerwig;F;580;2770;940;2410
FrancesHa-66234.jpeg;[549.5872    54.862587 583.6413   112.358665];M;Greta_Gerwig;F;580;2770;940;2410
FrancesHa-66234.jpeg;[ 92.948364  61.176147 131.25217  124.55891 ];M;Greta_Gerwig;F;580;2770;940;2410
FrancesHa-67193.jpeg;[472.63788  71.56816 539.4331  156.42882];M;Greta_Gerwig;F;880;5520;1630;4780
FrancesHa-67193.jpeg;[259.69403  67.9218  335.168   175.41049];M;Greta_Gerwig;F;880;5520;1630;4780
FrancesHa-67443.jpeg;[475.34155   62.748585 536.1673   147.87434 ];F;Greta_Gerwig;F;720;5360;1460;4610
FrancesHa-67443.jpeg;[283.9341    68.841835 345.8389   173.5168  ];M;Greta_Gerwig;F;720;5360;1460;4610
FrancesHa-67532.jpeg;[455.21487  88.98706 517.79626 168.9277 ];F;Greta_Gerwig;F;960;5190;1710;4440
FrancesHa-67532.jpeg;[223.09558  75.51039 300.90308 184.29005];M;Greta_Gerwig;F;960;5190;1710;4440
FrancesHa-67768.jpeg;[463.73947  73.29958 524.4707  161.14452];M;Greta_Gerwig;F;800;5360;1550;4610
FrancesHa-67768.jpeg;[215.31407   61.879757 288.48184  170.84386 ];M;Greta_Gerwig;F;800;5360;1550;4610
FrancesHa-68029.jpeg;[449.78214   55.387047 508.48077  136.80786 ];F;Greta_Gerwig;F;730;5150;1350;4530
FrancesHa-68029.jpeg;[181.17438   58.437828 247.7823   163.78091 ];M;Greta_Gerwig;F;730;5150;1350;4530
FrancesHa-68161.jpeg;[450.1988   66.94702 509.44028 152.4263 ];F;Greta_Gerwig;F;800;5270;1550;4530
FrancesHa-68161.jpeg;[167.95758  69.53052 239.42981 172.08835];F;Greta_Gerwig;F;800;5270;1550;4530
FrancesHa-68729.jpeg;[441.67273   78.024506 500.36005  160.77628 ];F;Greta_Gerwig;F;880;5020;1630;4280
FrancesHa-68729.jpeg;[222.79489   59.659332 276.56873  160.54318 ];F;Greta_Gerwig;F;880;5020;1630;4280
FrancesHa-69211.jpeg;[223.97977  56.75129 337.76163 219.54129];F;Greta_Gerwig;F;820;3680;2110;2390
FrancesHa-69628.jpeg;[299.89557  82.18406 427.40222 257.88577];M;Greta_Gerwig;F;1100;4250;2390;2960
FrancesHa-69781.jpeg;[465.18472   55.269722 520.1661   132.74768 ];M;Greta_Gerwig;F;800;2320;1420;1700
FrancesHa-69781.jpeg;[167.58176  63.66815 229.54248 147.76033];M;Greta_Gerwig;F;800;2320;1420;1700
FrancesHa-70848.jpeg;[198.2775    55.682404 317.5083   220.34561 ];F;Greta_Gerwig;F;810;3390;2360;1840
FrancesHa-71471.jpeg;[319.30798  68.75201 437.55383 220.73926];F;Greta_Gerwig;F;820;4400;2110;3110
FrancesHa-71971.jpeg;[316.64548  48.90811 431.59546 200.77536];F;Greta_Gerwig;F;670;4250;1960;2960
FrancesHa-72525.jpeg;[315.14606   53.850693 431.49805  212.07602 ];F;Greta_Gerwig;F;670;4250;1960;2960
FrancesHa-72775.jpeg;[313.63928   33.466705 428.47272  189.14844 ];F;Greta_Gerwig;F;530;4250;1820;2960
FrancesHa-73275.jpeg;[320.01184  55.41117 439.6615  212.52113];F;Greta_Gerwig;F;820;4400;2110;3110
FrancesHa-75031.jpeg;[256.19708  60.72789 348.16483 187.83017];M;Greta_Gerwig;F;800;3660;1870;2590
FrancesHa-75170.jpeg;[242.78702  62.22518 335.9945  193.61096];F;Greta_Gerwig;F;800;3540;1870;2470
FrancesHa-75451.jpeg;[178.98921   47.706055 271.08295  180.58069 ];M;Greta_Gerwig;F;680;2940;1750;1870
FrancesHa-75572.jpeg;[176.55312   53.328552 267.3753   176.1578  ];M;Greta_Gerwig;F;680;2820;1750;1750
FrancesHa-75697.jpeg;[194.87581   64.250626 280.94666  188.58347 ];M;Greta_Gerwig;F;800;2940;1870;1870
FrancesHa-75907.jpeg;[244.13574   48.584003 334.98328  171.18687 ];F;Greta_Gerwig;F;680;3540;1750;2470
FrancesHa-76332.jpeg;[200.51613   29.368858 291.13788  160.76894 ];F;Greta_Gerwig;F;440;3060;1520;1990
FrancesHa-7641.jpeg;[333.31403   39.222363 388.85873  115.83507 ];M;Greta_Gerwig;F;530;3910;1150;3280
FrancesHa-80148.jpeg;[196.92953  73.91406 253.6289  158.8112 ];M;Greta_Gerwig;F;870;2590;1490;1970
FrancesHa-80556.jpeg;[249.8696    50.29431  288.38336   98.673294];F;Greta_Gerwig;F;550;2950;980;2520
FrancesHa-8179.jpeg;[353.93872  49.8825  408.6606  122.44739];M;Greta_Gerwig;F;590;4180;1220;3560
FrancesHa-83253.jpeg;[292.5192   54.29274 402.1736  211.24051];F;Greta_Gerwig;F;670;3970;1960;2680
FrancesHa-84635.jpeg;[310.9917    44.583702 422.36276  207.67947 ];F;Greta_Gerwig;F;670;4110;1960;2820
FrancesHa-88992.jpeg;[165.53761   45.751522 246.6604   153.29962 ];F;Greta_Gerwig;F;660;2550;1560;1650
FrancesHa-89965.jpeg;[183.04228   35.871834 260.9873   148.12442 ];F;Greta_Gerwig;F;560;2750;1460;1850
FrancesHa-90131.jpeg;[176.60907   36.140697 259.7741   146.80685 ];F;Greta_Gerwig;F;560;2650;1460;1750
FrancesHa-90367.jpeg;[170.68019   44.688313 251.05173  150.57838 ];F;Greta_Gerwig;F;560;2550;1460;1650
FrancesHa-94067.jpeg;[321.0044    83.024574 396.70148  175.77747 ];M;Greta_Gerwig;F;960;3950;1710;3200
FrancesHa-94108.jpeg;[311.7968   82.14152 386.22766 176.21674];M;Greta_Gerwig;F;960;3860;1710;3120
FrancesHa-96914.jpeg;[290.73358   48.415802 408.90393  215.13652 ];M;Greta_Gerwig;F;820;4110;2110;2820
FrancesHa-98469.jpeg;[317.2272    49.958305 440.11377  203.13512 ];M;Greta_Gerwig;F;800;4260;1870;3180
FrancesHa-99851.jpeg;[406.766     54.640392 486.49448  160.66286 ];M;Greta_Gerwig;F;560;4970;1630;3900
FrancesHa-99851.jpeg;[250.22095 202.15213 274.4934  238.91025];M;Greta_Gerwig;F;560;4970;1630;3900
FrancesHa-99851.jpeg;[543.96234 138.45251 557.87427 157.16492];M;Greta_Gerwig;F;560;4970;1630;3900
FrancesHa-99851.jpeg;[161.7317  215.03531 180.13884 244.94463];F;Greta_Gerwig;F;560;4970;1630;3900
GoodFortune-118073.jpeg;[392.17026  42.26212 523.47955 248.90349];M;Keanu_Reeves;M;810;5280;2360;3730
GoodFortune-121018.jpeg;[210.09418   48.794582 350.758    239.9867  ];M;Aziz_Ansari;M;570;3860;2420;2010
GoodFortune-15280.jpeg;[295.3191   48.38788 432.67438 263.90274];M;Keanu_Reeves;M;810;4250;2360;2700
GoodFortune-18064.jpeg;[186.32867   55.959236 286.38477  172.46407 ];M;Aziz_Ansari;M;680;2940;1750;1870
GoodFortune-19907.jpeg;[222.28998   59.973316 305.4178   173.89964 ];M;Aziz_Ansari;M;760;3050;1660;2150
GoodFortune-20098.jpeg;[210.44817   57.110172 293.0407   168.4728  ];M;Aziz_Ansari;M;760;2950;1660;2050
GoodFortune-33106.jpeg;[249.68573   22.123133 447.31097  278.74658 ];M;Aziz_Ansari;M;680;4640;2910;2410
GoodFortune-34260.jpeg;[228.57268  -53.273827 484.25375  293.12967 ];M;Aziz_Ansari;M;230;4680;2900;2000
GoodFortune-41730.jpeg;[453.76492 114.95698 530.6051  222.81985];F;Keanu_Reeves;M;560;2550;1460;1650
GoodFortune-41730.jpeg;[173.56467   33.111496 252.18358  154.0472  ];M;Keanu_Reeves;M;560;2550;1460;1650
GoodFortune-42172.jpeg;[439.1196  111.08794 513.1433  211.27153];M;Keanu_Reeves;M;560;2750;1460;1850
GoodFortune-42172.jpeg;[190.9125   30.82606 263.72034 145.70729];M;Keanu_Reeves;M;560;2750;1460;1850
GoodFortune-4561.jpeg;[380.48254   33.805367 465.8326   140.21127 ];F;Aditya_Geddada;M;320;4620;1400;3540
GoodFortune-51055.jpeg;[296.97507   34.599754 376.83875  146.41264 ];M;Aziz_Ansari;M;560;3840;1460;2950
GoodFortune-51055.jpeg;[133.41618   80.235825 170.26337  135.789   ];M;Aziz_Ansari;M;560;3840;1460;2950
GoodFortune-51277.jpeg;[286.66745   28.232933 363.26196  129.5248  ];M;Aziz_Ansari;M;360;3740;1260;2850
GoodFortune-51277.jpeg;[539.3913  -78.32112 644.02     96.72137];M;Aziz_Ansari;M;360;3740;1260;2850
GoodFortune-51277.jpeg;[126.67572  85.00696 167.47556 143.59525];M;Aziz_Ansari;M;360;3740;1260;2850
GoodFortune-55921.jpeg;[252.19333   37.828842 358.4854   183.8763  ];M;Aziz_Ansari;M;680;3540;1750;2470
GoodFortune-59993.jpeg;[279.3603    44.730778 371.1096   187.33469 ];M;Keanu_Reeves;M;800;3780;1870;2700
GoodFortune-63699.jpeg;[228.27267  31.80722 306.72046 161.1769 ];M;Keanu_Reeves;M;560;3050;1460;2150
GoodFortune-95373.jpeg;[311.6152   63.41582 443.4855  241.54385];F;Blanca_Araceli;F;810;4590;2360;3040
Gravity-101993.jpeg;[521.9292   71.57759 646.30554 211.56882];M;Sandra_Bullock;F;920;6170;1990;5090
Gravity-103422.jpeg;[467.88065   56.218933 595.97955  202.91624 ];M;Sandra_Bullock;F;800;5690;1870;4620
Gravity-103672.jpeg;[480.43393   52.178635 598.4854   212.18587 ];M;Sandra_Bullock;F;820;5830;2110;4540
Gravity-104295.jpeg;[555.2243  131.28539 659.91327 243.51196];M;Sandra_Bullock;F;1400;6410;2470;5330
Gravity-104545.jpeg;[572.7653   97.35673 676.74146 230.93394];M;Sandra_Bullock;F;1160;6530;2230;5450
Gravity-64705.jpeg;[492.7613   97.90676 626.7716  262.206  ];M;Sandra_Bullock;F;1160;6310;2700;4760
Gravity-71621.jpeg;[250.88463 103.65134 368.3796  254.05441];M;Sandra_Bullock;F;1400;3780;2470;2700
Gravity-82333.jpeg;[450.2359   81.62022 578.0527  261.26352];F;Sandra_Bullock;F;1100;5540;2390;4250
Gravity-96304.jpeg;[401.88318  76.94157 460.36426 153.94984];M;George_Clooney;M;800;4530;1420;3910
Gravity-96304.jpeg;[298.87924 140.7447  354.2862  209.22282];F;George_Clooney;M;800;4530;1420;3910
Gravity-98304.jpeg;[215.2827    86.222946 303.50845  197.33394 ];F;Sandra_Bullock;F;960;3250;1860;2350
Gravity-98304.jpeg;[539.0841   75.60103 636.1828  216.24112];M;Sandra_Bullock;F;960;3250;1860;2350
Gravity-98804.jpeg;[206.71385 146.43248 329.28775 300.0419 ];F;Sandra_Bullock;F;1680;3250;2970;1960
Gravity-98804.jpeg;[686.65314    7.018998 837.0932   209.1452  ];M;Sandra_Bullock;F;1680;3250;2970;1960
Her-102154.jpeg;[302.74066   26.435755 492.25427  272.0303  ];M;Joaquin_Phoenix;M;430;4890;2660;2660
Her-10470.jpeg;[212.2623    26.429325 415.01196  299.32678 ];F;Joaquin_Phoenix;M;680;4390;2910;2160
Her-105135.jpeg;[182.88356   30.668558 373.82938  286.30698 ];M;Joaquin_Phoenix;M;430;4140;2660;1910
Her-126453.jpeg;[305.06454  63.1843  360.08594 141.72786];M;Joaquin_Phoenix;M;730;3490;1350;2870
Her-127203.jpeg;[304.46625   54.754272 443.23392  236.03925 ];M;Joaquin_Phoenix;M;810;4250;2360;2700
Her-127703.jpeg;[253.21616    -1.5242969 507.48672   336.2963   ];M;Joaquin_Phoenix;M;520;4980;3200;2300
Her-128508.jpeg;[261.48398  -32.493073 526.5912   306.48483 ];M;Joaquin_Phoenix;M;0;5260;3130;2050
Her-128758.jpeg;[262.3725   -51.127598 530.74884  309.20728 ];M;Joaquin_Phoenix;M;0;5260;3130;2050
Her-129008.jpeg;[256.24588 -49.53519 521.74207 304.10065];M;Joaquin_Phoenix;M;0;5260;3130;2050
Her-129258.jpeg;[263.46362  -50.673653 523.46387  300.626   ];M;Joaquin_Phoenix;M;0;5260;3130;2050
Her-129508.jpeg;[250.89085 -46.03952 508.95377 297.42627];M;Joaquin_Phoenix;M;0;4680;2600;2000
Her-130180.jpeg;[181.53654   26.024096 353.41812  236.04216 ];M;Joaquin_Phoenix;M;360;3450;2220;1590
Her-137324.jpeg;[196.8222    29.742952 378.1881   277.08292 ];M;Joaquin_Phoenix;M;430;4140;2660;1910
Her-152111.jpeg;[242.09315    6.964203 421.8489   270.35773 ];M;Joaquin_Phoenix;M;770;4280;2630;2420
Her-164835.jpeg;[137.70201   37.006966 267.31744  221.57747 ];M;Joaquin_Phoenix;M;640;2870;2190;1320
Her-164973.jpeg;[159.18385   54.887894 287.77426  233.03497 ];M;Joaquin_Phoenix;M;810;3220;2360;1670
Her-165073.jpeg;[375.81683   62.791965 505.6796   247.05183 ];F;Amy_Adams;F;810;4940;2360;3390
Her-165150.jpeg;[138.52603  49.51602 268.322   224.98651];M;Joaquin_Phoenix;M;820;2820;2110;1530
Her-167860.jpeg;[230.27744  54.44672 339.8029  209.60367];M;Joaquin_Phoenix;M;820;3540;2110;2250
Her-36233.jpeg;[215.50362  74.13535 288.14456 167.04558];M;Rooney_Mara;F;1660;3840;2550;2950
Her-36233.jpeg;[314.0742  152.17693 402.72327 260.1806 ];F;Rooney_Mara;F;1660;3840;2550;2950
Her-46762.jpeg;[421.0357    64.580864 488.68088  161.68105 ];F;Olivia_Wilde;F;880;4860;1630;4110
Her-47926.jpeg;[352.76746   44.130836 491.0537   224.53589 ];F;Olivia_Wilde;F;640;4760;2190;3220
Her-49298.jpeg;[372.7837   48.60968 514.6608  244.42027];F;Olivia_Wilde;F;810;5110;2360;3560
Her-54455.jpeg;[303.06552  48.78442 464.002   298.26984];F;Olivia_Wilde;F;980;4690;2840;2830
Her-5713.jpeg;[276.34906   42.207848 448.44547  286.5559  ];M;Joaquin_Phoenix;M;980;4280;2840;2420
Her-5713.jpeg;[458.29367  38.09088 771.2291  440.57013];F;Joaquin_Phoenix;M;980;4280;2840;2420
Her-71023.jpeg;[198.7601    16.289112 374.26492  256.5072  ];M;Joaquin_Phoenix;M;430;4140;2660;1910
Her-71433.jpeg;[181.60736   18.401379 344.8071   238.18257 ];F;Rooney_Mara;F;360;3860;2220;2010
Her-71613.jpeg;[324.99356   49.548283 439.34973  200.5911  ];F;Rooney_Mara;F;670;4540;1960;3250
Her-71613.jpeg;[129.31503  43.27107 272.62054 269.44073];M;Rooney_Mara;F;670;4540;1960;3250
Her-71921.jpeg;[171.46622    -7.2839994 367.63052   250.21945  ];M;Joaquin_Phoenix;M;190;4140;2420;1910
Her-72056.jpeg;[277.8222   26.49767 387.32086 170.6956 ];M;Joaquin_Phoenix;M;390;4110;1680;2820
Her-73060.jpeg;[185.17601   21.979479 353.84283  248.72357 ];M;Joaquin_Phoenix;M;570;3860;2420;2010
Her-76450.jpeg;[303.8053    70.042854 440.84497  263.3082  ];F;Amy_Adams;F;1160;4420;2700;2870
Her-76760.jpeg;[354.21683   41.234226 473.1794   205.82837 ];F;Amy_Adams;F;670;4680;1960;3390
Her-77148.jpeg;[149.27602   56.718407 278.64227  231.69063 ];M;Joaquin_Phoenix;M;960;2820;2250;1530
Her-77323.jpeg;[157.2887    48.842667 280.42322  215.99431 ];M;Joaquin_Phoenix;M;640;3040;2190;1500
Her-93398.jpeg;[372.90445  84.72456 519.53546 270.46277];F;Rooney_Mara;F;1180;5310;3040;3450
KnivesOut-102953.jpeg;[168.57413   39.135757 270.7166   179.72244 ];M;Daniel_Craig;M;680;2700;1750;1630
KnivesOut-102953.jpeg;[479.07352 163.11313 516.5637  214.84782];F;Daniel_Craig;M;680;2700;1750;1630
KnivesOut-14690.jpeg;[212.51004  88.84303 272.37866 168.71979];M;Lakeith_Stanfield;M;1010;2800;1630;2180
KnivesOut-14690.jpeg;[512.719     42.206924 535.72577   73.514755];M;Lakeith_Stanfield;M;1010;2800;1630;2180
KnivesOut-14690.jpeg;[353.28403 145.64615 367.58298 164.79546];M;Lakeith_Stanfield;M;1010;2800;1630;2180
KnivesOut-158386.jpeg;[198.35574   56.993942 292.68365  188.45013 ];M;Lakeith_Stanfield;M;530;2960;1820;1670
KnivesOut-16000.jpeg;[198.67787   53.127342 316.7266   210.52576 ];M;Lakeith_Stanfield;M;820;3250;2110;1960
KnivesOut-16000.jpeg;[431.80356  124.917404 459.25568  158.32047 ];M;Lakeith_Stanfield;M;820;3250;2110;1960
KnivesOut-164756.jpeg;[291.4417   18.49115 490.39465 276.49774];M;Daniel_Craig;M;430;4890;2660;2660
KnivesOut-169564.jpeg;[269.4086    53.373463 353.81146  176.51399 ];M;Lakeith_Stanfield;M;860;3640;1760;2750
KnivesOut-18206.jpeg;[215.54521  68.4058  338.0599  230.90105];M;Lakeith_Stanfield;M;960;3390;2250;2100
KnivesOut-21200.jpeg;[217.27316  42.59473 294.07733 147.14958];M;Daniel_Craig;M;560;3050;1460;2150
KnivesOut-21702.jpeg;[232.60506   45.383163 319.18384  162.21877 ];M;Daniel_Craig;M;660;3250;1560;2350
KnivesOut-30261.jpeg;[191.82388  15.8311  397.29626 307.96063];M;Daniel_Craig;M;680;4140;2910;1910
KnivesOut-31796.jpeg;[201.26657   61.677017 362.0656   293.33536 ];M;Daniel_Craig;M;980;3860;2840;2010
KnivesOut-37166.jpeg;[229.7969      3.4488068 484.82568   303.19525  ];M;Daniel_Craig;M;230;4680;2900;2000
KnivesOut-46307.jpeg;[245.08284  64.61819 362.02893 233.30206];M;Lakeith_Stanfield;M;960;3820;2250;2530
KnivesOut-65281.jpeg;[291.41898   32.694115 367.02945  141.07927 ];M;Daniel_Craig;M;460;3640;1360;2750
KnivesOut-65601.jpeg;[294.2811    38.766808 398.56268  188.55232 ];M;Daniel_Craig;M;530;3970;1820;2680
KnivesOut-66371.jpeg;[295.29108   29.497444 451.5489   253.05046 ];M;Daniel_Craig;M;570;4480;2420;2620
KnivesOut-66580.jpeg;[302.43265   33.077484 455.44046  251.1709  ];M;Daniel_Craig;M;810;4420;2360;2870
KnivesOut-6807.jpeg;[250.85742  33.984   445.0339  301.734  ];F;Ana_de_Armas;F;680;4890;2910;2660
KnivesOut-88773.jpeg;[230.95164   34.095818 361.6365   212.44376 ];M;Daniel_Craig;M;640;3730;2190;2180
KnivesOut-9089.jpeg;[220.19122   56.825455 329.7062   216.56729 ];M;Lakeith_Stanfield;M;960;3390;2250;2100
KnivesOut-9089.jpeg;[457.26926 123.01596 484.09668 155.31685];M;Lakeith_Stanfield;M;960;3390;2250;2100
KnivesOut-94537.jpeg;[251.66704 138.51808 301.2213  201.09682];F;Daniel_Craig;M;440;4620;1520;3540
KnivesOut-94537.jpeg;[376.13785   37.482857 458.4966   148.61458 ];M;Daniel_Craig;M;440;4620;1520;3540
KnivesOut-94537.jpeg;[159.76074 151.87833 180.77519 181.18956];M;Daniel_Craig;M;440;4620;1520;3540
KnivesOut-94537.jpeg;[118.3645   99.78864 136.54608 124.80242];M;Daniel_Craig;M;440;4620;1520;3540
MoonriseKingdom-104001.jpeg;[719.93805 166.57777 767.89185 229.2032 ];M;Kara_Hayward;F;2130;3530;2870;2780
MoonriseKingdom-104001.jpeg;[282.81934 205.35211 352.68655 283.06308];F;Kara_Hayward;F;2130;3530;2870;2780
MoonriseKingdom-104001.jpeg;[140.13393 274.7624  167.3106  306.24515];F;Kara_Hayward;F;2130;3530;2870;2780
MoonriseKingdom-104001.jpeg;[204.15138 224.65656 235.94301 263.35782];M;Kara_Hayward;F;2130;3530;2870;2780
MoonriseKingdom-104001.jpeg;[ 38.153793 276.71396   89.970634 331.54767 ];M;Kara_Hayward;F;2130;3530;2870;2780
MoonriseKingdom-104001.jpeg;[384.6813  244.32576 424.9006  292.62885];M;Kara_Hayward;F;2130;3530;2870;2780
MoonriseKingdom-104001.jpeg;[578.8227  222.61917 647.5114  305.3422 ];M;Kara_Hayward;F;2130;3530;2870;2780
MoonriseKingdom-104001.jpeg;[497.61996 193.9867  528.37823 232.06927];M;Kara_Hayward;F;2130;3530;2870;2780
MoonriseKingdom-108751.jpeg;[378.83154 129.07079 587.09174 359.2039 ];M;Jared_Gilman;M;1420;5880;3650;3650
MoonriseKingdom-119001.jpeg;[349.09775 190.50769 454.90274 338.2224 ];F;Frances_McDormand;F;1960;4680;3250;3390
MoonriseKingdom-119001.jpeg;[349.09775 190.50769 454.90274 338.2224 ];F;Bill_Murray;M;800;6650;1870;5570
MoonriseKingdom-119001.jpeg;[555.34546   49.542664 671.9882   186.85428 ];M;Frances_McDormand;F;1960;4680;3250;3390
MoonriseKingdom-119001.jpeg;[555.34546   49.542664 671.9882   186.85428 ];M;Bill_Murray;M;800;6650;1870;5570
MoonriseKingdom-119001.jpeg;[  7.887595 249.90526   50.496002 299.0259  ];M;Frances_McDormand;F;1960;4680;3250;3390
MoonriseKingdom-119001.jpeg;[  7.887595 249.90526   50.496002 299.0259  ];M;Bill_Murray;M;800;6650;1870;5570
MoonriseKingdom-119001.jpeg;[896.202   253.56566 941.7011  305.4318 ];M;Frances_McDormand;F;1960;4680;3250;3390
MoonriseKingdom-119001.jpeg;[896.202   253.56566 941.7011  305.4318 ];M;Bill_Murray;M;800;6650;1870;5570
MoonriseKingdom-119001.jpeg;[272.61023 161.54651 320.51782 217.06262];F;Frances_McDormand;F;1960;4680;3250;3390
MoonriseKingdom-119001.jpeg;[272.61023 161.54651 320.51782 217.06262];F;Bill_Murray;M;800;6650;1870;5570
MoonriseKingdom-119001.jpeg;[721.10284 165.4264  744.51495 193.95045];M;Frances_McDormand;F;1960;4680;3250;3390
MoonriseKingdom-119001.jpeg;[721.10284 165.4264  744.51495 193.95045];M;Bill_Murray;M;800;6650;1870;5570
MoonriseKingdom-119001.jpeg;[846.56836 238.32327 875.3952  274.02884];F;Frances_McDormand;F;1960;4680;3250;3390
MoonriseKingdom-119001.jpeg;[846.56836 238.32327 875.3952  274.02884];F;Bill_Murray;M;800;6650;1870;5570
MoonriseKingdom-119001.jpeg;[945.4101  184.93417 971.8282  214.29613];M;Frances_McDormand;F;1960;4680;3250;3390
MoonriseKingdom-119001.jpeg;[945.4101  184.93417 971.8282  214.29613];M;Bill_Murray;M;800;6650;1870;5570
MoonriseKingdom-119001.jpeg;[825.8778  302.03778 868.8029  352.91998];M;Frances_McDormand;F;1960;4680;3250;3390
MoonriseKingdom-119001.jpeg;[825.8778  302.03778 868.8029  352.91998];M;Bill_Murray;M;800;6650;1870;5570
MoonriseKingdom-119001.jpeg;[822.7914  178.09872 845.60046 208.13205];M;Frances_McDormand;F;1960;4680;3250;3390
MoonriseKingdom-119001.jpeg;[822.7914  178.09872 845.60046 208.13205];M;Bill_Murray;M;800;6650;1870;5570
MoonriseKingdom-119001.jpeg;[685.1598  159.83705 711.1605  192.42317];M;Frances_McDormand;F;1960;4680;3250;3390
MoonriseKingdom-119001.jpeg;[685.1598  159.83705 711.1605  192.42317];M;Bill_Murray;M;800;6650;1870;5570
MoonriseKingdom-119001.jpeg;[133.40146 177.69757 203.37462 254.21628];M;Frances_McDormand;F;1960;4680;3250;3390
MoonriseKingdom-119001.jpeg;[133.40146 177.69757 203.37462 254.21628];M;Bill_Murray;M;800;6650;1870;5570
MoonriseKingdom-119001.jpeg;[713.3396  204.51097 739.4103  236.9621 ];M;Frances_McDormand;F;1960;4680;3250;3390
MoonriseKingdom-119001.jpeg;[713.3396  204.51097 739.4103  236.9621 ];M;Bill_Murray;M;800;6650;1870;5570
MoonriseKingdom-119001.jpeg;[825.5208  140.18143 846.4529  170.09274];M;Frances_McDormand;F;1960;4680;3250;3390
MoonriseKingdom-119001.jpeg;[825.5208  140.18143 846.4529  170.09274];M;Bill_Murray;M;800;6650;1870;5570
MoonriseKingdom-119001.jpeg;[876.6074  174.97089 899.94354 202.69136];M;Frances_McDormand;F;1960;4680;3250;3390
MoonriseKingdom-119001.jpeg;[876.6074  174.97089 899.94354 202.69136];M;Bill_Murray;M;800;6650;1870;5570
MoonriseKingdom-119001.jpeg;[772.1255  166.4466  792.797   189.34236];M;Frances_McDormand;F;1960;4680;3250;3390
MoonriseKingdom-119001.jpeg;[772.1255  166.4466  792.797   189.34236];M;Bill_Murray;M;800;6650;1870;5570
MoonriseKingdom-119001.jpeg;[504.15527 168.90434 526.6814  202.40488];F;Frances_McDormand;F;1960;4680;3250;3390
MoonriseKingdom-119001.jpeg;[504.15527 168.90434 526.6814  202.40488];F;Bill_Murray;M;800;6650;1870;5570
MoonriseKingdom-119001.jpeg;[ 41.095097 217.60104   65.007355 246.27707 ];M;Frances_McDormand;F;1960;4680;3250;3390
MoonriseKingdom-119001.jpeg;[ 41.095097 217.60104   65.007355 246.27707 ];M;Bill_Murray;M;800;6650;1870;5570
MoonriseKingdom-119001.jpeg;[ 88.78943 235.18312 118.17927 269.67358];F;Frances_McDormand;F;1960;4680;3250;3390
MoonriseKingdom-119001.jpeg;[ 88.78943 235.18312 118.17927 269.67358];F;Bill_Murray;M;800;6650;1870;5570
MoonriseKingdom-119001.jpeg;[ 22.469036 190.63385   44.007324 212.57565 ];F;Frances_McDormand;F;1960;4680;3250;3390
MoonriseKingdom-119001.jpeg;[ 22.469036 190.63385   44.007324 212.57565 ];F;Bill_Murray;M;800;6650;1870;5570
MoonriseKingdom-119001.jpeg;[ -8.219559 220.89383   19.559347 255.87454 ];F;Frances_McDormand;F;1960;4680;3250;3390
MoonriseKingdom-119001.jpeg;[ -8.219559 220.89383   19.559347 255.87454 ];F;Bill_Murray;M;800;6650;1870;5570
MoonriseKingdom-125251.jpeg;[346.35968   45.775784 434.9176   159.53548 ];M;Frances_McDormand;F;2700;4420;4250;2870
MoonriseKingdom-125251.jpeg;[494.313    49.91135 587.24536 179.34624];M;Frances_McDormand;F;2700;4420;4250;2870
MoonriseKingdom-125251.jpeg;[313.23105 254.40858 424.95737 425.45563];M;Frances_McDormand;F;2700;4420;4250;2870
MoonriseKingdom-125251.jpeg;[456.4479  223.43521 589.53345 399.8969 ];F;Frances_McDormand;F;2700;4420;4250;2870
MoonriseKingdom-129251.jpeg;[384.11624  37.97494 522.1112  213.11502];F;Kara_Hayward;F;640;5280;2190;3730
MoonriseKingdom-26001.jpeg;[ 276.4483  -136.99895  761.6827   505.7075 ];F;Kara_Hayward;F;0;7880;5400;2330
MoonriseKingdom-28501.jpeg;[409.70203 100.309   578.6756  308.1916 ];F;Jared_Gilman;M;1180;5930;3040;4070
MoonriseKingdom-37001.jpeg;[618.0608    51.448402 677.04376  125.71969 ];M;Kara_Hayward;F;590;6670;1220;6050
MoonriseKingdom-37751.jpeg;[432.32834  96.27391 563.88446 260.91092];F;Kara_Hayward;F;1250;5690;2540;4400
MoonriseKingdom-38001.jpeg;[414.9235    55.622833 551.0834   227.7853  ];F;Kara_Hayward;F;640;5620;2190;4080
MoonriseKingdom-41251.jpeg;[443.23846  72.29999 583.4742  260.94568];F;Kara_Hayward;F;980;5800;2530;4250
MoonriseKingdom-42251.jpeg;[301.96997  68.05611 593.5428  479.91806];F;Kara_Hayward;F;1340;6330;4550;3120
MoonriseKingdom-43001.jpeg;[422.05237  81.16817 569.2165  279.10956];F;Kara_Hayward;F;1330;5800;2880;4250
MoonriseKingdom-43251.jpeg;[451.50177 138.54854 504.27664 217.73741];F;Kara_Hayward;F;1490;4940;2110;4320
MoonriseKingdom-43251.jpeg;[245.56602 363.76944 304.0615  430.90213];M;Kara_Hayward;F;1490;4940;2110;4320
MoonriseKingdom-47751.jpeg;[432.36703 202.86809 503.42896 306.73727];F;Frances_McDormand;F;2160;5140;3050;4240
MoonriseKingdom-47751.jpeg;[266.50824   85.910065 373.72534  229.39395 ];F;Frances_McDormand;F;2160;5140;3050;4240
MoonriseKingdom-47751.jpeg;[610.7037  118.5481  667.4247  243.52388];F;Frances_McDormand;F;2160;5140;3050;4240
MoonriseKingdom-52501.jpeg;[640.0258    47.193718 682.57      99.5867  ];M;Kara_Hayward;F;500;6740;940;6310
MoonriseKingdom-52501.jpeg;[481.06696 174.49467 514.6154  213.88246];M;Kara_Hayward;F;500;6740;940;6310
MoonriseKingdom-57251.jpeg;[232.30963 187.32242 412.73816 410.03857];F;Kara_Hayward;F;2220;4070;4070;2210
MoonriseKingdom-57251.jpeg;[626.5369  124.43408 826.1556  352.72943];F;Kara_Hayward;F;2220;4070;4070;2210
MoonriseKingdom-57501.jpeg;[227.972   180.09552 409.03708 409.49167];F;Kara_Hayward;F;2220;4070;4070;2210
MoonriseKingdom-57501.jpeg;[614.58014 126.43267 814.95404 357.80893];F;Kara_Hayward;F;2220;4070;4070;2210
MoonriseKingdom-59751.jpeg;[167.21619  72.06089 261.75912 194.92372];M;Bill_Murray;M;920;2700;1990;1630
MoonriseKingdom-59751.jpeg;[167.21619  72.06089 261.75912 194.92372];M;Frances_McDormand;F;1880;4280;2620;3530
MoonriseKingdom-59751.jpeg;[356.32794 164.18735 428.87506 263.57242];M;Bill_Murray;M;920;2700;1990;1630
MoonriseKingdom-59751.jpeg;[356.32794 164.18735 428.87506 263.57242];M;Frances_McDormand;F;1880;4280;2620;3530
MoonriseKingdom-59751.jpeg;[525.4794   83.83666 605.751   188.1174 ];M;Bill_Murray;M;920;2700;1990;1630
MoonriseKingdom-59751.jpeg;[525.4794   83.83666 605.751   188.1174 ];M;Frances_McDormand;F;1880;4280;2620;3530
MoonriseKingdom-59751.jpeg;[701.7361   74.05425 795.67096 199.24098];M;Bill_Murray;M;920;2700;1990;1630
MoonriseKingdom-59751.jpeg;[701.7361   74.05425 795.67096 199.24098];M;Frances_McDormand;F;1880;4280;2620;3530
MoonriseKingdom-61751.jpeg;[448.19022 138.44829 548.93604 259.636  ];F;Jared_Gilman;M;1520;5450;2590;4380
MoonriseKingdom-62001.jpeg;[386.34546   25.493488 602.6904   302.72516 ];M;Kara_Hayward;F;680;6130;2910;3900
MoonriseKingdom-62751.jpeg;[246.01483 170.621   345.4522  306.13007];F;Kara_Hayward;F;1990;3540;3070;2470
MoonriseKingdom-63751.jpeg;[527.2677  223.75337 564.9692  272.16696];F;Kara_Hayward;F;2340;5610;2700;5250
MoonriseKingdom-63751.jpeg;[478.5636  181.63846 522.9672  226.8115 ];F;Kara_Hayward;F;2340;5610;2700;5250
MoonriseKingdom-65251.jpeg;[ 252.95035 -104.66018  646.2223   430.80154];F;Jared_Gilman;M;0;7070;4510;2450
MoonriseKingdom-65751.jpeg;[ 247.2787  -140.77077  639.18964  357.98514];F;Jared_Gilman;M;0;6320;3760;2470
MoonriseKingdom-66751.jpeg;[489.5425   -31.526077 841.78046  458.73166 ];F;Kara_Hayward;F;330;8030;4180;4180
MoonriseKingdom-6751.jpeg;[420.1796   94.07202 597.38885 318.6068 ];F;Kara_Hayward;F;1390;5930;3250;4070
MoonriseKingdom-73501.jpeg;[615.41736 253.81953 666.13556 320.2029 ];F;Kara_Hayward;F;1980;5570;2600;4940
MoonriseKingdom-73501.jpeg;[615.41736 253.81953 666.13556 320.2029 ];F;Frances_McDormand;F;1460;3450;2210;2700
MoonriseKingdom-73501.jpeg;[751.42633 264.67456 807.4622  327.06055];M;Kara_Hayward;F;1980;5570;2600;4940
MoonriseKingdom-73501.jpeg;[751.42633 264.67456 807.4622  327.06055];M;Frances_McDormand;F;1460;3450;2210;2700
MoonriseKingdom-73501.jpeg;[ 83.65118 268.61182 144.7969  340.72903];M;Kara_Hayward;F;1980;5570;2600;4940
MoonriseKingdom-73501.jpeg;[ 83.65118 268.61182 144.7969  340.72903];M;Frances_McDormand;F;1460;3450;2210;2700
MoonriseKingdom-73501.jpeg;[487.1712 187.5575 545.5029 265.9114];F;Kara_Hayward;F;1980;5570;2600;4940
MoonriseKingdom-73501.jpeg;[487.1712 187.5575 545.5029 265.9114];F;Frances_McDormand;F;1460;3450;2210;2700
MoonriseKingdom-73501.jpeg;[273.48642 143.10046 335.59946 226.4572 ];F;Kara_Hayward;F;1980;5570;2600;4940
MoonriseKingdom-73501.jpeg;[273.48642 143.10046 335.59946 226.4572 ];F;Frances_McDormand;F;1460;3450;2210;2700
MoonriseKingdom-79501.jpeg;[439.62173 232.01138 572.2361  407.7503 ];F;Frances_McDormand;F;1100;8700;2390;7410
MoonriseKingdom-79501.jpeg;[746.48126  90.63653 867.0497  240.71722];M;Frances_McDormand;F;1100;8700;2390;7410
MoonriseKingdom-79751.jpeg;[438.7457  225.71452 570.0821  399.36176];F;Kara_Hayward;F;2530;5800;4080;4250
MoonriseKingdom-79751.jpeg;[438.7457  225.71452 570.0821  399.36176];F;Frances_McDormand;F;960;8700;2250;7410
MoonriseKingdom-79751.jpeg;[757.34033   70.562485 873.89087  224.50804 ];M;Kara_Hayward;F;2530;5800;4080;4250
MoonriseKingdom-79751.jpeg;[757.34033   70.562485 873.89087  224.50804 ];M;Frances_McDormand;F;960;8700;2250;7410
MoonriseKingdom-95751.jpeg;[ 84.14472 264.6822  230.44438 440.03238];F;Kara_Hayward;F;960;5690;2250;4400
MoonriseKingdom-95751.jpeg;[446.5511    77.287476 570.05994  234.38129 ];F;Kara_Hayward;F;960;5690;2250;4400
MyFault-58009.jpeg;[436.43237   54.286324 602.13904  271.84967 ];M;Gabriel_Guevara;M;770;5930;2630;4070
MyFault-6843.jpeg;[186.11331   71.920166 268.5108   178.39383 ];M;Ivan_Sanchez;M;860;2750;1760;1850
MyFault-6843.jpeg;[388.86298 149.69836 456.0502  239.94676];F;Ivan_Sanchez;M;860;2750;1760;1850
MyFault-6843.jpeg;[474.6452   48.29222 505.2384   91.93311];M;Ivan_Sanchez;M;860;2750;1760;1850
MyFault-6843.jpeg;[526.425     42.634087 545.7122    69.295906];F;Ivan_Sanchez;M;860;2750;1760;1850
MyFault-6843.jpeg;[296.1692    51.606228 317.68213   76.44929 ];M;Ivan_Sanchez;M;860;2750;1760;1850
MyFault-74592.jpeg;[264.65582 127.86467 384.51813 282.5367 ];F;Ivan_Sanchez;M;960;5260;2250;3970
MyFault-74592.jpeg;[413.01822   51.152542 547.5268   220.78006 ];M;Ivan_Sanchez;M;960;5260;2250;3970
MyFault-90889.jpeg;[327.46378   91.466324 432.29688  229.15459 ];F;Marta_Hazas;F;760;3050;1660;2150
MyFault-90889.jpeg;[207.87627  57.61854 295.07187 169.47891];F;Marta_Hazas;F;760;3050;1660;2150
MyFault-91337.jpeg;[433.05124  51.07337 555.2092  209.82353];F;Marta_Hazas;F;820;5540;2110;4250
MyFault-91337.jpeg;[ 78.339615 122.65869  245.82675  306.27228 ];F;Marta_Hazas;F;820;5540;2110;4250
PeopleWeMeetonVacation-10777.jpeg;[353.69278  91.16111 452.0207  218.28311];M;Tom_Blyth;M;920;4380;1990;3300
PeopleWeMeetonVacation-12036.jpeg;[217.92249   93.488014 340.22046  244.86665 ];M;Tom_Blyth;M;1100;3390;2390;2100
PeopleWeMeetonVacation-12109.jpeg;[452.85394  93.86404 526.0491  189.08795];M;Tom_Blyth;M;1050;5270;1790;4530
PeopleWeMeetonVacation-12109.jpeg;[ 87.32352 132.21912 160.3168  230.71783];F;Tom_Blyth;M;1050;5270;1790;4530
PeopleWeMeetonVacation-151233.jpeg;[320.59344  79.05173 407.4433  198.94116];M;Tom_Blyth;M;1060;3940;1960;3050
PeopleWeMeetonVacation-152556.jpeg;[304.64066  79.7058  426.4097  221.80603];M;Tom_Blyth;M;820;4110;2110;2820
PeopleWeMeetonVacation-46527.jpeg;[227.25145 115.85818 308.27658 208.5827 ];M;Tom_Blyth;M;1160;3150;2060;2250
PeopleWeMeetonVacation-46527.jpeg;[323.23932 184.24005 344.48547 212.6811 ];F;Tom_Blyth;M;1160;3150;2060;2250
PitchPerfect-10620.jpeg;[ 91.69465  64.08566 162.42378 167.55943];F;Rebel_Wilson;F;670;3540;1960;2250
PitchPerfect-10620.jpeg;[234.27039   39.992374 340.8235   188.76146 ];F;Rebel_Wilson;F;670;3540;1960;2250
PitchPerfect-109498.jpeg;[105.501945  68.75973  213.16042  214.94662 ];F;Brittany_Snow;F;820;2250;2110;960
PitchPerfect-109498.jpeg;[265.33945   61.011204 358.60214  181.39577 ];F;Brittany_Snow;F;820;2250;2110;960
PitchPerfect-113331.jpeg;[355.8988   35.14174 514.28815 253.85782];F;Brittany_Snow;F;810;4940;2360;3390
PitchPerfect-11616.jpeg;[147.11507  52.77158 208.61012 134.82692];F;Anna_Kendrick;F;1150;4940;1770;4320
PitchPerfect-11616.jpeg;[ 18.952717  76.16398   74.41882  144.98688 ];F;Anna_Kendrick;F;1150;4940;1770;4320
PitchPerfect-11616.jpeg;[319.09802   22.348082 366.15704   89.48937 ];F;Anna_Kendrick;F;1150;4940;1770;4320
PitchPerfect-11616.jpeg;[429.87155 103.79595 492.35736 176.34982];F;Anna_Kendrick;F;1150;4940;1770;4320
PitchPerfect-11616.jpeg;[620.8596   93.4945  666.55164 157.73961];F;Anna_Kendrick;F;1150;4940;1770;4320
PitchPerfect-117301.jpeg;[384.75104  61.15761 466.5042  171.64388];F;Anna_Kendrick;F;760;4740;1660;3840
PitchPerfect-120186.jpeg;[395.08655  63.98621 475.41782 184.01205];F;Anna_Kendrick;F;860;4840;1760;3940
PitchPerfect-120526.jpeg;[207.98111  52.21561 285.66156 148.20044];F;Rebel_Wilson;F;720;2870;1460;2120
PitchPerfect-121054.jpeg;[186.67325   46.622646 235.46817  110.990585];F;Brittany_Snow;F;550;2390;1070;1870
PitchPerfect-121054.jpeg;[397.55917   26.915161 444.35703   93.478096];F;Brittany_Snow;F;550;2390;1070;1870
PitchPerfect-121822.jpeg;[267.05084   45.838448 413.7034   256.59576 ];F;Brittany_Snow;F;980;4250;2530;2700
PitchPerfect-121901.jpeg;[188.89073  42.32417 267.77838 138.76744];F;Rebel_Wilson;F;630;2700;1380;1960
PitchPerfect-122914.jpeg;[348.48398   47.015396 396.74905  113.03569 ];F;Rebel_Wilson;F;530;4050;1150;3420
PitchPerfect-122914.jpeg;[348.48398   47.015396 396.74905  113.03569 ];F;Anna_Kendrick;F;2340;2010;2700;1650
PitchPerfect-122914.jpeg;[161.61923 226.419   200.27069 276.86313];F;Rebel_Wilson;F;530;4050;1150;3420
PitchPerfect-122914.jpeg;[161.61923 226.419   200.27069 276.86313];F;Anna_Kendrick;F;2340;2010;2700;1650
PitchPerfect-123064.jpeg;[397.85663   37.128807 457.2109   119.5623  ];F;Anna_Kendrick;F;2450;2100;2970;1580
PitchPerfect-123064.jpeg;[163.60622 242.27092 203.69604 297.36697];M;Anna_Kendrick;F;2450;2100;2970;1580
PitchPerfect-123567.jpeg;[237.595     46.376602 380.94824  247.9636  ];F;Brittany_Snow;F;810;3900;2360;2360
PitchPerfect-128377.jpeg;[307.9988    74.642586 396.65717  188.83887 ];M;Rebel_Wilson;F;960;3780;1710;3030
PitchPerfect-130322.jpeg;[172.93654   61.140884 335.97632  260.54144 ];F;Anna_Kendrick;F;770;3660;2630;1800
PitchPerfect-130687.jpeg;[448.65875 124.99107 526.30054 226.78542];F;Anna_Kendrick;F;1460;5360;2210;4610
PitchPerfect-130687.jpeg;[178.20819   51.569714 261.65588  163.63063 ];F;Anna_Kendrick;F;1460;5360;2210;4610
PitchPerfect-131186.jpeg;[455.88013 128.50775 530.04443 232.20381];F;Anna_Kendrick;F;1460;5440;2360;4540
PitchPerfect-131186.jpeg;[173.4083   37.16165 255.97487 153.0791 ];F;Anna_Kendrick;F;1460;5440;2360;4540
PitchPerfect-144526.jpeg;[247.9566    67.495834 293.637    130.84488 ];F;Anna_Kendrick;F;780;2960;1300;2450
PitchPerfect-144526.jpeg;[ 85.92578   53.375507 133.74556  113.59079 ];F;Anna_Kendrick;F;780;2960;1300;2450
PitchPerfect-144526.jpeg;[311.93594  66.6679  359.38144 123.96743];F;Anna_Kendrick;F;780;2960;1300;2450
PitchPerfect-144526.jpeg;[148.70787   43.68737  187.04367   94.139015];F;Anna_Kendrick;F;780;2960;1300;2450
PitchPerfect-144526.jpeg;[ 12.393167  47.66411   54.321045 102.913956];F;Anna_Kendrick;F;780;2960;1300;2450
PitchPerfect-144526.jpeg;[429.56018   60.912876 472.22607  113.476006];F;Anna_Kendrick;F;780;2960;1300;2450
PitchPerfect-144526.jpeg;[255.30777   18.336641 295.0805    66.9719  ];M;Anna_Kendrick;F;780;2960;1300;2450
PitchPerfect-144526.jpeg;[594.91907  86.4748  630.9034  131.49664];M;Anna_Kendrick;F;780;2960;1300;2450
PitchPerfect-144526.jpeg;[504.9744    91.512726 536.95184  133.38078 ];F;Anna_Kendrick;F;780;2960;1300;2450
PitchPerfect-15058.jpeg;[146.98827   64.841675 198.07193  131.49507 ];F;Anna_Kendrick;F;730;2040;1350;1420
PitchPerfect-15058.jpeg;[ 67.74032  25.85781 106.91512  77.69135];F;Anna_Kendrick;F;730;2040;1350;1420
PitchPerfect-15058.jpeg;[268.48523  73.63575 302.31924 122.85189];F;Anna_Kendrick;F;730;2040;1350;1420
PitchPerfect-15058.jpeg;[406.738     53.069283 456.4337   118.246346];F;Anna_Kendrick;F;730;2040;1350;1420
PitchPerfect-15058.jpeg;[528.178    41.38302 567.4182   95.14871];F;Anna_Kendrick;F;730;2040;1350;1420
PitchPerfect-157390.jpeg;[242.24884   69.304794 306.4338   151.7514  ];F;Brittany_Snow;F;560;4540;1460;3640
PitchPerfect-157390.jpeg;[374.80292   34.750366 461.73474  153.6078  ];F;Brittany_Snow;F;560;4540;1460;3640
PitchPerfect-158236.jpeg;[299.25772   62.074123 344.517    118.44132 ];F;Anna_Kendrick;F;650;4910;1080;4480
PitchPerfect-158236.jpeg;[371.05466  92.58023 413.8644  151.34854];F;Anna_Kendrick;F;650;4910;1080;4480
PitchPerfect-158236.jpeg;[454.99158   55.278137 494.81055  111.27464 ];F;Anna_Kendrick;F;650;4910;1080;4480
PitchPerfect-158236.jpeg;[374.4033    42.206512 417.52524   92.12442 ];F;Anna_Kendrick;F;650;4910;1080;4480
PitchPerfect-27426.jpeg;[182.7864    55.030373 257.87833  150.56662 ];F;Anna_Kendrick;F;720;2540;1460;1790
PitchPerfect-28464.jpeg;[197.35892  34.23983 269.58786 127.97295];F;Anna_Kendrick;F;470;2780;1210;2040
PitchPerfect-28654.jpeg;[269.15408   53.653763 341.9049   143.95024 ];F;Anna_Kendrick;F;560;3440;1460;2550
PitchPerfect-31770.jpeg;[112.643906  59.7539   174.7547   147.1939  ];F;Brittany_Snow;F;880;4190;1630;3450
PitchPerfect-31770.jpeg;[340.36627   66.916275 416.59552  168.97939 ];F;Brittany_Snow;F;880;4190;1630;3450
PitchPerfect-31770.jpeg;[400.2371    15.543309 441.37845   70.61182 ];F;Brittany_Snow;F;880;4190;1630;3450
PitchPerfect-31770.jpeg;[518.49146   37.845146 568.98      92.96675 ];M;Brittany_Snow;F;880;4190;1630;3450
PitchPerfect-33133.jpeg;[231.38525  26.03316 394.38037 241.72835];F;Brittany_Snow;F;570;4070;2420;2210
PitchPerfect-33329.jpeg;[300.4978   60.587   433.41434 248.06303];F;Brittany_Snow;F;960;4400;2250;3110
PitchPerfect-34460.jpeg;[174.39185  55.57046 258.03336 179.74335];F;Rebel_Wilson;F;760;5240;1660;4340
PitchPerfect-34460.jpeg;[429.98462   58.712345 514.5071   160.86462 ];F;Rebel_Wilson;F;760;5240;1660;4340
PitchPerfect-35890.jpeg;[240.20848  63.70689 340.2636  207.43697];F;Brittany_Snow;F;920;3540;1990;2470
PitchPerfect-35890.jpeg;[ 15.876649  88.54464   92.82371  208.28795 ];F;Brittany_Snow;F;920;3540;1990;2470
PitchPerfect-37390.jpeg;[362.39474  69.58787 451.9121  203.0606 ];F;Anna_Kendrick;F;800;4500;1870;3420
PitchPerfect-38578.jpeg;[260.63632   55.805737 318.04834  123.40491 ];M;Rebel_Wilson;F;590;3150;1220;2520
PitchPerfect-38578.jpeg;[402.2383    24.133532 444.09555  112.23793 ];M;Rebel_Wilson;F;590;3150;1220;2520
PitchPerfect-45505.jpeg;[407.02274  59.01245 476.17322 152.51517];F;Brittany_Snow;F;630;2450;1380;1710
PitchPerfect-45505.jpeg;[270.33154   61.255287 318.06906  126.91203 ];F;Brittany_Snow;F;630;2450;1380;1710
PitchPerfect-45505.jpeg;[172.97011   42.676174 241.03392  145.34518 ];F;Brittany_Snow;F;630;2450;1380;1710
PitchPerfect-45505.jpeg;[602.8231   34.83884 666.34625 110.01795];M;Brittany_Snow;F;630;2450;1380;1710
PitchPerfect-45505.jpeg;[ 67.449814 -34.20354  131.80643   49.05896 ];F;Brittany_Snow;F;630;2450;1380;1710
PitchPerfect-45505.jpeg;[397.10312     3.8330362 446.2031     68.83037  ];F;Brittany_Snow;F;630;2450;1380;1710
PitchPerfect-45505.jpeg;[325.7649    15.27452  352.3392    58.188057];M;Brittany_Snow;F;630;2450;1380;1710
PitchPerfect-45918.jpeg;[360.7928   78.72772 462.85046 221.99901];F;Anna_Kendrick;F;820;4540;2110;3250
PitchPerfect-45918.jpeg;[580.6045   61.0896  638.04    150.91463];F;Anna_Kendrick;F;820;4540;2110;3250
PitchPerfect-45918.jpeg;[454.6575    -8.479525 523.03235   72.49053 ];F;Anna_Kendrick;F;820;4540;2110;3250
PitchPerfect-46395.jpeg;[182.42702   41.932186 281.89023  191.24792 ];F;Anna_Kendrick;F;920;5570;1990;4500
PitchPerfect-46395.jpeg;[347.25006    7.989461 409.6551    90.130165];F;Anna_Kendrick;F;920;5570;1990;4500
PitchPerfect-46395.jpeg;[467.58432  81.18299 556.816   198.11137];F;Anna_Kendrick;F;920;5570;1990;4500
PitchPerfect-46395.jpeg;[562.1819    33.8523   634.3805   124.933075];M;Anna_Kendrick;F;920;5570;1990;4500
PitchPerfect-46395.jpeg;[-18.925623 -15.218866  52.61985   86.27839 ];F;Anna_Kendrick;F;920;5570;1990;4500
PitchPerfect-47279.jpeg;[470.47858   -4.806479 537.5608    88.24789 ];F;Anna_Kendrick;F;960;4400;2250;3110
PitchPerfect-47279.jpeg;[345.95114   89.358505 443.29156  228.97055 ];F;Anna_Kendrick;F;960;4400;2250;3110
PitchPerfect-47279.jpeg;[591.44495   29.828629 702.0124   217.92953 ];F;Anna_Kendrick;F;960;4400;2250;3110
PitchPerfect-53068.jpeg;[161.7593   51.54837 231.0294  145.20247];F;Anna_Kendrick;F;630;2290;1380;1540
PitchPerfect-54699.jpeg;[259.67126  80.6305  335.40692 171.60909];F;Anna_Kendrick;F;880;3450;1630;2700
PitchPerfect-55439.jpeg;[143.58493  64.669   236.78609 192.45749];F;Anna_Kendrick;F;800;2470;1870;1390
PitchPerfect-55731.jpeg;[176.70508   62.495995 269.61685  189.40797 ];F;Anna_Kendrick;F;800;2820;1870;1750
PitchPerfect-56148.jpeg;[204.02554  65.24852 297.1413  192.01126];F;Anna_Kendrick;F;860;3050;1760;2150
PitchPerfect-58203.jpeg;[326.128     62.228798 422.35995  180.60152 ];F;Rebel_Wilson;F;760;4140;1660;3250
PitchPerfect-58203.jpeg;[ 39.3071   -36.843132 146.9026   113.29922 ];F;Rebel_Wilson;F;760;4140;1660;3250
PitchPerfect-58801.jpeg;[ 40.88579  113.884674 102.65003  186.66669 ];F;Anna_Kendrick;F;680;3780;1750;2700
PitchPerfect-58801.jpeg;[532.9529    33.42996  598.6563   127.349464];F;Anna_Kendrick;F;680;3780;1750;2700
PitchPerfect-58801.jpeg;[276.98975  47.28547 369.38153 172.09258];F;Anna_Kendrick;F;680;3780;1750;2700
PitchPerfect-58801.jpeg;[127.50439 173.4267  163.09149 217.0141 ];F;Anna_Kendrick;F;680;3780;1750;2700
PitchPerfect-58801.jpeg;[438.48935 165.65227 496.00012 232.41081];F;Anna_Kendrick;F;680;3780;1750;2700
PitchPerfect-61747.jpeg;[ 82.40302   56.727726 136.8467   136.27406 ];F;Anna_Kendrick;F;560;3540;1460;2650
PitchPerfect-61747.jpeg;[208.18105  -21.502432 268.9572    59.0448  ];F;Anna_Kendrick;F;560;3540;1460;2650
PitchPerfect-61747.jpeg;[ 45.90131  -17.51331  103.82538   58.206104];F;Anna_Kendrick;F;560;3540;1460;2650
PitchPerfect-61747.jpeg;[265.8442    41.633766 339.61017  146.13422 ];F;Anna_Kendrick;F;560;3540;1460;2650
PitchPerfect-66544.jpeg;[251.23212   64.504906 320.09335  159.37476 ];F;Anna_Kendrick;F;800;3280;1550;2540
PitchPerfect-66544.jpeg;[458.94058  78.79001 527.777   170.0484 ];F;Anna_Kendrick;F;800;3280;1550;2540
PitchPerfect-66544.jpeg;[ 73.76043   24.519012 144.60277  137.28821 ];F;Anna_Kendrick;F;800;3280;1550;2540
PitchPerfect-66544.jpeg;[554.7509   -14.534359 609.85767   60.38538 ];F;Anna_Kendrick;F;800;3280;1550;2540
PitchPerfect-66544.jpeg;[560.0932   91.57737 605.13617 164.95131];F;Anna_Kendrick;F;800;3280;1550;2540
PitchPerfect-70835.jpeg;[193.94753  93.81873 260.5381  173.93315];F;Anna_Kendrick;F;1060;5140;1960;4240
PitchPerfect-70835.jpeg;[ 53.451374  16.155643 105.28844   92.53312 ];F;Anna_Kendrick;F;1060;5140;1960;4240
PitchPerfect-70835.jpeg;[432.37698  80.00492 523.7657  204.37999];F;Anna_Kendrick;F;1060;5140;1960;4240
PitchPerfect-70835.jpeg;[356.80838   63.348866 397.84946  115.57006 ];F;Anna_Kendrick;F;1060;5140;1960;4240
PitchPerfect-70835.jpeg;[555.9002    92.864235 596.3761   146.84778 ];M;Anna_Kendrick;F;1060;5140;1960;4240
PitchPerfect-7235.jpeg;[206.70587   39.563522 344.0992   224.52344 ];F;Rebel_Wilson;F;820;3540;2110;2250
PitchPerfect-7235.jpeg;[-39.53157   71.83489   59.377304 202.75319 ];F;Rebel_Wilson;F;820;3540;2110;2250
PitchPerfect-80679.jpeg;[169.96153   46.126606 235.81943  138.17276 ];F;Anna_Kendrick;F;630;2450;1380;1710
PitchPerfect-80843.jpeg;[180.07051   44.092926 248.70901  136.83    ];F;Anna_Kendrick;F;630;2540;1380;1790
PitchPerfect-81087.jpeg;[180.16544   43.261196 248.65942  136.24306 ];F;Anna_Kendrick;F;630;2540;1380;1790
PitchPerfect-81236.jpeg;[174.28241   40.578285 247.84427  140.16469 ];F;Anna_Kendrick;F;630;2540;1380;1790
PitchPerfect-81506.jpeg;[170.82603   43.478245 243.0484   142.46774 ];F;Anna_Kendrick;F;630;2450;1380;1710
PitchPerfect-81658.jpeg;[185.75249   41.559834 253.53522  134.12035 ];F;Anna_Kendrick;F;550;2620;1300;1870
PitchPerfect-84813.jpeg;[170.47618   51.181877 311.4834   224.25403 ];F;Anna_Kendrick;F;810;3220;2360;1670
PitchPerfect-85081.jpeg;[184.96254  49.78882 320.2517  235.40868];F;Anna_Kendrick;F;810;3390;2360;1840
PitchPerfect-85297.jpeg;[169.7638   50.88095 308.1951  237.38477];F;Anna_Kendrick;F;810;3220;2360;1670
PitchPerfect-85549.jpeg;[372.2961    47.766434 421.79962  102.56016 ];F;Rebel_Wilson;F;490;4230;1010;3710
PitchPerfect-85681.jpeg;[288.99448   36.180645 455.66925  264.8682  ];F;Rebel_Wilson;F;770;4480;2630;2620
PitchPerfect-86496.jpeg;[197.67932  71.13511 328.40088 250.65678];F;Anna_Kendrick;F;980;3560;2530;2010
PitchPerfect-86650.jpeg;[177.76619   70.792114 306.51205  242.2509  ];F;Anna_Kendrick;F;980;3220;2530;1670
PitchPerfect-87687.jpeg;[366.99362  72.15065 433.44815 161.88046];F;Anna_Kendrick;F;940;4250;1560;3630
PitchPerfect-91684.jpeg;[401.7989    30.762884 475.92764  123.30765 ];F;Rebel_Wilson;F;470;4690;1210;3950
PitchPerfect-91684.jpeg;[ 38.414627 203.40808  125.63161  350.60284 ];F;Rebel_Wilson;F;470;4690;1210;3950
Playdate-103236.jpeg;[222.04027  54.19493 270.6285  118.10719];M;Alan_Ritchson;M;670;2790;1180;2270
Playdate-103236.jpeg;[459.92172 179.10011 507.49762 235.14372];M;Alan_Ritchson;M;670;2790;1180;2270
Playdate-103995.jpeg;[409.613     53.386635 507.08716  190.78534 ];M;Alan_Ritchson;M;800;5090;1870;4020
Playdate-104439.jpeg;[432.8112    35.66118  493.37808  119.238976];M;Alan_Ritchson;M;530;4940;1150;4320
Playdate-104439.jpeg;[189.10056 111.38696 249.46153 186.47879];M;Alan_Ritchson;M;530;4940;1150;4320
Playdate-104500.jpeg;[167.31534 114.12282 241.23096 208.48938];M;Alan_Ritchson;M;260;5730;1160;4840
Playdate-104500.jpeg;[482.89258   9.5012  567.29047 121.11246];M;Alan_Ritchson;M;260;5730;1160;4840
Playdate-106629.jpeg;[479.03586   31.243116 538.942    109.99814 ];M;Alan_Ritchson;M;390;5360;1010;4740
Playdate-106629.jpeg;[141.97089   91.508675 206.02618  174.8205  ];M;Alan_Ritchson;M;390;5360;1010;4740
Playdate-106743.jpeg;[426.0617   59.79314 467.16254 115.58989];M;Alan_Ritchson;M;650;4670;1080;4240
Playdate-106743.jpeg;[199.09077 112.13461 241.33748 161.80214];M;Alan_Ritchson;M;650;4670;1080;4240
Playdate-107623.jpeg;[454.93198  90.23529 504.19968 150.31082];M;Alan_Ritchson;M;380;2960;900;2450
Playdate-107623.jpeg;[242.84824   30.206896 291.15414   92.5882  ];M;Alan_Ritchson;M;380;2960;900;2450
Playdate-108673.jpeg;[488.05557 103.47648 541.6105  172.46687];M;Alan_Ritchson;M;440;2850;950;2330
Playdate-108673.jpeg;[233.9084    32.6882   283.98544   97.044846];M;Alan_Ritchson;M;440;2850;950;2330
Playdate-109813.jpeg;[427.69962  65.61538 462.59482 109.83017];M;Alan_Tudyk;M;700;4610;1060;4250
Playdate-109813.jpeg;[235.58727 110.09923 256.74066 136.77141];M;Alan_Tudyk;M;700;4610;1060;4250
Playdate-109813.jpeg;[ 31.638933  99.60299   53.973286 124.95175 ];M;Alan_Tudyk;M;700;4610;1060;4250
Playdate-109813.jpeg;[376.89407  100.209694 398.47485  126.934586];M;Alan_Tudyk;M;700;4610;1060;4250
Playdate-110476.jpeg;[236.89565  36.59756 340.76614 181.85999];M;Alan_Ritchson;M;680;3540;1750;2470
Playdate-110683.jpeg;[211.49014  41.85338 309.388   182.2847 ];M;Alan_Ritchson;M;680;3300;1750;2230
Playdate-110866.jpeg;[273.23993   28.077553 402.45157  210.1002  ];M;Alan_Ritchson;M;670;4110;1960;2820
Playdate-111111.jpeg;[253.0785    44.828354 366.60928  205.31429 ];M;Alan_Ritchson;M;820;3820;2110;2530
Playdate-11190.jpeg;[273.92758  35.62222 362.34183 156.38884];M;Kevin_James;M;560;3780;1630;2700
Playdate-112386.jpeg;[246.44208  61.28336 353.56125 211.45767];M;Alan_Ritchson;M;920;3660;1990;2590
Playdate-112636.jpeg;[240.4946    38.149338 358.30945  204.63612 ];M;Alan_Ritchson;M;670;3680;1960;2390
Playdate-112825.jpeg;[278.69922  38.7671  385.68817 192.56174];M;Alan_Ritchson;M;680;4020;1750;2940
Playdate-112944.jpeg;[264.36984  33.72875 377.18735 190.58763];M;Alan_Ritchson;M;530;3820;1820;2530
Playdate-113219.jpeg;[260.1841    38.465588 370.03455  195.57153 ];M;Alan_Ritchson;M;680;3780;1750;2700
Playdate-113343.jpeg;[278.62573   41.885952 389.9978   200.64082 ];M;Alan_Ritchson;M;670;4110;1960;2820
Playdate-113652.jpeg;[263.6324    41.411823 372.0383   196.38235 ];M;Alan_Ritchson;M;670;3820;1960;2530
Playdate-113719.jpeg;[268.46246   54.234367 379.401    210.99547 ];M;Alan_Ritchson;M;820;3970;2110;2680
Playdate-114321.jpeg;[357.18076 115.10863 448.937   239.49222];M;Alan_Ritchson;M;1280;4620;2350;3540
Playdate-114321.jpeg;[ 83.037155  23.036947 197.59146  167.20563 ];M;Alan_Ritchson;M;1280;4620;2350;3540
Playdate-114668.jpeg;[253.13525  61.71736 330.329   158.70534];M;Alan_Ritchson;M;660;3250;1560;2350
Playdate-114668.jpeg;[610.3208 195.611  669.6592 306.4227];M;Alan_Ritchson;M;660;3250;1560;2350
Playdate-114975.jpeg;[490.71375   45.821583 541.64374  114.04377 ];M;Alan_Ritchson;M;460;5360;1080;4740
Playdate-114975.jpeg;[220.1857  176.18254 244.46315 206.08498];M;Alan_Ritchson;M;460;5360;1080;4740
Playdate-115784.jpeg;[299.87457   59.2483   340.81705  108.718506];M;Alan_Ritchson;M;600;3380;1030;2950
Playdate-115784.jpeg;[261.94452 154.44939 292.14233 195.8955 ];M;Alan_Ritchson;M;600;3380;1030;2950
Playdate-115883.jpeg;[238.15726   56.614223 288.63138  123.36276 ];M;Alan_Ritchson;M;670;2910;1180;2390
Playdate-115883.jpeg;[193.08951 180.6086  229.23238 229.10847];M;Alan_Ritchson;M;670;2910;1180;2390
Playdate-116157.jpeg;[280.8756   55.71544 355.35516 154.53076];M;Alan_Ritchson;M;720;3530;1460;2780
Playdate-116157.jpeg;[175.7725  216.73929 224.87944 284.48224];M;Alan_Ritchson;M;720;3530;1460;2780
Playdate-116800.jpeg;[393.40594 107.82545 484.84366 233.4635 ];M;Alan_Ritchson;M;1160;4850;2230;3780
Playdate-119724.jpeg;[239.91257  60.67002 388.3332  266.33102];M;Alan_Ritchson;M;980;4080;2530;2530
Playdate-119996.jpeg;[419.73657 183.34608 450.74057 228.03188];M;Alan_Tudyk;M;360;2850;1260;1950
Playdate-119996.jpeg;[191.6489    30.048517 272.08765  134.8541  ];M;Alan_Tudyk;M;360;2850;1260;1950
Playdate-119996.jpeg;[577.07465 133.60837 609.4355  179.59044];F;Alan_Tudyk;M;360;2850;1260;1950
Playdate-121451.jpeg;[430.81735  48.70784 500.37802 133.72781];M;Kevin_James;M;470;5110;1210;4360
Playdate-121780.jpeg;[240.70248  22.97648 404.44052 243.13503];M;Alan_Ritchson;M;570;4280;2420;2420
Playdate-12246.jpeg;[252.7737    47.068924 361.70334  204.82443 ];M;Kevin_James;M;820;3680;2110;2390
Playdate-12246.jpeg;[524.3931  119.12986 631.46265 301.41052];F;Kevin_James;M;820;3680;2110;2390
Playdate-12359.jpeg;[424.66962   65.009384 524.07526  201.01689 ];F;Sarah_Chalke;F;920;5330;1990;4260
Playdate-12359.jpeg;[ 88.64643  63.60613 200.81856 284.22266];F;Sarah_Chalke;F;920;5330;1990;4260
Playdate-124093.jpeg;[444.7331  209.63112 499.3214  282.79913];F;Alan_Ritchson;M;940;3630;1560;3010
Playdate-124093.jpeg;[302.4786    80.449326 362.4985   162.45387 ];M;Alan_Ritchson;M;940;3630;1560;3010
Playdate-124150.jpeg;[272.2254    22.678381 349.3106   127.901535];M;Kevin_James;M;360;3540;1260;2650
Playdate-124400.jpeg;[489.50555 221.15317 541.168   292.4652 ];F;Alan_Ritchson;M;880;3530;1630;2780
Playdate-124400.jpeg;[282.9254    73.737076 343.71817  163.49008 ];M;Alan_Ritchson;M;880;3530;1630;2780
Playdate-124534.jpeg;[484.94226 221.80449 537.5635  293.49753];F;Alan_Ritchson;M;940;3350;1560;2730
Playdate-124534.jpeg;[272.16745  76.4532  333.42172 166.25352];M;Alan_Ritchson;M;940;3350;1560;2730
Playdate-15537.jpeg;[353.52435   60.786667 395.97208  122.55455 ];F;Isla_Fisher;F;670;3940;1180;3430
Playdate-16165.jpeg;[412.87985   38.466923 505.829    160.558   ];F;Isla_Fisher;F;560;5090;1630;4020
Playdate-16295.jpeg;[447.11392  42.88773 532.0818  158.16705];F;Isla_Fisher;F;660;5240;1560;4340
Playdate-16451.jpeg;[433.823    42.23711 516.93243 156.436  ];F;Isla_Fisher;F;660;5140;1560;4240
Playdate-16857.jpeg;[403.2132    62.593025 489.57175  185.07085 ];F;Isla_Fisher;F;680;4850;1750;3780
Playdate-17055.jpeg;[385.14334  39.91413 477.58444 159.42317];F;Isla_Fisher;F;660;4740;1560;3840
Playdate-17547.jpeg;[195.88994   62.840675 294.4401   197.88354 ];M;Kevin_James;M;670;3110;1960;1820
Playdate-18144.jpeg;[283.02124  91.71261 306.5627  122.17988];F;Isla_Fisher;F;1460;4610;1820;4250
Playdate-18144.jpeg;[435.36633 142.37105 465.67468 183.8331 ];F;Isla_Fisher;F;1460;4610;1820;4250
Playdate-18144.jpeg;[459.89233  68.99084 487.19168 107.59234];F;Isla_Fisher;F;1460;4610;1820;4250
Playdate-18144.jpeg;[372.0675  133.15062 397.49722 162.5641 ];F;Isla_Fisher;F;1460;4610;1820;4250
Playdate-18144.jpeg;[139.35634   47.823982 185.72812  121.23091 ];M;Isla_Fisher;F;1460;4610;1820;4250
Playdate-20922.jpeg;[210.16628 116.2336  291.4731  213.63383];M;Alan_Ritchson;M;260;5630;1160;4740
Playdate-20922.jpeg;[466.72836     4.0639286 555.9103    122.88046  ];M;Alan_Ritchson;M;260;5630;1160;4740
Playdate-20985.jpeg;[422.67706  44.26218 494.63672 131.10335];M;Alan_Ritchson;M;550;4940;1300;4190
Playdate-20985.jpeg;[200.05032  121.254715 266.73856  206.92882 ];M;Alan_Ritchson;M;550;4940;1300;4190
Playdate-21325.jpeg;[406.3927    13.511467 524.1928   179.45322 ];M;Alan_Ritchson;M;390;5110;1680;3820
Playdate-21325.jpeg;[141.88597 148.51108 209.68149 287.73834];M;Alan_Ritchson;M;390;5110;1680;3820
Playdate-21696.jpeg;[377.99347    15.0932665 486.3265    170.36584  ];M;Alan_Ritchson;M;390;4830;1680;3540
Playdate-21696.jpeg;[104.43167  93.95001 174.2942  229.08638];M;Alan_Ritchson;M;390;4830;1680;3540
Playdate-22401.jpeg;[197.07156 119.69903 264.53952 201.3432 ];M;Alan_Ritchson;M;470;5020;1210;4280
Playdate-22401.jpeg;[435.6156   39.10834 499.71075 125.66037];M;Alan_Ritchson;M;470;5020;1210;4280
Playdate-22589.jpeg;[400.67047   44.928635 468.49768  133.58809 ];M;Alan_Ritchson;M;550;4780;1300;4030
Playdate-22589.jpeg;[192.73312 115.51652 260.26346 199.16606];M;Alan_Ritchson;M;550;4780;1300;4030
Playdate-25250.jpeg;[321.18307   65.252396 432.93054  209.29428 ];M;Alan_Ritchson;M;820;4400;2110;3110
Playdate-25250.jpeg;[588.2438    57.444515 637.2728   116.03988 ];M;Alan_Ritchson;M;820;4400;2110;3110
Playdate-25443.jpeg;[611.73584 102.94833 663.6543  169.3236 ];M;Alan_Ritchson;M;960;3680;2250;2390
Playdate-25443.jpeg;[249.39323   66.095535 373.79663  239.67696 ];M;Alan_Ritchson;M;960;3680;2250;2390
Playdate-26784.jpeg;[325.5771    34.693665 469.5113   240.05418 ];M;Alan_Ritchson;M;360;5100;2220;3240
Playdate-28983.jpeg;[436.88513   47.614517 529.38763  166.56378 ];M;Alan_Ritchson;M;760;5240;1660;4340
Playdate-28983.jpeg;[283.36697 141.63835 390.4981  277.92642];M;Alan_Ritchson;M;760;5240;1660;4340
Playdate-29122.jpeg;[333.7098    63.714176 432.13397  201.35603 ];M;Alan_Ritchson;M;920;4380;1990;3300
Playdate-30507.jpeg;[476.99197  48.22319 562.4642  160.44234];M;Alan_Ritchson;M;660;5630;1560;4740
Playdate-31313.jpeg;[359.37427   51.043217 476.03647  203.64294 ];M;Alan_Ritchson;M;670;4680;1960;3390
Playdate-31313.jpeg;[276.32523   21.308859 317.05838   70.72802 ];M;Alan_Ritchson;M;670;4680;1960;3390
Playdate-31447.jpeg;[320.5202   71.85311 450.6606  254.09843];M;Alan_Ritchson;M;1100;4250;2390;2960
Playdate-31591.jpeg;[305.50613  50.95089 440.66956 232.09013];M;Alan_Ritchson;M;810;4420;2360;2870
Playdate-35944.jpeg;[540.968     95.345314 637.6025   210.812   ];M;Kevin_James;M;560;2590;1630;1510
Playdate-35944.jpeg;[135.95801   38.501587 240.06657  167.84937 ];M;Kevin_James;M;560;2590;1630;1510
Playdate-35944.jpeg;[680.07477  97.74212 712.38086 136.74687];M;Kevin_James;M;560;2590;1630;1510
Playdate-36142.jpeg;[525.2203   85.46467 623.702   212.79843];F;Kevin_James;M;530;2680;1820;1390
Playdate-36142.jpeg;[138.16515  44.97898 246.8263  182.7948 ];M;Kevin_James;M;530;2680;1820;1390
Playdate-36291.jpeg;[502.14597  119.852325 588.9162   230.70348 ];F;Kevin_James;M;530;2390;1820;1100
Playdate-36291.jpeg;[118.46238  39.16429 224.18884 172.31918];M;Kevin_James;M;530;2390;1820;1100
Playdate-36371.jpeg;[239.53249  67.52335 378.45184 247.72958];M;Kevin_James;M;810;3900;2360;2360
Playdate-38126.jpeg;[116.296814  42.8827   248.36082  216.90717 ];M;Alan_Ritchson;M;640;2700;2190;1150
Playdate-38187.jpeg;[500.92416 105.02463 585.4943  207.37852];M;Alan_Ritchson;M;260;2050;1160;1160
Playdate-38187.jpeg;[104.27627   12.887336 187.88818  128.17809 ];M;Alan_Ritchson;M;260;2050;1160;1160
Playdate-42993.jpeg;[436.04678   51.522858 582.1397   242.45483 ];M;Alan_Ritchson;M;570;5930;2420;4070
Playdate-42993.jpeg;[254.09804 176.88788 356.07922 307.98187];M;Alan_Ritchson;M;570;5930;2420;4070
Playdate-43775.jpeg;[327.35846   14.951208 515.60284  257.08755 ];M;Alan_Ritchson;M;360;5100;2220;3240
Playdate-43832.jpeg;[294.5889     5.731035 510.0782   297.58884 ];M;Alan_Ritchson;M;430;5130;2660;2910
Playdate-48801.jpeg;[425.7793   69.04161 526.2514  207.31926];M;Alan_Ritchson;M;920;5210;1990;4140
Playdate-49150.jpeg;[497.01913    -1.3097763 646.7308    206.1206   ];M;Alan_Ritchson;M;470;6310;2020;4760
Playdate-49150.jpeg;[160.15889  68.77286 263.69574 204.64154];M;Alan_Ritchson;M;470;6310;2020;4760
Playdate-50364.jpeg;[232.36784   15.763347 344.88797  179.29164 ];M;Alan_Ritchson;M;390;3680;1680;2390
Playdate-50463.jpeg;[364.972     53.320126 508.24414  266.89856 ];M;Alan_Ritchson;M;770;5310;2630;3450
Playdate-52544.jpeg;[192.90715   51.443806 299.98138  196.2985  ];M;Alan_Ritchson;M;670;3250;1960;1960
Playdate-52544.jpeg;[540.3978    84.250336 611.7993   243.10916 ];M;Alan_Ritchson;M;670;3250;1960;1960
Playdate-54010.jpeg;[201.635     54.362427 309.23526  194.26729 ];M;Alan_Ritchson;M;670;3250;1960;1960
Playdate-55984.jpeg;[248.0866   29.31759 421.85754 276.5895 ];M;Alan_Ritchson;M;430;4640;2660;2410
Playdate-58412.jpeg;[206.03824   58.566757 311.7027   199.30176 ];M;Alan_Ritchson;M;800;3180;1870;2110
Playdate-58412.jpeg;[542.71625 111.82249 611.07043 244.30016];M;Alan_Ritchson;M;800;3180;1870;2110
Playdate-58809.jpeg;[244.18517   31.322348 400.5467   249.30756 ];M;Alan_Ritchson;M;810;4080;2360;2530
Playdate-59101.jpeg;[220.37306   49.650974 372.73746  254.2939  ];M;Alan_Ritchson;M;570;4070;2420;2210
Playdate-62286.jpeg;[453.7058  -37.6142  660.2568  246.32306];M;Alan_Ritchson;M;0;6370;2170;4140
Playdate-62286.jpeg;[255.94237   44.214436 403.594    215.74347 ];M;Alan_Ritchson;M;0;6370;2170;4140
Playdate-62731.jpeg;[332.5253    22.553902 468.55545  204.6672  ];M;Alan_Ritchson;M;670;4680;1960;3390
Playdate-62731.jpeg;[102.21241    5.055084 307.15735  258.52277 ];M;Alan_Ritchson;M;670;4680;1960;3390
Playdate-63337.jpeg;[149.9162    14.127422 347.98538  296.07028 ];M;Alan_Ritchson;M;430;3900;2660;1670
Playdate-63514.jpeg;[151.45041   24.239239 348.8078   308.00467 ];M;Alan_Ritchson;M;680;3900;2910;1670
Playdate-64852.jpeg;[410.38638   15.873579 609.2404   266.69385 ];M;Kevin_James;M;0;6170;2600;3490
Playdate-65352.jpeg;[317.20862   26.945265 519.71124  287.21582 ];M;Kevin_James;M;430;5130;2660;2910
Playdate-65527.jpeg;[162.6518    20.533712 362.80377  299.96967 ];M;Alan_Ritchson;M;430;3900;2660;1670
Playdate-67551.jpeg;[327.93167   31.256489 463.40915  226.71692 ];M;Alan_Ritchson;M;640;4590;2190;3040
Playdate-67650.jpeg;[314.59738   45.134033 439.41504  217.92725 ];M;Alan_Ritchson;M;820;4250;2110;2960
Playdate-68298.jpeg;[247.19733  47.54088 362.4489  202.64214];M;Alan_Ritchson;M;800;3780;1870;2700
Playdate-69346.jpeg;[270.4811    33.702133 392.10342  200.27225 ];M;Alan_Ritchson;M;530;3970;1820;2680
Playdate-69346.jpeg;[508.81998  81.96804 609.22327 305.9647 ];M;Alan_Ritchson;M;530;3970;1820;2680
Playdate-69662.jpeg;[234.23282   51.527733 353.49704  213.11134 ];M;Alan_Ritchson;M;670;3680;1960;2390
Playdate-69662.jpeg;[499.94092  66.94512 598.6614  300.18906];M;Alan_Ritchson;M;670;3680;1960;2390
Playdate-70629.jpeg;[262.10556   31.185318 397.40308  218.5835  ];M;Kevin_James;M;470;3900;2020;2360
Playdate-70629.jpeg;[491.00043  -30.408087 666.80963  226.61417 ];M;Kevin_James;M;470;3900;2020;2360
Playdate-70705.jpeg;[286.05496   37.477173 416.2237   219.93163 ];M;Kevin_James;M;470;4080;2020;2530
Playdate-70705.jpeg;[512.67426  -18.120747 680.69366  234.05135 ];M;Kevin_James;M;470;4080;2020;2530
Playdate-72325.jpeg;[150.66156   10.541742 349.81506  280.908   ];M;Alan_Ritchson;M;430;3900;2660;1670
Playdate-76029.jpeg;[ 82.06951  42.64243 242.72037 238.50641];M;Alan_Ritchson;M;640;2360;2190;810
Playdate-77237.jpeg;[177.95682   51.731407 323.23322  248.90298 ];M;Alan_Ritchson;M;570;3660;2420;1800
Playdate-77643.jpeg;[192.00919   45.175213 336.60684  248.02779 ];M;Alan_Ritchson;M;640;3560;2190;2010
Playdate-78313.jpeg;[518.6065  134.68336 574.659   193.52316];M;Kevin_James;M;1350;5770;1980;5150
Playdate-79279.jpeg;[516.02795   26.539145 597.95337  133.05217 ];M;Alan_Ritchson;M;360;6030;1260;5140
Playdate-79279.jpeg;[ 59.300526 180.81693   80.265274 207.14236 ];M;Alan_Ritchson;M;360;6030;1260;5140
Playdate-79279.jpeg;[122.06631 184.88908 142.19386 206.29955];M;Alan_Ritchson;M;360;6030;1260;5140
Playdate-79279.jpeg;[317.41306 112.49906 340.07788 139.25047];M;Alan_Ritchson;M;360;6030;1260;5140
Playdate-81594.jpeg;[339.92102   60.337467 417.31546  168.5288  ];M;Alan_Ritchson;M;760;4240;1660;3350
Playdate-82568.jpeg;[430.0868    42.714634 526.3623   173.82304 ];M;Alan_Ritchson;M;680;5330;1750;4260
Playdate-83087.jpeg;[445.9837    37.403408 539.8204   166.73383 ];M;Alan_Ritchson;M;560;5450;1630;4380
Playdate-83462.jpeg;[426.92548   31.438473 519.0786   160.28148 ];M;Alan_Ritchson;M;560;5210;1630;4140
Playdate-83722.jpeg;[422.01144   31.316563 501.10797  132.90366 ];M;Alan_Ritchson;M;360;5040;1260;4140
Playdate-84005.jpeg;[410.7961   22.15348 504.83713 133.11438];M;Alan_Ritchson;M;460;5040;1360;4140
Playdate-84005.jpeg;[167.39265 106.58003 263.24884 232.53923];M;Alan_Ritchson;M;460;5040;1360;4140
Playdate-85347.jpeg;[106.65116   23.905142 247.9032   208.37659 ];M;Alan_Ritchson;M;670;2530;1960;1240
Playdate-85699.jpeg;[109.933716  37.995556 242.34843  221.24648 ];M;Alan_Ritchson;M;670;2530;1960;1240
Playdate-85982.jpeg;[177.94943   21.717215 249.80537  121.42267 ];M;Alan_Ritchson;M;380;2540;1130;1790
Playdate-85982.jpeg;[503.48193 163.80542 553.7082  274.84396];M;Alan_Ritchson;M;380;2540;1130;1790
Playdate-88050.jpeg;[533.05646   55.662975 614.60583  166.55975 ];M;Alan_Ritchson;M;660;6130;1560;5240
Playdate-88050.jpeg;[ 54.778442  70.060585 140.66872  174.42116 ];M;Alan_Ritchson;M;660;6130;1560;5240
Playdate-88050.jpeg;[222.3984  122.89495 270.05997 200.37915];M;Alan_Ritchson;M;660;6130;1560;5240
Playdate-88050.jpeg;[453.0757  123.60932 497.09433 198.41226];M;Alan_Ritchson;M;660;6130;1560;5240
Playdate-88199.jpeg;[372.00626  43.76614 514.5472  239.85873];M;Alan_Ritchson;M;810;5280;2360;3730
Playdate-88321.jpeg;[501.27887 -85.80969 747.1512  253.82306];F;Kevin_James;M;190;4140;2420;1910
Playdate-88321.jpeg;[233.69073  25.93012 408.52744 246.43265];M;Kevin_James;M;190;4140;2420;1910
Playdate-88791.jpeg;[272.15015  20.08215 445.85367 238.10661];M;Kevin_James;M;360;4280;2220;2420
Playdate-88791.jpeg;[539.9074   -65.877785 761.93994  257.3061  ];F;Kevin_James;M;360;4280;2220;2420
Playdate-88947.jpeg;[235.73      28.737873 436.1172   274.29776 ];M;Kevin_James;M;430;4390;2660;2160
Playdate-89171.jpeg;[318.2648   25.19093 521.19586 287.51538];M;Kevin_James;M;430;5130;2660;2910
Playdate-91098.jpeg;[219.10129   39.707714 358.42157  225.92584 ];M;Alan_Ritchson;M;640;3730;2190;2180
Playdate-92283.jpeg;[198.09001   62.290894 271.00674  163.214   ];M;Alan_Ritchson;M;800;2780;1550;2040
Playdate-92283.jpeg;[421.73474 131.5979  470.17386 188.22565];M;Alan_Ritchson;M;800;2780;1550;2040
Playdate-92673.jpeg;[492.5374  124.76145 552.93146 196.06795];M;Alan_Ritchson;M;760;3540;1660;2650
Playdate-92673.jpeg;[263.58795   46.816666 349.87347  166.62094 ];M;Alan_Ritchson;M;760;3540;1660;2650
Playdate-93822.jpeg;[246.55246   26.685001 427.9478   268.7925  ];M;Alan_Ritchson;M;770;4480;2630;2620
Playdate-94009.jpeg;[305.18912   37.362938 473.77838  276.55533 ];M;Alan_Ritchson;M;770;4890;2630;3040
Playdate-95397.jpeg;[182.8391    60.563232 304.4658   224.02232 ];M;Alan_Ritchson;M;820;3110;2110;1820
Playdate-95474.jpeg;[197.28064   34.719105 353.3163   229.34273 ];M;Alan_Ritchson;M;640;3560;2190;2010
Playdate-99407.jpeg;[288.39056  84.63948 418.51434 259.31216];M;Alan_Ritchson;M;980;4250;2530;2700
Playdate-99407.jpeg;[161.07925 143.06386 246.36118 253.81609];F;Alan_Ritchson;M;980;4250;2530;2700
PromisingYoungWoman-103001.jpeg;[356.42908 192.62349 417.09064 269.56244];M;Bo_Burnham;M;2050;4250;2670;3630
PromisingYoungWoman-103001.jpeg;[882.0011  207.71014 941.90735 296.44644];M;Bo_Burnham;M;2050;4250;2670;3630
PromisingYoungWoman-103001.jpeg;[1083.8484    74.20166 1133.578    144.77695];F;Bo_Burnham;M;2050;4250;2670;3630
PromisingYoungWoman-103001.jpeg;[223.59682 207.8868  273.69598 289.69104];F;Bo_Burnham;M;2050;4250;2670;3630
PromisingYoungWoman-103251.jpeg;[273.2588  189.42642 393.11957 348.27994];F;Bo_Burnham;M;2190;10780;3740;9240
PromisingYoungWoman-103251.jpeg;[ 927.5041   172.05736 1077.9296   365.2724 ];M;Bo_Burnham;M;2190;10780;3740;9240
PromisingYoungWoman-103751.jpeg;[269.07315 201.12863 387.10773 349.19446];F;Bo_Burnham;M;1160;9410;2700;7860
PromisingYoungWoman-103751.jpeg;[807.9128    94.555595 948.43506  287.46518 ];M;Bo_Burnham;M;1160;9410;2700;7860
PromisingYoungWoman-104251.jpeg;[ 886.86884   109.022285 1024.0658    289.76624 ];M;Bo_Burnham;M;1330;10100;2880;8550
PromisingYoungWoman-104251.jpeg;[324.8641  192.57259 428.4411  336.15555];F;Bo_Burnham;M;1330;10100;2880;8550
PromisingYoungWoman-105251.jpeg;[781.9856   105.026764 934.87616  287.43915 ];M;Bo_Burnham;M;1160;9240;2700;7690
PromisingYoungWoman-105251.jpeg;[310.22433 189.35138 417.46817 331.78   ];F;Bo_Burnham;M;1160;9240;2700;7690
PromisingYoungWoman-119751.jpeg;[615.679     72.769875 891.62177  452.13397 ];M;Bo_Burnham;M;990;8470;4200;5260
PromisingYoungWoman-153001.jpeg;[558.15533   88.187256 659.92487  231.65991 ];M;Bo_Burnham;M;960;6550;2250;5260
PromisingYoungWoman-153751.jpeg;[539.0656   94.8881  805.18335 465.20746];M;Bo_Burnham;M;1340;8470;4550;5260
PromisingYoungWoman-154001.jpeg;[499.06586 118.61641 754.0225  475.35034];M;Bo_Burnham;M;2010;7650;4680;4980
PromisingYoungWoman-154501.jpeg;[582.7589  112.86899 690.0727  252.50478];M;Bo_Burnham;M;1250;6980;2540;5690
PromisingYoungWoman-154751.jpeg;[519.8344 137.7975 780.5338 490.7682];M;Bo_Burnham;M;2060;8120;5270;4910
PromisingYoungWoman-17751.jpeg;[612.4979  102.12401 751.3087  267.58148];M;Bo_Burnham;M;1250;7410;2540;6120
PromisingYoungWoman-45251.jpeg;[374.27795  84.21968 430.6748  160.65878];M;Bo_Burnham;M;940;4320;1560;3700
PromisingYoungWoman-45251.jpeg;[ 998.5092   467.76886 1064.1865   543.344  ];F;Bo_Burnham;M;940;4320;1560;3700
PromisingYoungWoman-45251.jpeg;[1065.1082   336.97833 1120.913    452.55557];M;Bo_Burnham;M;940;4320;1560;3700
PromisingYoungWoman-46251.jpeg;[469.049     66.751175 650.5596   318.31207 ];M;Bo_Burnham;M;1180;6550;3040;4690
PromisingYoungWoman-77751.jpeg;[520.80426  93.62484 731.4801  384.7198 ];M;Bo_Burnham;M;1120;7650;3790;4980
PromisingYoungWoman-98251.jpeg;[785.6838   123.114365 913.2459   280.6651  ];M;Bo_Burnham;M;1390;8980;2680;7690
PromisingYoungWoman-98251.jpeg;[420.31564 242.799   589.1066  458.57855];F;Bo_Burnham;M;1390;8980;2680;7690
PromisingYoungWoman-98501.jpeg;[800.4425   83.57651 923.05066 254.1332 ];M;Bo_Burnham;M;1100;9130;2390;7840
PromisingYoungWoman-98501.jpeg;[453.29156 232.88782 548.0004  415.24136];M;Bo_Burnham;M;1100;9130;2390;7840
PromisingYoungWoman-99751.jpeg;[812.17725 104.36608 869.74634 181.42755];M;Bo_Burnham;M;1150;8680;1770;8050
PromisingYoungWoman-99751.jpeg;[350.12875 210.97522 402.7925  274.2681 ];F;Bo_Burnham;M;1150;8680;1770;8050
PromisingYoungWoman-99751.jpeg;[708.77985 212.4209  730.7776  242.14612];M;Bo_Burnham;M;1150;8680;1770;8050
SilverLiningsPlaybook-107751.jpeg;[605.85516   20.226997 845.6842   359.01904 ];M;Chris_Tucker;M;820;8250;3500;5570
SilverLiningsPlaybook-115001.jpeg;[728.0732   52.47109 945.19794 366.20108];M;Robert_De_Niro;M;820;9430;3500;6760
SilverLiningsPlaybook-115751.jpeg;[721.28064   67.414795 957.31464  382.98077 ];M;Robert_De_Niro;M;1120;9430;3790;6760
SilverLiningsPlaybook-129001.jpeg;[356.4878   60.83601 576.89343 352.43314];M;Robert_De_Niro;M;930;5880;3160;3650
SilverLiningsPlaybook-131001.jpeg;[344.2092    52.918636 577.45593  384.32776 ];M;Robert_De_Niro;M;1120;5570;3790;2900
SilverLiningsPlaybook-134251.jpeg;[545.4115  114.18219 780.3838  451.8723 ];M;Robert_De_Niro;M;1340;8470;4550;5260
SilverLiningsPlaybook-141251.jpeg;[468.78125  68.05451 594.1597  237.33636];M;Robert_De_Niro;M;960;5830;2250;4540
SilverLiningsPlaybook-141251.jpeg;[ 878.6336   163.45897 1018.8243   341.76816];F;Robert_De_Niro;M;960;5830;2250;4540
SilverLiningsPlaybook-148751.jpeg;[352.91608 -82.4211  717.4823  430.0912 ];M;Robert_De_Niro;M;330;7180;4180;3320
SilverLiningsPlaybook-168251.jpeg;[297.20728  60.5402  553.301   438.7402 ];M;Robert_De_Niro;M;1420;5870;4090;3190
SilverLiningsPlaybook-22751.jpeg;[833.3163  125.97128 933.0335  254.49329];M;Robert_De_Niro;M;1400;9150;2470;8080
SilverLiningsPlaybook-24001.jpeg;[515.65283   65.595894 674.9073   290.48907 ];M;Robert_De_Niro;M;980;6750;2840;4890
SilverLiningsPlaybook-31501.jpeg;[490.70468  44.10922 600.14355 197.92839];M;Bradley_Cooper;M;530;6260;1820;4970
SilverLiningsPlaybook-31501.jpeg;[774.30743 131.81577 898.0218  321.9579 ];M;Bradley_Cooper;M;530;6260;1820;4970
SilverLiningsPlaybook-31501.jpeg;[750.43524 238.09824 816.259   348.59787];M;Bradley_Cooper;M;530;6260;1820;4970
SilverLiningsPlaybook-7001.jpeg;[321.76822   39.358433 679.0998   539.48926 ];M;Bradley_Cooper;M;1190;7180;5040;3320
SilverLiningsPlaybook-7001.jpeg;[ 906.2789   220.08733 1050.906    431.44864];M;Bradley_Cooper;M;1190;7180;5040;3320
SilverLiningsPlaybook-9751.jpeg;[ 773.9026    115.893036 1007.81213   427.79306 ];M;Robert_De_Niro;M;1920;9840;4150;7610
Ted-101501.jpeg;[410.85956 127.38229 494.7322  243.37578];M;Mark_Wahlberg;M;1400;5090;2470;4020
Ted-102001.jpeg;[299.13525 116.95727 411.9005  274.7882 ];F;Amanda_Seyfried;F;1530;4250;2820;2960
Ted-109001.jpeg;[481.42505 157.45145 528.7007  221.53487];F;Amanda_Seyfried;F;1700;5330;2220;4810
Ted-109001.jpeg;[268.089   123.82729 328.16177 208.09581];M;Amanda_Seyfried;F;1700;5330;2220;4810
Ted-110001.jpeg;[592.97955 123.39132 746.55475 339.95206];F;Amanda_Seyfried;F;1840;7690;3390;6140
Ted-110251.jpeg;[244.23282 171.91988 409.52032 388.7919 ];M;Mark_Wahlberg;M;2010;4280;3870;2420
Ted-110251.jpeg;[647.21594 132.99242 791.0812  415.21582];F;Mark_Wahlberg;M;2010;4280;3870;2420
Ted-110501.jpeg;[614.58795 131.35803 770.92255 355.13858];F;Amanda_Seyfried;F;1840;7860;3390;6310
Ted-110751.jpeg;[519.4741  114.47115 618.84467 260.9161 ];F;Amanda_Seyfried;F;1400;6290;2470;5210
Ted-110751.jpeg;[237.66217   19.914196 351.04358  222.2336  ];F;Amanda_Seyfried;F;1400;6290;2470;5210
Ted-111751.jpeg;[481.34567 131.29651 584.8708  275.8954 ];F;Amanda_Seyfried;F;1630;5930;2710;4850
Ted-114501.jpeg;[647.67584 124.48337 793.5121  354.51602];F;Mark_Wahlberg;M;1960;3540;3250;2250
Ted-114501.jpeg;[228.30804 169.79189 347.43594 325.7038 ];M;Mark_Wahlberg;M;1960;3540;3250;2250
Ted-114751.jpeg;[522.02734 130.4361  574.44543 199.8652 ];M;Amanda_Seyfried;F;1350;5840;1980;5220
Ted-114751.jpeg;[218.96783 120.16264 267.91037 202.98236];M;Amanda_Seyfried;F;1350;5840;1980;5220
Ted-116251.jpeg;[720.2638  156.90646 855.5387  346.5182 ];F;Amanda_Seyfried;F;1840;8720;3390;7170
Ted-116251.jpeg;[228.86032 122.27466 334.23337 273.3804 ];M;Amanda_Seyfried;F;1840;8720;3390;7170
Ted-118001.jpeg;[383.29733 163.21931 468.1584  272.5589 ];F;Mark_Wahlberg;M;1880;4530;2620;3780
Ted-118001.jpeg;[786.55536 188.37785 855.15985 275.13913];F;Mark_Wahlberg;M;1880;4530;2620;3780
Ted-118251.jpeg;[402.85272 196.69519 482.72592 305.37286];M;Mark_Wahlberg;M;2060;4940;2950;4040
Ted-118251.jpeg;[793.6784  193.35507 864.0808  283.0416 ];F;Mark_Wahlberg;M;2060;4940;2950;4040
Ted-119251.jpeg;[287.0069  153.29062 319.56744 195.71436];F;Amanda_Seyfried;F;1580;3250;1940;2890
Ted-119251.jpeg;[426.62906 152.98141 461.58713 197.82903];M;Amanda_Seyfried;F;1580;3250;1940;2890
Ted-120751.jpeg;[372.49603 136.76967 477.25812 283.45135];M;Morgan_Freeman;M;1630;4850;2710;3780
Ted-122251.jpeg;[531.32416 133.0366  687.262   366.69186];M;Mark_Wahlberg;M;1840;6830;3390;5280
Ted-125751.jpeg;[392.40848 226.75017 480.31613 341.4564 ];M;Mark_Wahlberg;M;2450;4740;3350;3840
Ted-125751.jpeg;[677.1559  128.64186 734.6537  202.57787];F;Mark_Wahlberg;M;2450;4740;3350;3840
Ted-143751.jpeg;[302.1567   113.657455 423.3935   285.81934 ];F;Amanda_Seyfried;F;1530;4400;2820;3110
Ted-153001.jpeg;[448.5578  174.13239 633.10236 366.72375];M;Mark_Wahlberg;M;2020;6140;3560;4590
Ted-154751.jpeg;[359.3364  116.62228 426.87598 220.47798];M;Morgan_Freeman;M;1420;4250;2050;3630
Ted-155751.jpeg;[488.88382 138.872   622.2623  338.12347];F;Mark_Wahlberg;M;1670;6310;3220;4760
Ted-156251.jpeg;[600.0978  133.00017 700.29126 279.0487 ];M;Mark_Wahlberg;M;1630;6890;2710;5810
Ted-156501.jpeg;[279.66742 144.6581  426.61252 354.3816 ];M;Morgan_Freeman;M;1670;4250;3220;2700
Ted-159001.jpeg;[281.676   114.44868 414.36365 300.78827];M;Morgan_Freeman;M;1330;4250;2880;2700
Ted-159501.jpeg;[311.8288  109.46823 440.9414  291.4568 ];M;Morgan_Freeman;M;1330;4590;2880;3040
Ted-1751.jpeg;[ 99.106964 261.56653  185.75385  387.3304  ];F;Jessica_Barth;F;1750;4380;2830;3300
Ted-1751.jpeg;[325.56546 136.03662 430.71097 293.07452];F;Jessica_Barth;F;1750;4380;2830;3300
Ted-23001.jpeg;[279.95865 140.53958 342.90552 230.93382];M;Mark_Wahlberg;M;1560;3420;2180;2800
Ted-23751.jpeg;[308.63892 117.84908 453.96808 313.8545 ];M;Mark_Wahlberg;M;1500;4590;3050;3040
Ted-29751.jpeg;[535.76086 156.4218  651.6544  313.50964];M;Mark_Wahlberg;M;1820;6550;3110;5260
Ted-35751.jpeg;[293.6494  146.7368  432.64383 349.84717];M;Mark_Wahlberg;M;1840;4420;3390;2870
Ted-36001.jpeg;[301.28006 144.9646  443.21466 349.29105];M;Mark_Wahlberg;M;1840;4590;3390;3040
Ted-59001.jpeg;[288.93228 119.70408 387.1171  247.93483];F;Amanda_Seyfried;F;1400;4020;2470;2940
Ted-62251.jpeg;[366.1144   120.559044 426.54944  198.64961 ];F;Amanda_Seyfried;F;1350;4320;1980;3700
Ted-62501.jpeg;[247.7259  140.05042 324.42133 253.01341];M;Mark_Wahlberg;M;1560;3440;2450;2550
Ted-62751.jpeg;[399.4275  129.53525 456.76492 208.65056];F;Amanda_Seyfried;F;1420;4530;2050;3910
Ted-63251.jpeg;[304.12408 160.34665 422.11847 321.38254];F;Amanda_Seyfried;F;1960;4250;3250;2960
Ted-63751.jpeg;[298.0458  145.53758 422.02148 311.62183];F;Amanda_Seyfried;F;1670;4420;3220;2870
Ted-64001.jpeg;[339.7019  149.88422 464.74634 323.0084 ];F;Amanda_Seyfried;F;1840;4940;3390;3390
Ted-69501.jpeg;[426.57516 107.58843 524.731   252.15656];F;Amanda_Seyfried;F;1400;5210;2470;4140
Ted-69501.jpeg;[717.2415   51.19202 852.8209  290.32397];M;Amanda_Seyfried;F;1400;5210;2470;4140
Ted-69751.jpeg;[477.58063 114.62297 566.9426  244.54973];M;Mark_Wahlberg;M;1460;5730;2360;4840
Ted-70001.jpeg;[485.2558  135.5937  622.0674  329.43784];M;Mark_Wahlberg;M;1670;6310;3220;4760
Ted-70251.jpeg;[323.69562 113.46831 451.61472 300.0176 ];F;Amanda_Seyfried;F;1500;4590;3050;3040
Ted-70501.jpeg;[498.79294 138.38559 639.3834  333.07004];M;Mark_Wahlberg;M;1670;6480;3220;4940
Ted-71001.jpeg;[511.79236 135.59674 647.4265  320.76254];M;Mark_Wahlberg;M;1670;6480;3220;4940
Ted-71251.jpeg;[197.9552  170.17932 273.98315 280.3413 ];F;Amanda_Seyfried;F;1860;2850;2750;1950
Ted-75751.jpeg;[545.9301  148.4899  690.1429  349.20538];M;Mark_Wahlberg;M;1840;6830;3390;5280
Ted-75751.jpeg;[ 45.102077 209.66315  109.364845 294.53662 ];M;Mark_Wahlberg;M;1840;6830;3390;5280
Ted-75751.jpeg;[202.89662 215.20332 262.07794 289.07468];M;Mark_Wahlberg;M;1840;6830;3390;5280
Ted-75751.jpeg;[417.6439  245.7037  471.71155 324.62506];M;Mark_Wahlberg;M;1840;6830;3390;5280
Ted-75751.jpeg;[336.84525 268.28812 381.90848 321.86636];F;Mark_Wahlberg;M;1840;6830;3390;5280
Ted-75751.jpeg;[ -6.068078 260.01974   38.241875 312.12863 ];M;Mark_Wahlberg;M;1840;6830;3390;5280
Ted-78501.jpeg;[537.9913  130.48807 643.2346  275.31052];F;Jessica_Barth;F;1630;6290;2710;5210
Ted-79001.jpeg;[512.97815 128.62135 623.07294 279.35956];F;Jessica_Barth;F;1530;6260;2820;4970
Ted-79501.jpeg;[347.26566 137.15082 476.55276 300.25198];F;Amanda_Seyfried;F;1680;4830;2970;3540
Ted-79501.jpeg;[ 95.406746 248.13965  131.85513  297.93365 ];M;Amanda_Seyfried;F;1680;4830;2970;3540
Ted-79501.jpeg;[279.83466 194.14746 298.90872 218.47714];M;Amanda_Seyfried;F;1680;4830;2970;3540
Ted-85001.jpeg;[200.94717 165.71404 288.08347 279.2747 ];F;Amanda_Seyfried;F;1750;3060;2830;1990
Ted-85001.jpeg;[394.97162  101.588776 458.21375  192.27266 ];M;Amanda_Seyfried;F;1750;3060;2830;1990
Ted-85001.jpeg;[ 89.345055 105.90542  145.75777  178.67143 ];M;Amanda_Seyfried;F;1750;3060;2830;1990
Ted-85001.jpeg;[278.7533    99.326775 332.67004  168.84213 ];M;Amanda_Seyfried;F;1750;3060;2830;1990
Ted-85001.jpeg;[547.0765   108.073296 604.8781   185.84792 ];M;Amanda_Seyfried;F;1750;3060;2830;1990
Ted-85001.jpeg;[-22.701138 105.881386  47.756733 200.91428 ];M;Amanda_Seyfried;F;1750;3060;2830;1990
Ted-89001.jpeg;[462.73325 166.98882 599.68085 352.63962];M;Mark_Wahlberg;M;2020;5970;3560;4420
Ted-89001.jpeg;[160.22118 177.98978 230.47885 269.1526 ];M;Mark_Wahlberg;M;2020;5970;3560;4420
Ted-89001.jpeg;[839.9037  175.45499 891.1947  247.29132];M;Mark_Wahlberg;M;2020;5970;3560;4420
Ted-89001.jpeg;[235.73172 161.73744 291.79382 258.04288];M;Mark_Wahlberg;M;2020;5970;3560;4420
Ted-89001.jpeg;[ 24.574535 202.97987   73.735    273.59537 ];F;Mark_Wahlberg;M;2020;5970;3560;4420
Ted-89001.jpeg;[934.09753 126.10529 966.1071  170.44084];F;Mark_Wahlberg;M;2020;5970;3560;4420
Ted-89001.jpeg;[766.2821   71.1302  801.9304  123.55341];M;Mark_Wahlberg;M;2020;5970;3560;4420
Ted-92751.jpeg;[545.50726  115.087944 640.1174   241.09113 ];F;Amanda_Seyfried;F;1280;6530;2350;5450
Ted-94001.jpeg;[618.6753  122.47374 725.70776 260.797  ];F;Amanda_Seyfried;F;1250;7120;2540;5830
Ted-94501.jpeg;[541.61646  107.444824 638.6921   247.48732 ];F;Amanda_Seyfried;F;1400;6290;2470;5210
Ted-95001.jpeg;[620.7775  138.21901 753.87854 332.4553 ];M;Mark_Wahlberg;M;1670;7690;3220;6140
Ted-98001.jpeg;[695.7265  156.13686 800.9597  302.7054 ];F;Amanda_Seyfried;F;1820;8120;3110;6830
Ted-98001.jpeg;[ 70.84973 178.05235 192.59264 318.8629 ];M;Amanda_Seyfried;F;1820;8120;3110;6830
Ted-98001.jpeg;[408.80386 168.98566 555.2707  349.65247];M;Amanda_Seyfried;F;1820;8120;3110;6830
Ted-98501.jpeg;[718.4671  157.14488 823.50757 303.47882];F;Amanda_Seyfried;F;1820;8410;3110;7120
Ted-98501.jpeg;[ 57.697098 150.6844   179.31496  318.6772  ];M;Amanda_Seyfried;F;1820;8410;3110;7120
TheDescendants-100501.jpeg;[313.57712  33.96474 425.39395 188.54526];M;Nick_Krause;M;530;4400;1820;3110
TheDescendants-100751.jpeg;[290.5793    41.696415 402.19342  192.31934 ];M;Nick_Krause;M;670;4110;1960;2820
TheDescendants-101501.jpeg;[254.85403  69.51447 411.27972 285.11655];M;Nick_Krause;M;980;4280;2840;2420
TheDescendants-102001.jpeg;[325.64062   20.036379 400.01102  122.287994];M;George_Clooney;M;260;4040;1160;3150
TheDescendants-105501.jpeg;[437.8673   41.67827 648.33636 347.7536 ];M;George_Clooney;M;930;6370;3160;4140
TheDescendants-106251.jpeg;[294.9021    74.524734 358.4315   159.12053 ];F;Nick_Krause;M;1700;4920;2220;4400
TheDescendants-106251.jpeg;[437.83316 153.7392  497.7152  234.9343 ];M;Nick_Krause;M;1700;4920;2220;4400
TheDescendants-107501.jpeg;[525.2173   48.16353 617.3738  166.63405];M;Judy_Greer;F;720;5850;1460;5110
TheDescendants-10751.jpeg;[320.55048   44.914207 426.485    188.4353  ];M;George_Clooney;M;680;4260;1750;3180
TheDescendants-108751.jpeg;[238.21219  47.4165  354.4327  205.23279];M;George_Clooney;M;670;3680;1960;2390
TheDescendants-11001.jpeg;[347.88348   40.412895 452.609    180.94818 ];M;George_Clooney;M;680;4500;1750;3420
TheDescendants-11251.jpeg;[302.1384    49.404747 408.40387  193.65048 ];M;George_Clooney;M;680;4020;1750;2940
TheDescendants-114001.jpeg;[265.73877   -3.172447 543.298    359.1349  ];M;George_Clooney;M;630;5980;3600;2770
TheDescendants-115251.jpeg;[209.05782  -44.452297 502.5463   329.80936 ];M;George_Clooney;M;230;5270;2900;2600
TheDescendants-116001.jpeg;[213.77492   24.374128 261.02728   81.75064 ];M;George_Clooney;M;570;5930;2420;4070
TheDescendants-116001.jpeg;[154.65509  81.22087 206.14896 142.74203];M;George_Clooney;M;570;5930;2420;4070
TheDescendants-116001.jpeg;[405.36343   41.165558 561.68243  274.24362 ];M;George_Clooney;M;570;5930;2420;4070
TheDescendants-117751.jpeg;[251.4969    51.985035 342.7504   173.72298 ];M;George_Clooney;M;760;3440;1660;2550
TheDescendants-117751.jpeg;[486.66586 120.31915 550.33716 225.92738];F;George_Clooney;M;760;3440;1660;2550
TheDescendants-121001.jpeg;[515.21564   32.754025 646.87524  212.07841 ];M;George_Clooney;M;670;6400;1960;5110
TheDescendants-121001.jpeg;[515.21564   32.754025 646.87524  212.07841 ];M;Shailene_Woodley;F;1820;2680;3110;1390
TheDescendants-121001.jpeg;[130.4271  150.05412 247.00798 304.05154];F;George_Clooney;M;670;6400;1960;5110
TheDescendants-121001.jpeg;[130.4271  150.05412 247.00798 304.05154];F;Shailene_Woodley;F;1820;2680;3110;1390
TheDescendants-121251.jpeg;[524.29254   27.491863 649.8313   199.58289 ];M;George_Clooney;M;470;6660;2020;5110
TheDescendants-121251.jpeg;[166.58365 119.61773 275.96667 268.8043 ];F;George_Clooney;M;470;6660;2020;5110
TheDescendants-121501.jpeg;[558.5406   26.13458 683.7399  199.30664];M;George_Clooney;M;530;6830;1820;5540
TheDescendants-121501.jpeg;[187.8982  137.75412 307.60864 300.87094];F;George_Clooney;M;530;6830;1820;5540
TheDescendants-121751.jpeg;[139.10677 112.06584 254.27457 267.95636];F;Shailene_Woodley;F;1390;2680;2680;1390
TheDescendants-121751.jpeg;[548.20935   29.599482 675.0913   209.14998 ];M;Shailene_Woodley;F;1390;2680;2680;1390
TheDescendants-122251.jpeg;[329.25476 132.52048 421.25467 258.23456];F;Judy_Greer;F;1520;4260;2590;3180
TheDescendants-122251.jpeg;[447.14236   33.890434 533.4008   162.11674 ];M;Judy_Greer;F;1520;4260;2590;3180
TheDescendants-123001.jpeg;[334.53915 143.51422 426.7345  275.33847];F;Judy_Greer;F;1750;4260;2830;3180
TheDescendants-123001.jpeg;[465.2831   43.52581 555.7635  170.40645];M;Judy_Greer;F;1750;4260;2830;3180
TheDescendants-123251.jpeg;[341.4341  130.09473 431.0074  258.0161 ];F;Judy_Greer;F;1660;4340;2550;3440
TheDescendants-123251.jpeg;[485.0426    34.040287 577.8762   162.43315 ];M;Judy_Greer;F;1660;4340;2550;3440
TheDescendants-123251.jpeg;[ 14.339286   -5.8655224 113.69058   228.66327  ];F;Judy_Greer;F;1660;4340;2550;3440
TheDescendants-124251.jpeg;[207.02066  85.82392 250.28949 147.2931 ];M;George_Clooney;M;900;2620;1410;2100
TheDescendants-124251.jpeg;[545.2773  129.72958 604.62006 197.79887];M;George_Clooney;M;900;2620;1410;2100
TheDescendants-125501.jpeg;[551.9335    48.719967 670.9037   210.13145 ];M;George_Clooney;M;820;6690;2110;5400
TheDescendants-126001.jpeg;[544.5917   39.43304 668.9402  213.22217];M;George_Clooney;M;670;6690;1960;5400
TheDescendants-127751.jpeg;[425.13568   33.199497 613.90125  309.50458 ];M;George_Clooney;M;930;6130;3160;3900
TheDescendants-128501.jpeg;[417.8988    13.070324 628.57263  313.48187 ];F;Judy_Greer;F;680;6620;2910;4390
TheDescendants-129001.jpeg;[533.72986  49.31851 702.73834 259.84933];M;George_Clooney;M;570;6750;2420;4890
TheDescendants-129001.jpeg;[247.19218  117.241806 378.62308  295.38022 ];F;George_Clooney;M;570;6750;2420;4890
TheDescendants-135001.jpeg;[290.34842   56.724335 421.19348  248.07126 ];M;George_Clooney;M;980;4420;2530;2870
TheDescendants-135001.jpeg;[556.5127   52.19798 664.5273  281.48123];M;George_Clooney;M;980;4420;2530;2870
TheDescendants-135751.jpeg;[270.3073    46.983456 397.6572   235.02173 ];M;George_Clooney;M;810;4080;2360;2530
TheDescendants-135751.jpeg;[593.5317     -5.5538883 794.3703    282.1452   ];M;George_Clooney;M;810;4080;2360;2530
TheDescendants-137001.jpeg;[149.09027   12.198955 284.1674   198.63605 ];M;George_Clooney;M;300;2870;1840;1320
TheDescendants-137001.jpeg;[358.40237 167.0721  460.37805 317.94748];F;George_Clooney;M;300;2870;1840;1320
TheDescendants-137001.jpeg;[632.2758  104.62291 751.77277 242.70052];M;George_Clooney;M;300;2870;1840;1320
TheDescendants-142001.jpeg;[547.35956   56.049927 655.0877   196.62943 ];M;George_Clooney;M;670;6690;1960;5400
TheDescendants-142001.jpeg;[153.81969  -13.039915 278.0092   235.3875  ];F;George_Clooney;M;670;6690;1960;5400
TheDescendants-142501.jpeg;[572.5067    92.920715 667.5352   206.92871 ];M;George_Clooney;M;1300;6430;2040;5690
TheDescendants-142501.jpeg;[ 77.04162  -14.155988 189.71886  177.00151 ];M;George_Clooney;M;1300;6430;2040;5690
TheDescendants-146001.jpeg;[477.35004   58.355267 586.9474   214.0714  ];M;George_Clooney;M;920;5810;1990;4740
TheDescendants-147001.jpeg;[576.5811    28.847574 604.7249    64.389206];M;George_Clooney;M;300;6050;660;5690
TheDescendants-147001.jpeg;[255.98534 120.32889 279.50546 153.35788];M;George_Clooney;M;300;6050;660;5690
TheDescendants-147001.jpeg;[409.99982 134.36755 431.85126 165.38213];M;George_Clooney;M;300;6050;660;5690
TheDescendants-148751.jpeg;[303.16052  25.50072 425.6759  204.17726];F;Judy_Greer;F;670;4400;1960;3110
TheDescendants-149001.jpeg;[263.4691   40.74029 353.6662  160.7985 ];F;Judy_Greer;F;660;3540;1560;2650
TheDescendants-149251.jpeg;[287.84366  42.88703 391.34137 189.28818];M;George_Clooney;M;530;4110;1820;2820
TheDescendants-151001.jpeg;[290.1573    47.433407 391.33188  189.42905 ];F;Judy_Greer;F;800;4020;1870;2940
TheDescendants-151251.jpeg;[498.77023   36.421955 617.5871   201.5187  ];M;George_Clooney;M;670;6120;1960;4830
TheDescendants-151501.jpeg;[492.8048    42.640305 612.25134  211.38277 ];M;George_Clooney;M;670;6120;1960;4830
TheDescendants-151751.jpeg;[260.71527  34.76574 358.56567 176.99901];F;Judy_Greer;F;680;3660;1750;2590
TheDescendants-152001.jpeg;[484.34836  42.30187 624.6099  239.43028];M;George_Clooney;M;810;6140;2360;4590
TheDescendants-152251.jpeg;[286.9876   37.42374 408.3836  213.37434];F;Judy_Greer;F;670;4250;1960;2960
TheDescendants-152751.jpeg;[235.15164   31.761831 332.20956  166.97675 ];M;George_Clooney;M;390;3540;1680;2250
TheDescendants-153001.jpeg;[291.82263   43.428925 420.9492   234.45956 ];F;Judy_Greer;F;810;4420;2360;2870
TheDescendants-153251.jpeg;[300.00073  42.29669 425.60883 239.79425];F;Judy_Greer;F;810;4420;2360;2870
TheDescendants-153501.jpeg;[281.0364   48.02851 409.22046 242.60796];F;Judy_Greer;F;810;4250;2360;2700
TheDescendants-153751.jpeg;[269.24808  38.78048 382.67477 204.60121];M;George_Clooney;M;670;3970;1960;2680
TheDescendants-154251.jpeg;[209.88348  61.51331 376.99643 301.9806 ];M;George_Clooney;M;980;4070;2840;2210
TheDescendants-154501.jpeg;[313.62024   51.261818 488.28278  288.18964 ];M;George_Clooney;M;770;5100;2630;3240
TheDescendants-15501.jpeg;[241.8794  -67.56489 541.2171  337.15738];M;George_Clooney;M;270;5620;3480;2410
TheDescendants-155251.jpeg;[285.81445  55.62632 369.27222 165.39005];M;George_Clooney;M;660;3740;1560;2850
TheDescendants-155501.jpeg;[282.91418  60.90986 463.53082 279.4584 ];M;George_Clooney;M;980;4480;2840;2620
TheDescendants-15751.jpeg;[369.8299    53.605343 439.71426  144.88326 ];M;George_Clooney;M;550;4440;1300;3700
TheDescendants-15751.jpeg;[472.4268   109.540276 490.27325  131.50748 ];M;George_Clooney;M;550;4440;1300;3700
TheDescendants-160001.jpeg;[255.8597   43.21112 394.8847  242.66545];M;George_Clooney;M;570;4280;2420;2420
TheDescendants-161251.jpeg;[253.12129   47.405655 417.1245   281.2888  ];M;George_Clooney;M;1160;4080;2700;2530
TheDescendants-162751.jpeg;[345.72873 103.82638 384.4341  153.94504];M;George_Clooney;M;1080;3860;1510;3430
TheDescendants-162751.jpeg;[659.0314  167.43922 695.53564 213.06767];F;George_Clooney;M;1080;3860;1510;3430
TheDescendants-163251.jpeg;[364.39563 118.09551 403.68576 167.7872 ];M;George_Clooney;M;1220;4050;1660;3620
TheDescendants-163251.jpeg;[649.99414 178.45279 685.41876 226.21407];F;George_Clooney;M;1220;4050;1660;3620
TheDescendants-163501.jpeg;[359.92902 126.27778 399.058   178.74773];M;George_Clooney;M;1370;4000;1800;3570
TheDescendants-163501.jpeg;[653.22296 174.5379  689.504   224.93755];F;George_Clooney;M;1370;4000;1800;3570
TheDescendants-163501.jpeg;[211.0605    28.362688 228.36646   51.05111 ];F;George_Clooney;M;1370;4000;1800;3570
TheDescendants-163751.jpeg;[657.1641  174.25069 694.3896  223.55318];F;George_Clooney;M;1270;4390;1700;3950
TheDescendants-163751.jpeg;[399.12848 120.74438 443.45782 173.76572];M;George_Clooney;M;1270;4390;1700;3950
TheDescendants-163751.jpeg;[262.6953    87.326416 302.50598  137.0805  ];F;George_Clooney;M;1270;4390;1700;3950
TheDescendants-164251.jpeg;[406.40775 127.59567 446.46402 178.9726 ];M;George_Clooney;M;1320;4480;1750;4050
TheDescendants-164251.jpeg;[651.1058  175.64554 687.68146 223.71173];F;George_Clooney;M;1320;4480;1750;4050
TheDescendants-164251.jpeg;[289.83038 146.42418 323.58194 191.86638];F;George_Clooney;M;1320;4480;1750;4050
TheDescendants-164751.jpeg;[405.48547  126.142296 445.66058  178.5577  ];M;George_Clooney;M;1270;4430;1700;4000
TheDescendants-164751.jpeg;[292.87097 154.36461 327.40625 201.32317];F;George_Clooney;M;1270;4430;1700;4000
TheDescendants-164751.jpeg;[651.65533 175.1688  687.2543  224.36205];F;George_Clooney;M;1270;4430;1700;4000
TheDescendants-165001.jpeg;[297.07797 154.10715 331.04465 200.41339];F;George_Clooney;M;1320;4480;1750;4050
TheDescendants-165001.jpeg;[406.4998  127.01787 446.66663 178.65619];M;George_Clooney;M;1320;4480;1750;4050
TheDescendants-165001.jpeg;[650.5093  176.12192 686.158   225.25107];F;George_Clooney;M;1320;4480;1750;4050
TheDescendants-17251.jpeg;[263.9387    21.803196 476.68317  336.8199  ];M;George_Clooney;M;930;4890;3160;2660
TheDescendants-17751.jpeg;[269.68628   28.338337 482.3213   340.71045 ];M;George_Clooney;M;820;5270;3500;2600
TheDescendants-18251.jpeg;[259.63895  -44.016335 521.78577  332.17386 ];M;George_Clooney;M;520;5270;3200;2600
TheDescendants-19001.jpeg;[278.29056  47.25539 470.87115 316.42224];M;George_Clooney;M;930;4890;3160;2660
TheDescendants-19251.jpeg;[273.16635    6.785483 481.63623  313.33813 ];M;George_Clooney;M;680;4890;2910;2660
TheDescendants-21001.jpeg;[521.14856   37.365253 586.0488   126.06824 ];M;George_Clooney;M;550;5850;1300;5110
TheDescendants-21501.jpeg;[405.60303   57.411507 553.6799   267.78455 ];M;George_Clooney;M;770;5510;2630;3660
TheDescendants-22251.jpeg;[390.36917   48.353836 560.6273   287.0281  ];M;George_Clooney;M;980;5720;2840;3860
TheDescendants-23251.jpeg;[477.96188  74.64438 658.30756 310.39612];M;George_Clooney;M;1180;6550;3040;4690
TheDescendants-23251.jpeg;[192.28464 124.24759 228.34589 172.83653];F;George_Clooney;M;1180;6550;3040;4690
TheDescendants-24001.jpeg;[465.47977  69.48253 607.9387  271.46982];M;George_Clooney;M;980;6130;2840;4280
TheDescendants-24001.jpeg;[446.35107    -5.4658456 481.83124    38.10735  ];F;George_Clooney;M;980;6130;2840;4280
TheDescendants-24251.jpeg;[542.8604   57.85639 648.3957  192.90166];M;George_Clooney;M;800;6410;1870;5330
TheDescendants-24251.jpeg;[463.88974   15.157535 490.10428   54.139294];M;George_Clooney;M;800;6410;1870;5330
TheDescendants-24251.jpeg;[693.4286    10.887783 708.3986    28.058603];F;George_Clooney;M;800;6410;1870;5330
TheDescendants-30251.jpeg;[385.0938    29.628756 440.5088   108.70571 ];M;George_Clooney;M;390;4460;1010;3840
TheDescendants-30251.jpeg;[607.5896  105.68939 644.0169  152.77348];F;George_Clooney;M;390;4460;1010;3840
TheDescendants-30251.jpeg;[195.99138 177.60655 249.73413 246.84566];F;George_Clooney;M;390;4460;1010;3840
TheDescendants-30501.jpeg;[281.11505  82.23681 432.00876 292.07358];M;George_Clooney;M;1180;4480;3040;2620
TheDescendants-30501.jpeg;[745.19617 202.26483 806.73456 287.6433 ];F;George_Clooney;M;1180;4480;3040;2620
TheDescendants-34251.jpeg;[403.60193   26.339794 502.21655  157.24307 ];M;George_Clooney;M;440;4970;1520;3900
TheDescendants-38251.jpeg;[477.62598 149.81915 647.73834 365.5731 ];F;Shailene_Woodley;F;2010;6550;3600;4690
TheDescendants-39001.jpeg;[318.63596  35.48259 409.25397 164.98975];M;George_Clooney;M;560;4260;1630;3180
TheDescendants-39751.jpeg;[515.07874  37.49417 605.14795 161.44972];M;George_Clooney;M;660;5930;1560;5040
TheDescendants-40501.jpeg;[531.2835    44.103123 622.0708   167.63348 ];M;George_Clooney;M;680;6290;1750;5210
TheDescendants-40751.jpeg;[499.938    74.14704 633.95123 264.11594];M;George_Clooney;M;1160;6310;2700;4760
TheDescendants-41001.jpeg;[532.72864   33.024254 620.6753   159.84227 ];M;George_Clooney;M;660;6130;1560;5240
TheDescendants-41251.jpeg;[531.1458    42.554253 618.4753   163.39287 ];M;George_Clooney;M;660;6130;1560;5240
TheDescendants-41501.jpeg;[532.8745    45.867077 624.3502   169.64561 ];M;George_Clooney;M;680;6170;1750;5090
TheDescendants-42751.jpeg;[503.8844   35.71313 604.48975 176.69312];M;George_Clooney;M;560;6050;1630;4970
TheDescendants-44001.jpeg;[400.28064   39.067654 547.4416   249.58177 ];M;George_Clooney;M;570;5720;2420;3860
TheDescendants-45001.jpeg;[342.61688   47.471638 502.6131   273.17798 ];M;George_Clooney;M;770;5100;2630;3240
TheDescendants-47251.jpeg;[275.99036  62.70282 420.67432 271.0848 ];M;George_Clooney;M;770;4480;2630;2620
TheDescendants-48001.jpeg;[402.34955  33.02915 579.9699  289.74265];M;George_Clooney;M;680;5880;2910;3650
TheDescendants-50501.jpeg;[347.88684  33.88381 556.4089  328.93213];M;George_Clooney;M;930;5380;3160;3150
TheDescendants-51001.jpeg;[372.0884   52.47113 549.397   304.1001 ];M;George_Clooney;M;930;5630;3160;3400
TheDescendants-51251.jpeg;[382.76608  46.32154 561.0172  305.7607 ];M;George_Clooney;M;930;5880;3160;3650
TheDescendants-56251.jpeg;[466.75653   43.581917 583.1022   202.78404 ];M;George_Clooney;M;670;5830;1960;4540
TheDescendants-58501.jpeg;[298.7664   65.61092 360.18625 146.84608];M;Nick_Krause;M;800;3560;1420;2940
TheDescendants-58501.jpeg;[496.86075   50.906708 583.7413   187.86868 ];F;Nick_Krause;M;800;3560;1420;2940
TheDescendants-61001.jpeg;[ 90.98229  66.02102 251.03137 272.57523];F;Nick_Krause;M;980;2530;2530;980
TheDescendants-61001.jpeg;[609.85394  87.33955 727.1637  243.13307];F;Nick_Krause;M;980;2530;2530;980
TheDescendants-63751.jpeg;[224.0146  108.95082 350.26422 274.86783];F;George_Clooney;M;520;7060;3200;4380
TheDescendants-63751.jpeg;[481.35376   13.794791 709.0255   329.69766 ];M;George_Clooney;M;520;7060;3200;4380
TheDescendants-64251.jpeg;[586.0092  -37.70579 850.6345  323.32867];M;George_Clooney;M;230;8250;2900;5570
TheDescendants-64251.jpeg;[250.82901   49.466263 384.7158   235.62823 ];F;George_Clooney;M;230;8250;2900;5570
TheDescendants-67001.jpeg;[359.12     82.85371 392.6303  128.01543];M;George_Clooney;M;900;3890;1260;3530
TheDescendants-68001.jpeg;[343.13376  46.29938 417.81168 152.14441];M;George_Clooney;M;560;4340;1460;3440
TheDescendants-68001.jpeg;[670.1057   93.41603 724.199   173.98767];F;George_Clooney;M;560;4340;1460;3440
TheDescendants-68751.jpeg;[345.64563   49.987583 467.87415  229.5541  ];M;George_Clooney;M;810;4940;2360;3390
TheDescendants-69501.jpeg;[480.83304   25.564299 633.85516  250.88702 ];M;George_Clooney;M;570;6340;2420;4480
TheDescendants-69501.jpeg;[ 82.23731 104.25486 376.6035  326.69025];M;George_Clooney;M;570;6340;2420;4480
TheDescendants-70251.jpeg;[310.01266   27.44136  366.4425   106.244026];M;George_Clooney;M;300;3780;1050;3030
TheDescendants-72251.jpeg;[485.193     37.359455 622.3056   264.2265  ];F;Shailene_Woodley;F;810;6140;2360;4590
TheDescendants-72251.jpeg;[ 37.88367 -77.28863 219.86935 257.15332];M;Shailene_Woodley;F;810;6140;2360;4590
TheDescendants-76751.jpeg;[336.09088  52.18537 482.02493 255.60536];M;George_Clooney;M;980;4940;2530;3390
TheDescendants-77001.jpeg;[237.29535   51.038963 363.52872  241.41284 ];M;George_Clooney;M;810;3390;2360;1840
TheDescendants-81251.jpeg;[382.1389   54.81764 478.7804  196.67278];M;George_Clooney;M;920;4850;1990;3780
TheDescendants-81751.jpeg;[387.13208   57.186302 469.6891   170.55873 ];M;George_Clooney;M;760;4740;1660;3840
TheDescendants-82501.jpeg;[312.8305   67.18224 456.2312  253.95683];M;George_Clooney;M;980;4590;2530;3040
TheDescendants-82751.jpeg;[507.7974    49.985695 605.27167  176.8338  ];F;Shailene_Woodley;F;680;6050;1750;4970
TheDescendants-83751.jpeg;[453.56656 122.00611 494.9477  180.88191];F;Shailene_Woodley;F;1300;5040;1820;4520
TheDescendants-83751.jpeg;[400.24228  43.1546  468.67984 149.99283];M;Shailene_Woodley;F;1300;5040;1820;4520
TheDescendants-83751.jpeg;[618.559   246.09636 658.16266 312.8479 ];F;Shailene_Woodley;F;1300;5040;1820;4520
TheDescendants-83751.jpeg;[224.43481 134.22997 239.71516 151.77158];M;Shailene_Woodley;F;1300;5040;1820;4520
TheDescendants-83751.jpeg;[299.6359   55.1069  349.73334 166.46492];F;Shailene_Woodley;F;1300;5040;1820;4520
TheDescendants-83751.jpeg;[117.06291 129.64273 129.32166 148.18452];M;Shailene_Woodley;F;1300;5040;1820;4520
TheDescendants-89001.jpeg;[417.7066    19.625574 496.32343  121.782234];F;George_Clooney;M;960;2850;1860;1950
TheDescendants-89001.jpeg;[223.42372   86.180504 296.73236  196.54832 ];M;George_Clooney;M;960;2850;1860;1950
TheDescendants-89001.jpeg;[581.5494   97.01629 670.9799  253.09264];F;George_Clooney;M;960;2850;1860;1950
TheDescendants-92251.jpeg;[182.51958   52.039677 322.1068   235.87648 ];M;George_Clooney;M;640;3040;2190;1500
TheDescendants-95251.jpeg;[233.06638  34.49296 431.0318  304.39618];M;George_Clooney;M;930;4640;3160;2410
TheDescendants-95501.jpeg;[297.4405    55.168934 485.39145  312.78946 ];M;George_Clooney;M;1180;5100;3040;3240
TheDescendants-96251.jpeg;[304.59915   59.681107 371.70602  156.44618 ];M;George_Clooney;M;800;3860;1550;3120
TheDescendants-96251.jpeg;[584.4299    53.364273 652.73596  152.68167 ];F;George_Clooney;M;800;3860;1550;3120
TheDescendants-98751.jpeg;[273.1159    28.943235 384.54993  187.55614 ];F;Nick_Krause;M;300;4080;1840;2530
TheDescendants-99251.jpeg;[333.62994   33.345783 444.7165   186.39883 ];M;Nick_Krause;M;530;4540;1820;3250
TheDescendants-99751.jpeg;[360.34268   39.056828 469.065    190.49893 ];M;Nick_Krause;M;530;4830;1820;3540
TheGrandBudapestHotel-135751.jpeg;[401.7232   102.098045 495.77316  236.58295 ];M;Tony_Revolori;M;1280;4970;2350;3900
TheGrandBudapestHotel-135751.jpeg;[641.2116   118.637314 727.1118   236.98152 ];F;Tony_Revolori;M;1280;4970;2350;3900
TheGrandBudapestHotel-138751.jpeg;[451.072    107.138985 592.9415   331.97366 ];M;Fahrid_Murray_Abraham;M;1500;5970;3050;4420
TheGrandBudapestHotel-139251.jpeg;[475.2305  180.59409 569.2926  331.7727 ];M;Fahrid_Murray_Abraham;M;1990;5690;3070;4620
TheGrandBudapestHotel-139251.jpeg;[237.58685 115.17306 309.76135 274.48987];M;Fahrid_Murray_Abraham;M;1990;5690;3070;4620
TheGrandBudapestHotel-139501.jpeg;[460.8557   110.674576 523.7194   220.73154 ];M;Fahrid_Murray_Abraham;M;1260;5340;2160;4440
TheGrandBudapestHotel-40751.jpeg;[169.9584  170.00792 206.3381  214.43124];F;Adrien_Brody;M;1060;5240;1960;4340
TheGrandBudapestHotel-40751.jpeg;[446.6058    95.058105 518.7921   193.75005 ];M;Adrien_Brody;M;1060;5240;1960;4340
TheGrandBudapestHotel-40751.jpeg;[247.5719  134.78853 310.49286 221.0472 ];M;Adrien_Brody;M;1060;5240;1960;4340
TheGrandBudapestHotel-40751.jpeg;[586.6545  147.00323 629.40045 198.75491];M;Adrien_Brody;M;1060;5240;1960;4340
TheGrandBudapestHotel-40751.jpeg;[391.77533 174.34984 411.6409  200.35323];M;Adrien_Brody;M;1060;5240;1960;4340
TheGrandBudapestHotel-40751.jpeg;[778.7884  167.13367 802.8015  196.96255];M;Adrien_Brody;M;1060;5240;1960;4340
TheGrandBudapestHotel-40751.jpeg;[539.7625  173.38557 558.4153  197.9616 ];M;Adrien_Brody;M;1060;5240;1960;4340
TheGrandBudapestHotel-40751.jpeg;[334.65173 191.431   362.90106 223.84644];F;Adrien_Brody;M;1060;5240;1960;4340
TheGrandBudapestHotel-40751.jpeg;[344.96762 165.5338  368.8618  192.1024 ];M;Adrien_Brody;M;1060;5240;1960;4340
TheGrandBudapestHotel-40751.jpeg;[655.04126 180.29855 669.37946 198.79306];M;Adrien_Brody;M;1060;5240;1960;4340
TheGrandBudapestHotel-40751.jpeg;[707.4458  175.07332 727.0936  197.62227];M;Adrien_Brody;M;1060;5240;1960;4340
TheGrandBudapestHotel-40751.jpeg;[156.511   136.65631 173.67906 158.51215];M;Adrien_Brody;M;1060;5240;1960;4340
TheGrandBudapestHotel-40751.jpeg;[565.0081  188.27242 586.112   210.22845];M;Adrien_Brody;M;1060;5240;1960;4340
TheGrandBudapestHotel-40751.jpeg;[670.23425 193.99103 685.3909  212.41415];M;Adrien_Brody;M;1060;5240;1960;4340
TheGrandBudapestHotel-40751.jpeg;[629.6587  184.81175 644.9211  203.54645];M;Adrien_Brody;M;1060;5240;1960;4340
TheGrandBudapestHotel-40751.jpeg;[186.8325  132.12105 202.56337 150.67242];M;Adrien_Brody;M;1060;5240;1960;4340
TheGrandBudapestHotel-40751.jpeg;[322.4083  174.78407 340.26413 197.0761 ];M;Adrien_Brody;M;1060;5240;1960;4340
TheGrandBudapestHotel-40751.jpeg;[437.78903 171.49445 457.09857 200.6789 ];M;Adrien_Brody;M;1060;5240;1960;4340
TheGrandBudapestHotel-40751.jpeg;[415.66675 183.00307 432.1492  204.55501];M;Adrien_Brody;M;1060;5240;1960;4340
TheGrandBudapestHotel-40751.jpeg;[810.1293  178.61255 828.38617 200.62827];M;Adrien_Brody;M;1060;5240;1960;4340
TheGrandBudapestHotel-40751.jpeg;[210.75343 140.80913 225.21054 158.55684];M;Adrien_Brody;M;1060;5240;1960;4340
TheGrandBudapestHotel-40751.jpeg;[821.7533  178.93637 838.8354  201.56972];M;Adrien_Brody;M;1060;5240;1960;4340
TheGrandBudapestHotel-42751.jpeg;[445.32654  50.35434 572.6193  247.42252];M;Adrien_Brody;M;810;5800;2360;4250
TheGrandBudapestHotel-42751.jpeg;[827.38434 340.62802 846.7595  367.1669 ];M;Adrien_Brody;M;810;5800;2360;4250
TheGrandBudapestHotel-42751.jpeg;[791.66284 349.15714 818.25745 387.07718];M;Adrien_Brody;M;810;5800;2360;4250
TheGrandBudapestHotel-42751.jpeg;[165.58728 357.28775 187.97372 386.79874];M;Adrien_Brody;M;810;5800;2360;4250
TheGrandBudapestHotel-42751.jpeg;[732.0345  343.9142  748.99695 365.2773 ];M;Adrien_Brody;M;810;5800;2360;4250
TheGrandBudapestHotel-68751.jpeg;[395.61722   55.967163 624.8207   397.53177 ];M;Fahrid_Murray_Abraham;M;930;6370;3160;4140
TheGrandBudapestHotel-74001.jpeg;[459.09726 184.91682 522.75696 274.60843];M;Adrien_Brody;M;1960;5270;2710;4530
TheGrandBudapestHotel-74001.jpeg;[319.07956 249.80309 347.14047 284.4912 ];M;Adrien_Brody;M;1960;5270;2710;4530
TheGrandBudapestHotel-74001.jpeg;[188.68745 240.76407 217.52963 279.8966 ];M;Adrien_Brody;M;1960;5270;2710;4530
TheGrandBudapestHotel-74001.jpeg;[789.0083  207.0339  805.8173  228.15704];M;Adrien_Brody;M;1960;5270;2710;4530
TheGrandBudapestHotel-74001.jpeg;[253.37659 251.07301 280.028   281.64728];M;Adrien_Brody;M;1960;5270;2710;4530
TheGrandBudapestHotel-74751.jpeg;[458.2155   124.243256 550.12823  258.9451  ];M;Adrien_Brody;M;1520;5570;2590;4500
TheGrandBudapestHotel-74751.jpeg;[194.78604 218.78261 226.8375  263.73398];M;Adrien_Brody;M;1520;5570;2590;4500
TheGrandBudapestHotel-74751.jpeg;[315.9928  230.81212 346.2226  270.93674];M;Adrien_Brody;M;1520;5570;2590;4500
TheGrandBudapestHotel-74751.jpeg;[799.12866 197.41612 817.0485  220.85078];M;Adrien_Brody;M;1520;5570;2590;4500
TheGrandBudapestHotel-74751.jpeg;[251.99344 224.19293 283.58725 265.43033];F;Adrien_Brody;M;1520;5570;2590;4500
TheRip-112688.jpeg;[302.6009   83.56427 365.01077 164.92882];M;Steven_Yeun;M;880;3610;1630;2870
TheRip-116775.jpeg;[201.99544  85.98837 301.8462  223.94063];M;Ben_Affleck;M;1040;3060;2110;1990
TheRip-117068.jpeg;[202.26901  88.20867 298.1412  224.8913 ];M;Matt_Damon;M;1160;3060;2230;1990
TheRip-18816.jpeg;[398.812   117.37541 466.77768 207.39447];F;Teyana_Taylor;F;1160;4740;2060;3840
TheRip-18816.jpeg;[ 90.360374  59.810707 174.31813  207.61868 ];M;Teyana_Taylor;F;1160;4740;2060;3840
TheRip-28445.jpeg;[325.5178  136.44803 355.87598 179.17337];F;Sasha_Calle;F;1460;3570;1820;3210
TheRip-28445.jpeg;[ 25.129547 129.64638   91.88546  243.7391  ];M;Sasha_Calle;F;1460;3570;1820;3210
TheRip-28878.jpeg;[313.84134 117.58849 405.18356 236.16481];F;Sasha_Calle;F;1280;4020;2350;2940
TheRip-29108.jpeg;[325.3645  119.19942 411.87115 233.6875 ];F;Sasha_Calle;F;1360;4040;2260;3150
TheRip-58066.jpeg;[179.72319   94.415146 259.1095   199.28722 ];F;Sasha_Calle;F;1160;2650;2060;1750
TheRip-6891.jpeg;[278.90057   84.763855 375.65884  213.9184  ];M;Steven_Yeun;M;920;3660;1990;2590
TheSocialNetwork-103514.jpeg;[162.03445   55.550537 226.60677  133.1709  ];M;Andrew_Garfield;M;920;7240;1990;6170
TheSocialNetwork-103514.jpeg;[265.71338   86.795204 332.35867  180.95213 ];M;Andrew_Garfield;M;920;7240;1990;6170
TheSocialNetwork-103514.jpeg;[622.31024  64.33484 721.75507 203.41759];M;Andrew_Garfield;M;920;7240;1990;6170
TheSocialNetwork-103642.jpeg;[161.41856  56.7392  226.2668  134.38245];M;Andrew_Garfield;M;920;7240;1990;6170
TheSocialNetwork-103642.jpeg;[277.7736    62.030956 361.03638  177.6138  ];F;Andrew_Garfield;M;920;7240;1990;6170
TheSocialNetwork-103642.jpeg;[622.1129   64.32155 721.6087  203.8043 ];M;Andrew_Garfield;M;920;7240;1990;6170
TheSocialNetwork-108756.jpeg;[462.87064   44.492664 530.30084  131.73198 ];M;Jesse_Eisenberg;M;550;5360;1300;4610
TheSocialNetwork-108756.jpeg;[303.6536  290.92816 345.62247 341.949  ];M;Jesse_Eisenberg;M;550;5360;1300;4610
TheSocialNetwork-144253.jpeg;[483.05472  73.31548 574.1147  199.61017];M;Jesse_Eisenberg;M;800;5930;1870;4850
TheSocialNetwork-149880.jpeg;[334.98846  70.21687 440.13287 212.50574];M;Jesse_Eisenberg;M;920;4380;1990;3300
TheSocialNetwork-150455.jpeg;[364.82004  72.32902 467.3355  208.60469];M;Jesse_Eisenberg;M;920;4740;1990;3660
TheSocialNetwork-152426.jpeg;[239.05597  60.06462 367.78745 233.37903];M;Jesse_Eisenberg;M;810;3900;2360;2360
TheSocialNetwork-152943.jpeg;[228.66978   54.454582 357.92285  213.5794  ];M;Jesse_Eisenberg;M;670;3680;1960;2390
TheSocialNetwork-153357.jpeg;[249.49939  53.19818 377.0428  204.03882];M;Jesse_Eisenberg;M;670;3820;1960;2530
TheSocialNetwork-163995.jpeg;[337.63895   28.142199 522.7422   281.11    ];M;Jesse_Eisenberg;M;770;5100;2630;3240
TheSocialNetwork-28942.jpeg;[-13.563229  55.192005 108.93018  222.48584 ];M;Jesse_Eisenberg;M;640;5620;2190;4080
TheSocialNetwork-28942.jpeg;[441.1476    56.183712 567.8918   227.17369 ];M;Jesse_Eisenberg;M;640;5620;2190;4080
TheSocialNetwork-93860.jpeg;[599.3905  140.57321 664.2318  223.53127];M;Jesse_Eisenberg;M;1460;6680;2210;5940
TheSocialNetwork-93860.jpeg;[282.40866   46.633495 346.81488  144.32068 ];M;Jesse_Eisenberg;M;1460;6680;2210;5940
TheSocialNetwork-96238.jpeg;[405.5835   71.7919  490.17374 183.83702];F;Jesse_Eisenberg;M;560;2110;1630;1030
TheSocialNetwork-96238.jpeg;[114.14084   53.649643 202.03261  170.3272  ];M;Jesse_Eisenberg;M;560;2110;1630;1030
TheSocialNetwork-96238.jpeg;[655.73926  53.5641  745.6986  162.87744];M;Jesse_Eisenberg;M;560;2110;1630;1030
TheSocialNetwork-96356.jpeg;[404.75916   61.477856 490.8114   172.72725 ];F;Jesse_Eisenberg;M;760;1950;1660;1060
TheSocialNetwork-96356.jpeg;[649.526     52.283333 736.68225  165.12724 ];M;Jesse_Eisenberg;M;760;1950;1660;1060
TheSocialNetwork-96356.jpeg;[111.29588  54.70387 200.22812 173.03162];M;Jesse_Eisenberg;M;760;1950;1660;1060
TheTown-128501.jpeg;[422.77817 -32.8046  697.7608  331.40366];F;Rebecca_Hall;F;520;6760;3200;4090
TheTown-134251.jpeg;[154.29633   20.500624 312.21146  215.55946 ];M;Jeremy_Renner;M;640;3220;2190;1670
TheTown-134501.jpeg;[212.99924   15.361881 366.85535  215.10172 ];M;Jeremy_Renner;M;360;4070;2220;2210
TheTown-142751.jpeg;[252.96312  32.62138 323.03433 129.4934 ];M;Pete_Postlethwaite;M;470;3280;1210;2540
TheTown-143001.jpeg;[217.48457  29.493   290.99954 121.35125];M;Pete_Postlethwaite;M;380;2950;1130;2200
TheTown-212501.jpeg;[370.83118  44.47914 430.68237 131.95552];M;Jon_Hamm;M;590;4320;1220;3700
TheWolfofWallStreet-100631.jpeg;[362.02942 -36.87126 583.33185 263.82446];M;Leonardo_DiCaprio;M;0;5870;2600;3190
TheWolfofWallStreet-100778.jpeg;[475.3979     8.418492 685.239    286.0102  ];M;Leonardo_DiCaprio;M;430;6620;2660;4390
TheWolfofWallStreet-100778.jpeg;[785.88525 192.37747 879.1805  329.25372];M;Leonardo_DiCaprio;M;430;6620;2660;4390
TheWolfofWallStreet-111054.jpeg;[281.871     54.899326 379.93277  180.95232 ];F;Margot_Robbie;F;800;3900;1870;2820
TheWolfofWallStreet-111537.jpeg;[313.10333   52.043797 443.23007  218.674   ];M;Leonardo_DiCaprio;M;810;4590;2360;3040
TheWolfofWallStreet-111537.jpeg;[537.5632  159.6017  552.62054 178.28242];M;Leonardo_DiCaprio;M;810;4590;2360;3040
TheWolfofWallStreet-111537.jpeg;[462.1442  146.58044 481.7677  171.21553];M;Leonardo_DiCaprio;M;810;4590;2360;3040
TheWolfofWallStreet-112796.jpeg;[467.58136   31.207882 563.97815  148.98619 ];M;Leonardo_DiCaprio;M;560;5540;1460;4640
TheWolfofWallStreet-112796.jpeg;[228.09291 168.95018 301.16785 262.18076];F;Leonardo_DiCaprio;M;560;5540;1460;4640
TheWolfofWallStreet-132804.jpeg;[230.73149   50.842693 333.08295  179.8942  ];M;Leonardo_DiCaprio;M;800;3420;1870;2350
TheWolfofWallStreet-144420.jpeg;[239.6816   60.38556 395.13626 271.1167 ];M;Jonah_Hill;M;980;4070;2840;2210
TheWolfofWallStreet-144420.jpeg;[580.136     13.950535 829.9156   264.5389  ];M;Jonah_Hill;M;980;4070;2840;2210
TheWolfofWallStreet-14471.jpeg;[471.31863   24.894571 605.119    222.4805  ];F;Matthew_McConaughey;M;640;6140;2190;4590
TheWolfofWallStreet-14471.jpeg;[780.8064   92.73599 818.09155 145.7458 ];M;Matthew_McConaughey;M;640;6140;2190;4590
TheWolfofWallStreet-150773.jpeg;[332.18918   34.454926 506.46625  270.09412 ];M;Leonardo_DiCaprio;M;770;4890;2630;3040
TheWolfofWallStreet-153575.jpeg;[495.39642   41.920883 673.86035  256.1052  ];M;Leonardo_DiCaprio;M;980;6310;2530;4760
TheWolfofWallStreet-154097.jpeg;[493.8584    49.743855 662.4633   261.328   ];M;Leonardo_DiCaprio;M;770;6550;2630;4690
TheWolfofWallStreet-154097.jpeg;[215.59982   59.675205 338.16666  279.06314 ];F;Leonardo_DiCaprio;M;770;6550;2630;4690
TheWolfofWallStreet-154439.jpeg;[478.9551   55.55223 651.0292  269.64413];M;Leonardo_DiCaprio;M;770;6340;2630;4480
TheWolfofWallStreet-154439.jpeg;[214.05322   60.927364 341.26053  290.7934  ];F;Leonardo_DiCaprio;M;770;6340;2630;4480
TheWolfofWallStreet-154780.jpeg;[511.4572    46.433964 678.01794  260.24402 ];M;Leonardo_DiCaprio;M;770;6550;2630;4690
TheWolfofWallStreet-154780.jpeg;[221.91325   57.912357 354.23407  284.48718 ];F;Leonardo_DiCaprio;M;770;6550;2630;4690
TheWolfofWallStreet-157426.jpeg;[619.60657   49.663284 689.24976  150.4568  ];M;Jon_Bernthal;M;630;6850;1380;6100
TheWolfofWallStreet-157426.jpeg;[358.6186  123.83191 423.79453 207.21434];F;Jon_Bernthal;M;630;6850;1380;6100
TheWolfofWallStreet-157426.jpeg;[ 95.670975  60.76447  167.29997  153.0838  ];M;Jon_Bernthal;M;630;6850;1380;6100
TheWolfofWallStreet-157956.jpeg;[392.0642  167.4099  471.93906 275.8485 ];M;Jon_Bernthal;M;960;6830;1860;5930
TheWolfofWallStreet-157956.jpeg;[611.80133   86.617744 685.19165  193.50266 ];M;Jon_Bernthal;M;960;6830;1860;5930
TheWolfofWallStreet-157956.jpeg;[138.48315   24.626436 266.2651   186.03224 ];M;Jon_Bernthal;M;960;6830;1860;5930
TheWolfofWallStreet-158323.jpeg;[384.08322 153.53667 464.22617 264.70337];F;Jon_Bernthal;M;960;7430;1860;6530
TheWolfofWallStreet-158323.jpeg;[669.58325  90.87402 742.14594 192.62715];M;Jon_Bernthal;M;960;7430;1860;6530
TheWolfofWallStreet-158323.jpeg;[100.8951    20.832413 227.97987  176.05965 ];M;Jon_Bernthal;M;960;7430;1860;6530
TheWolfofWallStreet-162575.jpeg;[546.76733  39.09691 619.13226 138.12636];M;Jon_Bernthal;M;460;6130;1360;5240
TheWolfofWallStreet-163592.jpeg;[654.63837  43.32068 728.72723 140.53522];M;Jon_Bernthal;M;460;7230;1360;6330
TheWolfofWallStreet-18341.jpeg;[546.1092   49.00641 655.0832  202.21146];M;Matthew_McConaughey;M;670;6550;1960;5260
TheWolfofWallStreet-18341.jpeg;[691.40155  66.76055 729.1103  122.21467];M;Matthew_McConaughey;M;670;6550;1960;5260
TheWolfofWallStreet-18471.jpeg;[670.3161   64.55942 708.2099  113.73315];M;Matthew_McConaughey;M;800;5690;1870;4620
TheWolfofWallStreet-18471.jpeg;[474.53055  49.96717 580.53253 192.99255];M;Matthew_McConaughey;M;800;5690;1870;4620
TheWolfofWallStreet-193829.jpeg;[419.69092   43.862144 534.0224   188.91309 ];M;Leonardo_DiCaprio;M;530;5260;1820;3970
TheWolfofWallStreet-222990.jpeg;[208.8547    55.806976 291.94894  171.53311 ];M;Leonardo_DiCaprio;M;960;6520;1710;5770
TheWolfofWallStreet-222990.jpeg;[586.8221   87.60813 660.7923  175.0244 ];M;Leonardo_DiCaprio;M;960;6520;1710;5770
TheWolfofWallStreet-223971.jpeg;[195.32074   60.585827 291.8606   182.8334  ];M;Leonardo_DiCaprio;M;800;3060;1870;1990
TheWolfofWallStreet-237969.jpeg;[243.38472   38.508125 365.29718  184.0305  ];M;Leonardo_DiCaprio;M;670;3820;1960;2530
TheWolfofWallStreet-238845.jpeg;[248.67905  44.03856 369.0897  191.54024];M;Leonardo_DiCaprio;M;800;3780;1870;2700
TheWolfofWallStreet-27363.jpeg;[273.90912  53.41384 401.27896 218.59727];M;Leonardo_DiCaprio;M;820;4110;2110;2820
TheWolfofWallStreet-36883.jpeg;[240.72037  64.78173 348.2268  208.62308];M;Leonardo_DiCaprio;M;920;3540;1990;2470
TheWolfofWallStreet-42505.jpeg;[474.664     59.986183 616.33276  246.7848  ];M;Jon_Bernthal;M;810;6310;2360;4760
TheWolfofWallStreet-42505.jpeg;[162.38396 121.72541 227.98373 223.83264];M;Jon_Bernthal;M;810;6310;2360;4760
TheWolfofWallStreet-42801.jpeg;[183.0919    49.664158 303.67447  191.89282 ];M;Leonardo_DiCaprio;M;670;2960;1960;1670
TheWolfofWallStreet-42801.jpeg;[588.7398    57.814342 697.01483  235.27396 ];M;Leonardo_DiCaprio;M;670;2960;1960;1670
TheWolfofWallStreet-42801.jpeg;[734.2246    44.259003 875.4024   280.8695  ];M;Leonardo_DiCaprio;M;670;2960;1960;1670
TheWolfofWallStreet-42937.jpeg;[313.88065   63.907463 411.77515  188.66228 ];M;Leonardo_DiCaprio;M;800;4020;1870;2940
TheWolfofWallStreet-42937.jpeg;[580.69      64.797935 699.3822   247.2463  ];M;Leonardo_DiCaprio;M;800;4020;1870;2940
TheWolfofWallStreet-42937.jpeg;[709.65137  59.83613 861.82294 299.66336];M;Leonardo_DiCaprio;M;800;4020;1870;2940
TheWolfofWallStreet-46227.jpeg;[156.10104 -73.26753 465.7755  333.5709 ];M;Leonardo_DiCaprio;M;270;4910;3480;1700
TheWolfofWallStreet-77592.jpeg;[389.08896   31.407187 525.0574   196.47571 ];M;Leonardo_DiCaprio;M;470;5110;2020;3560
TheWolfofWallStreet-77592.jpeg;[558.915   145.2399  625.0116  238.55154];M;Leonardo_DiCaprio;M;470;5110;2020;3560
TheWolfofWallStreet-77592.jpeg;[348.72174  65.53013 411.53394 172.9781 ];M;Leonardo_DiCaprio;M;470;5110;2020;3560
TheWolfofWallStreet-83436.jpeg;[510.9277    36.318085 650.1044   218.25917 ];M;Leonardo_DiCaprio;M;470;6310;2020;4760
TheWolfofWallStreet-8462.jpeg;[462.44708  36.8681  618.7091  237.1636 ];M;Leonardo_DiCaprio;M;810;5970;2360;4420
TheWolfofWallStreet-8962.jpeg;[296.76846  83.54717 396.0047  211.53188];M;Leonardo_DiCaprio;M;820;4250;2110;2960
TheWolfofWallStreet-9175.jpeg;[192.33658   57.096436 315.41312  241.48386 ];M;Matthew_McConaughey;M;810;3390;2360;1840
TheWolfofWallStreet-9742.jpeg;[454.40912   57.174004 598.4296   229.05048 ];M;Leonardo_DiCaprio;M;640;5800;2190;4250
TheWolfofWallStreet-9742.jpeg;[220.06686 142.82268 285.1194  230.91325];M;Leonardo_DiCaprio;M;640;5800;2190;4250
TheWolfofWallStreet-9742.jpeg;[444.35086  -6.55722 478.74738  42.66395];F;Leonardo_DiCaprio;M;640;5800;2190;4250
TheWreckingCrew-105092.jpeg;[286.92426   16.341124 538.91693  333.96603 ];M;Jason_Momoa;M;270;5620;3480;2410
TheWreckingCrew-117989.jpeg;[582.12274   55.796906 657.54767  156.9352  ];M;Jason_Momoa;M;630;4030;1380;3280
TheWreckingCrew-117989.jpeg;[186.1171  186.68939 250.6161  270.5299 ];M;Jason_Momoa;M;630;4030;1380;3280
TheWreckingCrew-117989.jpeg;[340.4905    47.340595 413.37714  151.34741 ];M;Jason_Momoa;M;630;4030;1380;3280
TheWreckingCrew-118309.jpeg;[404.9503    16.202787 570.7992   241.10962 ];M;Jason_Momoa;M;360;5510;2220;3660
TheWreckingCrew-118525.jpeg;[455.65524   35.343624 613.6895   231.32896 ];M;Jason_Momoa;M;640;5970;2190;4420
TheWreckingCrew-130160.jpeg;[547.8381    62.842888 627.38196  163.32205 ];M;Jacob_Batalon;M;800;6190;1550;5440
TheWreckingCrew-130160.jpeg;[262.10123  65.92085 360.8812  194.45796];F;Jacob_Batalon;M;800;6190;1550;5440
TheWreckingCrew-130272.jpeg;[546.22876  64.02293 620.5434  160.94325];M;Jacob_Batalon;M;800;6100;1550;5360
TheWreckingCrew-130272.jpeg;[277.04333  64.61832 381.69946 197.00508];F;Jacob_Batalon;M;800;6100;1550;5360
TheWreckingCrew-130399.jpeg;[545.4128   60.5221  618.60944 154.66257];M;Jacob_Batalon;M;800;6100;1550;5360
TheWreckingCrew-130399.jpeg;[257.80966   54.782845 366.21698  189.13521 ];F;Jacob_Batalon;M;800;6100;1550;5360
TheWreckingCrew-135255.jpeg;[485.4272    62.125423 697.9466   347.30563 ];M;Dave_Bautista;M;930;7120;3160;4890
TheWreckingCrew-135255.jpeg;[316.08337 148.73563 373.19366 214.81976];M;Dave_Bautista;M;930;7120;3160;4890
TheWreckingCrew-160083.jpeg;[704.96954  -28.725677 955.7487   327.15253 ];M;Temuera_Morrison;M;570;4280;2420;2420
TheWreckingCrew-160083.jpeg;[221.99295   15.113833 388.6237   252.07755 ];M;Temuera_Morrison;M;570;4280;2420;2420
TheWreckingCrew-160607.jpeg;[378.3109   83.2837  411.03146 125.58254];M;Temuera_Morrison;M;860;4090;1220;3730
TheWreckingCrew-160607.jpeg;[198.55162   96.460556 229.1704   139.25063 ];M;Temuera_Morrison;M;860;4090;1220;3730
TheWreckingCrew-160709.jpeg;[436.01453   33.825813 599.1946   258.69806 ];M;Temuera_Morrison;M;570;6130;2420;4280
TheWreckingCrew-162319.jpeg;[458.7581    40.559742 641.49805  289.7285  ];M;Jason_Momoa;M;680;6370;2910;4140
TheWreckingCrew-18210.jpeg;[182.60342   42.758972 306.8931   212.58394 ];M;Jason_Momoa;M;640;3220;2190;1670
TheWreckingCrew-18210.jpeg;[364.27853 158.83208 463.29276 272.84232];F;Jason_Momoa;M;640;3220;2190;1670
TheWreckingCrew-18210.jpeg;[617.09717 127.47218 720.218   273.75778];M;Jason_Momoa;M;640;3220;2190;1670
TheWreckingCrew-18656.jpeg;[251.21541  30.76752 403.68024 262.59448];M;Jason_Momoa;M;770;4070;2630;2210
TheWreckingCrew-18656.jpeg;[631.3188  -66.30919 817.5423  273.4886 ];F;Jason_Momoa;M;770;4070;2630;2210
TheWreckingCrew-18847.jpeg;[238.59145    9.932937 397.8218   248.35202 ];M;Jason_Momoa;M;570;4070;2420;2210
TheWreckingCrew-22355.jpeg;[460.14676  52.2219  536.8194  154.30536];M;Jason_Momoa;M;560;5340;1460;4440
TheWreckingCrew-32233.jpeg;[606.08093  72.79469 696.2928  189.33058];F;Jason_Momoa;M;760;3050;1660;2150
TheWreckingCrew-32233.jpeg;[215.99619  45.64522 305.19598 164.98918];M;Jason_Momoa;M;760;3050;1660;2150
TheWreckingCrew-32692.jpeg;[632.8302   71.68624 708.6119  187.33582];F;Jason_Momoa;M;800;2940;1870;1870
TheWreckingCrew-32692.jpeg;[183.7128   53.08163 283.94318 197.81233];M;Jason_Momoa;M;800;2940;1870;1870
TheWreckingCrew-33046.jpeg;[612.8666    39.140965 694.5644   158.02606 ];F;Jason_Momoa;M;1060;2650;1960;1750
TheWreckingCrew-33046.jpeg;[161.29361  72.28091 264.27026 202.21033];M;Jason_Momoa;M;1060;2650;1960;1750
TheWreckingCrew-33249.jpeg;[276.68408   46.556313 411.9601   236.82808 ];M;Jason_Momoa;M;960;3970;2250;2680
TheWreckingCrew-33359.jpeg;[247.89935  76.71839 382.92462 261.7372 ];M;Jason_Momoa;M;1160;3900;2700;2360
TheWreckingCrew-33458.jpeg;[582.5402   76.3416  673.45166 198.77216];F;Jason_Momoa;M;800;3300;1870;2230
TheWreckingCrew-33458.jpeg;[231.5562    57.438198 322.14902  190.28586 ];M;Jason_Momoa;M;800;3300;1870;2230
TheWreckingCrew-33667.jpeg;[640.816     81.546104 729.4022   204.89626 ];F;Jason_Momoa;M;440;3300;1520;2230
TheWreckingCrew-33667.jpeg;[219.53265   37.940292 307.6233   156.4557  ];M;Jason_Momoa;M;440;3300;1520;2230
TheWreckingCrew-34200.jpeg;[258.8931    50.399384 340.5364   161.52509 ];M;Jason_Momoa;M;660;3350;1560;2450
TheWreckingCrew-34200.jpeg;[630.4049    60.185455 699.71155  171.49457 ];F;Jason_Momoa;M;660;3350;1560;2450
TheWreckingCrew-34316.jpeg;[589.4523    59.842625 655.593    172.36746 ];F;Jason_Momoa;M;560;2950;1460;2050
TheWreckingCrew-34316.jpeg;[207.34686   44.043316 298.4575   154.94048 ];M;Jason_Momoa;M;560;2950;1460;2050
TheWreckingCrew-34316.jpeg;[708.3178    -13.8771105 815.35693   203.94768  ];F;Jason_Momoa;M;560;2950;1460;2050
TheWreckingCrew-34655.jpeg;[234.64774  17.09018 436.1055  280.68686];M;Jason_Momoa;M;680;4640;2910;2410
TheWreckingCrew-35262.jpeg;[565.07153  88.17402 637.5322  183.53398];F;Jason_Momoa;M;760;3250;1660;2350
TheWreckingCrew-35262.jpeg;[228.61905   53.111797 321.4387   171.35625 ];M;Jason_Momoa;M;760;3250;1660;2350
TheWreckingCrew-35262.jpeg;[764.74316     3.1513274 844.4867    193.48654  ];F;Jason_Momoa;M;760;3250;1660;2350
TheWreckingCrew-36902.jpeg;[281.66434   54.557438 462.44278  303.8334  ];M;Jason_Momoa;M;980;4690;2840;2830
TheWreckingCrew-37865.jpeg;[403.42215 106.20551 474.5137  194.07585];M;Jason_Momoa;M;1220;4740;1840;4110
TheWreckingCrew-37865.jpeg;[112.59655 144.10802 131.2861  172.62784];M;Jason_Momoa;M;1220;4740;1840;4110
TheWreckingCrew-38279.jpeg;[453.57175    7.933106 595.5593   199.3547  ];M;Jason_Momoa;M;470;5970;2020;4420
TheWreckingCrew-39211.jpeg;[326.5814    48.899548 437.28458  205.2228  ];M;Jason_Momoa;M;670;4540;1960;3250
TheWreckingCrew-39715.jpeg;[374.43655   17.794416 542.21234  261.38577 ];M;Jason_Momoa;M;770;5510;2630;3660
TheWreckingCrew-52843.jpeg;[254.09215   29.138432 393.37814  196.14966 ];M;Jacob_Batalon;M;560;3900;1630;2820
TheWreckingCrew-53436.jpeg;[282.4593   36.5625  440.4116  233.72586];M;Jacob_Batalon;M;820;4540;2110;3250
TheWreckingCrew-53532.jpeg;[297.47018   22.778515 452.4546   227.3088  ];M;Jacob_Batalon;M;670;4680;1960;3390
TheWreckingCrew-53679.jpeg;[291.80807   28.686825 457.1519   239.3084  ];F;Jacob_Batalon;M;670;4680;1960;3390
TheWreckingCrew-54225.jpeg;[293.67426   20.630596 473.81174  243.86665 ];M;Jacob_Batalon;M;640;4760;2190;3220
TheWreckingCrew-63112.jpeg;[549.01843   97.178024 682.4171   247.31987 ];M;Jason_Momoa;M;1100;6690;2390;5400
TheWreckingCrew-63292.jpeg;[523.53357   64.231125 652.0123   218.37985 ];M;Jason_Momoa;M;820;6400;2110;5110
TheWreckingCrew-73156.jpeg;[431.08453  59.26769 551.2502  220.26065];M;Jason_Momoa;M;640;5620;2190;4080
TheWreckingCrew-86720.jpeg;[341.5984   64.02837 416.94373 169.74295];M;Jason_Momoa;M;760;4240;1660;3350
TheWreckingCrew-86720.jpeg;[562.6118  128.60738 629.9319  234.37207];F;Jason_Momoa;M;760;4240;1660;3350
TheWreckingCrew-86720.jpeg;[669.40643  86.35615 732.6057  153.17854];M;Jason_Momoa;M;760;4240;1660;3350
TheWreckingCrew-90550.jpeg;[248.18428   24.634752 450.16232  293.57416 ];M;Jason_Momoa;M;680;4640;2910;2410
TheWreckingCrew-90665.jpeg;[290.5382    43.715176 466.84048  295.08414 ];M;Jason_Momoa;M;980;4690;2840;2830
TheWreckingCrew-93311.jpeg;[299.94995  34.65014 456.38168 242.7235 ];M;Claes_Bang;M;770;4690;2630;2830
TheWreckingCrew-93461.jpeg;[232.46068  77.37561 323.50848 207.15958];M;Jason_Momoa;M;1040;3300;2110;2230
TheWreckingCrew-94411.jpeg;[264.31488   76.268875 353.0782   210.03168 ];M;Jason_Momoa;M;1060;3540;1960;2650
TheWreckingCrew-94587.jpeg;[486.6232   72.44257 587.09973 218.63733];M;Claes_Bang;M;1040;5810;2110;4740
TheWreckingCrew-94856.jpeg;[414.61658   75.963554 520.93274  226.53447 ];M;Claes_Bang;M;960;5260;2250;3970
TheWreckingCrew-95007.jpeg;[289.73392   58.894844 407.78912  228.28886 ];M;Jason_Momoa;M;1040;4140;2110;3060
TheWreckingCrew-95424.jpeg;[341.52625  48.50296 467.71054 210.03546];M;Jason_Momoa;M;820;4680;2110;3390
TheWreckingCrew-95545.jpeg;[372.16425  66.6017  476.3216  196.28587];M;Jason_Momoa;M;860;4740;1760;3840
TheWreckingCrew-95657.jpeg;[450.3257    26.701746 601.3664   249.46577 ];M;Claes_Bang;M;570;6130;2420;4280
TheWreckingCrew-95744.jpeg;[423.77927  80.55136 526.39465 226.9502 ];M;Claes_Bang;M;1160;5210;2230;4140
TheWreckingCrew-96071.jpeg;[369.55902  66.70544 482.79846 224.88771];M;Claes_Bang;M;820;4830;2110;3540
TheWreckingCrew-96152.jpeg;[310.99548  -24.732292 449.16675  163.27261 ];M;Jason_Momoa;M;0;4760;1500;3220
TheWreckingCrew-96310.jpeg;[338.4176   74.88743 443.28616 217.73814];M;Claes_Bang;M;960;4540;2250;3250
TheWreckingCrew-96405.jpeg;[323.57196  77.27743 429.9579  228.96922];M;Claes_Bang;M;960;4400;2250;3110
TheWreckingCrew-96656.jpeg;[371.74512   50.576523 474.79428  187.97815 ];M;Claes_Bang;M;560;4740;1630;3660
TheWreckingCrew-97015.jpeg;[318.93814   28.580057 489.0791   255.91585 ];M;Claes_Bang;M;570;5100;2420;3240
ThreeBillboardsOutsideEbbingMissouri-10898.jpeg;[472.34653  67.09549 585.11975 220.64989];M;Sam_Rockwell;M;820;5830;2110;4540
ThreeBillboardsOutsideEbbingMissouri-118630.jpeg;[129.66447 130.60463 212.34894 237.79417];M;Peter_Dinklage;M;680;5330;1750;4260
ThreeBillboardsOutsideEbbingMissouri-118630.jpeg;[438.91895   59.392708 523.5482   169.57812 ];M;Peter_Dinklage;M;680;5330;1750;4260
ThreeBillboardsOutsideEbbingMissouri-119596.jpeg;[245.97993  63.92118 348.07568 194.23668];M;Peter_Dinklage;M;800;3660;1870;2590
ThreeBillboardsOutsideEbbingMissouri-125113.jpeg;[504.78876  44.92014 619.6328  192.82516];M;Peter_Dinklage;M;670;6260;1960;4970
ThreeBillboardsOutsideEbbingMissouri-125570.jpeg;[690.14844 156.58794 756.5182  246.72794];M;Frances_McDormand;F;1630;7510;2370;6770
ThreeBillboardsOutsideEbbingMissouri-125570.jpeg;[366.3366    86.820114 435.3164   178.17694 ];F;Frances_McDormand;F;1630;7510;2370;6770
ThreeBillboardsOutsideEbbingMissouri-127564.jpeg;[233.28406   82.260185 308.86218  175.57025 ];M;Frances_McDormand;F;960;3030;1710;2290
ThreeBillboardsOutsideEbbingMissouri-127564.jpeg;[658.774     40.780674 770.76935  199.10217 ];M;Frances_McDormand;F;960;3030;1710;2290
ThreeBillboardsOutsideEbbingMissouri-134337.jpeg;[302.27393  71.2044  383.95508 182.20355];F;Frances_McDormand;F;800;4020;1870;2940
ThreeBillboardsOutsideEbbingMissouri-134337.jpeg;[507.15726     5.8803496 571.56635   156.41629  ];M;Frances_McDormand;F;800;4020;1870;2940
ThreeBillboardsOutsideEbbingMissouri-134515.jpeg;[300.00638  69.37464 383.95694 181.70926];F;Frances_McDormand;F;760;3840;1660;2950
ThreeBillboardsOutsideEbbingMissouri-135498.jpeg;[174.13643   54.403515 306.44415  236.38965 ];F;Frances_McDormand;F;810;3220;2360;1670
ThreeBillboardsOutsideEbbingMissouri-135498.jpeg;[381.36108 110.65404 434.74576 210.8287 ];M;Frances_McDormand;F;810;3220;2360;1670
ThreeBillboardsOutsideEbbingMissouri-135559.jpeg;[135.96437   67.973595 199.74673  157.9595  ];F;Frances_McDormand;F;720;2120;1460;1370
ThreeBillboardsOutsideEbbingMissouri-135559.jpeg;[586.15857   80.645676 635.42535  170.95319 ];M;Frances_McDormand;F;720;2120;1460;1370
ThreeBillboardsOutsideEbbingMissouri-136119.jpeg;[187.91692  85.47413 321.6361  269.1471 ];F;Frances_McDormand;F;980;3560;2530;2010
ThreeBillboardsOutsideEbbingMissouri-136119.jpeg;[380.3878  106.17175 433.60675 202.60922];M;Frances_McDormand;F;980;3560;2530;2010
ThreeBillboardsOutsideEbbingMissouri-136369.jpeg;[205.52649   58.432217 352.42267  269.28302 ];F;Frances_McDormand;F;770;3860;2630;2010
ThreeBillboardsOutsideEbbingMissouri-136874.jpeg;[243.35059  77.41942 399.32785 288.82175];F;Frances_McDormand;F;980;4280;2840;2420
ThreeBillboardsOutsideEbbingMissouri-137196.jpeg;[281.21506  68.23167 412.55054 250.2656 ];F;Frances_McDormand;F;1100;3970;2390;2680
ThreeBillboardsOutsideEbbingMissouri-137196.jpeg;[657.32153  36.06497 780.9436  322.48907];F;Frances_McDormand;F;1100;3970;2390;2680
ThreeBillboardsOutsideEbbingMissouri-137562.jpeg;[226.09747   63.402637 307.4727   166.58684 ];F;Frances_McDormand;F;680;3180;1750;2110
ThreeBillboardsOutsideEbbingMissouri-137562.jpeg;[796.1473    72.750114 838.7087   140.8303  ];M;Frances_McDormand;F;680;3180;1750;2110
ThreeBillboardsOutsideEbbingMissouri-137562.jpeg;[499.33627  54.11969 626.3221  232.56892];M;Frances_McDormand;F;680;3180;1750;2110
ThreeBillboardsOutsideEbbingMissouri-138403.jpeg;[456.3553   63.87338 541.7897  181.15689];F;Frances_McDormand;F;860;5340;1760;4440
ThreeBillboardsOutsideEbbingMissouri-138509.jpeg;[455.58948  48.4976  534.98914 157.22115];M;John_Hawkes;M;660;5440;1560;4540
ThreeBillboardsOutsideEbbingMissouri-138509.jpeg;[193.1443    55.792908 268.51007  149.40347 ];F;John_Hawkes;M;660;5440;1560;4540
ThreeBillboardsOutsideEbbingMissouri-138873.jpeg;[447.78076   39.180775 534.1579   159.2483  ];F;Frances_McDormand;F;440;5450;1520;4380
ThreeBillboardsOutsideEbbingMissouri-138873.jpeg;[224.50372 314.31323 248.29227 359.50845];F;Frances_McDormand;F;440;5450;1520;4380
ThreeBillboardsOutsideEbbingMissouri-139209.jpeg;[586.8666     -7.0385227 683.64044   115.37284  ];F;Frances_McDormand;F;80;6770;1160;5690
ThreeBillboardsOutsideEbbingMissouri-139209.jpeg;[210.84242 220.06165 293.9299  373.8522 ];F;Frances_McDormand;F;80;6770;1160;5690
ThreeBillboardsOutsideEbbingMissouri-144302.jpeg;[226.85768   38.982723 402.38937  277.76508 ];M;Frances_McDormand;F;770;4070;2630;2210
ThreeBillboardsOutsideEbbingMissouri-150253.jpeg;[347.11472   65.179016 425.4128   167.81108 ];F;Frances_McDormand;F;760;4340;1660;3440
ThreeBillboardsOutsideEbbingMissouri-155447.jpeg;[426.7897    30.091604 644.57916  301.75443 ];M;Frances_McDormand;F;680;6620;2910;4390
ThreeBillboardsOutsideEbbingMissouri-20867.jpeg;[501.34778 139.0027  572.36084 238.80362];F;Frances_McDormand;F;1550;5690;2290;4940
ThreeBillboardsOutsideEbbingMissouri-20971.jpeg;[481.9649   97.564   583.38635 237.41019];M;Frances_McDormand;F;1100;5830;2390;4540
ThreeBillboardsOutsideEbbingMissouri-22066.jpeg;[232.1932    40.917713 347.66043  198.07152 ];M;Frances_McDormand;F;670;3540;1960;2250
ThreeBillboardsOutsideEbbingMissouri-22495.jpeg;[229.39716  54.49086 345.06262 211.34567];M;Frances_McDormand;F;820;3540;2110;2250
ThreeBillboardsOutsideEbbingMissouri-24082.jpeg;[437.00357  93.82822 563.078   260.88074];M;Woody_Harrelson;M;1250;5540;2540;4250
ThreeBillboardsOutsideEbbingMissouri-24082.jpeg;[709.7343   77.79437 852.5839  304.53876];M;Woody_Harrelson;M;1250;5540;2540;4250
ThreeBillboardsOutsideEbbingMissouri-26016.jpeg;[250.49971   40.312954 377.36392  217.51387 ];M;Sam_Rockwell;M;670;3820;1960;2530
ThreeBillboardsOutsideEbbingMissouri-26623.jpeg;[199.9459    46.181046 311.48978  201.66983 ];M;Sam_Rockwell;M;670;3110;1960;1820
ThreeBillboardsOutsideEbbingMissouri-28905.jpeg;[243.44914   57.741356 318.88565  159.76    ];F;Frances_McDormand;F;660;3350;1560;2450
ThreeBillboardsOutsideEbbingMissouri-29215.jpeg;[269.0367   70.89693 396.15662 241.55392];F;Frances_McDormand;F;960;3970;2250;2680
ThreeBillboardsOutsideEbbingMissouri-31884.jpeg;[234.55547  70.65863 308.57358 172.56857];M;Frances_McDormand;F;760;3050;1660;2150
ThreeBillboardsOutsideEbbingMissouri-32538.jpeg;[228.91727   44.748714 354.74796  220.35788 ];M;Frances_McDormand;F;820;3540;2110;2250
ThreeBillboardsOutsideEbbingMissouri-33045.jpeg;[222.59105   46.830933 342.00183  214.95035 ];F;Frances_McDormand;F;820;3390;2110;2100
ThreeBillboardsOutsideEbbingMissouri-34346.jpeg;[437.23035   38.592094 524.97217  159.41283 ];M;Woody_Harrelson;M;660;5240;1560;4340
ThreeBillboardsOutsideEbbingMissouri-34710.jpeg;[528.94086   44.710632 608.4293   155.83554 ];M;Woody_Harrelson;M;630;6020;1380;5270
ThreeBillboardsOutsideEbbingMissouri-39074.jpeg;[442.6694    77.143654 544.323    212.54854 ];F;Frances_McDormand;F;1040;5450;2110;4380
ThreeBillboardsOutsideEbbingMissouri-39322.jpeg;[434.03113   49.822296 535.08636  185.91277 ];F;Frances_McDormand;F;680;5450;1750;4380
ThreeBillboardsOutsideEbbingMissouri-40740.jpeg;[213.9615    56.162254 346.04     243.13402 ];M;Frances_McDormand;F;960;3540;2250;2250
ThreeBillboardsOutsideEbbingMissouri-41484.jpeg;[225.99168   64.405396 322.0747   196.76843 ];M;Frances_McDormand;F;800;3300;1870;2230
ThreeBillboardsOutsideEbbingMissouri-41703.jpeg;[356.73514   38.094513 426.5744   130.48473 ];M;Woody_Harrelson;M;470;4360;1210;3610
ThreeBillboardsOutsideEbbingMissouri-41873.jpeg;[204.06302   40.270786 304.9789   180.3023  ];M;Frances_McDormand;F;530;3250;1820;1960
ThreeBillboardsOutsideEbbingMissouri-42068.jpeg;[171.99435   39.790386 267.3724   171.42502 ];M;Frances_McDormand;F;560;2820;1630;1750
ThreeBillboardsOutsideEbbingMissouri-43392.jpeg;[240.34007   50.191223 339.65775  188.50018 ];M;Frances_McDormand;F;800;3420;1870;2350
ThreeBillboardsOutsideEbbingMissouri-43588.jpeg;[246.34486  53.38642 345.0493  192.80757];M;Frances_McDormand;F;800;3540;1870;2470
ThreeBillboardsOutsideEbbingMissouri-44328.jpeg;[248.34302   57.039352 344.91287  193.71884 ];M;Frances_McDormand;F;680;3540;1750;2470
ThreeBillboardsOutsideEbbingMissouri-44761.jpeg;[264.0459    45.878735 361.65808  185.42154 ];M;Frances_McDormand;F;680;3780;1750;2700
ThreeBillboardsOutsideEbbingMissouri-44934.jpeg;[196.96513   44.968388 350.89557  263.9712  ];M;Frances_McDormand;F;770;3860;2630;2010
ThreeBillboardsOutsideEbbingMissouri-45855.jpeg;[407.697     56.888474 582.55396  294.79437 ];M;Sam_Rockwell;M;980;5930;2840;4070
ThreeBillboardsOutsideEbbingMissouri-49602.jpeg;[533.58545  36.63284 611.79974 147.98102];F;Frances_McDormand;F;560;6130;1460;5240
ThreeBillboardsOutsideEbbingMissouri-49744.jpeg;[523.25616   46.339725 600.09375  157.05356 ];F;Frances_McDormand;F;660;6030;1560;5140
ThreeBillboardsOutsideEbbingMissouri-49932.jpeg;[550.8607    50.727745 625.97864  158.42581 ];F;Frances_McDormand;F;660;6430;1560;5540
ThreeBillboardsOutsideEbbingMissouri-54580.jpeg;[137.39815  65.54106 283.31094 258.54135];F;Frances_McDormand;F;810;2700;2360;1150
ThreeBillboardsOutsideEbbingMissouri-54756.jpeg;[139.37723  68.31942 284.27087 262.11572];F;Frances_McDormand;F;770;2830;2630;970
ThreeBillboardsOutsideEbbingMissouri-54853.jpeg;[134.87102  83.04997 278.54007 274.48615];F;Frances_McDormand;F;980;2700;2530;1150
ThreeBillboardsOutsideEbbingMissouri-57141.jpeg;[203.1743    55.656605 335.23492  228.9113  ];M;Frances_McDormand;F;960;3390;2250;2100
ThreeBillboardsOutsideEbbingMissouri-57388.jpeg;[452.9896   79.01515 535.062   179.48457];M;John_Hawkes;M;920;5330;1990;4260
ThreeBillboardsOutsideEbbingMissouri-57388.jpeg;[196.73709  35.26583 293.94873 202.55429];M;John_Hawkes;M;920;5330;1990;4260
ThreeBillboardsOutsideEbbingMissouri-57765.jpeg;[437.45883  87.81398 569.18994 277.07623];M;Frances_McDormand;F;1160;5620;2700;4080
ThreeBillboardsOutsideEbbingMissouri-59119.jpeg;[220.49536   51.798355 364.0318   260.86993 ];M;Sam_Rockwell;M;980;3900;2530;2360
ThreeBillboardsOutsideEbbingMissouri-62992.jpeg;[296.8361  149.74384 404.09344 303.27945];M;Woody_Harrelson;M;1870;4020;2950;2940
ThreeBillboardsOutsideEbbingMissouri-65953.jpeg;[182.4868    67.365944 349.38367  285.8444  ];F;Frances_McDormand;F;980;3450;2840;1590
ThreeBillboardsOutsideEbbingMissouri-7244.jpeg;[332.70096  56.28646 456.81186 216.15283];M;Frances_McDormand;F;820;4680;2110;3390
ThreeBillboardsOutsideEbbingMissouri-79878.jpeg;[335.01932   37.296207 463.73502  213.60281 ];M;Sam_Rockwell;M;470;4940;2020;3390
ThreeBillboardsOutsideEbbingMissouri-85615.jpeg;[513.9028   58.87101 703.39276 292.63812];F;Frances_McDormand;F;980;6750;2840;4890
ThreeBillboardsOutsideEbbingMissouri-93288.jpeg;[246.04054  57.19809 340.03427 178.61308];F;Frances_McDormand;F;720;3370;1460;2620
ThreeBillboardsOutsideEbbingMissouri-94432.jpeg;[323.80707  35.56939 473.77063 246.52394];M;Frances_McDormand;F;570;4890;2420;3040
ThreeBillboardsOutsideEbbingMissouri-94801.jpeg;[244.03915   47.280598 395.28067  257.7091  ];M;Frances_McDormand;F;770;4070;2630;2210
ThreeBillboardsOutsideEbbingMissouri-9582.jpeg;[242.43385   55.679943 375.04218  247.54019 ];M;Sam_Rockwell;M;980;3900;2530;2360
