frame_name;actor_name;gender;top;right;bottom;left;
AltesHerzwirdwiederJung-122240.jpeg;Emil_Jannings;M;30;162;105;88;
AltesHerzwirdwiederJung-122752.jpeg;Emil_Jannings;M;118;124;170;72;
AltesHerzwirdwiederJung-124416.jpeg;Maria_Landrock;F;26;213;70;170;
AltesHerzwirdwiederJung-129664.jpeg;Emil_Jannings;M;25;211;87;149;
AltesHerzwirdwiederJung-129792.jpeg;Emil_Jannings;M;44;199;95;147;
AltesHerzwirdwiederJung-130688.jpeg;Emil_Jannings;M;44;187;95;135;
AltesHerzwirdwiederJung-130944.jpeg;Emil_Jannings;M;32;218;94;156;
AltesHerzwirdwiederJung-131712.jpeg;Emil_Jannings;M;32;218;94;156;
AltesHerzwirdwiederJung-133888.jpeg;Maria_Landrock;F;30;161;66;125;
AltesHerzwirdwiederJung-138240.jpeg;Emil_Jannings;M;59;176;122;114;
AltesHerzwirdwiederJung-138368.jpeg;Emil_Jannings;M;47;179;121;104;
AltesHerzwirdwiederJung-138496.jpeg;Emil_Jannings;M;55;187;130;113;
AltesHerzwirdwiederJung-143744.jpeg;Emil_Jannings;M;59;170;122;107;
AltesHerzwirdwiederJung-147968.jpeg;Emil_Jannings;M;46;184;89;141;
AltesHerzwirdwiederJung-149760.jpeg;Emil_Jannings;M;32;118;84;66;
AltesHerzwirdwiederJung-149888.jpeg;Elisabeth_Flickenschild;F;41;213;84;170;
AltesHerzwirdwiederJung-150272.jpeg;Elisabeth_Flickenschild;F;41;213;84;170;
AltesHerzwirdwiederJung-154112.jpeg;Emil_Jannings;M;38;212;113;137;
AltesHerzwirdwiederJung-154368.jpeg;Emil_Jannings;M;53;225;115;163;
AltesHerzwirdwiederJung-155136.jpeg;Emil_Jannings;M;39;232;101;170;
AltesHerzwirdwiederJung-18048.jpeg;Emil_Jannings;M;79;165;122;122;
AltesHerzwirdwiederJung-20992.jpeg;Emil_Jannings;M;38;170;90;118;
AltesHerzwirdwiederJung-21632.jpeg;Emil_Jannings;M;38;164;90;112;
AltesHerzwirdwiederJung-22016.jpeg;Emil_Jannings;M;55;165;98;122;
AltesHerzwirdwiederJung-25856.jpeg;Emil_Jannings;M;101;112;153;60;
AltesHerzwirdwiederJung-27776.jpeg;Emil_Jannings;M;39;176;101;114;
AltesHerzwirdwiederJung-28544.jpeg;Emil_Jannings;M;39;183;101;121;
AltesHerzwirdwiederJung-28672.jpeg;Emil_Jannings;M;39;176;101;114;
AltesHerzwirdwiederJung-28800.jpeg;Emil_Jannings;M;39;183;101;121;
AltesHerzwirdwiederJung-28928.jpeg;Emil_Jannings;M;39;197;101;135;
AltesHerzwirdwiederJung-29312.jpeg;Emil_Jannings;M;72;227;124;175;
AltesHerzwirdwiederJung-30592.jpeg;Emil_Jannings;M;39;211;101;149;
AltesHerzwirdwiederJung-30720.jpeg;Emil_Jannings;M;39;190;101;128;
AltesHerzwirdwiederJung-38400.jpeg;Emil_Jannings;M;44;152;95;101;
AltesHerzwirdwiederJung-47360.jpeg;Emil_Jannings;M;46;197;108;135;
AltesHerzwirdwiederJung-47488.jpeg;Emil_Jannings;M;53;190;115;128;
AltesHerzwirdwiederJung-48384.jpeg;Emil_Jannings;M;46;242;89;199;
AltesHerzwirdwiederJung-48768.jpeg;Emil_Jannings;M;39;211;101;149;
AltesHerzwirdwiederJung-48896.jpeg;Emil_Jannings;M;39;218;101;156;
AltesHerzwirdwiederJung-68864.jpeg;Emil_Jannings;M;32;170;94;107;
AltesHerzwirdwiederJung-71168.jpeg;Emil_Jannings;M;38;216;90;164;
AltesHerzwirdwiederJung-73472.jpeg;Emil_Jannings;M;41;146;84;103;
AltesHerzwirdwiederJung-84608.jpeg;Maria_Landrock;F;38;158;90;106;
AltesHerzwirdwiederJung-86400.jpeg;Maria_Landrock;F;46;125;82;89;
AltesHerzwirdwiederJung-9344.jpeg;Maria_Landrock;F;89;146;132;103;
AltesHerzwirdwiederJung-93440.jpeg;Emil_Jannings;M;49;141;101;89;
AltesHerzwirdwiederJung-94720.jpeg;Emil_Jannings;M;46;153;82;117;
AltesHerzwirdwiederJung-9984.jpeg;Maria_Landrock;F;90;125;126;89;
AmphitryonakaLesDieuxsamusentia-131927.jpeg;Adele_Sandrock;F;38;478;113;403;
AmphitryonakaLesDieuxsamusentia-13238.jpeg;Hilde_Hildebrand;F;133;459;288;304;
AmphitryonakaLesDieuxsamusentia-139157.jpeg;Willy_Fritsch;M;98;572;284;386;
AmphitryonakaLesDieuxsamusentia-141920.jpeg;Willy_Fritsch;M;133;425;288;270;
AmphitryonakaLesDieuxsamusentia-25041.jpeg;Hilde_Hildebrand;F;104;247;211;139;
AmphitryonakaLesDieuxsamusentia-42860.jpeg;Willy_Fritsch;M;211;199;319;91;
AmphitryonakaLesDieuxsamusentia-45428.jpeg;Hilde_Hildebrand;F;116;426;223;318;
AmphitryonakaLesDieuxsamusentia-53279.jpeg;Willy_Fritsch;M;152;557;259;450;
AmphitryonakaLesDieuxsamusentia-53519.jpeg;Willy_Fritsch;M;199;581;307;474;
AmphitryonakaLesDieuxsamusentia-53913.jpeg;Willy_Fritsch;M;98;675;284;489;
AmphitryonakaLesDieuxsamusentia-70351.jpeg;Hilde_Hildebrand;F;118;439;341;216;
AmphitryonakaLesDieuxsamusentia-71692.jpeg;Hilde_Hildebrand;F;176;250;228;199;
AmphitryonakaLesDieuxsamusentia-74056.jpeg;Hilde_Hildebrand;F;90;262;141;210;
AmphitryonakaLesDieuxsamusentia-74287.jpeg;Hilde_Hildebrand;F;164;371;216;319;
AmphitryonakaLesDieuxsamusentia-76346.jpeg;Hilde_Hildebrand;F;325;504;415;414;
AmphitryonakaLesDieuxsamusentia-76826.jpeg;Willy_Fritsch;M;106;404;196;315;
AmphitryonakaLesDieuxsamusentia-77692.jpeg;Hilde_Hildebrand;F;187;426;295;318;
AmphitryonakaLesDieuxsamusentia-77872.jpeg;Hilde_Hildebrand;F;152;438;259;330;
AmphitryonakaLesDieuxsamusentia-8594.jpeg;Hilde_Hildebrand;F;112;468;379;200;
AmphitryonakaLesDieuxsamusentia-86815.jpeg;Willy_Fritsch;M;63;320;138;245;
AmphitryonakaLesDieuxsamusentia-88700.jpeg;Willy_Fritsch;M;211;187;319;79;
AmphitryonakaLesDieuxsamusentia-88940.jpeg;Willy_Fritsch;M;211;187;319;79;
BelAmiia-101185.jpeg;Hilde_Hildebrand;F;426;619;488;557;
BelAmiia-102382.jpeg;Hilde_Hildebrand;F;116;497;223;390;
BelAmiia-102632.jpeg;Hilde_Hildebrand;F;106;544;196;454;
BelAmiia-102753.jpeg;Hilde_Hildebrand;F;86;474;176;384;
BelAmiia-103967.jpeg;Hilde_Hildebrand;F;106;514;196;424;
BelAmiia-104217.jpeg;Willi_Forst;M;142;333;185;290;
BelAmiia-105351.jpeg;Willi_Forst;M;82;569;211;440;
BelAmiia-105601.jpeg;Olga_Tschechowa;F;350;409;386;373;
BelAmiia-109338.jpeg;Willi_Forst;M;77;469;263;283;
BelAmiia-110005.jpeg;Olga_Tschechowa;F;32;556;84;504;
BelAmiia-110461.jpeg;Willi_Forst;M;113;245;188;171;
BelAmiia-111106.jpeg;Willi_Forst;M;140;270;247;163;
BelAmiia-111289.jpeg;Willi_Forst;M;128;270;235;163;
BelAmiia-111749.jpeg;Willi_Forst;M;116;408;270;253;
BelAmiia-111910.jpeg;Willi_Forst;M;153;383;205;331;
BelAmiia-116036.jpeg;Hilde_Hildebrand;F;128;497;235;390;
BelAmiia-123061.jpeg;Ilse_Werner;F;142;414;365;191;
BelAmiia-123242.jpeg;Ilse_Werner;F;106;374;196;285;
BelAmiia-123342.jpeg;Willi_Forst;M;68;402;175;294;
BelAmiia-124015.jpeg;Willi_Forst;M;98;459;253;304;
BelAmiia-124811.jpeg;Willi_Forst;M;160;448;345;262;
BelAmiia-126775.jpeg;Willi_Forst;M;118;464;341;241;
BelAmiia-130014.jpeg;Willi_Forst;M;171;444;246;370;
BelAmiia-130264.jpeg;Willi_Forst;M;116;425;270;270;
BelAmiia-130626.jpeg;Willi_Forst;M;81;442;236;287;
BelAmiia-131177.jpeg;Willi_Forst;M;116;390;223;282;
BelAmiia-13208.jpeg;Willi_Forst;M;38;403;113;328;
BelAmiia-132129.jpeg;Willi_Forst;M;82;325;211;196;
BelAmiia-136867.jpeg;Hilde_Hildebrand;F;70;309;113;266;
BelAmiia-19488.jpeg;Willi_Forst;M;175;497;283;390;
BelAmiia-25205.jpeg;Johannes_Riemann;M;25;467;87;405;
BelAmiia-26957.jpeg;Willi_Forst;M;140;426;247;318;
BelAmiia-26957.jpeg;Hilde_Hildebrand;F;255;275;345;185;
BelAmiia-27313.jpeg;Olga_Tschechowa;F;187;366;295;259;
BelAmiia-27998.jpeg;Hilde_Hildebrand;F;230;561;266;525;
BelAmiia-28346.jpeg;Hilde_Hildebrand;F;196;135;285;46;
BelAmiia-28959.jpeg;Willi_Forst;M;159;423;211;371;
BelAmiia-30532.jpeg;Olga_Tschechowa;F;126;315;216;225;
BelAmiia-30782.jpeg;Olga_Tschechowa;F;136;344;226;255;
BelAmiia-32899.jpeg;Willi_Forst;M;80;602;155;527;
BelAmiia-35613.jpeg;Willi_Forst;M;104;426;211;318;
BelAmiia-38555.jpeg;Hilde_Hildebrand;F;88;494;163;419;
BelAmiia-40346.jpeg;Hilde_Hildebrand;F;128;569;235;462;
BelAmiia-41869.jpeg;Olga_Tschechowa;F;121;262;196;187;
BelAmiia-42931.jpeg;Olga_Tschechowa;F;96;374;186;285;
BelAmiia-43847.jpeg;Olga_Tschechowa;F;72;278;146;204;
BelAmiia-4410.jpeg;Willi_Forst;M;44;438;152;330;
BelAmiia-44711.jpeg;Olga_Tschechowa;F;96;374;186;285;
BelAmiia-46194.jpeg;Willi_Forst;M;116;424;206;335;
BelAmiia-47620.jpeg;Olga_Tschechowa;F;80;390;187;282;
BelAmiia-50178.jpeg;Willi_Forst;M;55;285;107;233;
BelAmiia-51277.jpeg;Olga_Tschechowa;F;135;508;198;446;
BelAmiia-51573.jpeg;Olga_Tschechowa;F;86;554;176;464;
BelAmiia-62422.jpeg;Olga_Tschechowa;F;204;519;279;444;
BelAmiia-64363.jpeg;Olga_Tschechowa;F;152;438;259;330;
BelAmiia-65297.jpeg;Olga_Tschechowa;F;254;486;329;411;
BelAmiia-66441.jpeg;Olga_Tschechowa;F;115;322;177;259;
BelAmiia-66806.jpeg;Willi_Forst;M;103;357;146;314;
BelAmiia-67388.jpeg;Willi_Forst;M;96;305;186;215;
BelAmiia-67492.jpeg;Olga_Tschechowa;F;136;444;226;354;
BelAmiia-67767.jpeg;Olga_Tschechowa;F;142;522;205;460;
BelAmiia-68046.jpeg;Olga_Tschechowa;F;177;563;239;501;
BelAmiia-68612.jpeg;Willi_Forst;M;116;306;223;199;
BelAmiia-69607.jpeg;Willi_Forst;M;116;255;206;165;
BelAmiia-70096.jpeg;Olga_Tschechowa;F;126;563;216;474;
BelAmiia-70346.jpeg;Olga_Tschechowa;F;140;474;247;366;
BelAmiia-71086.jpeg;Olga_Tschechowa;F;116;366;223;259;
BelAmiia-71281.jpeg;Willi_Forst;M;104;438;211;330;
BelAmiia-71368.jpeg;Olga_Tschechowa;F;110;382;239;253;
BelAmiia-73506.jpeg;Willi_Forst;M;92;378;199;270;
BelAmiia-75508.jpeg;Hilde_Hildebrand;F;166;593;255;504;
BelAmiia-75758.jpeg;Hilde_Hildebrand;F;204;569;279;494;
BelAmiia-76258.jpeg;Hilde_Hildebrand;F;204;552;279;478;
BelAmiia-87691.jpeg;Willi_Forst;M;184;390;339;236;
BelAmiia-87893.jpeg;Willi_Forst;M;184;390;339;236;
BelAmiia-88110.jpeg;Willi_Forst;M;202;390;356;236;
BelAmiia-93926.jpeg;Willi_Forst;M;138;312;213;237;
BelAmiia-95150.jpeg;Willi_Forst;M;67;397;196;268;
BelAmiia-97992.jpeg;Willi_Forst;M;104;342;211;235;
BelAmiia-98339.jpeg;Willi_Forst;M;56;434;146;344;
BelAmiia-98589.jpeg;Willi_Forst;M;66;464;156;374;
BelAmiia-98856.jpeg;Willi_Forst;M;86;484;176;394;
DergeheimnisvolleMisterXRalphArthurRobertsHermannThimigMadyRahlEugenRex-10368.jpeg;Leo_Peukert;M;39;252;101;190;
DergeheimnisvolleMisterXRalphArthurRobertsHermannThimigMadyRahlEugenRex-104320.jpeg;Zarah_Leander;F;147;279;199;227;
DergeheimnisvolleMisterXRalphArthurRobertsHermannThimigMadyRahlEugenRex-104320.jpeg;Ludwig_Schmitz;M;185;319;228;275;
DergeheimnisvolleMisterXRalphArthurRobertsHermannThimigMadyRahlEugenRex-105600.jpeg;Lotte_Werkmeister;F;79;165;122;122;
DergeheimnisvolleMisterXRalphArthurRobertsHermannThimigMadyRahlEugenRex-105600.jpeg;Lotte_Werkmeister;F;70;275;113;232;
DergeheimnisvolleMisterXRalphArthurRobertsHermannThimigMadyRahlEugenRex-106624.jpeg;Karl_Martell;M;106;293;142;257;
DergeheimnisvolleMisterXRalphArthurRobertsHermannThimigMadyRahlEugenRex-107648.jpeg;Fritz_Odemar;M;42;269;78;233;
DergeheimnisvolleMisterXRalphArthurRobertsHermannThimigMadyRahlEugenRex-107776.jpeg;Werner_Pledath;M;49;337;101;285;
DergeheimnisvolleMisterXRalphArthurRobertsHermannThimigMadyRahlEugenRex-109312.jpeg;Fritz_Odemar;M;122;341;158;305;
DergeheimnisvolleMisterXRalphArthurRobertsHermannThimigMadyRahlEugenRex-110464.jpeg;Fritz_Odemar;M;61;170;113;118;
DergeheimnisvolleMisterXRalphArthurRobertsHermannThimigMadyRahlEugenRex-110720.jpeg;Ekkehard_Arendt;M;55;383;107;331;
DergeheimnisvolleMisterXRalphArthurRobertsHermannThimigMadyRahlEugenRex-111360.jpeg;Albert_Lippert;M;72;175;124;124;
DergeheimnisvolleMisterXRalphArthurRobertsHermannThimigMadyRahlEugenRex-111616.jpeg;Hans_Junkermann;M;103;232;146;189;
DergeheimnisvolleMisterXRalphArthurRobertsHermannThimigMadyRahlEugenRex-112000.jpeg;Max_Paulsen_Peter_Peterson;M;103;400;146;357;
DergeheimnisvolleMisterXRalphArthurRobertsHermannThimigMadyRahlEugenRex-112000.jpeg;Charlotte_Schellhorn;F;108;309;151;266;
DergeheimnisvolleMisterXRalphArthurRobertsHermannThimigMadyRahlEugenRex-112128.jpeg;Albert_Lippert;M;90;152;141;101;
DergeheimnisvolleMisterXRalphArthurRobertsHermannThimigMadyRahlEugenRex-112640.jpeg;Leo_Peukert;M;94;223;137;180;
DergeheimnisvolleMisterXRalphArthurRobertsHermannThimigMadyRahlEugenRex-112896.jpeg;Reinhold_Bernt;M;67;170;118;118;
DergeheimnisvolleMisterXRalphArthurRobertsHermannThimigMadyRahlEugenRex-112896.jpeg;Leo_Peukert;M;67;227;118;175;
DergeheimnisvolleMisterXRalphArthurRobertsHermannThimigMadyRahlEugenRex-116224.jpeg;Fritz_Odemar;M;70;160;113;117;
DergeheimnisvolleMisterXRalphArthurRobertsHermannThimigMadyRahlEugenRex-116864.jpeg;Lil_Dagover;F;86;309;122;273;
DergeheimnisvolleMisterXRalphArthurRobertsHermannThimigMadyRahlEugenRex-117504.jpeg;Fritz_Odemar;M;73;335;135;273;
DergeheimnisvolleMisterXRalphArthurRobertsHermannThimigMadyRahlEugenRex-11776.jpeg;Hans_Albers;M;78;325;130;273;
DergeheimnisvolleMisterXRalphArthurRobertsHermannThimigMadyRahlEugenRex-118912.jpeg;Hermann_Thimig;M;56;255;146;165;
DergeheimnisvolleMisterXRalphArthurRobertsHermannThimigMadyRahlEugenRex-119040.jpeg;Hermann_Thimig;M;56;215;146;126;
DergeheimnisvolleMisterXRalphArthurRobertsHermannThimigMadyRahlEugenRex-119424.jpeg;Willi_Kaiser_Heyl;M;26;205;116;116;
DergeheimnisvolleMisterXRalphArthurRobertsHermannThimigMadyRahlEugenRex-120320.jpeg;Hermann_Thimig;M;57;262;242;77;
DergeheimnisvolleMisterXRalphArthurRobertsHermannThimigMadyRahlEugenRex-120576.jpeg;Hermann_Thimig;M;77;242;263;56;
DergeheimnisvolleMisterXRalphArthurRobertsHermannThimigMadyRahlEugenRex-120832.jpeg;Hermann_Thimig;M;81;236;236;81;
DergeheimnisvolleMisterXRalphArthurRobertsHermannThimigMadyRahlEugenRex-121088.jpeg;Hermann_Thimig;M;57;221;242;35;
DergeheimnisvolleMisterXRalphArthurRobertsHermannThimigMadyRahlEugenRex-121344.jpeg;Fritz_Odemar;M;66;252;129;190;
DergeheimnisvolleMisterXRalphArthurRobertsHermannThimigMadyRahlEugenRex-121344.jpeg;Fritz_Odemar;M;59;315;122;252;
DergeheimnisvolleMisterXRalphArthurRobertsHermannThimigMadyRahlEugenRex-121472.jpeg;Willy_Fritsch;M;66;252;129;190;
DergeheimnisvolleMisterXRalphArthurRobertsHermannThimigMadyRahlEugenRex-121600.jpeg;Fritz_Odemar;M;59;308;122;246;
DergeheimnisvolleMisterXRalphArthurRobertsHermannThimigMadyRahlEugenRex-122112.jpeg;Willy_Fritsch;M;46;204;108;142;
DergeheimnisvolleMisterXRalphArthurRobertsHermannThimigMadyRahlEugenRex-122240.jpeg;Hermann_Thimig;M;53;204;115;142;
DergeheimnisvolleMisterXRalphArthurRobertsHermannThimigMadyRahlEugenRex-123904.jpeg;Reinhold_Bernt;M;38;328;113;254;
DergeheimnisvolleMisterXRalphArthurRobertsHermannThimigMadyRahlEugenRex-124160.jpeg;Hugo_Werner_Kahle;M;49;170;101;118;
DergeheimnisvolleMisterXRalphArthurRobertsHermannThimigMadyRahlEugenRex-124544.jpeg;Hermann_Thimig;M;49;233;101;181;
DergeheimnisvolleMisterXRalphArthurRobertsHermannThimigMadyRahlEugenRex-124672.jpeg;Hilde_von_Stolz;F;80;196;155;121;
DergeheimnisvolleMisterXRalphArthurRobertsHermannThimigMadyRahlEugenRex-124928.jpeg;Angela_Salloker;F;80;212;155;137;
DergeheimnisvolleMisterXRalphArthurRobertsHermannThimigMadyRahlEugenRex-124928.jpeg;Heinz_Salfner;M;47;312;121;237;
DergeheimnisvolleMisterXRalphArthurRobertsHermannThimigMadyRahlEugenRex-125184.jpeg;Hermann_Thimig;M;80;262;155;187;
DergeheimnisvolleMisterXRalphArthurRobertsHermannThimigMadyRahlEugenRex-127104.jpeg;Leo_Peukert;M;77;345;263;159;
DergeheimnisvolleMisterXRalphArthurRobertsHermannThimigMadyRahlEugenRex-127232.jpeg;Leo_Peukert;M;150;339;305;184;
DergeheimnisvolleMisterXRalphArthurRobertsHermannThimigMadyRahlEugenRex-127488.jpeg;Leo_Peukert;M;81;339;236;184;
DergeheimnisvolleMisterXRalphArthurRobertsHermannThimigMadyRahlEugenRex-127616.jpeg;Hermann_Thimig;M;81;270;236;115;
DergeheimnisvolleMisterXRalphArthurRobertsHermannThimigMadyRahlEugenRex-129792.jpeg;Hans_Unterkircher;M;50;304;94;261;
DergeheimnisvolleMisterXRalphArthurRobertsHermannThimigMadyRahlEugenRex-130432.jpeg;Leo_Peukert;M;57;386;242;201;
DergeheimnisvolleMisterXRalphArthurRobertsHermannThimigMadyRahlEugenRex-130688.jpeg;Hermann_Thimig;M;66;135;156;46;
DergeheimnisvolleMisterXRalphArthurRobertsHermannThimigMadyRahlEugenRex-132352.jpeg;Fritz_Odemar;M;55;331;107;279;
DergeheimnisvolleMisterXRalphArthurRobertsHermannThimigMadyRahlEugenRex-132736.jpeg;Clementia_Egies;F;53;294;115;232;
DergeheimnisvolleMisterXRalphArthurRobertsHermannThimigMadyRahlEugenRex-132992.jpeg;Elfriede_Jerra;F;42;161;78;125;
DergeheimnisvolleMisterXRalphArthurRobertsHermannThimigMadyRahlEugenRex-13312.jpeg;Edith_Oss;F;118;317;154;281;
DergeheimnisvolleMisterXRalphArthurRobertsHermannThimigMadyRahlEugenRex-133120.jpeg;Willi_Kaiser_Heyl;M;170;296;222;245;
DergeheimnisvolleMisterXRalphArthurRobertsHermannThimigMadyRahlEugenRex-133120.jpeg;Antonie_Jaeckel;F;38;165;74;129;
DergeheimnisvolleMisterXRalphArthurRobertsHermannThimigMadyRahlEugenRex-133376.jpeg;Alfred_Neugebauer;M;141;262;193;210;
DergeheimnisvolleMisterXRalphArthurRobertsHermannThimigMadyRahlEugenRex-133376.jpeg;Elfriede_Jerra;F;38;165;74;129;
DergeheimnisvolleMisterXRalphArthurRobertsHermannThimigMadyRahlEugenRex-133504.jpeg;Hans_Unterkircher;M;141;250;193;199;
DergeheimnisvolleMisterXRalphArthurRobertsHermannThimigMadyRahlEugenRex-133504.jpeg;Margit_Symo;F;38;165;74;129;
DergeheimnisvolleMisterXRalphArthurRobertsHermannThimigMadyRahlEugenRex-133632.jpeg;Werner_Scharf;M;156;266;218;204;
DergeheimnisvolleMisterXRalphArthurRobertsHermannThimigMadyRahlEugenRex-133760.jpeg;Leo_Peukert;M;163;273;225;211;
DergeheimnisvolleMisterXRalphArthurRobertsHermannThimigMadyRahlEugenRex-133760.jpeg;Inge_List;F;38;165;74;129;
DergeheimnisvolleMisterXRalphArthurRobertsHermannThimigMadyRahlEugenRex-134016.jpeg;Lisa_Helwig;F;38;165;74;129;
DergeheimnisvolleMisterXRalphArthurRobertsHermannThimigMadyRahlEugenRex-134016.jpeg;Hans_Unterkircher;M;159;302;211;250;
DergeheimnisvolleMisterXRalphArthurRobertsHermannThimigMadyRahlEugenRex-134144.jpeg;Annemarie_Korff;F;38;165;74;129;
DergeheimnisvolleMisterXRalphArthurRobertsHermannThimigMadyRahlEugenRex-134272.jpeg;Erika_von_Thellmann;F;46;218;108;156;
DergeheimnisvolleMisterXRalphArthurRobertsHermannThimigMadyRahlEugenRex-134784.jpeg;Hans_Albers;M;38;320;113;245;
DergeheimnisvolleMisterXRalphArthurRobertsHermannThimigMadyRahlEugenRex-135552.jpeg;Erika_von_Thellmann;F;38;270;113;196;
DergeheimnisvolleMisterXRalphArthurRobertsHermannThimigMadyRahlEugenRex-136448.jpeg;Fritz_Odemar;M;39;197;101;135;
DergeheimnisvolleMisterXRalphArthurRobertsHermannThimigMadyRahlEugenRex-137216.jpeg;Karl_Martell;M;70;201;106;165;
DergeheimnisvolleMisterXRalphArthurRobertsHermannThimigMadyRahlEugenRex-138112.jpeg;Willi_Kaiser_Heyl;M;55;296;107;245;
DergeheimnisvolleMisterXRalphArthurRobertsHermannThimigMadyRahlEugenRex-13824.jpeg;Hermann_Speelmans;M;61;291;113;239;
DergeheimnisvolleMisterXRalphArthurRobertsHermannThimigMadyRahlEugenRex-139008.jpeg;Johannes_Riemann;M;55;147;107;95;
DergeheimnisvolleMisterXRalphArthurRobertsHermannThimigMadyRahlEugenRex-139520.jpeg;Reinhold_Bernt;M;39;391;101;328;
DergeheimnisvolleMisterXRalphArthurRobertsHermannThimigMadyRahlEugenRex-139904.jpeg;Hermann_Thimig;M;72;181;124;129;
DergeheimnisvolleMisterXRalphArthurRobertsHermannThimigMadyRahlEugenRex-140288.jpeg;Leo_Peukert;M;84;227;136;175;
DergeheimnisvolleMisterXRalphArthurRobertsHermannThimigMadyRahlEugenRex-141440.jpeg;Leo_Peukert;M;80;280;142;218;
DergeheimnisvolleMisterXRalphArthurRobertsHermannThimigMadyRahlEugenRex-142848.jpeg;Hans_Junkermann;M;70;285;113;242;
DergeheimnisvolleMisterXRalphArthurRobertsHermannThimigMadyRahlEugenRex-143360.jpeg;Hans_Unterkircher;M;38;112;90;60;
DergeheimnisvolleMisterXRalphArthurRobertsHermannThimigMadyRahlEugenRex-144640.jpeg;Heinz_Salfner;M;94;133;130;97;
DergeheimnisvolleMisterXRalphArthurRobertsHermannThimigMadyRahlEugenRex-146688.jpeg;Reinhold_Bernt;M;72;464;146;395;
DergeheimnisvolleMisterXRalphArthurRobertsHermannThimigMadyRahlEugenRex-146944.jpeg;Hermann_Thimig;M;66;308;129;246;
DergeheimnisvolleMisterXRalphArthurRobertsHermannThimigMadyRahlEugenRex-14720.jpeg;Hans_Albers;M;86;301;122;265;
DergeheimnisvolleMisterXRalphArthurRobertsHermannThimigMadyRahlEugenRex-147584.jpeg;Hermann_Speelmans;M;25;301;87;239;
DergeheimnisvolleMisterXRalphArthurRobertsHermannThimigMadyRahlEugenRex-147712.jpeg;Erik_Frey;M;53;225;182;96;
DergeheimnisvolleMisterXRalphArthurRobertsHermannThimigMadyRahlEugenRex-147840.jpeg;Ralph_Arthur_Roberts;M;53;225;182;96;
DergeheimnisvolleMisterXRalphArthurRobertsHermannThimigMadyRahlEugenRex-14848.jpeg;Hubert_von_Meyerinck;M;90;341;126;305;
DergeheimnisvolleMisterXRalphArthurRobertsHermannThimigMadyRahlEugenRex-149248.jpeg;Leo_Peukert;M;199;232;242;189;
DergeheimnisvolleMisterXRalphArthurRobertsHermannThimigMadyRahlEugenRex-149632.jpeg;Armin_Schweizer;M;78;153;114;117;
DergeheimnisvolleMisterXRalphArthurRobertsHermannThimigMadyRahlEugenRex-150400.jpeg;Hans_Unterkircher;M;82;285;118;249;
DergeheimnisvolleMisterXRalphArthurRobertsHermannThimigMadyRahlEugenRex-150912.jpeg;Hans_Albers;M;78;229;114;193;
DergeheimnisvolleMisterXRalphArthurRobertsHermannThimigMadyRahlEugenRex-151552.jpeg;Leo_Peukert;M;66;325;102;289;
DergeheimnisvolleMisterXRalphArthurRobertsHermannThimigMadyRahlEugenRex-151680.jpeg;Hans_Albers;M;90;209;126;173;
DergeheimnisvolleMisterXRalphArthurRobertsHermannThimigMadyRahlEugenRex-151936.jpeg;Hilde_Hildebrand;F;94;301;156;239;
DergeheimnisvolleMisterXRalphArthurRobertsHermannThimigMadyRahlEugenRex-151936.jpeg;Hans_Junkermann;M;63;196;138;121;
DergeheimnisvolleMisterXRalphArthurRobertsHermannThimigMadyRahlEugenRex-153600.jpeg;Clementia_Egies;F;82;209;118;173;
DergeheimnisvolleMisterXRalphArthurRobertsHermannThimigMadyRahlEugenRex-155392.jpeg;Hans_Unterkircher;M;67;366;118;314;
DergeheimnisvolleMisterXRalphArthurRobertsHermannThimigMadyRahlEugenRex-155520.jpeg;Friedrich_Maurer;M;53;287;115;225;
DergeheimnisvolleMisterXRalphArthurRobertsHermannThimigMadyRahlEugenRex-18688.jpeg;Hans_Unterkircher;M;70;233;106;197;
DergeheimnisvolleMisterXRalphArthurRobertsHermannThimigMadyRahlEugenRex-19200.jpeg;Ferdinand_Marian;M;55;135;107;83;
DergeheimnisvolleMisterXRalphArthurRobertsHermannThimigMadyRahlEugenRex-20864.jpeg;Alfred_Neugebauer;M;98;322;253;167;
DergeheimnisvolleMisterXRalphArthurRobertsHermannThimigMadyRahlEugenRex-23680.jpeg;Hubert_von_Meyerinck;M;127;271;170;228;
DergeheimnisvolleMisterXRalphArthurRobertsHermannThimigMadyRahlEugenRex-26368.jpeg;Heinz_Salfner;M;55;319;98;275;
DergeheimnisvolleMisterXRalphArthurRobertsHermannThimigMadyRahlEugenRex-26624.jpeg;Reinhold_Bernt;M;58;285;94;249;
DergeheimnisvolleMisterXRalphArthurRobertsHermannThimigMadyRahlEugenRex-26752.jpeg;Heinz_Salfner;M;41;333;84;290;
DergeheimnisvolleMisterXRalphArthurRobertsHermannThimigMadyRahlEugenRex-26880.jpeg;Egon_von_Jordan;M;58;345;94;309;
DergeheimnisvolleMisterXRalphArthurRobertsHermannThimigMadyRahlEugenRex-27008.jpeg;Karl_Etlinger;M;50;333;94;290;
DergeheimnisvolleMisterXRalphArthurRobertsHermannThimigMadyRahlEugenRex-27520.jpeg;Leo_Peukert;M;84;280;127;237;
DergeheimnisvolleMisterXRalphArthurRobertsHermannThimigMadyRahlEugenRex-27648.jpeg;Hans_Junkermann;M;90;221;126;185;
DergeheimnisvolleMisterXRalphArthurRobertsHermannThimigMadyRahlEugenRex-28160.jpeg;Eduard_von_Winterstein;M;55;271;98;228;
DergeheimnisvolleMisterXRalphArthurRobertsHermannThimigMadyRahlEugenRex-28800.jpeg;Ekkehard_Arendt;M;55;275;98;232;
DergeheimnisvolleMisterXRalphArthurRobertsHermannThimigMadyRahlEugenRex-30080.jpeg;Willy_Fritsch;M;63;254;138;179;
DergeheimnisvolleMisterXRalphArthurRobertsHermannThimigMadyRahlEugenRex-30336.jpeg;Reinhold_Bernt;M;26;285;116;195;
DergeheimnisvolleMisterXRalphArthurRobertsHermannThimigMadyRahlEugenRex-30592.jpeg;Hermann_Thimig;M;20;235;128;127;
DergeheimnisvolleMisterXRalphArthurRobertsHermannThimigMadyRahlEugenRex-30720.jpeg;Hermann_Thimig;M;20;259;128;151;
DergeheimnisvolleMisterXRalphArthurRobertsHermannThimigMadyRahlEugenRex-31488.jpeg;Leo_Peukert;M;44;175;152;67;
DergeheimnisvolleMisterXRalphArthurRobertsHermannThimigMadyRahlEugenRex-31616.jpeg;Ilse_Petri;F;44;378;152;270;
DergeheimnisvolleMisterXRalphArthurRobertsHermannThimigMadyRahlEugenRex-32128.jpeg;Clementia_Egies;F;58;297;94;261;
DergeheimnisvolleMisterXRalphArthurRobertsHermannThimigMadyRahlEugenRex-33280.jpeg;Hans_Unterkircher;M;26;175;116;86;
DergeheimnisvolleMisterXRalphArthurRobertsHermannThimigMadyRahlEugenRex-34048.jpeg;Hermann_Thimig;M;26;285;116;195;
DergeheimnisvolleMisterXRalphArthurRobertsHermannThimigMadyRahlEugenRex-34432.jpeg;Ruth_Hellberg;F;166;209;202;173;
DergeheimnisvolleMisterXRalphArthurRobertsHermannThimigMadyRahlEugenRex-34432.jpeg;Hilde_Hildebrand;F;161;410;204;367;
DergeheimnisvolleMisterXRalphArthurRobertsHermannThimigMadyRahlEugenRex-34560.jpeg;Clementia_Egies;F;161;410;204;367;
DergeheimnisvolleMisterXRalphArthurRobertsHermannThimigMadyRahlEugenRex-35200.jpeg;Hermann_Thimig;M;30;220;105;146;
DergeheimnisvolleMisterXRalphArthurRobertsHermannThimigMadyRahlEugenRex-35968.jpeg;Reinhold_Bernt;M;39;176;101;114;
DergeheimnisvolleMisterXRalphArthurRobertsHermannThimigMadyRahlEugenRex-36096.jpeg;Else_Elster;F;89;266;132;223;
DergeheimnisvolleMisterXRalphArthurRobertsHermannThimigMadyRahlEugenRex-36480.jpeg;Hans_Unterkircher;M;39;335;101;273;
DergeheimnisvolleMisterXRalphArthurRobertsHermannThimigMadyRahlEugenRex-36736.jpeg;Ilse_Petri;F;78;256;130;204;
DergeheimnisvolleMisterXRalphArthurRobertsHermannThimigMadyRahlEugenRex-36992.jpeg;Willy_Fritsch;M;46;142;108;80;
DergeheimnisvolleMisterXRalphArthurRobertsHermannThimigMadyRahlEugenRex-36992.jpeg;Siegfried_Breuer;M;67;204;118;152;
DergeheimnisvolleMisterXRalphArthurRobertsHermannThimigMadyRahlEugenRex-37120.jpeg;Inge_List;F;84;250;136;199;
DergeheimnisvolleMisterXRalphArthurRobertsHermannThimigMadyRahlEugenRex-37248.jpeg;Leo_Peukert;M;46;370;108;308;
DergeheimnisvolleMisterXRalphArthurRobertsHermannThimigMadyRahlEugenRex-37248.jpeg;Marieluise_Claudius;F;78;239;130;187;
DergeheimnisvolleMisterXRalphArthurRobertsHermannThimigMadyRahlEugenRex-37760.jpeg;Eduard_von_Winterstein;M;84;106;136;55;
DergeheimnisvolleMisterXRalphArthurRobertsHermannThimigMadyRahlEugenRex-38016.jpeg;Fritz_Odemar;M;84;106;136;55;
DergeheimnisvolleMisterXRalphArthurRobertsHermannThimigMadyRahlEugenRex-38144.jpeg;Eduard_von_Winterstein;M;78;124;130;72;
DergeheimnisvolleMisterXRalphArthurRobertsHermannThimigMadyRahlEugenRex-38400.jpeg;Hermann_Thimig;M;84;117;127;74;
DergeheimnisvolleMisterXRalphArthurRobertsHermannThimigMadyRahlEugenRex-40576.jpeg;Fritz_Odemar;M;94;325;130;289;
DergeheimnisvolleMisterXRalphArthurRobertsHermannThimigMadyRahlEugenRex-40960.jpeg;Albert_Lippert;M;84;181;136;129;
DergeheimnisvolleMisterXRalphArthurRobertsHermannThimigMadyRahlEugenRex-41088.jpeg;Albert_Lippert;M;95;175;147;124;
DergeheimnisvolleMisterXRalphArthurRobertsHermannThimigMadyRahlEugenRex-41344.jpeg;Hermann_Thimig;M;78;319;130;268;
DergeheimnisvolleMisterXRalphArthurRobertsHermannThimigMadyRahlEugenRex-41472.jpeg;Alexander_Engel;M;73;183;135;121;
DergeheimnisvolleMisterXRalphArthurRobertsHermannThimigMadyRahlEugenRex-41600.jpeg;Leo_Peukert;M;73;183;135;121;
DergeheimnisvolleMisterXRalphArthurRobertsHermannThimigMadyRahlEugenRex-41600.jpeg;Hermann_Thimig;M;90;354;141;302;
DergeheimnisvolleMisterXRalphArthurRobertsHermannThimigMadyRahlEugenRex-41728.jpeg;Leo_Peukert;M;84;187;136;135;
DergeheimnisvolleMisterXRalphArthurRobertsHermannThimigMadyRahlEugenRex-41728.jpeg;Fritz_Odemar;M;84;348;136;296;
DergeheimnisvolleMisterXRalphArthurRobertsHermannThimigMadyRahlEugenRex-41856.jpeg;Fritz_Odemar;M;66;287;129;225;
DergeheimnisvolleMisterXRalphArthurRobertsHermannThimigMadyRahlEugenRex-42112.jpeg;Hermann_Thimig;M;72;302;124;250;
DergeheimnisvolleMisterXRalphArthurRobertsHermannThimigMadyRahlEugenRex-42240.jpeg;Fritz_Odemar;M;67;308;118;256;
DergeheimnisvolleMisterXRalphArthurRobertsHermannThimigMadyRahlEugenRex-43136.jpeg;Dorit_Kreysler;F;102;217;138;181;
DergeheimnisvolleMisterXRalphArthurRobertsHermannThimigMadyRahlEugenRex-43392.jpeg;Hilde_von_Stolz;F;84;164;136;112;
DergeheimnisvolleMisterXRalphArthurRobertsHermannThimigMadyRahlEugenRex-43520.jpeg;Hermann_Thimig;M;61;273;113;222;
DergeheimnisvolleMisterXRalphArthurRobertsHermannThimigMadyRahlEugenRex-44416.jpeg;Hermann_Thimig;M;38;220;113;146;
DergeheimnisvolleMisterXRalphArthurRobertsHermannThimigMadyRahlEugenRex-45056.jpeg;Albert_Lippert;M;67;181;118;129;
DergeheimnisvolleMisterXRalphArthurRobertsHermannThimigMadyRahlEugenRex-45440.jpeg;Georg_Vogelsang;M;61;164;113;112;
DergeheimnisvolleMisterXRalphArthurRobertsHermannThimigMadyRahlEugenRex-45568.jpeg;Heinz_Salfner;M;55;227;107;175;
DergeheimnisvolleMisterXRalphArthurRobertsHermannThimigMadyRahlEugenRex-45696.jpeg;Eduard_von_Winterstein;M;61;164;113;112;
DergeheimnisvolleMisterXRalphArthurRobertsHermannThimigMadyRahlEugenRex-47872.jpeg;Clementia_Egies;F;130;210;182;158;
DergeheimnisvolleMisterXRalphArthurRobertsHermannThimigMadyRahlEugenRex-50560.jpeg;Ilse_Petri;F;90;229;126;193;
DergeheimnisvolleMisterXRalphArthurRobertsHermannThimigMadyRahlEugenRex-50816.jpeg;Hermann_Thimig;M;66;153;102;117;
DergeheimnisvolleMisterXRalphArthurRobertsHermannThimigMadyRahlEugenRex-51968.jpeg;Willi_Forst;M;55;199;107;147;
DergeheimnisvolleMisterXRalphArthurRobertsHermannThimigMadyRahlEugenRex-51968.jpeg;Ralph_Arthur_Roberts;M;67;343;118;291;
DergeheimnisvolleMisterXRalphArthurRobertsHermannThimigMadyRahlEugenRex-52096.jpeg;Ekkehard_Arendt;M;61;319;113;268;
DergeheimnisvolleMisterXRalphArthurRobertsHermannThimigMadyRahlEugenRex-53888.jpeg;Leo_Peukert;M;84;279;136;227;
DergeheimnisvolleMisterXRalphArthurRobertsHermannThimigMadyRahlEugenRex-54784.jpeg;Hans_Unterkircher;M;55;367;98;323;
DergeheimnisvolleMisterXRalphArthurRobertsHermannThimigMadyRahlEugenRex-55168.jpeg;Wilhelm_Bendow;M;65;367;108;323;
DergeheimnisvolleMisterXRalphArthurRobertsHermannThimigMadyRahlEugenRex-56064.jpeg;Leo_Peukert;M;88;337;163;262;
DergeheimnisvolleMisterXRalphArthurRobertsHermannThimigMadyRahlEugenRex-57216.jpeg;Hubert_von_Meyerinck;M;55;295;130;220;
DergeheimnisvolleMisterXRalphArthurRobertsHermannThimigMadyRahlEugenRex-57344.jpeg;Hans_Albers;M;55;320;130;245;
DergeheimnisvolleMisterXRalphArthurRobertsHermannThimigMadyRahlEugenRex-60160.jpeg;Maria_Landrock;F;84;309;127;266;
DergeheimnisvolleMisterXRalphArthurRobertsHermannThimigMadyRahlEugenRex-60288.jpeg;Hilde_Krahl;F;89;319;132;275;
DergeheimnisvolleMisterXRalphArthurRobertsHermannThimigMadyRahlEugenRex-60416.jpeg;Marieluise_Claudius;F;84;296;136;245;
DergeheimnisvolleMisterXRalphArthurRobertsHermannThimigMadyRahlEugenRex-60800.jpeg;Leo_Peukert;M;82;289;118;253;
DergeheimnisvolleMisterXRalphArthurRobertsHermannThimigMadyRahlEugenRex-60928.jpeg;Hubert_von_Meyerinck;M;74;265;110;229;
DergeheimnisvolleMisterXRalphArthurRobertsHermannThimigMadyRahlEugenRex-61184.jpeg;Hans_Unterkircher;M;60;333;103;290;
DergeheimnisvolleMisterXRalphArthurRobertsHermannThimigMadyRahlEugenRex-61824.jpeg;Ruth_Hellberg;F;110;339;239;210;
DergeheimnisvolleMisterXRalphArthurRobertsHermannThimigMadyRahlEugenRex-62208.jpeg;Friedrich_Maurer;M;60;275;103;232;
DergeheimnisvolleMisterXRalphArthurRobertsHermannThimigMadyRahlEugenRex-65664.jpeg;Willi_Kaiser_Heyl;M;225;384;288;322;
DergeheimnisvolleMisterXRalphArthurRobertsHermannThimigMadyRahlEugenRex-66048.jpeg;Hermann_Thimig;M;94;107;156;45;
DergeheimnisvolleMisterXRalphArthurRobertsHermannThimigMadyRahlEugenRex-6656.jpeg;Clementia_Egies;F;84;101;136;49;
DergeheimnisvolleMisterXRalphArthurRobertsHermannThimigMadyRahlEugenRex-71040.jpeg;Hans_Schwarz;M;70;117;113;74;
DergeheimnisvolleMisterXRalphArthurRobertsHermannThimigMadyRahlEugenRex-71168.jpeg;Hans_Unterkircher;M;89;103;132;59;
DergeheimnisvolleMisterXRalphArthurRobertsHermannThimigMadyRahlEugenRex-71424.jpeg;Leo_Peukert;M;70;132;113;88;
DergeheimnisvolleMisterXRalphArthurRobertsHermannThimigMadyRahlEugenRex-71552.jpeg;Leo_Peukert;M;89;266;132;223;
DergeheimnisvolleMisterXRalphArthurRobertsHermannThimigMadyRahlEugenRex-71552.jpeg;Georg_Vogelsang;M;74;122;118;79;
DergeheimnisvolleMisterXRalphArthurRobertsHermannThimigMadyRahlEugenRex-71680.jpeg;Albert_Lippert;M;79;127;122;84;
DergeheimnisvolleMisterXRalphArthurRobertsHermannThimigMadyRahlEugenRex-71808.jpeg;Leo_Peukert;M;79;127;122;84;
DergeheimnisvolleMisterXRalphArthurRobertsHermannThimigMadyRahlEugenRex-73344.jpeg;Reinhold_Bernt;M;84;199;127;156;
DergeheimnisvolleMisterXRalphArthurRobertsHermannThimigMadyRahlEugenRex-73984.jpeg;Hans_Unterkircher;M;74;223;118;180;
DergeheimnisvolleMisterXRalphArthurRobertsHermannThimigMadyRahlEugenRex-74240.jpeg;Dorit_Kreysler;F;79;328;122;285;
DergeheimnisvolleMisterXRalphArthurRobertsHermannThimigMadyRahlEugenRex-74496.jpeg;Hans_Junkermann;M;89;242;132;199;
DergeheimnisvolleMisterXRalphArthurRobertsHermannThimigMadyRahlEugenRex-74624.jpeg;Clementia_Egies;F;84;323;127;280;
DergeheimnisvolleMisterXRalphArthurRobertsHermannThimigMadyRahlEugenRex-74752.jpeg;Erich_Dunskus;M;67;164;118;112;
DergeheimnisvolleMisterXRalphArthurRobertsHermannThimigMadyRahlEugenRex-75392.jpeg;Edith_Oss;F;53;211;115;149;
DergeheimnisvolleMisterXRalphArthurRobertsHermannThimigMadyRahlEugenRex-75648.jpeg;Grethe_Weiser;F;46;218;108;156;
DergeheimnisvolleMisterXRalphArthurRobertsHermannThimigMadyRahlEugenRex-76544.jpeg;Fritz_Odemar;M;49;222;101;170;
DergeheimnisvolleMisterXRalphArthurRobertsHermannThimigMadyRahlEugenRex-76672.jpeg;Willy_Fritsch;M;53;259;115;197;
DergeheimnisvolleMisterXRalphArthurRobertsHermannThimigMadyRahlEugenRex-76800.jpeg;Hans_Schwarz;M;46;213;82;177;
DergeheimnisvolleMisterXRalphArthurRobertsHermannThimigMadyRahlEugenRex-79616.jpeg;Wolfgang_Liebeneiner;M;66;259;129;197;
DergeheimnisvolleMisterXRalphArthurRobertsHermannThimigMadyRahlEugenRex-79744.jpeg;Clementia_Egies;F;101;239;153;187;
DergeheimnisvolleMisterXRalphArthurRobertsHermannThimigMadyRahlEugenRex-80256.jpeg;Hans_Junkermann;M;63;254;138;179;
DergeheimnisvolleMisterXRalphArthurRobertsHermannThimigMadyRahlEugenRex-83456.jpeg;Hilde_von_Stolz;F;141;239;193;187;
DergeheimnisvolleMisterXRalphArthurRobertsHermannThimigMadyRahlEugenRex-83584.jpeg;Clementia_Egies;F;26;265;116;175;
DergeheimnisvolleMisterXRalphArthurRobertsHermannThimigMadyRahlEugenRex-84096.jpeg;Clementia_Egies;F;84;261;127;218;
DergeheimnisvolleMisterXRalphArthurRobertsHermannThimigMadyRahlEugenRex-85632.jpeg;Georg_Vogelsang;M;84;328;127;285;
DergeheimnisvolleMisterXRalphArthurRobertsHermannThimigMadyRahlEugenRex-8832.jpeg;Willi_Forst;M;76;225;166;135;
DergeheimnisvolleMisterXRalphArthurRobertsHermannThimigMadyRahlEugenRex-8832.jpeg;Max_Paulsen_Peter_Peterson;M;72;386;146;312;
DergeheimnisvolleMisterXRalphArthurRobertsHermannThimigMadyRahlEugenRex-89216.jpeg;Charlotte_Schellhorn;F;96;212;171;137;
DergeheimnisvolleMisterXRalphArthurRobertsHermannThimigMadyRahlEugenRex-91648.jpeg;Erika_von_Thellmann;F;32;170;94;107;
DergeheimnisvolleMisterXRalphArthurRobertsHermannThimigMadyRahlEugenRex-92288.jpeg;Walther_Jung;M;129;121;191;59;
DergeheimnisvolleMisterXRalphArthurRobertsHermannThimigMadyRahlEugenRex-9600.jpeg;Clementia_Egies;F;59;142;122;80;
DergroeSchattenHeinrichGeorge-100130.jpeg;Heinrich_George;M;30;373;184;218;
DergroeSchattenHeinrichGeorge-100380.jpeg;Heinrich_George;M;30;373;184;218;
DergroeSchattenHeinrichGeorge-100679.jpeg;Heinrich_George;M;81;253;236;98;
DergroeSchattenHeinrichGeorge-100679.jpeg;Will_Quadflieg;M;64;476;219;322;
DergroeSchattenHeinrichGeorge-101259.jpeg;Heidemarie_Hatheyer;F;93;390;316;167;
DergroeSchattenHeinrichGeorge-101453.jpeg;Heinrich_George;M;57;510;242;324;
DergroeSchattenHeinrichGeorge-101453.jpeg;Will_Quadflieg;M;64;270;219;115;
DergroeSchattenHeinrichGeorge-101857.jpeg;Heidemarie_Hatheyer;F;93;390;316;167;
DergroeSchattenHeinrichGeorge-102882.jpeg;Heidemarie_Hatheyer;F;116;201;270;46;
DergroeSchattenHeinrichGeorge-102882.jpeg;Will_Quadflieg;M;64;459;219;304;
DergroeSchattenHeinrichGeorge-103242.jpeg;Heidemarie_Hatheyer;F;98;356;253;201;
DergroeSchattenHeinrichGeorge-103368.jpeg;Will_Quadflieg;M;81;287;236;132;
DergroeSchattenHeinrichGeorge-103824.jpeg;Heidemarie_Hatheyer;F;139;239;268;110;
DergroeSchattenHeinrichGeorge-103983.jpeg;Heidemarie_Hatheyer;F;53;282;182;153;
DergroeSchattenHeinrichGeorge-10542.jpeg;Heidemarie_Hatheyer;F;217;315;440;92;
DergroeSchattenHeinrichGeorge-106405.jpeg;Marina_von_Ditmar;F;54;453;90;417;
DergroeSchattenHeinrichGeorge-10693.jpeg;Heidemarie_Hatheyer;F;171;319;439;52;
DergroeSchattenHeinrichGeorge-107474.jpeg;Will_Quadflieg;M;56;384;146;295;
DergroeSchattenHeinrichGeorge-110969.jpeg;Heinrich_George;M;76;424;166;335;
DergroeSchattenHeinrichGeorge-111009.jpeg;Heidemarie_Hatheyer;F;116;322;270;167;
DergroeSchattenHeinrichGeorge-111105.jpeg;Heinrich_George;M;57;386;242;201;
DergroeSchattenHeinrichGeorge-111153.jpeg;Heidemarie_Hatheyer;F;133;322;288;167;
DergroeSchattenHeinrichGeorge-111451.jpeg;Heinrich_George;M;64;373;219;218;
DergroeSchattenHeinrichGeorge-111604.jpeg;Heinrich_George;M;57;386;242;201;
DergroeSchattenHeinrichGeorge-111666.jpeg;Heidemarie_Hatheyer;F;98;287;253;132;
DergroeSchattenHeinrichGeorge-112788.jpeg;Marina_von_Ditmar;F;101;400;153;348;
DergroeSchattenHeinrichGeorge-113038.jpeg;Marina_von_Ditmar;F;101;460;163;398;
DergroeSchattenHeinrichGeorge-113795.jpeg;Marina_von_Ditmar;F;68;462;175;354;
DergroeSchattenHeinrichGeorge-11484.jpeg;Heinrich_George;M;128;426;235;318;
DergroeSchattenHeinrichGeorge-115079.jpeg;Heinrich_George;M;80;282;187;175;
DergroeSchattenHeinrichGeorge-115471.jpeg;Heinrich_George;M;118;414;341;191;
DergroeSchattenHeinrichGeorge-117424.jpeg;Will_Quadflieg;M;64;459;219;304;
DergroeSchattenHeinrichGeorge-117935.jpeg;Will_Quadflieg;M;30;494;184;339;
DergroeSchattenHeinrichGeorge-118041.jpeg;Heinrich_George;M;57;489;242;304;
DergroeSchattenHeinrichGeorge-119830.jpeg;Heinrich_George;M;53;282;182;153;
DergroeSchattenHeinrichGeorge-121350.jpeg;Marina_von_Ditmar;F;116;145;206;56;
DergroeSchattenHeinrichGeorge-121507.jpeg;Marina_von_Ditmar;F;142;365;365;142;
DergroeSchattenHeinrichGeorge-121612.jpeg;Heidemarie_Hatheyer;F;142;365;365;142;
DergroeSchattenHeinrichGeorge-121839.jpeg;Marina_von_Ditmar;F;142;365;365;142;
DergroeSchattenHeinrichGeorge-121869.jpeg;Heidemarie_Hatheyer;F;142;409;409;141;
DergroeSchattenHeinrichGeorge-121932.jpeg;Marina_von_Ditmar;F;142;489;365;266;
DergroeSchattenHeinrichGeorge-122081.jpeg;Marina_von_Ditmar;F;167;390;390;167;
DergroeSchattenHeinrichGeorge-122125.jpeg;Heidemarie_Hatheyer;F;112;349;379;82;
DergroeSchattenHeinrichGeorge-122262.jpeg;Heidemarie_Hatheyer;F;112;349;379;82;
DergroeSchattenHeinrichGeorge-122388.jpeg;Marina_von_Ditmar;F;142;390;365;167;
DergroeSchattenHeinrichGeorge-122580.jpeg;Marina_von_Ditmar;F;118;414;341;191;
DergroeSchattenHeinrichGeorge-122788.jpeg;Marina_von_Ditmar;F;142;414;365;191;
DergroeSchattenHeinrichGeorge-123034.jpeg;Marina_von_Ditmar;F;113;154;188;79;
DergroeSchattenHeinrichGeorge-124784.jpeg;Marina_von_Ditmar;F;47;395;121;320;
DergroeSchattenHeinrichGeorge-125030.jpeg;Marina_von_Ditmar;F;64;322;219;167;
DergroeSchattenHeinrichGeorge-138700.jpeg;Will_Quadflieg;M;98;390;253;236;
DergroeSchattenHeinrichGeorge-139571.jpeg;Will_Quadflieg;M;77;428;263;242;
DergroeSchattenHeinrichGeorge-140298.jpeg;Will_Quadflieg;M;81;339;236;184;
DergroeSchattenHeinrichGeorge-140795.jpeg;Will_Quadflieg;M;81;322;236;167;
DergroeSchattenHeinrichGeorge-141514.jpeg;Will_Quadflieg;M;96;296;225;167;
DergroeSchattenHeinrichGeorge-146872.jpeg;Heidemarie_Hatheyer;F;53;325;182;196;
DergroeSchattenHeinrichGeorge-147216.jpeg;Will_Quadflieg;M;118;365;341;142;
DergroeSchattenHeinrichGeorge-147286.jpeg;Will_Quadflieg;M;118;365;341;142;
DergroeSchattenHeinrichGeorge-147451.jpeg;Heidemarie_Hatheyer;F;118;390;341;167;
DergroeSchattenHeinrichGeorge-147567.jpeg;Will_Quadflieg;M;93;390;316;167;
DergroeSchattenHeinrichGeorge-150513.jpeg;Heidemarie_Hatheyer;F;118;365;341;142;
DergroeSchattenHeinrichGeorge-150597.jpeg;Will_Quadflieg;M;98;345;284;159;
DergroeSchattenHeinrichGeorge-150698.jpeg;Will_Quadflieg;M;98;366;284;180;
DergroeSchattenHeinrichGeorge-151118.jpeg;Will_Quadflieg;M;93;390;316;167;
DergroeSchattenHeinrichGeorge-151156.jpeg;Heidemarie_Hatheyer;F;93;365;316;142;
DergroeSchattenHeinrichGeorge-151413.jpeg;Will_Quadflieg;M;68;464;291;241;
DergroeSchattenHeinrichGeorge-151568.jpeg;Heidemarie_Hatheyer;F;93;365;316;142;
DergroeSchattenHeinrichGeorge-151683.jpeg;Heidemarie_Hatheyer;F;68;340;291;117;
DergroeSchattenHeinrichGeorge-151853.jpeg;Heidemarie_Hatheyer;F;68;315;291;92;
DergroeSchattenHeinrichGeorge-152537.jpeg;Will_Quadflieg;M;93;414;316;191;
DergroeSchattenHeinrichGeorge-153400.jpeg;Heinrich_George;M;52;438;320;171;
DergroeSchattenHeinrichGeorge-153650.jpeg;Heinrich_George;M;112;349;379;82;
DergroeSchattenHeinrichGeorge-158573.jpeg;Heinrich_George;M;81;390;236;236;
DergroeSchattenHeinrichGeorge-158639.jpeg;Will_Quadflieg;M;82;425;211;296;
DergroeSchattenHeinrichGeorge-158734.jpeg;Heinrich_George;M;81;425;236;270;
DergroeSchattenHeinrichGeorge-159031.jpeg;Heinrich_George;M;30;459;184;304;
DergroeSchattenHeinrichGeorge-159437.jpeg;Will_Quadflieg;M;81;442;236;287;
DergroeSchattenHeinrichGeorge-159832.jpeg;Will_Quadflieg;M;47;425;202;270;
DergroeSchattenHeinrichGeorge-161086.jpeg;Heinrich_George;M;30;408;184;253;
DergroeSchattenHeinrichGeorge-161336.jpeg;Heinrich_George;M;67;440;196;311;
DergroeSchattenHeinrichGeorge-16244.jpeg;Heidemarie_Hatheyer;F;235;414;343;306;
DergroeSchattenHeinrichGeorge-17062.jpeg;Heinrich_George;M;206;354;295;265;
DergroeSchattenHeinrichGeorge-21907.jpeg;Heidemarie_Hatheyer;F;122;232;184;170;
DergroeSchattenHeinrichGeorge-25871.jpeg;Heinrich_George;M;66;315;156;225;
DergroeSchattenHeinrichGeorge-26871.jpeg;Heinrich_George;M;80;146;155;71;
DergroeSchattenHeinrichGeorge-28834.jpeg;Heidemarie_Hatheyer;F;167;218;322;64;
DergroeSchattenHeinrichGeorge-30685.jpeg;Heinrich_George;M;118;414;341;191;
DergroeSchattenHeinrichGeorge-30935.jpeg;Heinrich_George;M;93;390;316;167;
DergroeSchattenHeinrichGeorge-39707.jpeg;Will_Quadflieg;M;98;390;253;236;
DergroeSchattenHeinrichGeorge-39827.jpeg;Marina_von_Ditmar;F;184;270;339;115;
DergroeSchattenHeinrichGeorge-40669.jpeg;Heinrich_George;M;77;221;263;35;
DergroeSchattenHeinrichGeorge-40737.jpeg;Marina_von_Ditmar;F;63;312;138;237;
DergroeSchattenHeinrichGeorge-4284.jpeg;Will_Quadflieg;M;56;330;163;223;
DergroeSchattenHeinrichGeorge-44184.jpeg;Heinrich_George;M;170;363;232;301;
DergroeSchattenHeinrichGeorge-47675.jpeg;Heidemarie_Hatheyer;F;68;390;175;282;
DergroeSchattenHeinrichGeorge-49044.jpeg;Marina_von_Ditmar;F;96;397;225;268;
DergroeSchattenHeinrichGeorge-49171.jpeg;Marina_von_Ditmar;F;116;322;270;167;
DergroeSchattenHeinrichGeorge-49303.jpeg;Marina_von_Ditmar;F;98;322;253;167;
DergroeSchattenHeinrichGeorge-49389.jpeg;Heidemarie_Hatheyer;F;96;282;225;153;
DergroeSchattenHeinrichGeorge-56214.jpeg;Heidemarie_Hatheyer;F;96;282;225;153;
DergroeSchattenHeinrichGeorge-56511.jpeg;Heinrich_George;M;64;322;219;167;
DergroeSchattenHeinrichGeorge-56617.jpeg;Heinrich_George;M;64;356;219;201;
DergroeSchattenHeinrichGeorge-56904.jpeg;Heidemarie_Hatheyer;F;128;294;235;187;
DergroeSchattenHeinrichGeorge-57119.jpeg;Heidemarie_Hatheyer;F;110;296;239;167;
DergroeSchattenHeinrichGeorge-57461.jpeg;Heinrich_George;M;81;304;236;150;
DergroeSchattenHeinrichGeorge-57784.jpeg;Heidemarie_Hatheyer;F;128;306;235;199;
DergroeSchattenHeinrichGeorge-58585.jpeg;Heinrich_George;M;47;390;202;236;
DergroeSchattenHeinrichGeorge-59085.jpeg;Heidemarie_Hatheyer;F;288;236;442;81;
DergroeSchattenHeinrichGeorge-59870.jpeg;Heinrich_George;M;93;489;316;266;
DergroeSchattenHeinrichGeorge-60120.jpeg;Heinrich_George;M;93;489;316;266;
DergroeSchattenHeinrichGeorge-60284.jpeg;Heidemarie_Hatheyer;F;202;304;356;150;
DergroeSchattenHeinrichGeorge-60371.jpeg;Heinrich_George;M;93;489;316;266;
DergroeSchattenHeinrichGeorge-61006.jpeg;Heidemarie_Hatheyer;F;156;155;245;66;
DergroeSchattenHeinrichGeorge-61006.jpeg;Heinrich_George;M;140;462;247;354;
DergroeSchattenHeinrichGeorge-62594.jpeg;Heinrich_George;M;67;440;196;311;
DergroeSchattenHeinrichGeorge-70018.jpeg;Heinrich_George;M;98;408;253;253;
DergroeSchattenHeinrichGeorge-70340.jpeg;Heinrich_George;M;93;365;316;142;
DergroeSchattenHeinrichGeorge-71429.jpeg;Heinrich_George;M;93;315;316;92;
DergroeSchattenHeinrichGeorge-73520.jpeg;Heinrich_George;M;56;282;163;175;
DergroeSchattenHeinrichGeorge-73755.jpeg;Heinrich_George;M;57;324;242;139;
DergroeSchattenHeinrichGeorge-73781.jpeg;Heinrich_George;M;36;324;222;139;
DergroeSchattenHeinrichGeorge-74657.jpeg;Heinrich_George;M;68;270;175;163;
DergroeSchattenHeinrichGeorge-75293.jpeg;Heinrich_George;M;76;205;166;116;
DergroeSchattenHeinrichGeorge-75525.jpeg;Heinrich_George;M;66;205;156;116;
DergroeSchattenHeinrichGeorge-75674.jpeg;Marina_von_Ditmar;F;92;414;199;306;
DergroeSchattenHeinrichGeorge-77190.jpeg;Heinrich_George;M;66;434;156;344;
DergroeSchattenHeinrichGeorge-77999.jpeg;Marina_von_Ditmar;F;182;153;311;24;
DergroeSchattenHeinrichGeorge-77999.jpeg;Heinrich_George;M;57;489;242;304;
DergroeSchattenHeinrichGeorge-79578.jpeg;Marina_von_Ditmar;F;139;386;325;201;
DergroeSchattenHeinrichGeorge-80908.jpeg;Will_Quadflieg;M;32;308;94;246;
DergroeSchattenHeinrichGeorge-81878.jpeg;Heinrich_George;M;68;426;175;318;
DergroeSchattenHeinrichGeorge-81946.jpeg;Marina_von_Ditmar;F;98;339;253;184;
DergroeSchattenHeinrichGeorge-82079.jpeg;Marina_von_Ditmar;F;77;366;263;180;
DergroeSchattenHeinrichGeorge-83888.jpeg;Heinrich_George;M;55;278;130;204;
DergroeSchattenHeinrichGeorge-84473.jpeg;Marina_von_Ditmar;F;66;305;156;215;
DergroeSchattenHeinrichGeorge-86878.jpeg;Heinrich_George;M;116;454;206;364;
DergroeSchattenHeinrichGeorge-88232.jpeg;Heinrich_George;M;96;282;225;153;
DergroeSchattenHeinrichGeorge-88482.jpeg;Heinrich_George;M;92;282;199;175;
DergroeSchattenHeinrichGeorge-89960.jpeg;Heidemarie_Hatheyer;F;166;444;255;354;
DergroeSchattenHeinrichGeorge-90397.jpeg;Heinrich_George;M;96;225;225;96;
DergroeSchattenHeinrichGeorge-91424.jpeg;Will_Quadflieg;M;136;514;226;424;
DergroeSchattenHeinrichGeorge-96304.jpeg;Heinrich_George;M;152;593;259;485;
DergroeSchattenHeinrichGeorge-96554.jpeg;Heinrich_George;M;254;328;329;254;
DergroeSchattenHeinrichGeorge-96799.jpeg;Heinrich_George;M;216;295;305;205;
DergroeSchattenHeinrichGeorge-97385.jpeg;Heidemarie_Hatheyer;F;118;439;341;216;
DergroeSchattenHeinrichGeorge-97721.jpeg;Heinrich_George;M;68;235;175;127;
DergroeSchattenHeinrichGeorge-97812.jpeg;Heidemarie_Hatheyer;F;93;315;316;92;
DergroeSchattenHeinrichGeorge-98899.jpeg;Heinrich_George;M;47;322;202;167;
DergroeSchattenHeinrichGeorge-99149.jpeg;Heinrich_George;M;47;339;202;184;
DergroeSchattenHeinrichGeorge-99378.jpeg;Will_Quadflieg;M;98;390;253;236;
DergroeSchattenHeinrichGeorge-99454.jpeg;Heinrich_George;M;67;311;196;182;
DergroeSchattenHeinrichGeorge-99518.jpeg;Will_Quadflieg;M;77;407;263;221;
DergroeSchattenHeinrichGeorge-99953.jpeg;Heinrich_George;M;47;339;202;184;
DerMannderSherlockHolmeswar-100666.jpeg;Hans_Albers;M;118;397;154;361;
DerMannderSherlockHolmeswar-102230.jpeg;Hans_Albers;M;101;570;163;508;
DerMannderSherlockHolmeswar-103427.jpeg;Hansi_Knoteck;F;149;266;211;204;
DerMannderSherlockHolmeswar-103558.jpeg;Hansi_Knoteck;F;156;259;218;197;
DerMannderSherlockHolmeswar-104042.jpeg;Marieluise_Claudius;F;86;315;176;225;
DerMannderSherlockHolmeswar-105087.jpeg;Hans_Albers;M;66;308;129;246;
DerMannderSherlockHolmeswar-106087.jpeg;Hans_Albers;M;46;444;136;354;
DerMannderSherlockHolmeswar-106962.jpeg;Hansi_Knoteck;F;80;461;155;386;
DerMannderSherlockHolmeswar-107422.jpeg;Hans_Albers;M;96;554;186;464;
DerMannderSherlockHolmeswar-107483.jpeg;Marieluise_Claudius;F;96;162;171;88;
DerMannderSherlockHolmeswar-107483.jpeg;Hansi_Knoteck;F;116;424;206;335;
DerMannderSherlockHolmeswar-107545.jpeg;Hans_Albers;M;106;504;196;414;
DerMannderSherlockHolmeswar-107589.jpeg;Marieluise_Claudius;F;96;175;186;86;
DerMannderSherlockHolmeswar-107589.jpeg;Hansi_Knoteck;F;96;464;186;374;
DerMannderSherlockHolmeswar-107981.jpeg;Hansi_Knoteck;F;136;404;226;315;
DerMannderSherlockHolmeswar-108227.jpeg;Hans_Albers;M;126;554;216;464;
DerMannderSherlockHolmeswar-108477.jpeg;Hans_Albers;M;125;483;254;354;
DerMannderSherlockHolmeswar-108896.jpeg;Marieluise_Claudius;F;56;195;146;106;
DerMannderSherlockHolmeswar-109148.jpeg;Marieluise_Claudius;F;76;205;166;116;
DerMannderSherlockHolmeswar-109148.jpeg;Hansi_Knoteck;F;128;462;235;354;
DerMannderSherlockHolmeswar-109219.jpeg;Hans_Albers;M;96;354;225;225;
DerMannderSherlockHolmeswar-110354.jpeg;Hansi_Knoteck;F;151;170;194;127;
DerMannderSherlockHolmeswar-110854.jpeg;Hansi_Knoteck;F;86;401;122;365;
DerMannderSherlockHolmeswar-110889.jpeg;Hans_Albers;M;68;485;175;378;
DerMannderSherlockHolmeswar-111139.jpeg;Hans_Albers;M;68;497;175;390;
DerMannderSherlockHolmeswar-111203.jpeg;Marieluise_Claudius;F;146;374;236;285;
DerMannderSherlockHolmeswar-112828.jpeg;Hansi_Knoteck;F;128;402;235;294;
DerMannderSherlockHolmeswar-113910.jpeg;Hans_Albers;M;104;175;211;67;
DerMannderSherlockHolmeswar-114332.jpeg;Hansi_Knoteck;F;66;411;129;349;
DerMannderSherlockHolmeswar-114332.jpeg;Hilde_Weissner;F;59;252;122;190;
DerMannderSherlockHolmeswar-114417.jpeg;Hans_Albers;M;116;151;223;44;
DerMannderSherlockHolmeswar-114667.jpeg;Hans_Albers;M;153;210;282;81;
DerMannderSherlockHolmeswar-114692.jpeg;Hansi_Knoteck;F;82;569;211;440;
DerMannderSherlockHolmeswar-114692.jpeg;Marieluise_Claudius;F;110;239;239;110;
DerMannderSherlockHolmeswar-114958.jpeg;Hansi_Knoteck;F;67;511;196;382;
DerMannderSherlockHolmeswar-114958.jpeg;Marieluise_Claudius;F;96;225;225;96;
DerMannderSherlockHolmeswar-115015.jpeg;Hans_Albers;M;152;187;259;79;
DerMannderSherlockHolmeswar-115064.jpeg;Hansi_Knoteck;F;96;497;225;368;
DerMannderSherlockHolmeswar-115113.jpeg;Hans_Albers;M;139;182;268;53;
DerMannderSherlockHolmeswar-115273.jpeg;Hans_Albers;M;139;196;268;67;
DerMannderSherlockHolmeswar-117189.jpeg;Hansi_Knoteck;F;106;225;196;135;
DerMannderSherlockHolmeswar-117536.jpeg;Hans_Albers;M;121;395;196;320;
DerMannderSherlockHolmeswar-118813.jpeg;Hans_Albers;M;94;328;156;266;
DerMannderSherlockHolmeswar-119220.jpeg;Hans_Albers;M;150;339;305;184;
DerMannderSherlockHolmeswar-120320.jpeg;Hans_Albers;M;170;261;206;225;
DerMannderSherlockHolmeswar-124641.jpeg;Hilde_Weissner;F;53;197;115;135;
DerMannderSherlockHolmeswar-124698.jpeg;Hans_Albers;M;87;218;149;156;
DerMannderSherlockHolmeswar-124885.jpeg;Hilde_Weissner;F;61;199;113;147;
DerMannderSherlockHolmeswar-128447.jpeg;Hans_Albers;M;113;262;188;187;
DerMannderSherlockHolmeswar-133891.jpeg;Hans_Albers;M;68;270;175;163;
DerMannderSherlockHolmeswar-133965.jpeg;Hans_Albers;M;126;295;216;205;
DerMannderSherlockHolmeswar-137133.jpeg;Hansi_Knoteck;F;101;121;163;59;
DerMannderSherlockHolmeswar-140989.jpeg;Hans_Albers;M;110;354;239;225;
DerMannderSherlockHolmeswar-142527.jpeg;Hans_Albers;M;46;225;136;135;
DerMannderSherlockHolmeswar-142769.jpeg;Hans_Albers;M;63;237;138;162;
DerMannderSherlockHolmeswar-144119.jpeg;Hans_Albers;M;88;212;163;137;
DerMannderSherlockHolmeswar-145670.jpeg;Hans_Albers;M;47;353;121;278;
DerMannderSherlockHolmeswar-145731.jpeg;Hans_Albers;M;66;246;129;183;
DerMannderSherlockHolmeswar-146618.jpeg;Hans_Albers;M;55;278;130;204;
DerMannderSherlockHolmeswar-147091.jpeg;Hans_Albers;M;204;328;247;285;
DerMannderSherlockHolmeswar-147346.jpeg;Hans_Albers;M;211;279;262;227;
DerMannderSherlockHolmeswar-150141.jpeg;Hans_Albers;M;86;374;176;285;
DerMannderSherlockHolmeswar-150224.jpeg;Hans_Albers;M;56;394;146;305;
DerMannderSherlockHolmeswar-150604.jpeg;Hans_Albers;M;82;325;211;196;
DerMannderSherlockHolmeswar-150921.jpeg;Siegfried_Breuer;M;50;137;86;101;
DerMannderSherlockHolmeswar-151405.jpeg;Hans_Albers;M;36;165;126;76;
DerMannderSherlockHolmeswar-151781.jpeg;Siegfried_Breuer;M;257;323;300;280;
DerMannderSherlockHolmeswar-15261.jpeg;Hans_Albers;M;36;524;126;434;
DerMannderSherlockHolmeswar-152931.jpeg;Hans_Albers;M;146;275;190;232;
DerMannderSherlockHolmeswar-153681.jpeg;Hans_Albers;M;68;318;175;211;
DerMannderSherlockHolmeswar-153917.jpeg;Hans_Albers;M;96;354;225;225;
DerMannderSherlockHolmeswar-154167.jpeg;Hans_Albers;M;47;304;202;150;
DerMannderSherlockHolmeswar-154687.jpeg;Hans_Albers;M;94;218;156;156;
DerMannderSherlockHolmeswar-155828.jpeg;Siegfried_Breuer;M;141;596;193;544;
DerMannderSherlockHolmeswar-157086.jpeg;Hans_Albers;M;18;225;80;163;
DerMannderSherlockHolmeswar-157540.jpeg;Marieluise_Claudius;F;56;424;146;335;
DerMannderSherlockHolmeswar-158106.jpeg;Hans_Albers;M;98;428;284;242;
DerMannderSherlockHolmeswar-158198.jpeg;Hansi_Knoteck;F;92;485;199;378;
DerMannderSherlockHolmeswar-158198.jpeg;Marieluise_Claudius;F;110;210;239;81;
DerMannderSherlockHolmeswar-158247.jpeg;Hans_Albers;M;98;366;284;180;
DerMannderSherlockHolmeswar-158559.jpeg;Hansi_Knoteck;F;139;425;268;296;
DerMannderSherlockHolmeswar-16936.jpeg;Hansi_Knoteck;F;86;344;176;255;
DerMannderSherlockHolmeswar-17051.jpeg;Hansi_Knoteck;F;116;354;206;265;
DerMannderSherlockHolmeswar-17172.jpeg;Hansi_Knoteck;F;67;511;196;382;
DerMannderSherlockHolmeswar-17350.jpeg;Hansi_Knoteck;F;96;382;225;253;
DerMannderSherlockHolmeswar-17413.jpeg;Marieluise_Claudius;F;96;425;225;296;
DerMannderSherlockHolmeswar-17989.jpeg;Marieluise_Claudius;F;112;438;379;171;
DerMannderSherlockHolmeswar-18875.jpeg;Marieluise_Claudius;F;106;315;196;225;
DerMannderSherlockHolmeswar-19608.jpeg;Hansi_Knoteck;F;106;205;196;116;
DerMannderSherlockHolmeswar-19608.jpeg;Marieluise_Claudius;F;104;450;211;342;
DerMannderSherlockHolmeswar-19827.jpeg;Hansi_Knoteck;F;116;285;206;195;
DerMannderSherlockHolmeswar-20035.jpeg;Hansi_Knoteck;F;106;265;196;175;
DerMannderSherlockHolmeswar-20035.jpeg;Marieluise_Claudius;F;110;382;239;253;
DerMannderSherlockHolmeswar-20125.jpeg;Marieluise_Claudius;F;96;425;225;296;
DerMannderSherlockHolmeswar-20125.jpeg;Hansi_Knoteck;F;116;275;206;185;
DerMannderSherlockHolmeswar-20303.jpeg;Hansi_Knoteck;F;167;442;322;287;
DerMannderSherlockHolmeswar-21220.jpeg;Marieluise_Claudius;F;133;511;288;356;
DerMannderSherlockHolmeswar-21220.jpeg;Hansi_Knoteck;F;64;236;219;81;
DerMannderSherlockHolmeswar-21525.jpeg;Marieluise_Claudius;F;150;528;305;373;
DerMannderSherlockHolmeswar-21525.jpeg;Hansi_Knoteck;F;98;218;253;64;
DerMannderSherlockHolmeswar-21860.jpeg;Marieluise_Claudius;F;150;562;305;408;
DerMannderSherlockHolmeswar-21860.jpeg;Hansi_Knoteck;F;98;253;253;98;
DerMannderSherlockHolmeswar-21953.jpeg;Marieluise_Claudius;F;121;552;196;478;
DerMannderSherlockHolmeswar-22203.jpeg;Hans_Albers;M;22;312;96;237;
DerMannderSherlockHolmeswar-23136.jpeg;Marieluise_Claudius;F;116;528;270;373;
DerMannderSherlockHolmeswar-23136.jpeg;Hansi_Knoteck;F;184;253;339;98;
DerMannderSherlockHolmeswar-23188.jpeg;Hans_Albers;M;116;339;270;184;
DerMannderSherlockHolmeswar-23242.jpeg;Marieluise_Claudius;F;125;497;254;368;
DerMannderSherlockHolmeswar-23242.jpeg;Hansi_Knoteck;F;167;253;322;98;
DerMannderSherlockHolmeswar-23379.jpeg;Marieluise_Claudius;F;125;497;254;368;
DerMannderSherlockHolmeswar-23379.jpeg;Hansi_Knoteck;F;167;236;322;81;
DerMannderSherlockHolmeswar-23458.jpeg;Hansi_Knoteck;F;202;253;356;98;
DerMannderSherlockHolmeswar-23917.jpeg;Hansi_Knoteck;F;139;345;325;159;
DerMannderSherlockHolmeswar-24309.jpeg;Hans_Albers;M;56;450;163;342;
DerMannderSherlockHolmeswar-24493.jpeg;Hansi_Knoteck;F;201;262;387;77;
DerMannderSherlockHolmeswar-24493.jpeg;Marieluise_Claudius;F;118;538;341;315;
DerMannderSherlockHolmeswar-24625.jpeg;Hans_Albers;M;68;438;175;330;
DerMannderSherlockHolmeswar-25738.jpeg;Hans_Albers;M;95;296;147;245;
DerMannderSherlockHolmeswar-30722.jpeg;Hans_Albers;M;92;270;199;163;
DerMannderSherlockHolmeswar-30944.jpeg;Hans_Albers;M;118;489;341;266;
DerMannderSherlockHolmeswar-30987.jpeg;Hilde_Weissner;F;98;373;253;218;
DerMannderSherlockHolmeswar-31055.jpeg;Hans_Albers;M;68;282;175;175;
DerMannderSherlockHolmeswar-31643.jpeg;Hans_Albers;M;104;390;211;282;
DerMannderSherlockHolmeswar-32795.jpeg;Marieluise_Claudius;F;114;297;150;261;
DerMannderSherlockHolmeswar-42228.jpeg;Hans_Albers;M;55;536;130;461;
DerMannderSherlockHolmeswar-42728.jpeg;Hans_Albers;M;63;395;138;320;
DerMannderSherlockHolmeswar-51411.jpeg;Hans_Albers;M;176;424;265;335;
DerMannderSherlockHolmeswar-51661.jpeg;Hans_Albers;M;175;402;283;294;
DerMannderSherlockHolmeswar-52389.jpeg;Hans_Albers;M;116;270;270;115;
DerMannderSherlockHolmeswar-52453.jpeg;Hans_Albers;M;116;270;270;115;
DerMannderSherlockHolmeswar-52710.jpeg;Hans_Albers;M;98;270;253;115;
DerMannderSherlockHolmeswar-52824.jpeg;Hans_Albers;M;125;268;254;139;
DerMannderSherlockHolmeswar-52931.jpeg;Hans_Albers;M;98;270;253;115;
DerMannderSherlockHolmeswar-54119.jpeg;Hans_Albers;M;46;381;89;338;
DerMannderSherlockHolmeswar-54657.jpeg;Hans_Albers;M;44;462;152;354;
DerMannderSherlockHolmeswar-54829.jpeg;Hans_Albers;M;59;605;122;543;
DerMannderSherlockHolmeswar-56170.jpeg;Hans_Albers;M;170;218;232;156;
DerMannderSherlockHolmeswar-56403.jpeg;Hans_Albers;M;184;170;246;107;
DerMannderSherlockHolmeswar-56844.jpeg;Hans_Albers;M;222;141;274;89;
DerMannderSherlockHolmeswar-59005.jpeg;Hans_Albers;M;213;519;287;444;
DerMannderSherlockHolmeswar-59873.jpeg;Hans_Albers;M;63;328;138;254;
DerMannderSherlockHolmeswar-60123.jpeg;Hans_Albers;M;56;344;146;255;
DerMannderSherlockHolmeswar-60318.jpeg;Hans_Albers;M;72;312;146;237;
DerMannderSherlockHolmeswar-60455.jpeg;Hans_Albers;M;80;287;155;212;
DerMannderSherlockHolmeswar-60955.jpeg;Hans_Albers;M;88;212;163;137;
DerMannderSherlockHolmeswar-61936.jpeg;Hans_Albers;M;125;325;254;196;
DerMannderSherlockHolmeswar-63505.jpeg;Hans_Albers;M;104;270;211;163;
DerMannderSherlockHolmeswar-63669.jpeg;Hans_Albers;M;96;265;186;175;
DerMannderSherlockHolmeswar-64543.jpeg;Hans_Albers;M;92;270;199;163;
DerMannderSherlockHolmeswar-64750.jpeg;Hans_Albers;M;92;318;199;211;
DerMannderSherlockHolmeswar-65469.jpeg;Hilde_Weissner;F;66;266;129;204;
DerMannderSherlockHolmeswar-65518.jpeg;Hans_Albers;M;66;301;129;239;
DerMannderSherlockHolmeswar-65640.jpeg;Hilde_Weissner;F;66;344;156;255;
DerMannderSherlockHolmeswar-65800.jpeg;Hilde_Weissner;F;92;306;199;199;
DerMannderSherlockHolmeswar-66632.jpeg;Hans_Albers;M;32;330;140;223;
DerMannderSherlockHolmeswar-66871.jpeg;Hans_Albers;M;66;255;156;165;
DerMannderSherlockHolmeswar-67006.jpeg;Hans_Albers;M;76;275;166;185;
DerMannderSherlockHolmeswar-67540.jpeg;Hans_Albers;M;66;285;156;195;
DerMannderSherlockHolmeswar-67622.jpeg;Hilde_Weissner;F;96;364;186;275;
DerMannderSherlockHolmeswar-67727.jpeg;Hans_Albers;M;68;282;175;175;
DerMannderSherlockHolmeswar-68014.jpeg;Hans_Albers;M;96;282;225;153;
DerMannderSherlockHolmeswar-68074.jpeg;Hilde_Weissner;F;116;426;223;318;
DerMannderSherlockHolmeswar-68365.jpeg;Hans_Albers;M;96;268;225;139;
DerMannderSherlockHolmeswar-68420.jpeg;Hilde_Weissner;F;116;426;223;318;
DerMannderSherlockHolmeswar-68649.jpeg;Hans_Albers;M;44;366;152;259;
DerMannderSherlockHolmeswar-70035.jpeg;Hans_Albers;M;86;275;176;185;
DerMannderSherlockHolmeswar-70285.jpeg;Hans_Albers;M;86;524;176;434;
DerMannderSherlockHolmeswar-70375.jpeg;Hilde_Weissner;F;92;366;199;259;
DerMannderSherlockHolmeswar-70615.jpeg;Hans_Albers;M;68;462;175;354;
DerMannderSherlockHolmeswar-70839.jpeg;Hilde_Weissner;F;106;364;196;275;
DerMannderSherlockHolmeswar-71091.jpeg;Hilde_Weissner;F;92;378;199;270;
DerMannderSherlockHolmeswar-71203.jpeg;Hans_Albers;M;80;390;187;282;
DerMannderSherlockHolmeswar-71335.jpeg;Hilde_Weissner;F;92;354;199;247;
DerMannderSherlockHolmeswar-71423.jpeg;Hans_Albers;M;80;402;187;294;
DerMannderSherlockHolmeswar-71585.jpeg;Hans_Albers;M;32;426;140;318;
DerMannderSherlockHolmeswar-71620.jpeg;Hilde_Weissner;F;106;354;196;265;
DerMannderSherlockHolmeswar-73223.jpeg;Marieluise_Claudius;F;118;302;170;250;
DerMannderSherlockHolmeswar-73473.jpeg;Hansi_Knoteck;F;96;237;171;162;
DerMannderSherlockHolmeswar-74490.jpeg;Marieluise_Claudius;F;130;285;182;233;
DerMannderSherlockHolmeswar-77471.jpeg;Marieluise_Claudius;F;182;449;218;413;
DerMannderSherlockHolmeswar-77721.jpeg;Hansi_Knoteck;F;214;482;257;439;
DerMannderSherlockHolmeswar-82210.jpeg;Hansi_Knoteck;F;229;403;304;328;
DerMannderSherlockHolmeswar-86681.jpeg;Hans_Albers;M;56;255;146;165;
DerMannderSherlockHolmeswar-9941.jpeg;Hansi_Knoteck;F;108;515;170;453;
DerMaulkorbRalphArthurRobertsPaulHenckelsHildeWeissnerTheodorLoos-102303.jpeg;Ralph_Arthur_Roberts;M;279;511;354;436;
DerMaulkorbRalphArthurRobertsPaulHenckelsHildeWeissnerTheodorLoos-102553.jpeg;Ralph_Arthur_Roberts;M;96;540;225;411;
DerMaulkorbRalphArthurRobertsPaulHenckelsHildeWeissnerTheodorLoos-102553.jpeg;Charlotte_Schellhorn;F;96;268;225;139;
DerMaulkorbRalphArthurRobertsPaulHenckelsHildeWeissnerTheodorLoos-102843.jpeg;Hilde_Weissner;F;150;339;305;184;
DerMaulkorbRalphArthurRobertsPaulHenckelsHildeWeissnerTheodorLoos-102911.jpeg;Ralph_Arthur_Roberts;M;133;442;288;287;
DerMaulkorbRalphArthurRobertsPaulHenckelsHildeWeissnerTheodorLoos-103161.jpeg;Ralph_Arthur_Roberts;M;133;390;288;236;
DerMaulkorbRalphArthurRobertsPaulHenckelsHildeWeissnerTheodorLoos-103411.jpeg;Ralph_Arthur_Roberts;M;133;390;288;236;
DerMaulkorbRalphArthurRobertsPaulHenckelsHildeWeissnerTheodorLoos-103531.jpeg;Ralph_Arthur_Roberts;M;124;360;176;308;
DerMaulkorbRalphArthurRobertsPaulHenckelsHildeWeissnerTheodorLoos-105320.jpeg;Ralph_Arthur_Roberts;M;66;185;156;96;
DerMaulkorbRalphArthurRobertsPaulHenckelsHildeWeissnerTheodorLoos-10692.jpeg;Ralph_Arthur_Roberts;M;57;510;242;324;
DerMaulkorbRalphArthurRobertsPaulHenckelsHildeWeissnerTheodorLoos-108869.jpeg;Will_Quadflieg;M;63;395;138;320;
DerMaulkorbRalphArthurRobertsPaulHenckelsHildeWeissnerTheodorLoos-111979.jpeg;Will_Quadflieg;M;50;223;94;180;
DerMaulkorbRalphArthurRobertsPaulHenckelsHildeWeissnerTheodorLoos-117787.jpeg;Ralph_Arthur_Roberts;M;32;378;140;270;
DerMaulkorbRalphArthurRobertsPaulHenckelsHildeWeissnerTheodorLoos-117955.jpeg;Ralph_Arthur_Roberts;M;47;390;202;236;
DerMaulkorbRalphArthurRobertsPaulHenckelsHildeWeissnerTheodorLoos-118365.jpeg;Ralph_Arthur_Roberts;M;81;390;236;236;
DerMaulkorbRalphArthurRobertsPaulHenckelsHildeWeissnerTheodorLoos-120567.jpeg;Ralph_Arthur_Roberts;M;106;305;196;215;
DerMaulkorbRalphArthurRobertsPaulHenckelsHildeWeissnerTheodorLoos-123367.jpeg;Charlotte_Schellhorn;F;153;366;205;314;
DerMaulkorbRalphArthurRobertsPaulHenckelsHildeWeissnerTheodorLoos-123945.jpeg;Will_Quadflieg;M;53;494;115;432;
DerMaulkorbRalphArthurRobertsPaulHenckelsHildeWeissnerTheodorLoos-124041.jpeg;Ralph_Arthur_Roberts;M;67;354;196;225;
DerMaulkorbRalphArthurRobertsPaulHenckelsHildeWeissnerTheodorLoos-124091.jpeg;Will_Quadflieg;M;63;386;138;312;
DerMaulkorbRalphArthurRobertsPaulHenckelsHildeWeissnerTheodorLoos-124183.jpeg;Will_Quadflieg;M;80;330;187;223;
DerMaulkorbRalphArthurRobertsPaulHenckelsHildeWeissnerTheodorLoos-125277.jpeg;Will_Quadflieg;M;63;444;138;370;
DerMaulkorbRalphArthurRobertsPaulHenckelsHildeWeissnerTheodorLoos-125777.jpeg;Will_Quadflieg;M;47;403;121;328;
DerMaulkorbRalphArthurRobertsPaulHenckelsHildeWeissnerTheodorLoos-125887.jpeg;Will_Quadflieg;M;53;397;182;268;
DerMaulkorbRalphArthurRobertsPaulHenckelsHildeWeissnerTheodorLoos-126831.jpeg;Will_Quadflieg;M;68;270;175;163;
DerMaulkorbRalphArthurRobertsPaulHenckelsHildeWeissnerTheodorLoos-127982.jpeg;Will_Quadflieg;M;116;305;206;215;
DerMaulkorbRalphArthurRobertsPaulHenckelsHildeWeissnerTheodorLoos-129470.jpeg;Charlotte_Schellhorn;F;142;453;205;391;
DerMaulkorbRalphArthurRobertsPaulHenckelsHildeWeissnerTheodorLoos-134748.jpeg;Hilde_Weissner;F;67;250;118;199;
DerMaulkorbRalphArthurRobertsPaulHenckelsHildeWeissnerTheodorLoos-135342.jpeg;Hilde_Weissner;F;56;235;146;145;
DerMaulkorbRalphArthurRobertsPaulHenckelsHildeWeissnerTheodorLoos-136386.jpeg;Ralph_Arthur_Roberts;M;82;540;211;411;
DerMaulkorbRalphArthurRobertsPaulHenckelsHildeWeissnerTheodorLoos-18100.jpeg;Charlotte_Schellhorn;F;125;440;254;311;
DerMaulkorbRalphArthurRobertsPaulHenckelsHildeWeissnerTheodorLoos-34045.jpeg;Charlotte_Schellhorn;F;113;189;156;146;
DerMaulkorbRalphArthurRobertsPaulHenckelsHildeWeissnerTheodorLoos-35675.jpeg;Ralph_Arthur_Roberts;M;72;328;146;254;
DerMaulkorbRalphArthurRobertsPaulHenckelsHildeWeissnerTheodorLoos-35914.jpeg;Hilde_Weissner;F;68;402;175;294;
DerMaulkorbRalphArthurRobertsPaulHenckelsHildeWeissnerTheodorLoos-37078.jpeg;Ralph_Arthur_Roberts;M;72;245;146;171;
DerMaulkorbRalphArthurRobertsPaulHenckelsHildeWeissnerTheodorLoos-37872.jpeg;Will_Quadflieg;M;72;560;146;486;
DerMaulkorbRalphArthurRobertsPaulHenckelsHildeWeissnerTheodorLoos-46841.jpeg;Will_Quadflieg;M;155;270;229;196;
DerMaulkorbRalphArthurRobertsPaulHenckelsHildeWeissnerTheodorLoos-47231.jpeg;Will_Quadflieg;M;80;474;142;411;
DerMaulkorbRalphArthurRobertsPaulHenckelsHildeWeissnerTheodorLoos-48731.jpeg;Will_Quadflieg;M;105;478;179;403;
DerMaulkorbRalphArthurRobertsPaulHenckelsHildeWeissnerTheodorLoos-48981.jpeg;Will_Quadflieg;M;113;502;188;428;
DerMaulkorbRalphArthurRobertsPaulHenckelsHildeWeissnerTheodorLoos-49231.jpeg;Will_Quadflieg;M;108;487;170;425;
DerMaulkorbRalphArthurRobertsPaulHenckelsHildeWeissnerTheodorLoos-49481.jpeg;Will_Quadflieg;M;96;478;171;403;
DerMaulkorbRalphArthurRobertsPaulHenckelsHildeWeissnerTheodorLoos-51624.jpeg;Will_Quadflieg;M;80;414;187;306;
DerMaulkorbRalphArthurRobertsPaulHenckelsHildeWeissnerTheodorLoos-52643.jpeg;Will_Quadflieg;M;116;373;270;218;
DerMaulkorbRalphArthurRobertsPaulHenckelsHildeWeissnerTheodorLoos-53238.jpeg;Ralph_Arthur_Roberts;M;30;187;105;113;
DerMaulkorbRalphArthurRobertsPaulHenckelsHildeWeissnerTheodorLoos-53572.jpeg;Will_Quadflieg;M;116;414;223;306;
DerMaulkorbRalphArthurRobertsPaulHenckelsHildeWeissnerTheodorLoos-53822.jpeg;Will_Quadflieg;M;125;368;254;239;
DerMaulkorbRalphArthurRobertsPaulHenckelsHildeWeissnerTheodorLoos-53944.jpeg;Will_Quadflieg;M;232;481;294;418;
DerMaulkorbRalphArthurRobertsPaulHenckelsHildeWeissnerTheodorLoos-55247.jpeg;Will_Quadflieg;M;44;402;152;294;
DerMaulkorbRalphArthurRobertsPaulHenckelsHildeWeissnerTheodorLoos-56273.jpeg;Will_Quadflieg;M;118;469;304;283;
DerMaulkorbRalphArthurRobertsPaulHenckelsHildeWeissnerTheodorLoos-56552.jpeg;Will_Quadflieg;M;30;545;184;390;
DerMaulkorbRalphArthurRobertsPaulHenckelsHildeWeissnerTheodorLoos-56802.jpeg;Will_Quadflieg;M;53;497;182;368;
DerMaulkorbRalphArthurRobertsPaulHenckelsHildeWeissnerTheodorLoos-57396.jpeg;Will_Quadflieg;M;49;458;101;406;
DerMaulkorbRalphArthurRobertsPaulHenckelsHildeWeissnerTheodorLoos-57646.jpeg;Will_Quadflieg;M;56;485;163;378;
DerMaulkorbRalphArthurRobertsPaulHenckelsHildeWeissnerTheodorLoos-57896.jpeg;Will_Quadflieg;M;56;485;163;378;
DerMaulkorbRalphArthurRobertsPaulHenckelsHildeWeissnerTheodorLoos-58146.jpeg;Will_Quadflieg;M;92;354;199;247;
DerMaulkorbRalphArthurRobertsPaulHenckelsHildeWeissnerTheodorLoos-5871.jpeg;Ralph_Arthur_Roberts;M;110;339;239;210;
DerMaulkorbRalphArthurRobertsPaulHenckelsHildeWeissnerTheodorLoos-58981.jpeg;Will_Quadflieg;M;56;270;163;163;
DerMaulkorbRalphArthurRobertsPaulHenckelsHildeWeissnerTheodorLoos-58981.jpeg;Charlotte_Schellhorn;F;166;514;255;424;
DerMaulkorbRalphArthurRobertsPaulHenckelsHildeWeissnerTheodorLoos-64274.jpeg;Charlotte_Schellhorn;F;154;373;190;337;
DerMaulkorbRalphArthurRobertsPaulHenckelsHildeWeissnerTheodorLoos-67186.jpeg;Will_Quadflieg;M;96;468;225;339;
DerMaulkorbRalphArthurRobertsPaulHenckelsHildeWeissnerTheodorLoos-67979.jpeg;Will_Quadflieg;M;88;212;163;137;
DerMaulkorbRalphArthurRobertsPaulHenckelsHildeWeissnerTheodorLoos-68352.jpeg;Will_Quadflieg;M;76;275;166;185;
DerMaulkorbRalphArthurRobertsPaulHenckelsHildeWeissnerTheodorLoos-69161.jpeg;Hilde_Weissner;F;80;282;187;175;
DerMaulkorbRalphArthurRobertsPaulHenckelsHildeWeissnerTheodorLoos-69411.jpeg;Hilde_Weissner;F;80;282;187;175;
DerMaulkorbRalphArthurRobertsPaulHenckelsHildeWeissnerTheodorLoos-69765.jpeg;Hilde_Weissner;F;80;306;187;199;
DerMaulkorbRalphArthurRobertsPaulHenckelsHildeWeissnerTheodorLoos-70015.jpeg;Hilde_Weissner;F;104;282;211;175;
DerMaulkorbRalphArthurRobertsPaulHenckelsHildeWeissnerTheodorLoos-70734.jpeg;Theodor_Loos;M;36;407;222;221;
DerMaulkorbRalphArthurRobertsPaulHenckelsHildeWeissnerTheodorLoos-70871.jpeg;Theodor_Loos;M;36;407;222;221;
DerMaulkorbRalphArthurRobertsPaulHenckelsHildeWeissnerTheodorLoos-71719.jpeg;Hilde_Weissner;F;76;225;166;135;
DerMaulkorbRalphArthurRobertsPaulHenckelsHildeWeissnerTheodorLoos-73941.jpeg;Will_Quadflieg;M;104;450;211;342;
DerMaulkorbRalphArthurRobertsPaulHenckelsHildeWeissnerTheodorLoos-74441.jpeg;Will_Quadflieg;M;104;450;211;342;
DerMaulkorbRalphArthurRobertsPaulHenckelsHildeWeissnerTheodorLoos-84540.jpeg;Charlotte_Schellhorn;F;176;514;265;424;
DerMaulkorbRalphArthurRobertsPaulHenckelsHildeWeissnerTheodorLoos-98215.jpeg;Ralph_Arthur_Roberts;M;66;285;156;195;
DerPostmeister-101178.jpeg;Ruth_Hellberg;F;126;275;216;185;
DerPostmeister-104180.jpeg;Hilde_Krahl;F;113;395;188;320;
DerPostmeister-104680.jpeg;Hilde_Krahl;F;96;444;186;354;
DerPostmeister-105832.jpeg;Hilde_Krahl;F;96;411;225;282;
DerPostmeister-106404.jpeg;Hilde_Krahl;F;110;411;239;282;
DerPostmeister-106654.jpeg;Hilde_Krahl;F;82;397;211;268;
DerPostmeister-109661.jpeg;Hans_Holt;M;82;354;211;225;
DerPostmeister-110354.jpeg;Siegfried_Breuer;M;32;356;94;294;
DerPostmeister-110604.jpeg;Siegfried_Breuer;M;47;403;121;328;
DerPostmeister-111311.jpeg;Siegfried_Breuer;M;63;519;138;444;
DerPostmeister-113994.jpeg;Siegfried_Breuer;M;86;401;122;365;
DerPostmeister-114461.jpeg;Siegfried_Breuer;M;194;453;230;417;
DerPostmeister-11546.jpeg;Hilde_Krahl;F;47;444;121;370;
DerPostmeister-118149.jpeg;Siegfried_Breuer;M;63;469;138;395;
DerPostmeister-118289.jpeg;Siegfried_Breuer;M;80;469;155;395;
DerPostmeister-121640.jpeg;Hans_Holt;M;239;446;291;394;
DerPostmeister-122582.jpeg;Hilde_Krahl;F;92;474;199;366;
DerPostmeister-122673.jpeg;Hans_Holt;M;76;384;166;295;
DerPostmeister-122893.jpeg;Hilde_Krahl;F;116;390;270;236;
DerPostmeister-123122.jpeg;Hilde_Krahl;F;116;390;270;236;
DerPostmeister-123720.jpeg;Hilde_Krahl;F;116;408;270;253;
DerPostmeister-123815.jpeg;Hilde_Krahl;F;116;408;270;253;
DerPostmeister-124296.jpeg;Hilde_Krahl;F;101;533;153;481;
DerPostmeister-124546.jpeg;Siegfried_Breuer;M;47;444;121;370;
DerPostmeister-125025.jpeg;Hilde_Krahl;F;98;283;284;97;
DerPostmeister-125025.jpeg;Siegfried_Breuer;M;82;440;211;311;
DerPostmeister-125275.jpeg;Siegfried_Breuer;M;64;425;219;270;
DerPostmeister-125275.jpeg;Hilde_Krahl;F;98;253;253;98;
DerPostmeister-125525.jpeg;Siegfried_Breuer;M;47;476;202;322;
DerPostmeister-125525.jpeg;Hilde_Krahl;F;98;253;253;98;
DerPostmeister-125775.jpeg;Hilde_Krahl;F;116;253;270;98;
DerPostmeister-125775.jpeg;Siegfried_Breuer;M;67;411;196;282;
DerPostmeister-126446.jpeg;Hilde_Krahl;F;68;438;175;330;
DerPostmeister-127302.jpeg;Siegfried_Breuer;M;38;412;90;360;
DerPostmeister-12872.jpeg;Siegfried_Breuer;M;65;386;108;343;
DerPostmeister-130935.jpeg;Hans_Holt;M;56;462;163;354;
DerPostmeister-13122.jpeg;Siegfried_Breuer;M;39;432;101;370;
DerPostmeister-13634.jpeg;Siegfried_Breuer;M;72;328;146;254;
DerPostmeister-13803.jpeg;Siegfried_Breuer;M;118;366;304;180;
DerPostmeister-14036.jpeg;Siegfried_Breuer;M;118;366;304;180;
DerPostmeister-14260.jpeg;Siegfried_Breuer;M;150;339;305;184;
DerPostmeister-15826.jpeg;Siegfried_Breuer;M;32;318;140;211;
DerPostmeister-17033.jpeg;Siegfried_Breuer;M;44;331;95;279;
DerPostmeister-17521.jpeg;Siegfried_Breuer;M;55;353;130;278;
DerPostmeister-23639.jpeg;Hilde_Krahl;F;67;468;196;339;
DerPostmeister-24139.jpeg;Hilde_Krahl;F;82;440;211;311;
DerPostmeister-27213.jpeg;Heinrich_George;M;56;390;163;282;
DerPostmeister-27341.jpeg;Siegfried_Breuer;M;104;390;211;282;
DerPostmeister-27757.jpeg;Siegfried_Breuer;M;104;402;211;294;
DerPostmeister-28004.jpeg;Siegfried_Breuer;M;116;366;223;259;
DerPostmeister-30504.jpeg;Heinrich_George;M;110;325;239;196;
DerPostmeister-33303.jpeg;Hilde_Krahl;F;80;245;155;171;
DerPostmeister-33486.jpeg;Siegfried_Breuer;M;56;426;163;318;
DerPostmeister-33736.jpeg;Hilde_Krahl;F;104;247;211;139;
DerPostmeister-33962.jpeg;Siegfried_Breuer;M;68;438;175;330;
DerPostmeister-34341.jpeg;Heinrich_George;M;116;442;270;287;
DerPostmeister-34591.jpeg;Heinrich_George;M;160;469;345;283;
DerPostmeister-40663.jpeg;Hilde_Krahl;F;146;552;221;478;
DerPostmeister-42781.jpeg;Ruth_Hellberg;F;80;312;155;237;
DerPostmeister-43707.jpeg;Hilde_Krahl;F;55;362;98;319;
DerPostmeister-45180.jpeg;Hilde_Krahl;F;116;434;206;344;
DerPostmeister-45797.jpeg;Hilde_Krahl;F;55;302;107;250;
DerPostmeister-51541.jpeg;Hilde_Krahl;F;106;374;196;285;
DerPostmeister-60357.jpeg;Ruth_Hellberg;F;30;287;105;212;
DerPostmeister-64448.jpeg;Hans_Holt;M;139;489;325;304;
DerPostmeister-64630.jpeg;Hans_Holt;M;160;489;345;304;
DerPostmeister-65602.jpeg;Hilde_Krahl;F;76;285;166;195;
DerPostmeister-66325.jpeg;Hilde_Krahl;F;96;397;225;268;
DerPostmeister-66401.jpeg;Hans_Holt;M;98;442;253;287;
DerPostmeister-67482.jpeg;Hilde_Krahl;F;80;245;155;171;
DerPostmeister-70529.jpeg;Ruth_Hellberg;F;47;436;121;361;
DerPostmeister-73510.jpeg;Heinrich_George;M;72;403;146;328;
DerPostmeister-74510.jpeg;Heinrich_George;M;66;424;156;335;
DerPostmeister-74510.jpeg;Ruth_Hellberg;F;113;204;188;129;
DerPostmeister-74760.jpeg;Heinrich_George;M;66;464;156;374;
DerPostmeister-75010.jpeg;Heinrich_George;M;66;464;156;374;
DerPostmeister-75260.jpeg;Heinrich_George;M;66;464;156;374;
DerPostmeister-75693.jpeg;Ruth_Hellberg;F;110;296;239;167;
DerPostmeister-75819.jpeg;Ruth_Hellberg;F;82;368;211;239;
DerPostmeister-77090.jpeg;Ruth_Hellberg;F;98;428;284;242;
DerPostmeister-77416.jpeg;Heinrich_George;M;76;344;166;255;
DerPostmeister-79421.jpeg;Heinrich_George;M;44;390;152;282;
DerPostmeister-79671.jpeg;Heinrich_George;M;56;384;146;295;
DerPostmeister-79765.jpeg;Hilde_Krahl;F;63;419;138;345;
DerPostmeister-80488.jpeg;Ruth_Hellberg;F;126;464;216;374;
DerPostmeister-80738.jpeg;Ruth_Hellberg;F;126;464;216;374;
DerPostmeister-83029.jpeg;Siegfried_Breuer;M;46;344;136;255;
DerPostmeister-83279.jpeg;Siegfried_Breuer;M;56;404;146;315;
DerPostmeister-83529.jpeg;Hilde_Krahl;F;94;453;130;417;
DerPostmeister-83779.jpeg;Siegfried_Breuer;M;218;401;254;365;
DerPostmeister-84518.jpeg;Siegfried_Breuer;M;63;245;138;171;
DerPostmeister-85268.jpeg;Siegfried_Breuer;M;59;342;122;280;
DerPostmeister-85883.jpeg;Siegfried_Breuer;M;36;323;79;280;
DerPostmeister-88133.jpeg;Siegfried_Breuer;M;121;560;196;486;
DerPostmeister-94133.jpeg;Hans_Holt;M;87;280;149;218;
DerPostmeister-94869.jpeg;Hans_Holt;M;125;368;254;239;
DerPostmeister-95950.jpeg;Hans_Holt;M;46;305;136;215;
DerPostmeister-96860.jpeg;Hilde_Krahl;F;105;436;179;361;
DerPostmeister-97110.jpeg;Hilde_Krahl;F;105;436;179;361;
DerPostmeister-97360.jpeg;Hilde_Krahl;F;105;428;179;353;
DerPostmeister-97610.jpeg;Heinrich_George;M;96;212;171;137;
DerzerbrocheneKrug-10035.jpeg;Emil_Jannings;M;46;404;136;315;
DerzerbrocheneKrug-101256.jpeg;Angela_Salloker;F;171;519;246;444;
DerzerbrocheneKrug-102048.jpeg;Emil_Jannings;M;66;434;156;344;
DerzerbrocheneKrug-102378.jpeg;Emil_Jannings;M;47;660;121;585;
DerzerbrocheneKrug-102491.jpeg;Emil_Jannings;M;47;660;121;585;
DerzerbrocheneKrug-102562.jpeg;Emil_Jannings;M;66;394;156;305;
DerzerbrocheneKrug-102870.jpeg;Emil_Jannings;M;77;489;263;304;
DerzerbrocheneKrug-107192.jpeg;Angela_Salloker;F;121;312;196;237;
DerzerbrocheneKrug-107692.jpeg;Angela_Salloker;F;130;295;204;220;
DerzerbrocheneKrug-108571.jpeg;Emil_Jannings;M;56;736;163;629;
DerzerbrocheneKrug-108756.jpeg;Emil_Jannings;M;32;605;140;497;
DerzerbrocheneKrug-112270.jpeg;Angela_Salloker;F;108;391;170;328;
DerzerbrocheneKrug-112567.jpeg;Emil_Jannings;M;46;563;136;474;
DerzerbrocheneKrug-112817.jpeg;Emil_Jannings;M;20;593;128;485;
DerzerbrocheneKrug-113817.jpeg;Emil_Jannings;M;155;478;229;403;
DerzerbrocheneKrug-118247.jpeg;Emil_Jannings;M;66;460;129;398;
DerzerbrocheneKrug-14670.jpeg;Emil_Jannings;M;76;474;166;384;
DerzerbrocheneKrug-16471.jpeg;Emil_Jannings;M;168;540;297;411;
DerzerbrocheneKrug-16971.jpeg;Emil_Jannings;M;82;583;211;454;
DerzerbrocheneKrug-19413.jpeg;Emil_Jannings;M;146;504;236;414;
DerzerbrocheneKrug-20663.jpeg;Emil_Jannings;M;106;653;196;563;
DerzerbrocheneKrug-21440.jpeg;Emil_Jannings;M;177;377;239;315;
DerzerbrocheneKrug-21753.jpeg;Emil_Jannings;M;138;419;213;345;
DerzerbrocheneKrug-21868.jpeg;Emil_Jannings;M;96;483;225;354;
DerzerbrocheneKrug-22148.jpeg;Emil_Jannings;M;104;462;211;354;
DerzerbrocheneKrug-22511.jpeg;Emil_Jannings;M;116;374;206;285;
DerzerbrocheneKrug-23400.jpeg;Emil_Jannings;M;80;450;187;342;
DerzerbrocheneKrug-23919.jpeg;Emil_Jannings;M;53;526;182;397;
DerzerbrocheneKrug-24874.jpeg;Emil_Jannings;M;68;414;175;306;
DerzerbrocheneKrug-25260.jpeg;Emil_Jannings;M;32;497;140;390;
DerzerbrocheneKrug-26100.jpeg;Emil_Jannings;M;44;438;152;330;
DerzerbrocheneKrug-27241.jpeg;Emil_Jannings;M;126;554;216;464;
DerzerbrocheneKrug-30395.jpeg;Emil_Jannings;M;26;504;116;414;
DerzerbrocheneKrug-31207.jpeg;Emil_Jannings;M;68;402;175;294;
DerzerbrocheneKrug-32927.jpeg;Emil_Jannings;M;66;504;156;414;
DerzerbrocheneKrug-33427.jpeg;Emil_Jannings;M;68;474;175;366;
DerzerbrocheneKrug-34501.jpeg;Angela_Salloker;F;98;400;142;357;
DerzerbrocheneKrug-35001.jpeg;Angela_Salloker;F;108;564;151;520;
DerzerbrocheneKrug-42371.jpeg;Emil_Jannings;M;53;440;182;311;
DerzerbrocheneKrug-43156.jpeg;Emil_Jannings;M;121;544;196;469;
DerzerbrocheneKrug-43449.jpeg;Emil_Jannings;M;106;563;196;474;
DerzerbrocheneKrug-44199.jpeg;Emil_Jannings;M;80;428;155;353;
DerzerbrocheneKrug-45017.jpeg;Emil_Jannings;M;56;464;146;374;
DerzerbrocheneKrug-45316.jpeg;Emil_Jannings;M;36;494;126;404;
DerzerbrocheneKrug-47912.jpeg;Emil_Jannings;M;92;462;199;354;
DerzerbrocheneKrug-48162.jpeg;Emil_Jannings;M;80;462;187;354;
DerzerbrocheneKrug-48662.jpeg;Emil_Jannings;M;53;440;182;311;
DerzerbrocheneKrug-48912.jpeg;Emil_Jannings;M;56;378;163;270;
DerzerbrocheneKrug-49125.jpeg;Angela_Salloker;F;66;563;156;474;
DerzerbrocheneKrug-49125.jpeg;Emil_Jannings;M;56;414;163;306;
DerzerbrocheneKrug-49375.jpeg;Angela_Salloker;F;86;534;176;444;
DerzerbrocheneKrug-49375.jpeg;Emil_Jannings;M;76;414;166;325;
DerzerbrocheneKrug-49625.jpeg;Emil_Jannings;M;67;454;196;325;
DerzerbrocheneKrug-49875.jpeg;Angela_Salloker;F;104;629;211;521;
DerzerbrocheneKrug-50159.jpeg;Emil_Jannings;M;38;353;113;278;
DerzerbrocheneKrug-50159.jpeg;Angela_Salloker;F;73;515;135;453;
DerzerbrocheneKrug-50409.jpeg;Emil_Jannings;M;3;348;55;296;
DerzerbrocheneKrug-52002.jpeg;Emil_Jannings;M;66;603;156;514;
DerzerbrocheneKrug-53002.jpeg;Emil_Jannings;M;86;494;176;404;
DerzerbrocheneKrug-53108.jpeg;Emil_Jannings;M;46;613;136;524;
DerzerbrocheneKrug-53358.jpeg;Emil_Jannings;M;46;623;136;534;
DerzerbrocheneKrug-53507.jpeg;Angela_Salloker;F;42;357;78;321;
DerzerbrocheneKrug-53887.jpeg;Emil_Jannings;M;92;354;199;247;
DerzerbrocheneKrug-55717.jpeg;Emil_Jannings;M;56;474;163;366;
DerzerbrocheneKrug-56695.jpeg;Emil_Jannings;M;56;569;163;462;
DerzerbrocheneKrug-57445.jpeg;Emil_Jannings;M;24;569;153;440;
DerzerbrocheneKrug-59737.jpeg;Emil_Jannings;M;67;526;196;397;
DerzerbrocheneKrug-60382.jpeg;Emil_Jannings;M;46;563;136;474;
DerzerbrocheneKrug-61757.jpeg;Emil_Jannings;M;39;440;168;311;
DerzerbrocheneKrug-61828.jpeg;Emil_Jannings;M;30;476;184;322;
DerzerbrocheneKrug-61888.jpeg;Emil_Jannings;M;53;468;182;339;
DerzerbrocheneKrug-62085.jpeg;Emil_Jannings;M;39;425;168;296;
DerzerbrocheneKrug-62354.jpeg;Emil_Jannings;M;39;425;168;296;
DerzerbrocheneKrug-62577.jpeg;Emil_Jannings;M;24;411;153;282;
DerzerbrocheneKrug-62968.jpeg;Emil_Jannings;M;67;411;196;282;
DerzerbrocheneKrug-64419.jpeg;Emil_Jannings;M;76;633;166;544;
DerzerbrocheneKrug-64578.jpeg;Emil_Jannings;M;66;633;156;544;
DerzerbrocheneKrug-64862.jpeg;Angela_Salloker;F;76;593;166;504;
DerzerbrocheneKrug-65084.jpeg;Angela_Salloker;F;66;573;156;484;
DerzerbrocheneKrug-66631.jpeg;Emil_Jannings;M;76;563;166;474;
DerzerbrocheneKrug-67432.jpeg;Angela_Salloker;F;67;700;118;648;
DerzerbrocheneKrug-67530.jpeg;Angela_Salloker;F;80;439;142;377;
DerzerbrocheneKrug-67620.jpeg;Emil_Jannings;M;140;378;247;270;
DerzerbrocheneKrug-67683.jpeg;Angela_Salloker;F;80;439;142;377;
DerzerbrocheneKrug-67744.jpeg;Emil_Jannings;M;128;378;235;270;
DerzerbrocheneKrug-67840.jpeg;Angela_Salloker;F;80;446;142;384;
DerzerbrocheneKrug-68111.jpeg;Emil_Jannings;M;47;544;121;469;
DerzerbrocheneKrug-68111.jpeg;Angela_Salloker;F;80;439;142;377;
DerzerbrocheneKrug-68464.jpeg;Angela_Salloker;F;80;418;142;356;
DerzerbrocheneKrug-69288.jpeg;Emil_Jannings;M;53;497;182;368;
DerzerbrocheneKrug-72640.jpeg;Emil_Jannings;M;53;497;182;368;
DerzerbrocheneKrug-72890.jpeg;Emil_Jannings;M;67;483;196;354;
DerzerbrocheneKrug-73227.jpeg;Angela_Salloker;F;87;287;149;225;
DerzerbrocheneKrug-74016.jpeg;Emil_Jannings;M;67;483;196;354;
DerzerbrocheneKrug-75046.jpeg;Emil_Jannings;M;56;581;163;474;
DerzerbrocheneKrug-75338.jpeg;Emil_Jannings;M;26;633;116;544;
DerzerbrocheneKrug-75743.jpeg;Emil_Jannings;M;57;489;242;304;
DerzerbrocheneKrug-76447.jpeg;Emil_Jannings;M;57;510;242;324;
DerzerbrocheneKrug-76537.jpeg;Emil_Jannings;M;47;494;202;339;
DerzerbrocheneKrug-76682.jpeg;Emil_Jannings;M;47;494;202;339;
DerzerbrocheneKrug-77401.jpeg;Emil_Jannings;M;32;569;140;462;
DerzerbrocheneKrug-78151.jpeg;Angela_Salloker;F;108;660;170;598;
DerzerbrocheneKrug-80857.jpeg;Angela_Salloker;F;68;366;175;259;
DerzerbrocheneKrug-80908.jpeg;Emil_Jannings;M;56;653;146;563;
DerzerbrocheneKrug-81158.jpeg;Emil_Jannings;M;44;700;152;593;
DerzerbrocheneKrug-82306.jpeg;Emil_Jannings;M;32;545;140;438;
DerzerbrocheneKrug-83378.jpeg;Angela_Salloker;F;86;325;176;235;
DerzerbrocheneKrug-83491.jpeg;Angela_Salloker;F;77;593;263;407;
DerzerbrocheneKrug-83580.jpeg;Angela_Salloker;F;98;469;284;283;
DerzerbrocheneKrug-84049.jpeg;Angela_Salloker;F;188;596;239;544;
DerzerbrocheneKrug-84799.jpeg;Angela_Salloker;F;110;640;239;511;
DerzerbrocheneKrug-85195.jpeg;Emil_Jannings;M;20;426;128;318;
DerzerbrocheneKrug-85458.jpeg;Emil_Jannings;M;80;478;155;403;
DerzerbrocheneKrug-85732.jpeg;Emil_Jannings;M;32;426;140;318;
DerzerbrocheneKrug-86037.jpeg;Emil_Jannings;M;68;462;175;354;
DerzerbrocheneKrug-86723.jpeg;Emil_Jannings;M;68;617;175;509;
DerzerbrocheneKrug-86973.jpeg;Emil_Jannings;M;44;653;152;545;
DerzerbrocheneKrug-87303.jpeg;Emil_Jannings;M;68;557;175;450;
DerzerbrocheneKrug-87350.jpeg;Angela_Salloker;F;44;462;152;354;
DerzerbrocheneKrug-87850.jpeg;Angela_Salloker;F;39;425;168;296;
DerzerbrocheneKrug-87946.jpeg;Emil_Jannings;M;80;581;187;474;
DerzerbrocheneKrug-89620.jpeg;Emil_Jannings;M;80;629;187;521;
DerzerbrocheneKrug-91459.jpeg;Emil_Jannings;M;56;593;146;504;
DerzerbrocheneKrug-91959.jpeg;Emil_Jannings;M;36;524;126;434;
DerzerbrocheneKrug-92209.jpeg;Emil_Jannings;M;56;524;146;434;
DerzerbrocheneKrug-9285.jpeg;Emil_Jannings;M;32;485;140;378;
DerzerbrocheneKrug-93638.jpeg;Emil_Jannings;M;24;440;153;311;
DerzerbrocheneKrug-93770.jpeg;Emil_Jannings;M;24;483;153;354;
DerzerbrocheneKrug-94020.jpeg;Emil_Jannings;M;24;468;153;339;
DerzerbrocheneKrug-94291.jpeg;Emil_Jannings;M;39;468;168;339;
DerzerbrocheneKrug-94476.jpeg;Emil_Jannings;M;39;497;168;368;
DerzerbrocheneKrug-95573.jpeg;Emil_Jannings;M;68;617;175;509;
DerzerbrocheneKrug-95823.jpeg;Emil_Jannings;M;121;585;196;511;
DerzerbrocheneKrug-96913.jpeg;Emil_Jannings;M;80;438;187;330;
DerzerbrocheneKrug-97413.jpeg;Emil_Jannings;M;53;497;182;368;
DerzerbrocheneKrug-9785.jpeg;Emil_Jannings;M;44;462;152;354;
DerzerbrocheneKrug-98196.jpeg;Emil_Jannings;M;68;665;175;557;
DieFeuerzangenbowleDeutscheFilmehdia-100653.jpeg;Hilde_Sessak;F;202;494;356;339;
DieFeuerzangenbowleDeutscheFilmehdia-101217.jpeg;Hilde_Sessak;F;150;494;305;339;
DieFeuerzangenbowleDeutscheFilmehdia-103999.jpeg;Erich_Ponto;M;196;726;325;597;
DieFeuerzangenbowleDeutscheFilmehdia-104383.jpeg;Hans_Leibelt;M;277;633;598;312;
DieFeuerzangenbowleDeutscheFilmehdia-104511.jpeg;Hans_Leibelt;M;231;617;498;349;
DieFeuerzangenbowleDeutscheFilmehdia-104736.jpeg;Hans_Leibelt;M;116;666;270;511;
DieFeuerzangenbowleDeutscheFilmehdia-104906.jpeg;Erich_Ponto;M;383;239;512;110;
DieFeuerzangenbowleDeutscheFilmehdia-105759.jpeg;Erich_Ponto;M;245;404;335;315;
DieFeuerzangenbowleDeutscheFilmehdia-106251.jpeg;Erich_Ponto;M;287;560;362;486;
DieFeuerzangenbowleDeutscheFilmehdia-106382.jpeg;Erich_Ponto;M;296;552;370;478;
DieFeuerzangenbowleDeutscheFilmehdia-107151.jpeg;Erich_Ponto;M;175;605;283;497;
DieFeuerzangenbowleDeutscheFilmehdia-107403.jpeg;Erich_Ponto;M;142;706;409;438;
DieFeuerzangenbowleDeutscheFilmehdia-107791.jpeg;Erich_Ponto;M;222;386;407;201;
DieFeuerzangenbowleDeutscheFilmehdia-107919.jpeg;Erich_Ponto;M;219;356;374;201;
DieFeuerzangenbowleDeutscheFilmehdia-108175.jpeg;Erich_Ponto;M;184;356;339;201;
DieFeuerzangenbowleDeutscheFilmehdia-108431.jpeg;Erich_Ponto;M;160;366;345;180;
DieFeuerzangenbowleDeutscheFilmehdia-112783.jpeg;Erich_Ponto;M;153;526;282;397;
DieFeuerzangenbowleDeutscheFilmehdia-113935.jpeg;Karin_Himboldt;F;235;426;343;318;
DieFeuerzangenbowleDeutscheFilmehdia-114703.jpeg;Karin_Himboldt;F;175;414;283;306;
DieFeuerzangenbowleDeutscheFilmehdia-115801.jpeg;Karin_Himboldt;F;242;439;464;216;
DieFeuerzangenbowleDeutscheFilmehdia-116137.jpeg;Karin_Himboldt;F;260;527;528;260;
DieFeuerzangenbowleDeutscheFilmehdia-116463.jpeg;Karin_Himboldt;F;291;489;514;266;
DieFeuerzangenbowleDeutscheFilmehdia-122566.jpeg;Hilde_Sessak;F;128;91;235;0;
DieFeuerzangenbowleDeutscheFilmehdia-122609.jpeg;Karin_Himboldt;F;146;583;236;494;
DieFeuerzangenbowleDeutscheFilmehdia-122609.jpeg;Karin_Himboldt;F;163;378;271;270;
DieFeuerzangenbowleDeutscheFilmehdia-125147.jpeg;Hilde_Sessak;F;334;365;370;329;
DieFeuerzangenbowleDeutscheFilmehdia-125663.jpeg;Karin_Himboldt;F;184;476;339;322;
DieFeuerzangenbowleDeutscheFilmehdia-125663.jpeg;Karin_Himboldt;F;128;270;235;163;
DieFeuerzangenbowleDeutscheFilmehdia-131551.jpeg;Karin_Himboldt;F;266;613;489;390;
DieFeuerzangenbowleDeutscheFilmehdia-131679.jpeg;Karin_Himboldt;F;291;613;514;390;
DieFeuerzangenbowleDeutscheFilmehdia-132319.jpeg;Hans_Leibelt;M;125;167;254;38;
DieFeuerzangenbowleDeutscheFilmehdia-133215.jpeg;Hilde_Sessak;F;251;602;303;550;
DieFeuerzangenbowleDeutscheFilmehdia-135983.jpeg;Hilde_Sessak;F;342;309;378;273;
DieFeuerzangenbowleDeutscheFilmehdia-136111.jpeg;Hilde_Sessak;F;386;410;430;367;
DieFeuerzangenbowleDeutscheFilmehdia-136432.jpeg;Karin_Himboldt;F;236;563;325;474;
DieFeuerzangenbowleDeutscheFilmehdia-136607.jpeg;Karin_Himboldt;F;211;545;319;438;
DieFeuerzangenbowleDeutscheFilmehdia-136991.jpeg;Karin_Himboldt;F;211;474;319;366;
DieFeuerzangenbowleDeutscheFilmehdia-137439.jpeg;Erich_Ponto;M;268;483;397;354;
DieFeuerzangenbowleDeutscheFilmehdia-137613.jpeg;Erich_Ponto;M;271;462;378;354;
DieFeuerzangenbowleDeutscheFilmehdia-137613.jpeg;Hans_Leibelt;M;239;626;368;497;
DieFeuerzangenbowleDeutscheFilmehdia-18311.jpeg;Erich_Ponto;M;116;597;270;442;
DieFeuerzangenbowleDeutscheFilmehdia-18479.jpeg;Erich_Ponto;M;77;572;263;386;
DieFeuerzangenbowleDeutscheFilmehdia-21314.jpeg;Erich_Ponto;M;247;545;355;438;
DieFeuerzangenbowleDeutscheFilmehdia-28095.jpeg;Hilde_Sessak;F;236;648;391;494;
DieFeuerzangenbowleDeutscheFilmehdia-28225.jpeg;Hilde_Sessak;F;236;648;391;494;
DieFeuerzangenbowleDeutscheFilmehdia-29631.jpeg;Hilde_Sessak;F;139;448;325;262;
DieFeuerzangenbowleDeutscheFilmehdia-33279.jpeg;Paul_Henckels;M;128;629;235;521;
DieFeuerzangenbowleDeutscheFilmehdia-49423.jpeg;Erich_Ponto;M;155;627;229;552;
DieFeuerzangenbowleDeutscheFilmehdia-49679.jpeg;Erich_Ponto;M;167;631;322;476;
DieFeuerzangenbowleDeutscheFilmehdia-50180.jpeg;Erich_Ponto;M;199;474;307;366;
DieFeuerzangenbowleDeutscheFilmehdia-51439.jpeg;Erich_Ponto;M;146;524;236;434;
DieFeuerzangenbowleDeutscheFilmehdia-51695.jpeg;Karin_Himboldt;F;242;741;278;705;
DieFeuerzangenbowleDeutscheFilmehdia-52434.jpeg;Erich_Ponto;M;125;554;254;425;
DieFeuerzangenbowleDeutscheFilmehdia-52977.jpeg;Erich_Ponto;M;125;540;254;411;
DieFeuerzangenbowleDeutscheFilmehdia-53437.jpeg;Erich_Ponto;M;82;526;211;397;
DieFeuerzangenbowleDeutscheFilmehdia-55391.jpeg;Erich_Ponto;M;168;612;297;483;
DieFeuerzangenbowleDeutscheFilmehdia-55535.jpeg;Erich_Ponto;M;125;569;254;440;
DieFeuerzangenbowleDeutscheFilmehdia-57311.jpeg;Erich_Ponto;M;92;366;199;259;
DieFeuerzangenbowleDeutscheFilmehdia-57622.jpeg;Erich_Ponto;M;211;325;340;196;
DieFeuerzangenbowleDeutscheFilmehdia-57797.jpeg;Erich_Ponto;M;211;325;340;196;
DieFeuerzangenbowleDeutscheFilmehdia-60847.jpeg;Hilde_Sessak;F;133;889;288;734;
DieFeuerzangenbowleDeutscheFilmehdia-61101.jpeg;Karin_Himboldt;F;176;444;265;354;
DieFeuerzangenbowleDeutscheFilmehdia-63263.jpeg;Karin_Himboldt;F;128;724;235;617;
DieFeuerzangenbowleDeutscheFilmehdia-72527.jpeg;Paul_Henckels;M;133;597;288;442;
DieFeuerzangenbowleDeutscheFilmehdia-73503.jpeg;Paul_Henckels;M;237;668;312;594;
DieFeuerzangenbowleDeutscheFilmehdia-73631.jpeg;Paul_Henckels;M;237;685;312;610;
DieFeuerzangenbowleDeutscheFilmehdia-79711.jpeg;Erich_Ponto;M;217;761;440;538;
DieFeuerzangenbowleDeutscheFilmehdia-79967.jpeg;Hilde_Sessak;F;211;569;340;440;
DieFeuerzangenbowleDeutscheFilmehdia-81343.jpeg;Hilde_Sessak;F;211;382;340;253;
DieFeuerzangenbowleDeutscheFilmehdia-81983.jpeg;Hilde_Sessak;F;177;577;239;515;
DieFeuerzangenbowleDeutscheFilmehdia-82495.jpeg;Hilde_Sessak;F;236;663;325;573;
DieFeuerzangenbowleDeutscheFilmehdia-82623.jpeg;Hilde_Sessak;F;236;693;325;603;
DieFeuerzangenbowleDeutscheFilmehdia-84203.jpeg;Hilde_Sessak;F;176;563;265;474;
DieFeuerzangenbowleDeutscheFilmehdia-84671.jpeg;Hilde_Sessak;F;179;536;254;461;
DieFeuerzangenbowleDeutscheFilmehdia-85311.jpeg;Hilde_Sessak;F;182;368;311;239;
DieFeuerzangenbowleDeutscheFilmehdia-85439.jpeg;Hilde_Sessak;F;168;397;297;268;
DieFeuerzangenbowleDeutscheFilmehdia-85567.jpeg;Hilde_Sessak;F;182;411;311;282;
DieFeuerzangenbowleDeutscheFilmehdia-85695.jpeg;Hilde_Sessak;F;168;411;297;282;
DieFeuerzangenbowleDeutscheFilmehdia-86319.jpeg;Hilde_Sessak;F;116;374;206;285;
DieFeuerzangenbowleDeutscheFilmehdia-86447.jpeg;Hilde_Sessak;F;116;378;223;270;
DieFeuerzangenbowleDeutscheFilmehdia-86703.jpeg;Hilde_Sessak;F;116;724;223;617;
DieFeuerzangenbowleDeutscheFilmehdia-86803.jpeg;Hilde_Sessak;F;116;724;223;617;
DieFeuerzangenbowleDeutscheFilmehdia-87327.jpeg;Hilde_Sessak;F;192;563;415;340;
DieFeuerzangenbowleDeutscheFilmehdia-88911.jpeg;Karin_Himboldt;F;287;610;362;536;
DieFeuerzangenbowleDeutscheFilmehdia-92655.jpeg;Erich_Ponto;M;285;374;375;285;
DieFeuerzangenbowleDeutscheFilmehdia-93791.jpeg;Hilde_Sessak;F;222;572;407;386;
DieFeuerzangenbowleDeutscheFilmehdia-93837.jpeg;Hilde_Sessak;F;254;440;383;311;
DieFeuerzangenbowleDeutscheFilmehdia-94542.jpeg;Hilde_Sessak;F;239;440;368;311;
DieFeuerzangenbowleDeutscheFilmehdia-94799.jpeg;Hilde_Sessak;F;349;446;401;394;
DieFeuerzangenbowleDeutscheFilmehdia-95088.jpeg;Hilde_Sessak;F;142;570;205;508;
DieFeuerzangenbowleDeutscheFilmehdia-95311.jpeg;Hilde_Sessak;F;155;577;229;502;
DieFeuerzangenbowleDeutscheFilmehdia-96312.jpeg;Hilde_Sessak;F;242;563;464;340;
DieFeuerzangenbowleDeutscheFilmehdia-96393.jpeg;Hilde_Sessak;F;242;563;464;340;
DieFeuerzangenbowleDeutscheFilmehdia-96687.jpeg;Hilde_Sessak;F;219;511;374;356;
DieFeuerzangenbowleDeutscheFilmehdia-96815.jpeg;Hilde_Sessak;F;219;511;374;356;
DieFeuerzangenbowleDeutscheFilmehdia-98412.jpeg;Hilde_Sessak;F;217;563;440;340;
DieFeuerzangenbowleDeutscheFilmehdia-98687.jpeg;Hilde_Sessak;F;222;551;407;366;
DieFeuerzangenbowleDeutscheFilmehdia-98815.jpeg;Hilde_Sessak;F;211;511;340;382;
DieFeuerzangenbowleDeutscheFilmehdia-98943.jpeg;Hilde_Sessak;F;184;339;339;184;
DieFeuerzangenbowleDeutscheFilmehdia-99583.jpeg;Hilde_Sessak;F;96;335;186;245;
DieFeuerzangenbowleDeutscheFilmehdia-99711.jpeg;Hilde_Sessak;F;96;354;186;265;
DieFeuerzangenbowleDeutscheFilmehdia-99711.jpeg;Hans_Leibelt;M;116;683;206;593;
DieGrosseLiebe-102535.jpeg;Grethe_Weiser;F;191;301;253;239;
DieGrosseLiebe-102660.jpeg;Grethe_Weiser;F;205;280;267;218;
DieGrosseLiebe-102785.jpeg;Hans_Schwarz;M;55;444;130;370;
DieGrosseLiebe-10357.jpeg;Zarah_Leander;F;150;442;305;287;
DieGrosseLiebe-10382.jpeg;Zarah_Leander;F;133;442;288;287;
DieGrosseLiebe-103951.jpeg;Zarah_Leander;F;96;497;225;368;
DieGrosseLiebe-10407.jpeg;Zarah_Leander;F;150;425;305;270;
DieGrosseLiebe-104324.jpeg;Zarah_Leander;F;116;426;223;318;
DieGrosseLiebe-104474.jpeg;Viktor_Staal;M;80;411;155;337;
DieGrosseLiebe-104574.jpeg;Viktor_Staal;M;66;285;156;195;
DieGrosseLiebe-104699.jpeg;Viktor_Staal;M;56;364;146;275;
DieGrosseLiebe-104824.jpeg;Zarah_Leander;F;113;395;188;320;
DieGrosseLiebe-104949.jpeg;Viktor_Staal;M;76;344;166;255;
DieGrosseLiebe-104949.jpeg;Zarah_Leander;F;105;403;179;328;
DieGrosseLiebe-105592.jpeg;Zarah_Leander;F;118;448;304;262;
DieGrosseLiebe-105742.jpeg;Viktor_Staal;M;116;459;270;304;
DieGrosseLiebe-106635.jpeg;Viktor_Staal;M;86;484;176;394;
DieGrosseLiebe-107135.jpeg;Viktor_Staal;M;116;545;223;438;
DieGrosseLiebe-108156.jpeg;Viktor_Staal;M;94;225;130;189;
DieGrosseLiebe-108428.jpeg;Zarah_Leander;F;92;438;199;330;
DieGrosseLiebe-108528.jpeg;Zarah_Leander;F;116;438;223;330;
DieGrosseLiebe-108800.jpeg;Zarah_Leander;F;116;438;223;330;
DieGrosseLiebe-108945.jpeg;Viktor_Staal;M;24;325;153;196;
DieGrosseLiebe-109044.jpeg;Viktor_Staal;M;92;450;199;342;
DieGrosseLiebe-109189.jpeg;Zarah_Leander;F;168;368;297;239;
DieGrosseLiebe-109314.jpeg;Zarah_Leander;F;153;368;282;239;
DieGrosseLiebe-109439.jpeg;Viktor_Staal;M;139;526;268;397;
DieGrosseLiebe-109439.jpeg;Zarah_Leander;F;182;382;311;253;
DieGrosseLiebe-109557.jpeg;Viktor_Staal;M;98;442;253;287;
DieGrosseLiebe-109807.jpeg;Zarah_Leander;F;163;438;271;330;
DieGrosseLiebe-110201.jpeg;Zarah_Leander;F;110;440;239;311;
DieGrosseLiebe-110294.jpeg;Viktor_Staal;M;125;454;254;325;
DieGrosseLiebe-110557.jpeg;Zarah_Leander;F;110;454;239;325;
DieGrosseLiebe-110707.jpeg;Zarah_Leander;F;125;454;254;325;
DieGrosseLiebe-110807.jpeg;Zarah_Leander;F;125;468;254;339;
DieGrosseLiebe-111060.jpeg;Viktor_Staal;M;82;497;211;368;
DieGrosseLiebe-111185.jpeg;Zarah_Leander;F;163;617;271;509;
DieGrosseLiebe-111310.jpeg;Zarah_Leander;F;140;521;247;414;
DieGrosseLiebe-111460.jpeg;Zarah_Leander;F;96;411;225;282;
DieGrosseLiebe-117088.jpeg;Zarah_Leander;F;116;425;270;270;
DieGrosseLiebe-117213.jpeg;Zarah_Leander;F;116;425;270;270;
DieGrosseLiebe-119001.jpeg;Zarah_Leander;F;213;229;287;154;
DieGrosseLiebe-119626.jpeg;Grethe_Weiser;F;38;458;90;406;
DieGrosseLiebe-119876.jpeg;Zarah_Leander;F;221;502;296;428;
DieGrosseLiebe-119876.jpeg;Grethe_Weiser;F;72;303;146;229;
DieGrosseLiebe-121510.jpeg;Zarah_Leander;F;170;501;206;465;
DieGrosseLiebe-122660.jpeg;Zarah_Leander;F;96;454;225;325;
DieGrosseLiebe-122910.jpeg;Grethe_Weiser;F;122;487;184;425;
DieGrosseLiebe-123175.jpeg;Zarah_Leander;F;104;426;211;318;
DieGrosseLiebe-123300.jpeg;Zarah_Leander;F;104;426;211;318;
DieGrosseLiebe-124218.jpeg;Zarah_Leander;F;98;469;284;283;
DieGrosseLiebe-124318.jpeg;Zarah_Leander;F;98;469;284;283;
DieGrosseLiebe-124468.jpeg;Zarah_Leander;F;150;425;305;270;
DieGrosseLiebe-126643.jpeg;Zarah_Leander;F;116;545;223;438;
DieGrosseLiebe-128406.jpeg;Zarah_Leander;F;126;464;216;374;
DieGrosseLiebe-128806.jpeg;Zarah_Leander;F;213;519;287;444;
DieGrosseLiebe-129181.jpeg;Zarah_Leander;F;186;563;275;474;
DieGrosseLiebe-129306.jpeg;Zarah_Leander;F;186;563;275;474;
DieGrosseLiebe-129556.jpeg;Zarah_Leander;F;110;425;239;296;
DieGrosseLiebe-130797.jpeg;Zarah_Leander;F;217;513;440;291;
DieGrosseLiebe-130947.jpeg;Zarah_Leander;F;167;464;390;241;
DieGrosseLiebe-131072.jpeg;Zarah_Leander;F;192;464;415;241;
DieGrosseLiebe-131719.jpeg;Zarah_Leander;F;259;617;367;509;
DieGrosseLiebe-131844.jpeg;Zarah_Leander;F;221;494;296;419;
DieGrosseLiebe-132866.jpeg;Zarah_Leander;F;98;353;134;317;
DieGrosseLiebe-134655.jpeg;Zarah_Leander;F;96;404;186;315;
DieGrosseLiebe-134905.jpeg;Zarah_Leander;F;106;404;196;315;
DieGrosseLiebe-135430.jpeg;Zarah_Leander;F;116;450;223;342;
DieGrosseLiebe-135555.jpeg;Zarah_Leander;F;93;464;316;241;
DieGrosseLiebe-135805.jpeg;Grethe_Weiser;F;133;476;288;322;
DieGrosseLiebe-135949.jpeg;Zarah_Leander;F;118;448;304;262;
DieGrosseLiebe-136315.jpeg;Zarah_Leander;F;139;469;325;283;
DieGrosseLiebe-136715.jpeg;Zarah_Leander;F;63;491;384;170;
DieGrosseLiebe-136840.jpeg;Zarah_Leander;F;112;498;379;230;
DieGrosseLiebe-13749.jpeg;Zarah_Leander;F;126;285;216;195;
DieGrosseLiebe-138070.jpeg;Zarah_Leander;F;98;442;253;287;
DieGrosseLiebe-138344.jpeg;Zarah_Leander;F;73;363;135;301;
DieGrosseLiebe-138738.jpeg;Zarah_Leander;F;88;453;163;378;
DieGrosseLiebe-138987.jpeg;Zarah_Leander;F;139;483;268;354;
DieGrosseLiebe-139858.jpeg;Zarah_Leander;F;139;454;268;325;
DieGrosseLiebe-140383.jpeg;Viktor_Staal;M;133;459;288;304;
DieGrosseLiebe-140508.jpeg;Zarah_Leander;F;153;454;282;325;
DieGrosseLiebe-141033.jpeg;Viktor_Staal;M;93;340;316;117;
DieGrosseLiebe-141033.jpeg;Zarah_Leander;F;192;588;415;365;
DieGrosseLiebe-14387.jpeg;Grethe_Weiser;F;216;364;305;275;
DieGrosseLiebe-14753.jpeg;Zarah_Leander;F;136;474;226;384;
DieGrosseLiebe-15121.jpeg;Zarah_Leander;F;130;403;204;328;
DieGrosseLiebe-18701.jpeg;Zarah_Leander;F;116;425;270;270;
DieGrosseLiebe-18950.jpeg;Zarah_Leander;F;133;476;288;322;
DieGrosseLiebe-19225.jpeg;Zarah_Leander;F;116;442;270;287;
DieGrosseLiebe-21018.jpeg;Zarah_Leander;F;116;533;223;426;
DieGrosseLiebe-21131.jpeg;Zarah_Leander;F;104;581;211;474;
DieGrosseLiebe-21256.jpeg;Zarah_Leander;F;136;593;226;504;
DieGrosseLiebe-2204.jpeg;Viktor_Staal;M;19;489;242;266;
DieGrosseLiebe-23165.jpeg;Zarah_Leander;F;125;583;254;454;
DieGrosseLiebe-23290.jpeg;Zarah_Leander;F;125;583;254;454;
DieGrosseLiebe-23690.jpeg;Zarah_Leander;F;125;569;254;440;
DieGrosseLiebe-23815.jpeg;Zarah_Leander;F;125;583;254;454;
DieGrosseLiebe-2392.jpeg;Viktor_Staal;M;43;489;266;266;
DieGrosseLiebe-24060.jpeg;Zarah_Leander;F;125;569;254;440;
DieGrosseLiebe-24185.jpeg;Zarah_Leander;F;110;569;239;440;
DieGrosseLiebe-24310.jpeg;Zarah_Leander;F;139;526;268;397;
DieGrosseLiebe-24435.jpeg;Zarah_Leander;F;125;554;254;425;
DieGrosseLiebe-25184.jpeg;Zarah_Leander;F;150;442;305;287;
DieGrosseLiebe-25334.jpeg;Zarah_Leander;F;150;425;305;270;
DieGrosseLiebe-2559.jpeg;Viktor_Staal;M;68;439;291;216;
DieGrosseLiebe-25703.jpeg;Viktor_Staal;M;82;454;211;325;
DieGrosseLiebe-27345.jpeg;Zarah_Leander;F;113;348;164;296;
DieGrosseLiebe-27595.jpeg;Zarah_Leander;F;94;342;156;280;
DieGrosseLiebe-27820.jpeg;Zarah_Leander;F;86;275;176;185;
DieGrosseLiebe-28095.jpeg;Zarah_Leander;F;104;414;211;306;
DieGrosseLiebe-28616.jpeg;Zarah_Leander;F;126;494;216;404;
DieGrosseLiebe-28741.jpeg;Zarah_Leander;F;126;494;216;404;
DieGrosseLiebe-29016.jpeg;Zarah_Leander;F;128;462;235;354;
DieGrosseLiebe-31443.jpeg;Viktor_Staal;M;86;325;176;235;
DieGrosseLiebe-32058.jpeg;Zarah_Leander;F;86;414;176;325;
DieGrosseLiebe-32183.jpeg;Zarah_Leander;F;86;424;176;335;
DieGrosseLiebe-32308.jpeg;Zarah_Leander;F;80;354;187;247;
DieGrosseLiebe-33980.jpeg;Zarah_Leander;F;67;468;196;339;
DieGrosseLiebe-36650.jpeg;Zarah_Leander;F;126;484;216;394;
DieGrosseLiebe-37275.jpeg;Zarah_Leander;F;104;438;211;330;
DieGrosseLiebe-38075.jpeg;Zarah_Leander;F;94;515;156;453;
DieGrosseLiebe-41135.jpeg;Zarah_Leander;F;142;489;365;266;
DieGrosseLiebe-41504.jpeg;Zarah_Leander;F;188;561;239;510;
DieGrosseLiebe-41504.jpeg;Grethe_Weiser;F;67;446;118;394;
DieGrosseLiebe-41504.jpeg;Viktor_Staal;M;156;335;218;273;
DieGrosseLiebe-41654.jpeg;Zarah_Leander;F;139;597;268;468;
DieGrosseLiebe-41754.jpeg;Zarah_Leander;F;125;597;254;468;
DieGrosseLiebe-41904.jpeg;Zarah_Leander;F;139;569;268;440;
DieGrosseLiebe-41904.jpeg;Viktor_Staal;M;125;296;254;167;
DieGrosseLiebe-42029.jpeg;Zarah_Leander;F;82;526;211;397;
DieGrosseLiebe-42525.jpeg;Viktor_Staal;M;211;389;262;337;
DieGrosseLiebe-42775.jpeg;Zarah_Leander;F;260;570;322;508;
DieGrosseLiebe-42775.jpeg;Zarah_Leander;F;287;270;362;196;
DieGrosseLiebe-43422.jpeg;Viktor_Staal;M;56;285;146;195;
DieGrosseLiebe-43822.jpeg;Grethe_Weiser;F;146;486;221;411;
DieGrosseLiebe-43947.jpeg;Viktor_Staal;M;56;275;146;185;
DieGrosseLiebe-43947.jpeg;Grethe_Weiser;F;163;544;237;469;
DieGrosseLiebe-45222.jpeg;Zarah_Leander;F;128;557;235;450;
DieGrosseLiebe-45472.jpeg;Zarah_Leander;F;128;569;235;462;
DieGrosseLiebe-45730.jpeg;Grethe_Weiser;F;237;320;312;245;
DieGrosseLiebe-46245.jpeg;Grethe_Weiser;F;130;435;182;383;
DieGrosseLiebe-46370.jpeg;Grethe_Weiser;F;130;429;182;377;
DieGrosseLiebe-46635.jpeg;Zarah_Leander;F;96;527;171;453;
DieGrosseLiebe-48481.jpeg;Viktor_Staal;M;92;235;199;127;
DieGrosseLiebe-48631.jpeg;Viktor_Staal;M;96;225;186;135;
DieGrosseLiebe-48756.jpeg;Viktor_Staal;M;96;235;186;145;
DieGrosseLiebe-49540.jpeg;Zarah_Leander;F;116;474;206;384;
DieGrosseLiebe-49765.jpeg;Zarah_Leander;F;104;354;211;247;
DieGrosseLiebe-50283.jpeg;Zarah_Leander;F;92;426;199;318;
DieGrosseLiebe-50551.jpeg;Zarah_Leander;F;80;266;142;204;
DieGrosseLiebe-51296.jpeg;Zarah_Leander;F;121;303;196;229;
DieGrosseLiebe-52055.jpeg;Zarah_Leander;F;116;426;223;318;
DieGrosseLiebe-52302.jpeg;Zarah_Leander;F;125;440;254;311;
DieGrosseLiebe-52802.jpeg;Grethe_Weiser;F;130;486;204;411;
DieGrosseLiebe-53077.jpeg;Grethe_Weiser;F;118;448;161;405;
DieGrosseLiebe-53327.jpeg;Zarah_Leander;F;101;394;153;343;
DieGrosseLiebe-53852.jpeg;Grethe_Weiser;F;147;296;199;245;
DieGrosseLiebe-54227.jpeg;Grethe_Weiser;F;153;360;205;308;
DieGrosseLiebe-54877.jpeg;Grethe_Weiser;F;116;318;223;211;
DieGrosseLiebe-55125.jpeg;Hans_Schwarz;M;68;521;175;414;
DieGrosseLiebe-55400.jpeg;Grethe_Weiser;F;136;335;226;245;
DieGrosseLiebe-56023.jpeg;Grethe_Weiser;F;124;412;176;360;
DieGrosseLiebe-56148.jpeg;Grethe_Weiser;F;156;349;218;287;
DieGrosseLiebe-56148.jpeg;Hans_Schwarz;M;44;497;152;390;
DieGrosseLiebe-56298.jpeg;Grethe_Weiser;F;186;295;275;205;
DieGrosseLiebe-56820.jpeg;Grethe_Weiser;F;96;397;225;268;
DieGrosseLiebe-57945.jpeg;Zarah_Leander;F;160;469;345;283;
DieGrosseLiebe-58605.jpeg;Zarah_Leander;F;139;448;325;262;
DieGrosseLiebe-59130.jpeg;Zarah_Leander;F;156;504;245;414;
DieGrosseLiebe-59498.jpeg;Zarah_Leander;F;232;577;294;515;
DieGrosseLiebe-59723.jpeg;Zarah_Leander;F;166;534;255;444;
DieGrosseLiebe-60248.jpeg;Zarah_Leander;F;156;524;245;434;
DieGrosseLiebe-61539.jpeg;Zarah_Leander;F;113;478;188;403;
DieGrosseLiebe-62162.jpeg;Zarah_Leander;F;98;476;253;322;
DieGrosseLiebe-62404.jpeg;Zarah_Leander;F;139;411;268;282;
DieGrosseLiebe-62928.jpeg;Viktor_Staal;M;19;489;242;266;
DieGrosseLiebe-63603.jpeg;Zarah_Leander;F;125;511;254;382;
DieGrosseLiebe-63703.jpeg;Zarah_Leander;F;125;511;254;382;
DieGrosseLiebe-63853.jpeg;Zarah_Leander;F;110;511;239;382;
DieGrosseLiebe-65115.jpeg;Zarah_Leander;F;134;526;455;205;
DieGrosseLiebe-65490.jpeg;Zarah_Leander;F;82;454;211;325;
DieGrosseLiebe-66140.jpeg;Zarah_Leander;F;98;459;253;304;
DieGrosseLiebe-66901.jpeg;Viktor_Staal;M;68;438;175;330;
DieGrosseLiebe-67040.jpeg;Viktor_Staal;M;53;440;182;311;
DieGrosseLiebe-67140.jpeg;Viktor_Staal;M;67;454;196;325;
DieGrosseLiebe-67390.jpeg;Viktor_Staal;M;297;210;426;81;
DieGrosseLiebe-67790.jpeg;Zarah_Leander;F;311;368;440;239;
DieGrosseLiebe-67903.jpeg;Zarah_Leander;F;282;354;411;225;
DieGrosseLiebe-68749.jpeg;Zarah_Leander;F;125;526;254;397;
DieGrosseLiebe-68999.jpeg;Zarah_Leander;F;152;509;259;402;
DieGrosseLiebe-69274.jpeg;Zarah_Leander;F;139;511;268;382;
DieGrosseLiebe-70024.jpeg;Viktor_Staal;M;96;196;171;121;
DieGrosseLiebe-70299.jpeg;Viktor_Staal;M;130;262;204;187;
DieGrosseLiebe-70399.jpeg;Viktor_Staal;M;86;354;176;265;
DieGrosseLiebe-71198.jpeg;Grethe_Weiser;F;155;386;229;312;
DieGrosseLiebe-71833.jpeg;Zarah_Leander;F;223;306;331;199;
DieGrosseLiebe-71958.jpeg;Zarah_Leander;F;223;294;331;187;
DieGrosseLiebe-72183.jpeg;Zarah_Leander;F;211;306;319;199;
DieGrosseLiebe-72333.jpeg;Zarah_Leander;F;211;294;319;187;
DieGrosseLiebe-72458.jpeg;Zarah_Leander;F;211;354;319;247;
DieGrosseLiebe-72697.jpeg;Grethe_Weiser;F;155;179;229;104;
DieGrosseLiebe-76928.jpeg;Viktor_Staal;M;82;468;211;339;
DieGrosseLiebe-77153.jpeg;Zarah_Leander;F;80;533;187;426;
DieGrosseLiebe-77428.jpeg;Zarah_Leander;F;80;509;187;402;
DieGrosseLiebe-80003.jpeg;Zarah_Leander;F;92;426;199;318;
DieGrosseLiebe-80128.jpeg;Zarah_Leander;F;92;485;199;378;
DieGrosseLiebe-80522.jpeg;Zarah_Leander;F;80;426;187;318;
DieGrosseLiebe-81137.jpeg;Zarah_Leander;F;126;374;216;285;
DieGrosseLiebe-81277.jpeg;Zarah_Leander;F;80;426;187;318;
DieGrosseLiebe-81402.jpeg;Zarah_Leander;F;92;378;199;270;
DieGrosseLiebe-82528.jpeg;Viktor_Staal;M;26;285;116;195;
DieGrosseLiebe-82653.jpeg;Viktor_Staal;M;56;285;146;195;
DieGrosseLiebe-82903.jpeg;Viktor_Staal;M;66;325;156;235;
DieGrosseLiebe-83691.jpeg;Zarah_Leander;F;146;486;221;411;
DieGrosseLiebe-83941.jpeg;Zarah_Leander;F;149;481;211;418;
DieGrosseLiebe-84066.jpeg;Zarah_Leander;F;167;425;322;270;
DieGrosseLiebe-84216.jpeg;Zarah_Leander;F;184;425;339;270;
DieGrosseLiebe-84591.jpeg;Zarah_Leander;F;150;408;305;253;
DieGrosseLiebe-84691.jpeg;Zarah_Leander;F;133;425;288;270;
DieGrosseLiebe-86482.jpeg;Viktor_Staal;M;94;432;156;370;
DieGrosseLiebe-87907.jpeg;Zarah_Leander;F;205;515;267;453;
DieGrosseLiebe-90462.jpeg;Wolfgang_Preiss;M;67;440;196;311;
DieGrosseLiebe-90580.jpeg;Viktor_Staal;M;81;580;236;425;
DieGrosseLiebe-90705.jpeg;Viktor_Staal;M;98;390;253;236;
DieGrosseLiebe-92755.jpeg;Zarah_Leander;F;237;544;312;469;
DieGrosseLiebe-92880.jpeg;Grethe_Weiser;F;237;544;312;469;
DieGrosseLiebe-93255.jpeg;Zarah_Leander;F;218;266;281;204;
DieGrosseLiebe-9466.jpeg;Zarah_Leander;F;76;404;166;315;
DieGrosseLiebe-96733.jpeg;Grethe_Weiser;F;147;222;199;170;
DieGrosseLiebe-97847.jpeg;Hans_Schwarz;M;63;552;138;478;
DieGrosseLiebe-98122.jpeg;Grethe_Weiser;F;96;494;171;419;
DieGrosseLiebe-98247.jpeg;Grethe_Weiser;F;96;502;171;428;
DieGrosseLiebe-98372.jpeg;Grethe_Weiser;F;130;560;204;486;
DieGrosseLiebe-99422.jpeg;Grethe_Weiser;F;130;511;204;436;
DieUnheimlicheWandlungdesAlexRoscherOscarSima-101280.jpeg;Martha_Ziegler;F;253;476;408;322;
DieUnheimlicheWandlungdesAlexRoscherOscarSima-102240.jpeg;Viktoria_von_Ballasko;F;290;557;558;290;
DieUnheimlicheWandlungdesAlexRoscherOscarSima-102400.jpeg;Viktoria_von_Ballasko;F;290;557;558;290;
DieUnheimlicheWandlungdesAlexRoscherOscarSima-102560.jpeg;Lisa_Helwig;F;290;557;558;290;
DieUnheimlicheWandlungdesAlexRoscherOscarSima-107360.jpeg;Angela_Salloker;F;222;551;407;366;
DieUnheimlicheWandlungdesAlexRoscherOscarSima-107520.jpeg;Angela_Salloker;F;236;683;391;528;
DieUnheimlicheWandlungdesAlexRoscherOscarSima-113600.jpeg;Martha_Ziegler;F;202;562;356;408;
DieUnheimlicheWandlungdesAlexRoscherOscarSima-118400.jpeg;Karl_Martell;M;184;597;339;442;
DieUnheimlicheWandlungdesAlexRoscherOscarSima-120640.jpeg;Hilde_von_Stolz;F;201;587;468;319;
DieUnheimlicheWandlungdesAlexRoscherOscarSima-126720.jpeg;Inge_Landgut;F;266;637;489;414;
DieUnheimlicheWandlungdesAlexRoscherOscarSima-133760.jpeg;Edith_Oss;F;222;613;407;428;
DieUnheimlicheWandlungdesAlexRoscherOscarSima-145760.jpeg;Rudolf_Prack;M;168;583;297;454;
DieUnheimlicheWandlungdesAlexRoscherOscarSima-21120.jpeg;Inge_Landgut;F;152;390;259;282;
DieUnheimlicheWandlungdesAlexRoscherOscarSima-21440.jpeg;Martha_Ziegler;F;163;402;271;294;
DieUnheimlicheWandlungdesAlexRoscherOscarSima-21600.jpeg;Martha_Ziegler;F;163;402;271;294;
DieUnheimlicheWandlungdesAlexRoscherOscarSima-40000.jpeg;Ursula_Grabley;F;329;212;403;137;
DieUnheimlicheWandlungdesAlexRoscherOscarSima-40480.jpeg;Maria_Nicklisch;F;325;669;454;540;
DieUnheimlicheWandlungdesAlexRoscherOscarSima-40960.jpeg;Inge_List;F;311;669;440;540;
DieUnheimlicheWandlungdesAlexRoscherOscarSima-54240.jpeg;Angela_Salloker;F;262;328;337;254;
DieUnheimlicheWandlungdesAlexRoscherOscarSima-56160.jpeg;Karl_Martell;M;202;597;356;442;
DieUnheimlicheWandlungdesAlexRoscherOscarSima-56640.jpeg;Karl_Martell;M;225;612;354;483;
DieUnheimlicheWandlungdesAlexRoscherOscarSima-61600.jpeg;Rudolf_Prack;M;219;494;374;339;
DieUnheimlicheWandlungdesAlexRoscherOscarSima-61784.jpeg;Karl_Martell;M;219;494;374;339;
DieUnheimlicheWandlungdesAlexRoscherOscarSima-62124.jpeg;Rudolf_Prack;M;182;397;311;268;
DieUnheimlicheWandlungdesAlexRoscherOscarSima-62400.jpeg;Rudolf_Prack;M;182;397;311;268;
DieUnheimlicheWandlungdesAlexRoscherOscarSima-68640.jpeg;Angela_Salloker;F;270;304;425;150;
DieUnheimlicheWandlungdesAlexRoscherOscarSima-73920.jpeg;Hilde_von_Stolz;F;146;718;221;643;
DieUnheimlicheWandlungdesAlexRoscherOscarSima-74080.jpeg;Hilde_von_Stolz;F;155;718;229;643;
DieUnheimlicheWandlungdesAlexRoscherOscarSima-76960.jpeg;Angela_Salloker;F;259;665;367;557;
DieUnheimlicheWandlungdesAlexRoscherOscarSima-77920.jpeg;Hilde_Krahl;F;241;562;562;241;
DieUnheimlicheWandlungdesAlexRoscherOscarSima-79680.jpeg;Rudolf_Prack;M;260;617;528;349;
DieUnheimlicheWandlungdesAlexRoscherOscarSima-82720.jpeg;Maria_Nicklisch;F;211;318;319;211;
DieUnheimlicheWandlungdesAlexRoscherOscarSima-83040.jpeg;Angela_Salloker;F;270;373;425;218;
DieUnheimlicheWandlungdesAlexRoscherOscarSima-8320.jpeg;Eduard_von_Winterstein;M;184;752;339;597;
DieUnheimlicheWandlungdesAlexRoscherOscarSima-83200.jpeg;Hilde_Krahl;F;305;356;460;201;
DieUnheimlicheWandlungdesAlexRoscherOscarSima-83360.jpeg;Maria_Nicklisch;F;288;373;442;218;
DieUnheimlicheWandlungdesAlexRoscherOscarSima-90720.jpeg;Edith_Oss;F;245;643;335;554;
DieUnheimlicheWandlungdesAlexRoscherOscarSima-94080.jpeg;Angela_Salloker;F;239;468;368;339;
DonnerBlitzundSonnenschein-109373.jpeg;Reinhold_Bernt;M;205;147;257;95;
DonnerBlitzundSonnenschein-112880.jpeg;Ilse_Petri;F;139;540;268;411;
DonnerBlitzundSonnenschein-113201.jpeg;Ilse_Petri;F;125;526;254;397;
DonnerBlitzundSonnenschein-118380.jpeg;Ilse_Petri;F;110;225;239;96;
DonnerBlitzundSonnenschein-118531.jpeg;Ilse_Petri;F;139;239;268;110;
DonnerBlitzundSonnenschein-17731.jpeg;Volker_von_Collande;M;98;322;253;167;
DonnerBlitzundSonnenschein-18059.jpeg;Hans_Leibelt;M;67;382;196;253;
DonnerBlitzundSonnenschein-21591.jpeg;Ilse_Petri;F;10;454;139;325;
DonnerBlitzundSonnenschein-31671.jpeg;Ilse_Petri;F;150;408;305;253;
DonnerBlitzundSonnenschein-31760.jpeg;Ilse_Petri;F;98;390;253;236;
DonnerBlitzundSonnenschein-32391.jpeg;Ilse_Petri;F;53;354;182;225;
DonnerBlitzundSonnenschein-41774.jpeg;Ilse_Petri;F;176;434;265;344;
DonnerBlitzundSonnenschein-42088.jpeg;Ilse_Petri;F;166;414;255;325;
DonnerBlitzundSonnenschein-57567.jpeg;Ilse_Petri;F;198;308;260;246;
DonnerBlitzundSonnenschein-71828.jpeg;Reinhold_Bernt;M;57;407;242;221;
DonnerBlitzundSonnenschein-73841.jpeg;Reinhold_Bernt;M;82;296;211;167;
DonnerBlitzundSonnenschein-80036.jpeg;Hans_Leibelt;M;176;335;265;245;
DonnerBlitzundSonnenschein-80475.jpeg;Ilse_Petri;F;92;450;199;342;
DonnerBlitzundSonnenschein-81067.jpeg;Hans_Leibelt;M;139;196;268;67;
DonnerBlitzundSonnenschein-82536.jpeg;Ilse_Petri;F;59;121;122;59;
DonnerBlitzundSonnenschein-90202.jpeg;Ilse_Petri;F;70;204;113;160;
DonnerBlitzundSonnenschein-92160.jpeg;Reinhold_Bernt;M;92;533;199;426;
DonnerBlitzundSonnenschein-94455.jpeg;Hans_Leibelt;M;108;280;170;218;
DreizehnSthleHeinzRhmannHansMoserIngeListRudolfCarlHedwigBleibtreuEWEmo-10752.jpeg;Clementia_Egies;F;63;361;138;287;
DreizehnSthleHeinzRhmannHansMoserIngeListRudolfCarlHedwigBleibtreuEWEmo-127616.jpeg;Clementia_Egies;F;54;281;90;245;
DreizehnSthleHeinzRhmannHansMoserIngeListRudolfCarlHedwigBleibtreuEWEmo-135168.jpeg;Hans_Moser;M;46;265;136;175;
DreizehnSthleHeinzRhmannHansMoserIngeListRudolfCarlHedwigBleibtreuEWEmo-31744.jpeg;Clementia_Egies;F;87;197;149;135;
DreizehnSthleHeinzRhmannHansMoserIngeListRudolfCarlHedwigBleibtreuEWEmo-32256.jpeg;Inge_List;F;80;183;142;121;
DreizehnSthleHeinzRhmannHansMoserIngeListRudolfCarlHedwigBleibtreuEWEmo-32384.jpeg;Inge_List;F;87;197;149;135;
DreizehnSthleHeinzRhmannHansMoserIngeListRudolfCarlHedwigBleibtreuEWEmo-32512.jpeg;Inge_List;F;87;183;149;121;
DreizehnSthleHeinzRhmannHansMoserIngeListRudolfCarlHedwigBleibtreuEWEmo-32896.jpeg;Inge_List;F;87;197;149;135;
DreizehnSthleHeinzRhmannHansMoserIngeListRudolfCarlHedwigBleibtreuEWEmo-33152.jpeg;Inge_List;F;87;183;149;121;
DreizehnSthleHeinzRhmannHansMoserIngeListRudolfCarlHedwigBleibtreuEWEmo-33408.jpeg;Inge_List;F;87;183;149;121;
DreizehnSthleHeinzRhmannHansMoserIngeListRudolfCarlHedwigBleibtreuEWEmo-33792.jpeg;Inge_List;F;94;176;156;114;
DreizehnSthleHeinzRhmannHansMoserIngeListRudolfCarlHedwigBleibtreuEWEmo-51712.jpeg;Karl_Skraup;M;50;256;94;213;
DreizehnSthleHeinzRhmannHansMoserIngeListRudolfCarlHedwigBleibtreuEWEmo-73216.jpeg;Clementia_Egies;F;68;270;175;163;
DreizehnSthleHeinzRhmannHansMoserIngeListRudolfCarlHedwigBleibtreuEWEmo-73600.jpeg;Clementia_Egies;F;78;227;130;175;
DreizehnSthleHeinzRhmannHansMoserIngeListRudolfCarlHedwigBleibtreuEWEmo-73728.jpeg;Clementia_Egies;F;78;222;130;170;
DreizehnSthleHeinzRhmannHansMoserIngeListRudolfCarlHedwigBleibtreuEWEmo-73856.jpeg;Clementia_Egies;F;59;232;122;170;
DreizehnSthleHeinzRhmannHansMoserIngeListRudolfCarlHedwigBleibtreuEWEmo-75008.jpeg;Clementia_Egies;F;101;259;163;197;
DreizehnSthleHeinzRhmannHansMoserIngeListRudolfCarlHedwigBleibtreuEWEmo-75136.jpeg;Clementia_Egies;F;101;259;163;197;
DreizehnSthleHeinzRhmannHansMoserIngeListRudolfCarlHedwigBleibtreuEWEmo-80128.jpeg;Clementia_Egies;F;96;253;225;124;
DreizehnSthleHeinzRhmannHansMoserIngeListRudolfCarlHedwigBleibtreuEWEmo-80256.jpeg;Clementia_Egies;F;116;235;206;145;
DreizehnSthleHeinzRhmannHansMoserIngeListRudolfCarlHedwigBleibtreuEWEmo-80384.jpeg;Clementia_Egies;F;104;211;211;103;
DreizehnSthleHeinzRhmannHansMoserIngeListRudolfCarlHedwigBleibtreuEWEmo-92160.jpeg;Inge_List;F;82;311;211;182;
DreizehnSthleHeinzRhmannHansMoserIngeListRudolfCarlHedwigBleibtreuEWEmo-92288.jpeg;Inge_List;F;82;311;211;182;
DreizehnSthleHeinzRhmannHansMoserIngeListRudolfCarlHedwigBleibtreuEWEmo-94336.jpeg;Clementia_Egies;F;96;235;186;145;
DreizehnSthleHeinzRhmannHansMoserIngeListRudolfCarlHedwigBleibtreuEWEmo-9472.jpeg;Clementia_Egies;F;82;282;211;153;
DreizehnSthleHeinzRhmannHansMoserIngeListRudolfCarlHedwigBleibtreuEWEmo-9600.jpeg;Inge_List;F;104;270;211;163;
DreizehnSthleHeinzRhmannHansMoserIngeListRudolfCarlHedwigBleibtreuEWEmo-97024.jpeg;Inge_List;F;101;204;163;142;
DreizehnSthleHeinzRhmannHansMoserIngeListRudolfCarlHedwigBleibtreuEWEmo-97152.jpeg;Inge_List;F;101;211;163;149;
DreizehnSthleHeinzRhmannHansMoserIngeListRudolfCarlHedwigBleibtreuEWEmo-98176.jpeg;Inge_List;F;102;101;138;65;
DreizehnSthleHeinzRhmannHansMoserIngeListRudolfCarlHedwigBleibtreuEWEmo-98688.jpeg;Inge_List;F;55;106;107;55;
FrauensinddochbessereDiplomaten-102080.jpeg;Hans_Leibelt;M;152;629;259;521;
FrauensinddochbessereDiplomaten-105108.jpeg;Willy_Fritsch;M;167;687;390;464;
FrauensinddochbessereDiplomaten-105379.jpeg;Willy_Fritsch;M;167;662;390;439;
FrauensinddochbessereDiplomaten-105592.jpeg;Willy_Fritsch;M;142;662;365;439;
FrauensinddochbessereDiplomaten-105600.jpeg;Willy_Fritsch;M;142;662;365;439;
FrauensinddochbessereDiplomaten-114595.jpeg;Carl_Kuhlmann;M;150;425;305;270;
FrauensinddochbessereDiplomaten-121336.jpeg;Willy_Fritsch;M;142;613;365;390;
FrauensinddochbessereDiplomaten-124964.jpeg;Ursula_Herking;F;139;497;268;368;
FrauensinddochbessereDiplomaten-125440.jpeg;Ursula_Herking;F;152;474;259;366;
FrauensinddochbessereDiplomaten-126240.jpeg;Willy_Fritsch;M;96;655;225;526;
FrauensinddochbessereDiplomaten-126880.jpeg;Willy_Fritsch;M;125;411;254;282;
FrauensinddochbessereDiplomaten-127040.jpeg;Willy_Fritsch;M;96;511;225;382;
FrauensinddochbessereDiplomaten-135680.jpeg;Willy_Fritsch;M;146;345;221;270;
FrauensinddochbessereDiplomaten-137280.jpeg;Ursula_Herking;F;125;855;254;726;
FrauensinddochbessereDiplomaten-143200.jpeg;Ursula_Herking;F;92;366;199;259;
FrauensinddochbessereDiplomaten-17920.jpeg;Willy_Fritsch;M;125;339;254;210;
FrauensinddochbessereDiplomaten-18217.jpeg;Willy_Fritsch;M;140;497;247;390;
FrauensinddochbessereDiplomaten-22572.jpeg;Willy_Fritsch;M;98;613;284;428;
FrauensinddochbessereDiplomaten-26677.jpeg;Willy_Fritsch;M;167;588;390;365;
FrauensinddochbessereDiplomaten-28960.jpeg;Willy_Fritsch;M;82;669;211;540;
FrauensinddochbessereDiplomaten-29844.jpeg;Willy_Fritsch;M;142;588;365;365;
FrauensinddochbessereDiplomaten-30090.jpeg;Willy_Fritsch;M;142;563;365;340;
FrauensinddochbessereDiplomaten-32093.jpeg;Willy_Fritsch;M;133;562;288;408;
FrauensinddochbessereDiplomaten-35760.jpeg;Carl_Kuhlmann;M;184;597;339;442;
FrauensinddochbessereDiplomaten-35840.jpeg;Carl_Kuhlmann;M;202;597;356;442;
FrauensinddochbessereDiplomaten-36055.jpeg;Carl_Kuhlmann;M;202;597;356;442;
FrauensinddochbessereDiplomaten-36196.jpeg;Carl_Kuhlmann;M;202;597;356;442;
FrauensinddochbessereDiplomaten-36539.jpeg;Carl_Kuhlmann;M;180;613;366;428;
FrauensinddochbessereDiplomaten-36640.jpeg;Carl_Kuhlmann;M;201;613;387;428;
FrauensinddochbessereDiplomaten-39360.jpeg;Willy_Fritsch;M;142;646;409;379;
FrauensinddochbessereDiplomaten-44000.jpeg;Willy_Fritsch;M;175;629;283;521;
FrauensinddochbessereDiplomaten-44550.jpeg;Willy_Fritsch;M;96;655;225;526;
FrauensinddochbessereDiplomaten-44719.jpeg;Willy_Fritsch;M;96;583;225;454;
FrauensinddochbessereDiplomaten-45968.jpeg;Willy_Fritsch;M;160;489;345;304;
FrauensinddochbessereDiplomaten-46080.jpeg;Willy_Fritsch;M;77;551;263;366;
FrauensinddochbessereDiplomaten-47200.jpeg;Willy_Fritsch;M;116;545;223;438;
FrauensinddochbessereDiplomaten-48640.jpeg;Willy_Fritsch;M;133;614;288;459;
FrauensinddochbessereDiplomaten-48800.jpeg;Willy_Fritsch;M;150;614;305;459;
FrauensinddochbessereDiplomaten-6080.jpeg;Carl_Kuhlmann;M;175;497;283;390;
FrauensinddochbessereDiplomaten-6720.jpeg;Carl_Kuhlmann;M;125;411;254;282;
FrauensinddochbessereDiplomaten-80480.jpeg;Willy_Fritsch;M;354;619;428;544;
FrauensinddochbessereDiplomaten-84480.jpeg;Willy_Fritsch;M;211;509;319;402;
FrauensinddochbessereDiplomaten-87840.jpeg;Willy_Fritsch;M;110;397;239;268;
FrauensinddochbessereDiplomaten-89760.jpeg;Ursula_Herking;F;225;425;354;296;
FrauensinddochbessereDiplomaten-89920.jpeg;Ursula_Herking;F;202;390;356;236;
FrauensinddochbessereDiplomaten-90400.jpeg;Ursula_Herking;F;211;440;340;311;
FrauensinddochbessereDiplomaten-93280.jpeg;Willy_Fritsch;M;139;612;268;483;
FrauensinddochbessereDiplomaten-94080.jpeg;Willy_Fritsch;M;82;741;211;612;
GeheimzeichenLBWillyBirgelReneDeltgenia-100608.jpeg;Clementia_Egies;F;263;655;449;469;
GeheimzeichenLBWillyBirgelReneDeltgenia-100864.jpeg;Elga_Brink;F;236;614;391;459;
GeheimzeichenLBWillyBirgelReneDeltgenia-100992.jpeg;Hilde_von_Stolz;F;219;597;374;442;
GeheimzeichenLBWillyBirgelReneDeltgenia-101120.jpeg;Otto_Wernicke;M;77;737;263;551;
GeheimzeichenLBWillyBirgelReneDeltgenia-101248.jpeg;Otto_Wernicke;M;68;736;291;513;
GeheimzeichenLBWillyBirgelReneDeltgenia-105856.jpeg;Otto_Wernicke;M;43;761;266;538;
GeheimzeichenLBWillyBirgelReneDeltgenia-114432.jpeg;Marina_von_Ditmar;F;113;668;188;594;
GeheimzeichenLBWillyBirgelReneDeltgenia-115584.jpeg;Brigitte_Horney;F;43;835;266;613;
GeheimzeichenLBWillyBirgelReneDeltgenia-115840.jpeg;Hella_Graf;F;68;712;291;489;
GeheimzeichenLBWillyBirgelReneDeltgenia-116224.jpeg;Annemarie_Korff;F;77;737;263;551;
GeheimzeichenLBWillyBirgelReneDeltgenia-116352.jpeg;Hella_Graf;F;98;799;284;613;
GeheimzeichenLBWillyBirgelReneDeltgenia-116608.jpeg;Hilde_Weissner;F;150;855;305;700;
GeheimzeichenLBWillyBirgelReneDeltgenia-127744.jpeg;Herbert_Gernot;M;98;944;284;758;
GeheimzeichenLBWillyBirgelReneDeltgenia-127872.jpeg;Herbert_Gernot;M;118;861;304;675;
GeheimzeichenLBWillyBirgelReneDeltgenia-157824.jpeg;Willy_Birgel;M;139;593;325;407;
GeheimzeichenLBWillyBirgelReneDeltgenia-157952.jpeg;Willy_Birgel;M;139;613;325;428;
GeheimzeichenLBWillyBirgelReneDeltgenia-163072.jpeg;Hubert_von_Meyerinck;M;168;798;297;669;
GeheimzeichenLBWillyBirgelReneDeltgenia-44032.jpeg;Hilde_von_Stolz;F;94;584;156;522;
GeheimzeichenLBWillyBirgelReneDeltgenia-45440.jpeg;Julia_Serda;F;139;769;268;640;
GeheimzeichenLBWillyBirgelReneDeltgenia-56448.jpeg;Otto_Wernicke;M;142;795;409;527;
GeheimzeichenLBWillyBirgelReneDeltgenia-56832.jpeg;Otto_Wernicke;M;171;795;439;527;
GeheimzeichenLBWillyBirgelReneDeltgenia-56960.jpeg;Otto_Wernicke;M;142;795;409;527;
GeheimzeichenLBWillyBirgelReneDeltgenia-58112.jpeg;Otto_Wernicke;M;201;1005;387;820;
GeheimzeichenLBWillyBirgelReneDeltgenia-58368.jpeg;Otto_Wernicke;M;236;941;391;786;
GeheimzeichenLBWillyBirgelReneDeltgenia-62336.jpeg;Brigitte_Horney;F;116;580;270;425;
GeheimzeichenLBWillyBirgelReneDeltgenia-66560.jpeg;Dorit_Kreysler;F;126;852;216;763;
GeheimzeichenLBWillyBirgelReneDeltgenia-76672.jpeg;Herbert_Gernot;M;81;855;236;700;
GeheimzeichenLBWillyBirgelReneDeltgenia-80512.jpeg;Elisabeth_Flickenschild;F;92;903;199;796;
GeheimzeichenLBWillyBirgelReneDeltgenia-81408.jpeg;Herbert_Gernot;M;82;612;211;483;
GeheimzeichenLBWillyBirgelReneDeltgenia-89728.jpeg;Dorit_Kreysler;F;251;872;303;821;
GeheimzeichenLBWillyBirgelReneDeltgenia-96128.jpeg;Hella_Graf;F;98;923;284;737;
GroeFreiheitNrHansAlbersVhsFilmDeutschia-10187.jpeg;Hans_Albers;M;106;335;196;245;
GroeFreiheitNrHansAlbersVhsFilmDeutschia-102841.jpeg;Gustav_Knuth;M;229;212;304;137;
GroeFreiheitNrHansAlbersVhsFilmDeutschia-103081.jpeg;Hans_Albers;M;80;353;155;278;
GroeFreiheitNrHansAlbersVhsFilmDeutschia-103201.jpeg;Hans_Albers;M;88;370;163;295;
GroeFreiheitNrHansAlbersVhsFilmDeutschia-103561.jpeg;Hans_Albers;M;77;407;263;221;
GroeFreiheitNrHansAlbersVhsFilmDeutschia-105128.jpeg;Ilse_Werner;F;139;382;268;253;
GroeFreiheitNrHansAlbersVhsFilmDeutschia-10530.jpeg;Hans_Albers;M;126;245;216;155;
GroeFreiheitNrHansAlbersVhsFilmDeutschia-10743.jpeg;Hans_Albers;M;126;354;216;265;
GroeFreiheitNrHansAlbersVhsFilmDeutschia-109755.jpeg;Hilde_Hildebrand;F;72;494;146;419;
GroeFreiheitNrHansAlbersVhsFilmDeutschia-110564.jpeg;Hilde_Hildebrand;F;106;514;196;424;
GroeFreiheitNrHansAlbersVhsFilmDeutschia-110987.jpeg;Hilde_Hildebrand;F;218;246;281;183;
GroeFreiheitNrHansAlbersVhsFilmDeutschia-111057.jpeg;Hilde_Hildebrand;F;225;246;288;183;
GroeFreiheitNrHansAlbersVhsFilmDeutschia-111414.jpeg;Hilde_Hildebrand;F;187;282;295;175;
GroeFreiheitNrHansAlbersVhsFilmDeutschia-111624.jpeg;Hilde_Hildebrand;F;211;354;340;225;
GroeFreiheitNrHansAlbersVhsFilmDeutschia-111998.jpeg;Hans_Albers;M;108;349;170;287;
GroeFreiheitNrHansAlbersVhsFilmDeutschia-112099.jpeg;Hans_Albers;M;96;444;186;354;
GroeFreiheitNrHansAlbersVhsFilmDeutschia-113424.jpeg;Hans_Albers;M;213;560;287;486;
GroeFreiheitNrHansAlbersVhsFilmDeutschia-113970.jpeg;Hilde_Hildebrand;F;139;354;268;225;
GroeFreiheitNrHansAlbersVhsFilmDeutschia-114110.jpeg;Hilde_Hildebrand;F;116;408;270;253;
GroeFreiheitNrHansAlbersVhsFilmDeutschia-115407.jpeg;Ilse_Werner;F;146;511;221;436;
GroeFreiheitNrHansAlbersVhsFilmDeutschia-115407.jpeg;Hilde_Hildebrand;F;138;378;213;303;
GroeFreiheitNrHansAlbersVhsFilmDeutschia-115522.jpeg;Ilse_Werner;F;146;504;236;414;
GroeFreiheitNrHansAlbersVhsFilmDeutschia-115522.jpeg;Hilde_Hildebrand;F;136;384;226;295;
GroeFreiheitNrHansAlbersVhsFilmDeutschia-115935.jpeg;Hilde_Hildebrand;F;126;374;216;285;
GroeFreiheitNrHansAlbersVhsFilmDeutschia-116295.jpeg;Hilde_Hildebrand;F;267;432;329;370;
GroeFreiheitNrHansAlbersVhsFilmDeutschia-116761.jpeg;Ilse_Werner;F;146;573;236;484;
GroeFreiheitNrHansAlbersVhsFilmDeutschia-116761.jpeg;Hilde_Hildebrand;F;156;414;245;325;
GroeFreiheitNrHansAlbersVhsFilmDeutschia-117001.jpeg;Gustav_Knuth;M;92;175;199;67;
GroeFreiheitNrHansAlbersVhsFilmDeutschia-117121.jpeg;Hilde_Hildebrand;F;171;411;246;337;
GroeFreiheitNrHansAlbersVhsFilmDeutschia-117121.jpeg;Ilse_Werner;F;146;544;236;454;
GroeFreiheitNrHansAlbersVhsFilmDeutschia-117628.jpeg;Hilde_Hildebrand;F;225;204;288;142;
GroeFreiheitNrHansAlbersVhsFilmDeutschia-117748.jpeg;Hilde_Hildebrand;F;225;204;288;142;
GroeFreiheitNrHansAlbersVhsFilmDeutschia-118794.jpeg;Ilse_Werner;F;104;247;211;139;
GroeFreiheitNrHansAlbersVhsFilmDeutschia-12908.jpeg;Hans_Albers;M;211;330;319;223;
GroeFreiheitNrHansAlbersVhsFilmDeutschia-130649.jpeg;Hans_Albers;M;196;335;285;245;
GroeFreiheitNrHansAlbersVhsFilmDeutschia-136390.jpeg;Hans_Albers;M;101;360;153;308;
GroeFreiheitNrHansAlbersVhsFilmDeutschia-136927.jpeg;Ilse_Werner;F;192;563;415;340;
GroeFreiheitNrHansAlbersVhsFilmDeutschia-138502.jpeg;Hans_Albers;M;82;354;211;225;
GroeFreiheitNrHansAlbersVhsFilmDeutschia-140494.jpeg;Hans_Albers;M;94;197;156;135;
GroeFreiheitNrHansAlbersVhsFilmDeutschia-140614.jpeg;Hans_Albers;M;94;197;156;135;
GroeFreiheitNrHansAlbersVhsFilmDeutschia-146885.jpeg;Ilse_Werner;F;142;557;409;290;
GroeFreiheitNrHansAlbersVhsFilmDeutschia-149520.jpeg;Hans_Albers;M;182;368;311;239;
GroeFreiheitNrHansAlbersVhsFilmDeutschia-14993.jpeg;Gustav_Knuth;M;199;569;307;462;
GroeFreiheitNrHansAlbersVhsFilmDeutschia-154144.jpeg;Hans_Albers;M;206;255;295;165;
GroeFreiheitNrHansAlbersVhsFilmDeutschia-15505.jpeg;Hilde_Hildebrand;F;104;438;211;330;
GroeFreiheitNrHansAlbersVhsFilmDeutschia-155246.jpeg;Hans_Albers;M;63;598;384;277;
GroeFreiheitNrHansAlbersVhsFilmDeutschia-15568.jpeg;Gustav_Knuth;M;199;581;307;474;
GroeFreiheitNrHansAlbersVhsFilmDeutschia-15568.jpeg;Hans_Albers;M;259;330;367;223;
GroeFreiheitNrHansAlbersVhsFilmDeutschia-155726.jpeg;Hans_Albers;M;171;557;439;290;
GroeFreiheitNrHansAlbersVhsFilmDeutschia-17894.jpeg;Hans_Albers;M;96;339;225;210;
GroeFreiheitNrHansAlbersVhsFilmDeutschia-18896.jpeg;Hans_Albers;M;96;339;225;210;
GroeFreiheitNrHansAlbersVhsFilmDeutschia-19592.jpeg;Hans_Albers;M;211;187;319;79;
GroeFreiheitNrHansAlbersVhsFilmDeutschia-25550.jpeg;Hilde_Hildebrand;F;156;524;245;434;
GroeFreiheitNrHansAlbersVhsFilmDeutschia-25657.jpeg;Gustav_Knuth;M;116;322;270;167;
GroeFreiheitNrHansAlbersVhsFilmDeutschia-25777.jpeg;Gustav_Knuth;M;98;322;253;167;
GroeFreiheitNrHansAlbersVhsFilmDeutschia-27294.jpeg;Hilde_Hildebrand;F;140;509;247;402;
GroeFreiheitNrHansAlbersVhsFilmDeutschia-27534.jpeg;Hilde_Hildebrand;F;128;509;235;402;
GroeFreiheitNrHansAlbersVhsFilmDeutschia-27654.jpeg;Hilde_Hildebrand;F;128;509;235;402;
GroeFreiheitNrHansAlbersVhsFilmDeutschia-28147.jpeg;Hilde_Hildebrand;F;196;526;325;397;
GroeFreiheitNrHansAlbersVhsFilmDeutschia-28435.jpeg;Hilde_Hildebrand;F;184;373;339;218;
GroeFreiheitNrHansAlbersVhsFilmDeutschia-29808.jpeg;Hans_Albers;M;116;404;206;315;
GroeFreiheitNrHansAlbersVhsFilmDeutschia-29990.jpeg;Hans_Albers;M;116;384;206;295;
GroeFreiheitNrHansAlbersVhsFilmDeutschia-30631.jpeg;Hans_Albers;M;96;339;225;210;
GroeFreiheitNrHansAlbersVhsFilmDeutschia-30871.jpeg;Hans_Albers;M;98;390;253;236;
GroeFreiheitNrHansAlbersVhsFilmDeutschia-31709.jpeg;Ilse_Werner;F;235;533;343;426;
GroeFreiheitNrHansAlbersVhsFilmDeutschia-37895.jpeg;Ilse_Werner;F;82;325;211;196;
GroeFreiheitNrHansAlbersVhsFilmDeutschia-40044.jpeg;Ilse_Werner;F;118;464;341;241;
GroeFreiheitNrHansAlbersVhsFilmDeutschia-40496.jpeg;Ilse_Werner;F;118;414;341;191;
GroeFreiheitNrHansAlbersVhsFilmDeutschia-40716.jpeg;Ilse_Werner;F;142;414;365;191;
GroeFreiheitNrHansAlbersVhsFilmDeutschia-42398.jpeg;Hilde_Hildebrand;F;105;378;179;303;
GroeFreiheitNrHansAlbersVhsFilmDeutschia-42638.jpeg;Hilde_Hildebrand;F;133;408;288;253;
GroeFreiheitNrHansAlbersVhsFilmDeutschia-43044.jpeg;Hilde_Hildebrand;F;118;366;304;180;
GroeFreiheitNrHansAlbersVhsFilmDeutschia-43554.jpeg;Hilde_Hildebrand;F;139;428;325;242;
GroeFreiheitNrHansAlbersVhsFilmDeutschia-43858.jpeg;Hilde_Hildebrand;F;150;408;305;253;
GroeFreiheitNrHansAlbersVhsFilmDeutschia-44218.jpeg;Hilde_Hildebrand;F;160;428;345;242;
GroeFreiheitNrHansAlbersVhsFilmDeutschia-44338.jpeg;Hilde_Hildebrand;F;139;428;325;242;
GroeFreiheitNrHansAlbersVhsFilmDeutschia-45646.jpeg;Ilse_Werner;F;167;253;322;98;
GroeFreiheitNrHansAlbersVhsFilmDeutschia-45886.jpeg;Ilse_Werner;F;110;282;239;153;
GroeFreiheitNrHansAlbersVhsFilmDeutschia-48268.jpeg;Ilse_Werner;F;140;402;247;294;
GroeFreiheitNrHansAlbersVhsFilmDeutschia-50063.jpeg;Gustav_Knuth;M;196;382;325;253;
GroeFreiheitNrHansAlbersVhsFilmDeutschia-51644.jpeg;Hilde_Hildebrand;F;146;511;221;436;
GroeFreiheitNrHansAlbersVhsFilmDeutschia-57196.jpeg;Hans_Albers;M;118;324;304;139;
GroeFreiheitNrHansAlbersVhsFilmDeutschia-59128.jpeg;Ilse_Werner;F;118;386;304;201;
GroeFreiheitNrHansAlbersVhsFilmDeutschia-59266.jpeg;Ilse_Werner;F;150;373;305;218;
GroeFreiheitNrHansAlbersVhsFilmDeutschia-65428.jpeg;Hans_Albers;M;191;308;253;246;
GroeFreiheitNrHansAlbersVhsFilmDeutschia-66338.jpeg;Hans_Albers;M;125;483;254;354;
GroeFreiheitNrHansAlbersVhsFilmDeutschia-66458.jpeg;Hans_Albers;M;125;497;254;368;
GroeFreiheitNrHansAlbersVhsFilmDeutschia-66982.jpeg;Hans_Albers;M;104;402;211;294;
GroeFreiheitNrHansAlbersVhsFilmDeutschia-67102.jpeg;Hans_Albers;M;104;426;211;318;
GroeFreiheitNrHansAlbersVhsFilmDeutschia-67102.jpeg;Ilse_Werner;F;176;583;265;494;
GroeFreiheitNrHansAlbersVhsFilmDeutschia-67462.jpeg;Ilse_Werner;F;152;545;259;438;
GroeFreiheitNrHansAlbersVhsFilmDeutschia-67462.jpeg;Hans_Albers;M;82;440;211;311;
GroeFreiheitNrHansAlbersVhsFilmDeutschia-67582.jpeg;Ilse_Werner;F;166;554;255;464;
GroeFreiheitNrHansAlbersVhsFilmDeutschia-67582.jpeg;Hans_Albers;M;104;438;211;330;
GroeFreiheitNrHansAlbersVhsFilmDeutschia-68669.jpeg;Hans_Albers;M;171;498;439;230;
GroeFreiheitNrHansAlbersVhsFilmDeutschia-70222.jpeg;Hans_Albers;M;96;328;171;254;
GroeFreiheitNrHansAlbersVhsFilmDeutschia-71988.jpeg;Hans_Albers;M;125;268;254;139;
GroeFreiheitNrHansAlbersVhsFilmDeutschia-74035.jpeg;Hans_Albers;M;96;282;225;153;
GroeFreiheitNrHansAlbersVhsFilmDeutschia-75428.jpeg;Hans_Albers;M;96;239;225;110;
GroeFreiheitNrHansAlbersVhsFilmDeutschia-75626.jpeg;Hilde_Hildebrand;F;216;235;305;145;
GroeFreiheitNrHansAlbersVhsFilmDeutschia-76107.jpeg;Hilde_Hildebrand;F;259;211;367;103;
GroeFreiheitNrHansAlbersVhsFilmDeutschia-76347.jpeg;Hilde_Hildebrand;F;305;201;460;46;
GroeFreiheitNrHansAlbersVhsFilmDeutschia-76768.jpeg;Hans_Albers;M;118;345;304;159;
GroeFreiheitNrHansAlbersVhsFilmDeutschia-78505.jpeg;Hilde_Hildebrand;F;90;429;141;377;
GroeFreiheitNrHansAlbersVhsFilmDeutschia-78538.jpeg;Hans_Albers;M;128;282;235;175;
GroeFreiheitNrHansAlbersVhsFilmDeutschia-78898.jpeg;Hilde_Hildebrand;F;136;514;226;424;
GroeFreiheitNrHansAlbersVhsFilmDeutschia-79138.jpeg;Hilde_Hildebrand;F;156;454;245;364;
GroeFreiheitNrHansAlbersVhsFilmDeutschia-79138.jpeg;Hans_Albers;M;140;282;247;175;
GroeFreiheitNrHansAlbersVhsFilmDeutschia-79378.jpeg;Hans_Albers;M;82;282;211;153;
GroeFreiheitNrHansAlbersVhsFilmDeutschia-79378.jpeg;Hilde_Hildebrand;F;140;450;247;342;
GroeFreiheitNrHansAlbersVhsFilmDeutschia-79498.jpeg;Hilde_Hildebrand;F;156;424;245;335;
GroeFreiheitNrHansAlbersVhsFilmDeutschia-79498.jpeg;Hans_Albers;M;104;282;211;175;
GroeFreiheitNrHansAlbersVhsFilmDeutschia-79618.jpeg;Hilde_Hildebrand;F;146;494;236;404;
GroeFreiheitNrHansAlbersVhsFilmDeutschia-79618.jpeg;Hans_Albers;M;96;296;225;167;
GroeFreiheitNrHansAlbersVhsFilmDeutschia-79978.jpeg;Hilde_Hildebrand;F;176;554;265;464;
GroeFreiheitNrHansAlbersVhsFilmDeutschia-80415.jpeg;Hans_Albers;M;176;295;265;205;
GroeFreiheitNrHansAlbersVhsFilmDeutschia-8074.jpeg;Gustav_Knuth;M;196;554;285;464;
GroeFreiheitNrHansAlbersVhsFilmDeutschia-81347.jpeg;Hans_Albers;M;118;390;341;167;
GroeFreiheitNrHansAlbersVhsFilmDeutschia-81723.jpeg;Hilde_Hildebrand;F;130;594;204;519;
GroeFreiheitNrHansAlbersVhsFilmDeutschia-81963.jpeg;Gustav_Knuth;M;113;204;188;129;
GroeFreiheitNrHansAlbersVhsFilmDeutschia-8289.jpeg;Hans_Albers;M;98;489;284;304;
GroeFreiheitNrHansAlbersVhsFilmDeutschia-85158.jpeg;Hans_Albers;M;216;556;268;504;
GroeFreiheitNrHansAlbersVhsFilmDeutschia-85420.jpeg;Hans_Albers;M;163;584;225;522;
GroeFreiheitNrHansAlbersVhsFilmDeutschia-86499.jpeg;Hans_Albers;M;116;404;206;315;
GroeFreiheitNrHansAlbersVhsFilmDeutschia-86707.jpeg;Ilse_Werner;F;152;247;259;139;
GroeFreiheitNrHansAlbersVhsFilmDeutschia-87644.jpeg;Hans_Albers;M;152;557;259;450;
GroeFreiheitNrHansAlbersVhsFilmDeutschia-88265.jpeg;Ilse_Werner;F;163;294;271;187;
GroeFreiheitNrHansAlbersVhsFilmDeutschia-88553.jpeg;Hans_Albers;M;152;509;259;402;
GroeFreiheitNrHansAlbersVhsFilmDeutschia-90100.jpeg;Ilse_Werner;F;168;239;297;110;
GroeFreiheitNrHansAlbersVhsFilmDeutschia-90667.jpeg;Ilse_Werner;F;168;354;297;225;
GroeFreiheitNrHansAlbersVhsFilmDeutschia-9947.jpeg;Hans_Albers;M;96;344;186;255;
Heimkehrhmxkb-50550.jpeg;Hans_Halden;M;73;239;135;176;
Heimkehrhmxkb-55698.jpeg;Charlotte_Schellhorn;F;20;170;72;118;
Heimkehrhmxkb-71034.jpeg;Hans_Unterkircher;M;38;181;90;129;
JudS-101510.jpeg;Ferdinand_Marian;M;101;492;153;440;
JudS-104339.jpeg;Albert_Florath;M;110;411;239;282;
JudS-104401.jpeg;Ferdinand_Marian;M;80;593;187;485;
JudS-105237.jpeg;Albert_Florath;M;96;440;225;311;
JudS-106280.jpeg;Ferdinand_Marian;M;104;509;211;402;
JudS-107683.jpeg;Ferdinand_Marian;M;92;497;199;390;
JudS-109478.jpeg;Hilde_von_Stolz;F;57;448;242;262;
JudS-110277.jpeg;Hilde_von_Stolz;F;116;494;270;339;
JudS-11134.jpeg;Hilde_von_Stolz;F;168;311;297;182;
JudS-113812.jpeg;Ferdinand_Marian;M;110;425;239;296;
JudS-114412.jpeg;Ferdinand_Marian;M;98;511;253;356;
JudS-11924.jpeg;Hilde_von_Stolz;F;107;193;159;141;
JudS-127083.jpeg;Ferdinand_Marian;M;133;390;288;236;
JudS-128250.jpeg;Ferdinand_Marian;M;63;419;384;98;
JudS-129411.jpeg;Albert_Florath;M;118;439;341;216;
JudS-129673.jpeg;Albert_Florath;M;118;439;341;216;
JudS-131249.jpeg;Ferdinand_Marian;M;56;485;163;378;
JudS-131417.jpeg;Ferdinand_Marian;M;68;485;175;378;
JudS-131853.jpeg;Ferdinand_Marian;M;66;524;156;434;
JudS-132079.jpeg;Ferdinand_Marian;M;63;562;384;241;
JudS-132401.jpeg;Ferdinand_Marian;M;82;557;350;290;
JudS-132523.jpeg;Ferdinand_Marian;M;80;569;155;494;
JudS-135035.jpeg;Ferdinand_Marian;M;104;342;211;235;
JudS-135256.jpeg;Ferdinand_Marian;M;82;339;211;210;
JudS-135695.jpeg;Ferdinand_Marian;M;81;408;236;253;
JudS-135860.jpeg;Ferdinand_Marian;M;81;408;236;253;
JudS-139153.jpeg;Ferdinand_Marian;M;73;280;135;218;
JudS-140126.jpeg;Ferdinand_Marian;M;81;304;236;150;
JudS-140861.jpeg;Ferdinand_Marian;M;110;325;239;196;
JudS-14131.jpeg;Ferdinand_Marian;M;142;513;365;291;
JudS-143073.jpeg;Ferdinand_Marian;M;92;402;199;294;
JudS-149970.jpeg;Hilde_von_Stolz;F;211;66;262;14;
JudS-149970.jpeg;Hilde_von_Stolz;F;113;640;156;597;
JudS-154404.jpeg;Hilde_von_Stolz;F;147;475;199;423;
JudS-154653.jpeg;Hilde_von_Stolz;F;133;390;288;236;
JudS-16042.jpeg;Ferdinand_Marian;M;66;534;156;444;
JudS-160454.jpeg;Ferdinand_Marian;M;122;515;184;453;
JudS-161490.jpeg;Ferdinand_Marian;M;133;408;288;253;
JudS-161776.jpeg;Hilde_von_Stolz;F;116;342;223;235;
JudS-162046.jpeg;Hilde_von_Stolz;F;153;311;282;182;
JudS-164246.jpeg;Albert_Florath;M;163;212;237;137;
JudS-164707.jpeg;Albert_Florath;M;290;273;326;237;
JudS-17595.jpeg;Ferdinand_Marian;M;98;448;284;262;
JudS-19162.jpeg;Ferdinand_Marian;M;52;438;320;171;
JudS-19392.jpeg;Ferdinand_Marian;M;52;438;320;171;
JudS-19727.jpeg;Ferdinand_Marian;M;86;295;176;205;
JudS-23728.jpeg;Albert_Florath;M;133;442;288;287;
JudS-28389.jpeg;Ferdinand_Marian;M;118;439;341;216;
JudS-28726.jpeg;Ferdinand_Marian;M;118;464;341;241;
JudS-28939.jpeg;Ferdinand_Marian;M;0;504;376;118;
JudS-29648.jpeg;Ferdinand_Marian;M;80;402;187;294;
JudS-30476.jpeg;Ferdinand_Marian;M;113;502;188;428;
JudS-31660.jpeg;Ferdinand_Marian;M;80;356;142;294;
JudS-34283.jpeg;Ferdinand_Marian;M;80;521;187;414;
JudS-34568.jpeg;Ferdinand_Marian;M;104;569;211;462;
JudS-37233.jpeg;Ferdinand_Marian;M;52;498;320;230;
JudS-37533.jpeg;Ferdinand_Marian;M;52;527;320;260;
JudS-37818.jpeg;Ferdinand_Marian;M;82;468;350;200;
JudS-38118.jpeg;Ferdinand_Marian;M;82;498;350;230;
JudS-4165.jpeg;Albert_Florath;M;104;402;211;294;
JudS-41976.jpeg;Malte_Jaeger;M;262;245;337;171;
JudS-42943.jpeg;Ferdinand_Marian;M;198;533;234;497;
JudS-42949.jpeg;Ferdinand_Marian;M;198;537;234;501;
JudS-43249.jpeg;Ferdinand_Marian;M;202;505;238;469;
JudS-43701.jpeg;Ferdinand_Marian;M;204;312;279;237;
JudS-44001.jpeg;Ferdinand_Marian;M;246;527;320;453;
JudS-44774.jpeg;Ferdinand_Marian;M;118;489;341;266;
JudS-45055.jpeg;Ferdinand_Marian;M;142;489;365;266;
JudS-45262.jpeg;Ferdinand_Marian;M;142;489;365;266;
JudS-45390.jpeg;Ferdinand_Marian;M;142;489;365;266;
JudS-45690.jpeg;Ferdinand_Marian;M;167;513;390;291;
JudS-49975.jpeg;Ferdinand_Marian;M;199;314;251;262;
JudS-50275.jpeg;Ferdinand_Marian;M;105;552;179;478;
JudS-50557.jpeg;Ferdinand_Marian;M;80;602;155;527;
JudS-50776.jpeg;Ferdinand_Marian;M;76;573;166;484;
JudS-51003.jpeg;Ferdinand_Marian;M;86;484;176;394;
JudS-52540.jpeg;Hilde_von_Stolz;F;67;397;196;268;
JudS-53134.jpeg;Ferdinand_Marian;M;118;513;341;291;
JudS-55302.jpeg;Hilde_von_Stolz;F;168;597;297;468;
JudS-55602.jpeg;Ferdinand_Marian;M;139;468;268;339;
JudS-57588.jpeg;Hilde_von_Stolz;F;166;477;209;434;
JudS-58224.jpeg;Ferdinand_Marian;M;116;450;223;342;
JudS-60576.jpeg;Ferdinand_Marian;M;96;468;225;339;
JudS-60731.jpeg;Ferdinand_Marian;M;98;476;253;322;
JudS-61820.jpeg;Ferdinand_Marian;M;98;494;253;339;
JudS-62739.jpeg;Hilde_von_Stolz;F;158;301;194;265;
JudS-62935.jpeg;Hilde_von_Stolz;F;105;320;179;245;
JudS-67639.jpeg;Albert_Florath;M;160;510;345;324;
JudS-70059.jpeg;Albert_Florath;M;98;489;284;304;
JudS-71907.jpeg;Ferdinand_Marian;M;191;239;253;176;
JudS-73712.jpeg;Ferdinand_Marian;M;116;390;270;236;
JudS-73941.jpeg;Ferdinand_Marian;M;98;442;253;287;
JudS-80579.jpeg;Ferdinand_Marian;M;66;550;129;487;
JudS-80879.jpeg;Ferdinand_Marian;M;73;570;135;508;
JudS-83029.jpeg;Ferdinand_Marian;M;95;452;147;400;
JudS-83329.jpeg;Ferdinand_Marian;M;96;454;225;325;
JudS-83458.jpeg;Ferdinand_Marian;M;82;468;211;339;
JudS-83912.jpeg;Ferdinand_Marian;M;133;459;288;304;
JudS-84032.jpeg;Ferdinand_Marian;M;139;440;268;311;
JudS-84243.jpeg;Ferdinand_Marian;M;146;434;236;344;
JudS-84543.jpeg;Ferdinand_Marian;M;98;407;284;221;
JudS-84843.jpeg;Ferdinand_Marian;M;139;572;325;386;
JudS-85143.jpeg;Ferdinand_Marian;M;98;551;284;366;
JudS-85443.jpeg;Ferdinand_Marian;M;118;572;304;386;
JudS-85743.jpeg;Ferdinand_Marian;M;118;531;304;345;
JudS-87226.jpeg;Ferdinand_Marian;M;116;374;206;285;
JudS-87853.jpeg;Ferdinand_Marian;M;139;366;325;180;
JudS-88483.jpeg;Ferdinand_Marian;M;116;373;270;218;
JudS-88594.jpeg;Ferdinand_Marian;M;98;386;284;201;
JudS-89789.jpeg;Ferdinand_Marian;M;96;315;186;225;
JudS-90904.jpeg;Ferdinand_Marian;M;73;432;135;370;
JudS-98132.jpeg;Albert_Florath;M;142;464;365;241;
JudS-98498.jpeg;Albert_Florath;M;139;469;325;283;
KittyUndDieWeltkonferenz-100749.jpeg;Fritz_Odemar;M;46;352;89;309;
KittyUndDieWeltkonferenz-100999.jpeg;Hannelore_Schroth;F;94;294;156;232;
KittyUndDieWeltkonferenz-102163.jpeg;Fritz_Odemar;M;70;314;113;271;
KittyUndDieWeltkonferenz-103336.jpeg;Christian_Gollong;M;86;255;176;165;
KittyUndDieWeltkonferenz-103373.jpeg;Hannelore_Schroth;F;96;295;186;205;
KittyUndDieWeltkonferenz-103438.jpeg;Christian_Gollong;M;96;255;186;165;
KittyUndDieWeltkonferenz-103503.jpeg;Hannelore_Schroth;F;96;315;186;225;
KittyUndDieWeltkonferenz-103652.jpeg;Christian_Gollong;M;129;225;191;163;
KittyUndDieWeltkonferenz-103699.jpeg;Hannelore_Schroth;F;92;318;199;211;
KittyUndDieWeltkonferenz-108130.jpeg;Hannelore_Schroth;F;80;254;155;179;
KittyUndDieWeltkonferenz-108380.jpeg;Maria_Nicklisch;F;80;342;142;280;
KittyUndDieWeltkonferenz-109479.jpeg;Ali_Ghito;F;132;261;175;218;
KittyUndDieWeltkonferenz-109979.jpeg;Ali_Ghito;F;134;333;170;297;
KittyUndDieWeltkonferenz-110540.jpeg;Hannelore_Schroth;F;96;403;171;328;
KittyUndDieWeltkonferenz-111007.jpeg;Hannelore_Schroth;F;88;428;163;353;
KittyUndDieWeltkonferenz-111257.jpeg;Hannelore_Schroth;F;96;386;171;312;
KittyUndDieWeltkonferenz-111671.jpeg;Hannelore_Schroth;F;86;374;176;285;
KittyUndDieWeltkonferenz-113033.jpeg;Fritz_Odemar;M;110;339;239;210;
KittyUndDieWeltkonferenz-113116.jpeg;Hannelore_Schroth;F;110;354;239;225;
KittyUndDieWeltkonferenz-115081.jpeg;Fritz_Odemar;M;146;285;190;242;
KittyUndDieWeltkonferenz-115738.jpeg;Fritz_Odemar;M;46;374;136;285;
KittyUndDieWeltkonferenz-115988.jpeg;Maria_Nicklisch;F;149;259;211;197;
KittyUndDieWeltkonferenz-115988.jpeg;Fritz_Odemar;M;56;424;146;335;
KittyUndDieWeltkonferenz-116215.jpeg;Maria_Nicklisch;F;202;408;356;253;
KittyUndDieWeltkonferenz-116343.jpeg;Fritz_Odemar;M;36;262;222;77;
KittyUndDieWeltkonferenz-116495.jpeg;Maria_Nicklisch;F;202;390;356;236;
KittyUndDieWeltkonferenz-117941.jpeg;Maria_Nicklisch;F;94;356;156;294;
KittyUndDieWeltkonferenz-118061.jpeg;Maria_Nicklisch;F;95;389;147;337;
KittyUndDieWeltkonferenz-118311.jpeg;Maria_Nicklisch;F;103;228;146;184;
KittyUndDieWeltkonferenz-118465.jpeg;Christian_Gollong;M;96;296;225;167;
KittyUndDieWeltkonferenz-118557.jpeg;Christian_Gollong;M;82;311;211;182;
KittyUndDieWeltkonferenz-118712.jpeg;Christian_Gollong;M;96;311;225;182;
KittyUndDieWeltkonferenz-118847.jpeg;Maria_Nicklisch;F;108;228;151;184;
KittyUndDieWeltkonferenz-120094.jpeg;Christian_Gollong;M;124;302;176;250;
KittyUndDieWeltkonferenz-120592.jpeg;Hannelore_Schroth;F;92;247;199;139;
KittyUndDieWeltkonferenz-120681.jpeg;Hannelore_Schroth;F;104;259;211;151;
KittyUndDieWeltkonferenz-120954.jpeg;Hannelore_Schroth;F;104;247;211;139;
KittyUndDieWeltkonferenz-121204.jpeg;Christian_Gollong;M;53;282;182;153;
KittyUndDieWeltkonferenz-121347.jpeg;Christian_Gollong;M;80;282;187;175;
KittyUndDieWeltkonferenz-121901.jpeg;Hannelore_Schroth;F;56;354;163;247;
KittyUndDieWeltkonferenz-122031.jpeg;Hannelore_Schroth;F;92;342;199;235;
KittyUndDieWeltkonferenz-122752.jpeg;Hannelore_Schroth;F;130;319;182;268;
KittyUndDieWeltkonferenz-123434.jpeg;Hannelore_Schroth;F;214;373;250;337;
KittyUndDieWeltkonferenz-124174.jpeg;Hannelore_Schroth;F;80;306;187;199;
KittyUndDieWeltkonferenz-124318.jpeg;Hannelore_Schroth;F;68;306;175;199;
KittyUndDieWeltkonferenz-125531.jpeg;Fritz_Odemar;M;46;356;108;294;
KittyUndDieWeltkonferenz-126281.jpeg;Hannelore_Schroth;F;163;247;271;139;
KittyUndDieWeltkonferenz-126531.jpeg;Hannelore_Schroth;F;140;235;247;127;
KittyUndDieWeltkonferenz-127906.jpeg;Fritz_Odemar;M;86;335;176;245;
KittyUndDieWeltkonferenz-128106.jpeg;Fritz_Odemar;M;80;342;187;235;
KittyUndDieWeltkonferenz-128220.jpeg;Christian_Gollong;M;86;265;176;175;
KittyUndDieWeltkonferenz-128322.jpeg;Fritz_Odemar;M;96;325;186;235;
KittyUndDieWeltkonferenz-128446.jpeg;Christian_Gollong;M;96;275;186;185;
KittyUndDieWeltkonferenz-128561.jpeg;Fritz_Odemar;M;66;335;156;245;
KittyUndDieWeltkonferenz-128919.jpeg;Fritz_Odemar;M;68;342;175;235;
KittyUndDieWeltkonferenz-129071.jpeg;Fritz_Odemar;M;96;325;186;235;
KittyUndDieWeltkonferenz-129945.jpeg;Fritz_Odemar;M;84;391;127;347;
KittyUndDieWeltkonferenz-132268.jpeg;Hannelore_Schroth;F;76;374;166;285;
KittyUndDieWeltkonferenz-132518.jpeg;Hannelore_Schroth;F;96;287;171;212;
KittyUndDieWeltkonferenz-134526.jpeg;Hannelore_Schroth;F;52;438;320;171;
KittyUndDieWeltkonferenz-134909.jpeg;Hannelore_Schroth;F;96;337;171;262;
KittyUndDieWeltkonferenz-17241.jpeg;Maria_Nicklisch;F;126;285;216;195;
KittyUndDieWeltkonferenz-23098.jpeg;Hannelore_Schroth;F;133;373;288;218;
KittyUndDieWeltkonferenz-23334.jpeg;Hannelore_Schroth;F;139;311;268;182;
KittyUndDieWeltkonferenz-24142.jpeg;Hannelore_Schroth;F;96;368;225;239;
KittyUndDieWeltkonferenz-24331.jpeg;Hannelore_Schroth;F;133;390;288;236;
KittyUndDieWeltkonferenz-25956.jpeg;Hannelore_Schroth;F;96;344;186;255;
KittyUndDieWeltkonferenz-26027.jpeg;Hannelore_Schroth;F;106;295;196;205;
KittyUndDieWeltkonferenz-26147.jpeg;Hannelore_Schroth;F;86;265;176;175;
KittyUndDieWeltkonferenz-26729.jpeg;Hannelore_Schroth;F;130;196;204;121;
KittyUndDieWeltkonferenz-26979.jpeg;Hannelore_Schroth;F;121;171;196;96;
KittyUndDieWeltkonferenz-28146.jpeg;Fritz_Odemar;M;96;212;171;137;
KittyUndDieWeltkonferenz-28146.jpeg;Hannelore_Schroth;F;96;345;171;270;
KittyUndDieWeltkonferenz-29146.jpeg;Hannelore_Schroth;F;101;370;163;308;
KittyUndDieWeltkonferenz-29244.jpeg;Hannelore_Schroth;F;96;311;225;182;
KittyUndDieWeltkonferenz-30663.jpeg;Hannelore_Schroth;F;130;333;166;297;
KittyUndDieWeltkonferenz-31645.jpeg;Maria_Nicklisch;F;96;268;225;139;
KittyUndDieWeltkonferenz-32746.jpeg;Fritz_Odemar;M;15;101;67;49;
KittyUndDieWeltkonferenz-32746.jpeg;Maria_Nicklisch;F;159;147;211;95;
KittyUndDieWeltkonferenz-33243.jpeg;Maria_Nicklisch;F;228;124;280;72;
KittyUndDieWeltkonferenz-34567.jpeg;Hannelore_Schroth;F;113;262;164;210;
KittyUndDieWeltkonferenz-34567.jpeg;Fritz_Odemar;M;78;152;130;101;
KittyUndDieWeltkonferenz-34697.jpeg;Fritz_Odemar;M;44;342;152;235;
KittyUndDieWeltkonferenz-34802.jpeg;Fritz_Odemar;M;73;287;135;225;
KittyUndDieWeltkonferenz-34940.jpeg;Fritz_Odemar;M;66;344;156;255;
KittyUndDieWeltkonferenz-35129.jpeg;Fritz_Odemar;M;64;304;219;150;
KittyUndDieWeltkonferenz-35684.jpeg;Fritz_Odemar;M;44;390;152;282;
KittyUndDieWeltkonferenz-35978.jpeg;Maria_Nicklisch;F;149;273;211;211;
KittyUndDieWeltkonferenz-36228.jpeg;Fritz_Odemar;M;56;454;146;364;
KittyUndDieWeltkonferenz-36228.jpeg;Maria_Nicklisch;F;155;262;229;187;
KittyUndDieWeltkonferenz-3670.jpeg;Fritz_Odemar;M;113;95;164;43;
KittyUndDieWeltkonferenz-37866.jpeg;Christian_Gollong;M;86;374;176;285;
KittyUndDieWeltkonferenz-38366.jpeg;Christian_Gollong;M;86;394;176;305;
KittyUndDieWeltkonferenz-38927.jpeg;Maria_Nicklisch;F;193;354;245;302;
KittyUndDieWeltkonferenz-39242.jpeg;Maria_Nicklisch;F;170;156;232;93;
KittyUndDieWeltkonferenz-40459.jpeg;Maria_Nicklisch;F;129;232;191;170;
KittyUndDieWeltkonferenz-41133.jpeg;Christian_Gollong;M;53;225;115;163;
KittyUndDieWeltkonferenz-42944.jpeg;Maria_Nicklisch;F;105;428;179;353;
KittyUndDieWeltkonferenz-43361.jpeg;Christian_Gollong;M;96;325;225;196;
KittyUndDieWeltkonferenz-43611.jpeg;Maria_Nicklisch;F;125;296;254;167;
KittyUndDieWeltkonferenz-43755.jpeg;Christian_Gollong;M;133;339;288;184;
KittyUndDieWeltkonferenz-43788.jpeg;Maria_Nicklisch;F;116;322;270;167;
KittyUndDieWeltkonferenz-43819.jpeg;Christian_Gollong;M;98;356;253;201;
KittyUndDieWeltkonferenz-43849.jpeg;Maria_Nicklisch;F;133;339;288;184;
KittyUndDieWeltkonferenz-45035.jpeg;Hannelore_Schroth;F;162;205;198;169;
KittyUndDieWeltkonferenz-45318.jpeg;Hannelore_Schroth;F;113;212;188;137;
KittyUndDieWeltkonferenz-45568.jpeg;Hannelore_Schroth;F;113;179;188;104;
KittyUndDieWeltkonferenz-45818.jpeg;Hannelore_Schroth;F;105;154;179;79;
KittyUndDieWeltkonferenz-46068.jpeg;Hannelore_Schroth;F;88;196;163;121;
KittyUndDieWeltkonferenz-46318.jpeg;Hannelore_Schroth;F;105;245;179;171;
KittyUndDieWeltkonferenz-46818.jpeg;Hannelore_Schroth;F;122;156;184;93;
KittyUndDieWeltkonferenz-46894.jpeg;Hannelore_Schroth;F;124;158;176;106;
KittyUndDieWeltkonferenz-47502.jpeg;Christian_Gollong;M;76;265;166;175;
KittyUndDieWeltkonferenz-47576.jpeg;Hannelore_Schroth;F;128;270;235;163;
KittyUndDieWeltkonferenz-47762.jpeg;Christian_Gollong;M;86;255;176;165;
KittyUndDieWeltkonferenz-47861.jpeg;Hannelore_Schroth;F;104;282;211;175;
KittyUndDieWeltkonferenz-48013.jpeg;Christian_Gollong;M;86;275;176;185;
KittyUndDieWeltkonferenz-48076.jpeg;Hannelore_Schroth;F;104;282;211;175;
KittyUndDieWeltkonferenz-48826.jpeg;Hannelore_Schroth;F;151;463;194;419;
KittyUndDieWeltkonferenz-48931.jpeg;Hannelore_Schroth;F;63;312;138;237;
KittyUndDieWeltkonferenz-49181.jpeg;Hannelore_Schroth;F;63;287;138;212;
KittyUndDieWeltkonferenz-49431.jpeg;Hannelore_Schroth;F;63;295;138;220;
KittyUndDieWeltkonferenz-49525.jpeg;Christian_Gollong;M;96;345;171;270;
KittyUndDieWeltkonferenz-49569.jpeg;Hannelore_Schroth;F;66;322;129;259;
KittyUndDieWeltkonferenz-49614.jpeg;Christian_Gollong;M;88;337;163;262;
KittyUndDieWeltkonferenz-50038.jpeg;Christian_Gollong;M;55;194;98;151;
KittyUndDieWeltkonferenz-51149.jpeg;Hannelore_Schroth;F;88;220;163;146;
KittyUndDieWeltkonferenz-51149.jpeg;Christian_Gollong;M;72;361;146;287;
KittyUndDieWeltkonferenz-51399.jpeg;Hannelore_Schroth;F;88;204;163;129;
KittyUndDieWeltkonferenz-51399.jpeg;Christian_Gollong;M;30;436;105;361;
KittyUndDieWeltkonferenz-51553.jpeg;Hannelore_Schroth;F;116;339;270;184;
KittyUndDieWeltkonferenz-51654.jpeg;Hannelore_Schroth;F;87;149;149;87;
KittyUndDieWeltkonferenz-52954.jpeg;Hannelore_Schroth;F;105;171;179;96;
KittyUndDieWeltkonferenz-53186.jpeg;Fritz_Odemar;M;96;195;186;106;
KittyUndDieWeltkonferenz-53387.jpeg;Hannelore_Schroth;F;155;278;229;204;
KittyUndDieWeltkonferenz-53637.jpeg;Hannelore_Schroth;F;136;384;226;295;
KittyUndDieWeltkonferenz-54022.jpeg;Fritz_Odemar;M;108;328;170;266;
KittyUndDieWeltkonferenz-55042.jpeg;Maria_Nicklisch;F;130;189;166;153;
KittyUndDieWeltkonferenz-55292.jpeg;Maria_Nicklisch;F;84;213;127;170;
KittyUndDieWeltkonferenz-58378.jpeg;Hannelore_Schroth;F;101;301;163;239;
KittyUndDieWeltkonferenz-58959.jpeg;Maria_Nicklisch;F;96;354;225;225;
KittyUndDieWeltkonferenz-59385.jpeg;Maria_Nicklisch;F;138;419;213;345;
KittyUndDieWeltkonferenz-59549.jpeg;Christian_Gollong;M;92;294;199;187;
KittyUndDieWeltkonferenz-60814.jpeg;Hannelore_Schroth;F;107;187;159;135;
KittyUndDieWeltkonferenz-61682.jpeg;Maria_Nicklisch;F;130;411;204;337;
KittyUndDieWeltkonferenz-61932.jpeg;Maria_Nicklisch;F;73;266;135;204;
KittyUndDieWeltkonferenz-62741.jpeg;Fritz_Odemar;M;92;342;199;235;
KittyUndDieWeltkonferenz-62870.jpeg;Fritz_Odemar;M;92;342;199;235;
KittyUndDieWeltkonferenz-65470.jpeg;Maria_Nicklisch;F;146;215;236;126;
KittyUndDieWeltkonferenz-65720.jpeg;Maria_Nicklisch;F;136;215;226;126;
KittyUndDieWeltkonferenz-66970.jpeg;Hannelore_Schroth;F;156;106;245;16;
KittyUndDieWeltkonferenz-66970.jpeg;Fritz_Odemar;M;46;444;136;354;
KittyUndDieWeltkonferenz-67247.jpeg;Fritz_Odemar;M;53;170;115;107;
KittyUndDieWeltkonferenz-67872.jpeg;Fritz_Odemar;M;80;318;187;211;
KittyUndDieWeltkonferenz-68172.jpeg;Fritz_Odemar;M;101;142;163;80;
KittyUndDieWeltkonferenz-69011.jpeg;Hannelore_Schroth;F;92;342;199;235;
KittyUndDieWeltkonferenz-69261.jpeg;Hannelore_Schroth;F;104;306;211;199;
KittyUndDieWeltkonferenz-69415.jpeg;Hannelore_Schroth;F;104;330;211;223;
KittyUndDieWeltkonferenz-72754.jpeg;Fritz_Odemar;M;130;395;204;320;
KittyUndDieWeltkonferenz-73004.jpeg;Fritz_Odemar;M;116;384;206;295;
KittyUndDieWeltkonferenz-73254.jpeg;Fritz_Odemar;M;116;384;206;295;
KittyUndDieWeltkonferenz-74294.jpeg;Hannelore_Schroth;F;92;294;199;187;
KittyUndDieWeltkonferenz-74443.jpeg;Fritz_Odemar;M;82;311;211;182;
KittyUndDieWeltkonferenz-74542.jpeg;Hannelore_Schroth;F;116;318;223;211;
KittyUndDieWeltkonferenz-74988.jpeg;Hannelore_Schroth;F;82;354;211;225;
KittyUndDieWeltkonferenz-75237.jpeg;Fritz_Odemar;M;82;311;211;182;
KittyUndDieWeltkonferenz-75438.jpeg;Hannelore_Schroth;F;92;306;199;199;
KittyUndDieWeltkonferenz-75542.jpeg;Fritz_Odemar;M;92;294;199;187;
KittyUndDieWeltkonferenz-75577.jpeg;Hannelore_Schroth;F;82;311;211;182;
KittyUndDieWeltkonferenz-75774.jpeg;Hannelore_Schroth;F;104;282;211;175;
KittyUndDieWeltkonferenz-75920.jpeg;Hannelore_Schroth;F;92;318;199;211;
KittyUndDieWeltkonferenz-76001.jpeg;Fritz_Odemar;M;96;325;225;196;
KittyUndDieWeltkonferenz-76114.jpeg;Hannelore_Schroth;F;104;318;211;211;
KittyUndDieWeltkonferenz-76195.jpeg;Fritz_Odemar;M;96;325;225;196;
KittyUndDieWeltkonferenz-76279.jpeg;Hannelore_Schroth;F;104;318;211;211;
KittyUndDieWeltkonferenz-76384.jpeg;Fritz_Odemar;M;96;311;225;182;
KittyUndDieWeltkonferenz-76634.jpeg;Fritz_Odemar;M;82;311;211;182;
KittyUndDieWeltkonferenz-76736.jpeg;Hannelore_Schroth;F;142;149;205;87;
KittyUndDieWeltkonferenz-76986.jpeg;Hannelore_Schroth;F;138;146;213;71;
KittyUndDieWeltkonferenz-77236.jpeg;Hannelore_Schroth;F;105;179;179;104;
KittyUndDieWeltkonferenz-77351.jpeg;Fritz_Odemar;M;116;322;270;167;
KittyUndDieWeltkonferenz-77488.jpeg;Hannelore_Schroth;F;125;339;254;210;
KittyUndDieWeltkonferenz-77536.jpeg;Fritz_Odemar;M;98;345;284;159;
KittyUndDieWeltkonferenz-77631.jpeg;Hannelore_Schroth;F;139;325;268;196;
KittyUndDieWeltkonferenz-77715.jpeg;Fritz_Odemar;M;106;414;196;325;
KittyUndDieWeltkonferenz-77715.jpeg;Hannelore_Schroth;F;156;165;245;76;
KittyUndDieWeltkonferenz-78215.jpeg;Hannelore_Schroth;F;155;146;229;71;
KittyUndDieWeltkonferenz-78465.jpeg;Fritz_Odemar;M;96;424;186;335;
KittyUndDieWeltkonferenz-78715.jpeg;Hannelore_Schroth;F;138;187;213;113;
KittyUndDieWeltkonferenz-78807.jpeg;Hannelore_Schroth;F;82;409;350;141;
KittyUndDieWeltkonferenz-80160.jpeg;Fritz_Odemar;M;36;237;79;194;
KittyUndDieWeltkonferenz-80547.jpeg;Hannelore_Schroth;F;96;155;186;66;
KittyUndDieWeltkonferenz-80547.jpeg;Fritz_Odemar;M;68;390;175;282;
KittyUndDieWeltkonferenz-80887.jpeg;Fritz_Odemar;M;56;384;146;295;
KittyUndDieWeltkonferenz-80887.jpeg;Hannelore_Schroth;F;94;515;156;453;
KittyUndDieWeltkonferenz-81637.jpeg;Fritz_Odemar;M;46;247;89;204;
KittyUndDieWeltkonferenz-83024.jpeg;Hannelore_Schroth;F;98;228;142;184;
KittyUndDieWeltkonferenz-83887.jpeg;Hannelore_Schroth;F;66;218;129;156;
KittyUndDieWeltkonferenz-84309.jpeg;Maria_Nicklisch;F;84;216;136;164;
KittyUndDieWeltkonferenz-84678.jpeg;Hannelore_Schroth;F;72;285;124;233;
KittyUndDieWeltkonferenz-85741.jpeg;Maria_Nicklisch;F;116;364;206;275;
KittyUndDieWeltkonferenz-85991.jpeg;Maria_Nicklisch;F;146;378;221;303;
KittyUndDieWeltkonferenz-86202.jpeg;Ali_Ghito;F;86;325;176;235;
KittyUndDieWeltkonferenz-86452.jpeg;Ali_Ghito;F;70;328;113;285;
KittyUndDieWeltkonferenz-88551.jpeg;Fritz_Odemar;M;73;494;135;432;
KittyUndDieWeltkonferenz-90575.jpeg;Christian_Gollong;M;98;324;284;139;
KittyUndDieWeltkonferenz-91324.jpeg;Fritz_Odemar;M;55;254;130;179;
KittyUndDieWeltkonferenz-91364.jpeg;Hannelore_Schroth;F;55;328;130;254;
KittyUndDieWeltkonferenz-91482.jpeg;Fritz_Odemar;M;56;315;146;225;
KittyUndDieWeltkonferenz-91546.jpeg;Hannelore_Schroth;F;59;294;122;232;
KittyUndDieWeltkonferenz-91630.jpeg;Fritz_Odemar;M;55;303;130;229;
KittyUndDieWeltkonferenz-91677.jpeg;Hannelore_Schroth;F;80;287;155;212;
KittyUndDieWeltkonferenz-91927.jpeg;Fritz_Odemar;M;32;124;84;72;
KittyUndDieWeltkonferenz-91927.jpeg;Maria_Nicklisch;F;102;181;138;145;
KittyUndDieWeltkonferenz-92911.jpeg;Fritz_Odemar;M;116;330;223;223;
KittyUndDieWeltkonferenz-93373.jpeg;Fritz_Odemar;M;66;394;156;305;
KittyUndDieWeltkonferenz-93623.jpeg;Fritz_Odemar;M;63;378;138;303;
KittyUndDieWeltkonferenz-93873.jpeg;Fritz_Odemar;M;191;405;253;342;
KittyUndDieWeltkonferenz-94753.jpeg;Fritz_Odemar;M;80;190;142;128;
KittyUndDieWeltkonferenz-95456.jpeg;Fritz_Odemar;M;56;335;146;245;
KittyUndDieWeltkonferenz-95508.jpeg;Hannelore_Schroth;F;73;335;135;273;
KittyUndDieWeltkonferenz-96387.jpeg;Fritz_Odemar;M;66;405;129;342;
KittyUndDieWeltkonferenz-96614.jpeg;Fritz_Odemar;M;41;275;84;232;
KittyUndDieWeltkonferenz-97613.jpeg;Fritz_Odemar;M;63;419;138;345;
KittyUndDieWeltkonferenz-98400.jpeg;Fritz_Odemar;M;108;114;170;52;
KittyUndDieWeltkonferenz-98561.jpeg;Fritz_Odemar;M;121;403;196;328;
KittyUndDieWeltkonferenz-98811.jpeg;Fritz_Odemar;M;121;403;196;328;
KittyUndDieWeltkonferenz-99100.jpeg;Fritz_Odemar;M;106;434;196;344;
KittyUndDieWeltkonferenz-99231.jpeg;Hannelore_Schroth;F;113;179;188;104;
KittyUndDieWeltkonferenz-99323.jpeg;Fritz_Odemar;M;96;434;186;344;
KittyUndDieWeltkonferenz-99603.jpeg;Hannelore_Schroth;F;138;162;213;88;
KittyUndDieWeltkonferenz-99603.jpeg;Fritz_Odemar;M;130;436;204;361;
KittyUndDieWeltkonferenz-99854.jpeg;Fritz_Odemar;M;39;446;101;384;
KleidermachenLeute-100750.jpeg;Fritz_Odemar;M;96;361;171;287;
KleidermachenLeute-101313.jpeg;Fritz_Odemar;M;180;213;223;170;
KleidermachenLeute-103591.jpeg;Hertha_Feiler;F;133;390;288;236;
KleidermachenLeute-122728.jpeg;Fritz_Odemar;M;96;287;171;212;
KleidermachenLeute-129094.jpeg;Fritz_Odemar;M;5;187;80;113;
KleidermachenLeute-129094.jpeg;Fritz_Odemar;M;22;96;96;21;
KleidermachenLeute-133735.jpeg;Fritz_Odemar;M;11;190;73;128;
KleidermachenLeute-134417.jpeg;Fritz_Odemar;M;55;245;130;171;
KleidermachenLeute-13518.jpeg;Leopold_von_Ledebur;M;136;325;226;235;
KleidermachenLeute-136436.jpeg;Hertha_Feiler;F;167;489;390;266;
KleidermachenLeute-137678.jpeg;Hertha_Feiler;F;167;464;390;241;
KleidermachenLeute-138077.jpeg;Fritz_Odemar;M;142;439;365;216;
KleidermachenLeute-146833.jpeg;Fritz_Odemar;M;175;516;218;472;
KleidermachenLeute-14763.jpeg;Leopold_von_Ledebur;M;88;361;163;287;
KleidermachenLeute-23264.jpeg;Erich_Ponto;M;155;444;229;370;
KleidermachenLeute-40842.jpeg;Fritz_Odemar;M;214;261;257;218;
KleidermachenLeute-5170.jpeg;Fritz_Odemar;M;136;446;188;394;
KleidermachenLeute-55708.jpeg;Fritz_Odemar;M;110;454;239;325;
KleidermachenLeute-56117.jpeg;Fritz_Odemar;M;133;476;288;322;
KleidermachenLeute-56906.jpeg;Fritz_Odemar;M;146;245;236;155;
KleidermachenLeute-56977.jpeg;Fritz_Odemar;M;205;543;267;481;
KleidermachenLeute-57502.jpeg;Fritz_Odemar;M;196;287;271;212;
KleidermachenLeute-70602.jpeg;Fritz_Odemar;M;66;364;156;275;
KleidermachenLeute-70683.jpeg;Fritz_Odemar;M;56;354;146;265;
KleidermachenLeute-71683.jpeg;Fritz_Odemar;M;106;225;196;135;
KleidermachenLeute-73744.jpeg;Fritz_Odemar;M;110;282;239;153;
KleidermachenLeute-73994.jpeg;Fritz_Odemar;M;126;205;216;116;
KleidermachenLeute-74244.jpeg;Fritz_Odemar;M;96;255;186;165;
KleidermachenLeute-74467.jpeg;Fritz_Odemar;M;126;245;216;155;
KleidermachenLeute-74732.jpeg;Fritz_Odemar;M;116;245;206;155;
KleidermachenLeute-77133.jpeg;Fritz_Odemar;M;245;384;335;295;
KleidermachenLeute-77372.jpeg;Fritz_Odemar;M;63;179;138;104;
KleidermachenLeute-77622.jpeg;Fritz_Odemar;M;106;394;196;305;
KleidermachenLeute-79402.jpeg;Fritz_Odemar;M;128;139;235;32;
KleidermachenLeute-79586.jpeg;Fritz_Odemar;M;110;139;239;10;
KleidermachenLeute-79733.jpeg;Fritz_Odemar;M;110;139;239;10;
KleidermachenLeute-84966.jpeg;Fritz_Odemar;M;72;278;146;204;
KleidermachenLeute-87340.jpeg;Fritz_Odemar;M;146;199;190;156;
KleidermachenLeute-91158.jpeg;Fritz_Odemar;M;72;250;124;199;
KleidermachenLeute-92042.jpeg;Fritz_Odemar;M;96;497;225;368;
KleidermachenLeute-92292.jpeg;Fritz_Odemar;M;82;511;211;382;
KleidermachenLeute-96505.jpeg;Fritz_Odemar;M;76;424;166;335;
KleidermachenLeute-98129.jpeg;Fritz_Odemar;M;104;342;211;235;
KleidermachenLeute-99667.jpeg;Fritz_Odemar;M;96;354;225;225;
KriminalkommissarEyckPaulKlingerHerbertHbneria-104800.jpeg;Paul_Klinger;M;116;356;270;201;
KriminalkommissarEyckPaulKlingerHerbertHbneria-105162.jpeg;Paul_Klinger;M;142;390;365;167;
KriminalkommissarEyckPaulKlingerHerbertHbneria-111840.jpeg;Fritz_Odemar;M;67;368;196;239;
KriminalkommissarEyckPaulKlingerHerbertHbneria-116960.jpeg;Fritz_Odemar;M;56;259;163;151;
KriminalkommissarEyckPaulKlingerHerbertHbneria-116960.jpeg;Walter_Lieck;M;68;414;175;306;
KriminalkommissarEyckPaulKlingerHerbertHbneria-118507.jpeg;Willi_Kaiser_Heyl;M;95;383;147;331;
KriminalkommissarEyckPaulKlingerHerbertHbneria-121741.jpeg;Erich_Dunskus;M;113;423;164;371;
KriminalkommissarEyckPaulKlingerHerbertHbneria-122560.jpeg;Hans_Halden;M;88;469;163;395;
KriminalkommissarEyckPaulKlingerHerbertHbneria-126240.jpeg;Antonie_Jaeckel;F;156;487;218;425;
KriminalkommissarEyckPaulKlingerHerbertHbneria-136160.jpeg;Fritz_Odemar;M;98;425;253;270;
KriminalkommissarEyckPaulKlingerHerbertHbneria-137760.jpeg;Paul_Klinger;M;126;514;216;424;
KriminalkommissarEyckPaulKlingerHerbertHbneria-138400.jpeg;Fritz_Odemar;M;106;504;196;414;
KriminalkommissarEyckPaulKlingerHerbertHbneria-29585.jpeg;Anneliese_Uhlig;F;139;386;325;201;
KriminalkommissarEyckPaulKlingerHerbertHbneria-30400.jpeg;Paul_Klinger;M;142;414;365;191;
KriminalkommissarEyckPaulKlingerHerbertHbneria-37440.jpeg;Ruth_Hellberg;F;96;494;171;419;
KriminalkommissarEyckPaulKlingerHerbertHbneria-40960.jpeg;Inge_List;F;96;265;186;175;
KriminalkommissarEyckPaulKlingerHerbertHbneria-42880.jpeg;Fritz_Odemar;M;281;349;343;287;
KriminalkommissarEyckPaulKlingerHerbertHbneria-45072.jpeg;Fritz_Odemar;M;118;428;304;242;
KriminalkommissarEyckPaulKlingerHerbertHbneria-45120.jpeg;Paul_Klinger;M;139;407;325;221;
KriminalkommissarEyckPaulKlingerHerbertHbneria-45294.jpeg;Paul_Klinger;M;118;428;304;242;
KriminalkommissarEyckPaulKlingerHerbertHbneria-46720.jpeg;Hansi_Knoteck;F;226;394;315;305;
KriminalkommissarEyckPaulKlingerHerbertHbneria-51360.jpeg;Hans_Unterkircher;M;146;461;221;386;
KriminalkommissarEyckPaulKlingerHerbertHbneria-54720.jpeg;Karl_Martell;M;96;354;225;225;
KriminalkommissarEyckPaulKlingerHerbertHbneria-54880.jpeg;Herbert_Wilk;M;116;318;223;211;
KriminalkommissarEyckPaulKlingerHerbertHbneria-55040.jpeg;Herbert_Wilk;M;152;306;259;199;
KriminalkommissarEyckPaulKlingerHerbertHbneria-60160.jpeg;Karl_Martell;M;104;270;211;163;
KriminalkommissarEyckPaulKlingerHerbertHbneria-81600.jpeg;Anneliese_Uhlig;F;153;368;282;239;
KriminalkommissarEyckPaulKlingerHerbertHbneria-85343.jpeg;Hans_Unterkircher;M;68;342;175;235;
KriminalkommissarEyckPaulKlingerHerbertHbneria-86720.jpeg;Fritz_Odemar;M;110;210;239;81;
KriminalkommissarEyckPaulKlingerHerbertHbneria-87040.jpeg;Fritz_Odemar;M;139;282;268;153;
KriminalkommissarEyckPaulKlingerHerbertHbneria-87360.jpeg;Fritz_Odemar;M;125;253;254;124;
KriminalkommissarEyckPaulKlingerHerbertHbneria-87680.jpeg;Herbert_Wilk;M;98;408;253;253;
KriminalkommissarEyckPaulKlingerHerbertHbneria-94176.jpeg;Anneliese_Uhlig;F;156;305;245;215;
KriminalkommissarEyckPaulKlingerHerbertHbneria-96320.jpeg;Walther_Jung;M;46;453;108;391;
KriminalkommissarEyckPaulKlingerHerbertHbneria-99040.jpeg;Fritz_Odemar;M;82;483;211;354;
LachendeErben-101471.jpeg;Lien_Deyers;F;116;464;206;374;
LachendeErben-101544.jpeg;Lien_Deyers;F;116;464;206;374;
LachendeErben-102055.jpeg;Lien_Deyers;F;106;454;196;364;
LachendeErben-102201.jpeg;Lien_Deyers;F;121;453;196;378;
LachendeErben-102347.jpeg;Lien_Deyers;F;106;464;196;374;
LachendeErben-102712.jpeg;Lien_Deyers;F;163;444;237;370;
LachendeErben-102785.jpeg;Lien_Deyers;F;116;484;206;394;
LachendeErben-103150.jpeg;Lien_Deyers;F;126;474;216;384;
LachendeErben-10513.jpeg;Walter_Janssen;M;168;683;297;554;
LachendeErben-105486.jpeg;Lien_Deyers;F;88;428;163;353;
LachendeErben-106946.jpeg;Lien_Deyers;F;285;780;337;728;
LachendeErben-107165.jpeg;Lien_Deyers;F;291;780;343;728;
LachendeErben-10732.jpeg;Walter_Janssen;M;168;669;297;540;
LachendeErben-107530.jpeg;Lien_Deyers;F;378;892;486;784;
LachendeErben-107676.jpeg;Lien_Deyers;F;368;870;497;741;
LachendeErben-10805.jpeg;Walter_Janssen;M;150;717;305;562;
LachendeErben-26792.jpeg;Lien_Deyers;F;254;441;290;405;
LachendeErben-45188.jpeg;Lien_Deyers;F;297;726;426;597;
LachendeErben-45261.jpeg;Lien_Deyers;F;255;763;345;673;
LachendeErben-45480.jpeg;Lien_Deyers;F;334;640;377;597;
LachendeErben-45845.jpeg;Lien_Deyers;F;343;653;450;545;
LachendeErben-47013.jpeg;Lien_Deyers;F;192;637;415;414;
LachendeErben-48108.jpeg;Lien_Deyers;F;345;478;420;403;
LachendeErben-48254.jpeg;Lien_Deyers;F;136;613;226;524;
LachendeErben-48838.jpeg;Lien_Deyers;F;204;602;279;527;
LachendeErben-49276.jpeg;Lien_Deyers;F;229;594;304;519;
LachendeErben-51758.jpeg;Lien_Deyers;F;128;736;235;629;
LachendeErben-51831.jpeg;Lien_Deyers;F;128;724;235;617;
LachendeErben-51904.jpeg;Lien_Deyers;F;128;724;235;617;
LachendeErben-52196.jpeg;Lien_Deyers;F;116;736;223;629;
LachendeErben-52999.jpeg;Walter_Janssen;M;319;784;426;677;
LachendeErben-53729.jpeg;Lien_Deyers;F;179;345;254;270;
LachendeErben-54094.jpeg;Walter_Janssen;M;315;683;405;593;
LachendeErben-54313.jpeg;Walter_Janssen;M;315;693;405;603;
LachendeErben-54532.jpeg;Lien_Deyers;F;238;636;281;592;
LachendeErben-54897.jpeg;Lien_Deyers;F;202;666;356;511;
LachendeErben-54970.jpeg;Lien_Deyers;F;205;728;257;677;
LachendeErben-55116.jpeg;Lien_Deyers;F;205;723;257;671;
LachendeErben-58912.jpeg;Lien_Deyers;F;239;339;368;210;
LachendeErben-65263.jpeg;Julius_Falkenstein;M;82;526;211;397;
LachendeErben-74753.jpeg;Lien_Deyers;F;188;842;262;768;
LachendeErben-8031.jpeg;Lien_Deyers;F;171;378;246;303;
LachendeErben-90083.jpeg;Walter_Janssen;M;39;698;168;569;
LachendeErben-95558.jpeg;Lien_Deyers;F;142;563;205;501;
LachendeErben-97894.jpeg;Lien_Deyers;F;295;282;402;175;
LachendeErben-97967.jpeg;Lien_Deyers;F;275;315;365;225;
LachendeErben-98332.jpeg;Lien_Deyers;F;295;285;385;195;
LachendeErben-98697.jpeg;Lien_Deyers;F;271;426;378;318;
LachendeErben-99208.jpeg;Lien_Deyers;F;246;536;308;474;
LachendeErben-99354.jpeg;Lien_Deyers;F;267;474;329;411;
LaHabanera-100200.jpeg;Zarah_Leander;F;192;538;415;315;
LaHabanera-100200.jpeg;Ferdinand_Marian;M;167;885;390;662;
LaHabanera-100400.jpeg;Ferdinand_Marian;M;142;860;365;637;
LaHabanera-100400.jpeg;Zarah_Leander;F;242;513;464;291;
LaHabanera-100500.jpeg;Zarah_Leander;F;192;538;415;315;
LaHabanera-100700.jpeg;Zarah_Leander;F;217;563;440;340;
LaHabanera-100700.jpeg;Ferdinand_Marian;M;118;910;341;687;
LaHabanera-100894.jpeg;Zarah_Leander;F;242;513;464;291;
LaHabanera-100894.jpeg;Ferdinand_Marian;M;118;959;341;736;
LaHabanera-101809.jpeg;Karl_Martell;M;196;573;285;484;
LaHabanera-102587.jpeg;Zarah_Leander;F;214;746;257;703;
LaHabanera-102962.jpeg;Zarah_Leander;F;262;698;305;655;
LaHabanera-103602.jpeg;Zarah_Leander;F;180;778;366;593;
LaHabanera-104375.jpeg;Zarah_Leander;F;219;941;374;786;
LaHabanera-105829.jpeg;Ferdinand_Marian;M;133;855;288;700;
LaHabanera-106766.jpeg;Zarah_Leander;F;222;799;407;613;
LaHabanera-106866.jpeg;Zarah_Leander;F;219;545;374;390;
LaHabanera-107066.jpeg;Zarah_Leander;F;242;613;428;428;
LaHabanera-107066.jpeg;Karl_Martell;M;139;861;325;675;
LaHabanera-107247.jpeg;Ferdinand_Marian;M;139;675;325;489;
LaHabanera-107988.jpeg;Ferdinand_Marian;M;139;675;325;489;
LaHabanera-108336.jpeg;Ferdinand_Marian;M;98;840;284;655;
LaHabanera-108436.jpeg;Ferdinand_Marian;M;150;820;305;666;
LaHabanera-108536.jpeg;Ferdinand_Marian;M;150;803;305;648;
LaHabanera-111144.jpeg;Zarah_Leander;F;236;872;391;717;
LaHabanera-111244.jpeg;Zarah_Leander;F;236;872;391;717;
LaHabanera-111653.jpeg;Zarah_Leander;F;150;941;305;786;
LaHabanera-111753.jpeg;Zarah_Leander;F;150;958;305;803;
LaHabanera-111853.jpeg;Zarah_Leander;F;150;958;305;803;
LaHabanera-112310.jpeg;Zarah_Leander;F;171;825;439;557;
LaHabanera-112463.jpeg;Karl_Martell;M;170;740;491;419;
LaHabanera-112561.jpeg;Julia_Serda;F;170;812;491;491;
LaHabanera-112761.jpeg;Zarah_Leander;F;231;854;498;587;
LaHabanera-112861.jpeg;Zarah_Leander;F;142;825;409;557;
LaHabanera-114077.jpeg;Karl_Martell;M;118;786;341;563;
LaHabanera-114560.jpeg;Zarah_Leander;F;142;761;365;538;
LaHabanera-114643.jpeg;Ferdinand_Marian;M;142;811;365;588;
LaHabanera-114825.jpeg;Zarah_Leander;F;142;637;365;414;
LaHabanera-114920.jpeg;Ferdinand_Marian;M;142;786;365;563;
LaHabanera-115081.jpeg;Zarah_Leander;F;167;637;390;414;
LaHabanera-115158.jpeg;Ferdinand_Marian;M;112;854;379;587;
LaHabanera-11526.jpeg;Zarah_Leander;F;202;614;356;459;
LaHabanera-116445.jpeg;Boris_Alekin;M;168;669;297;540;
LaHabanera-118483.jpeg;Zarah_Leander;F;116;786;270;631;
LaHabanera-118583.jpeg;Zarah_Leander;F;81;752;236;597;
LaHabanera-118683.jpeg;Julia_Serda;F;67;640;196;511;
LaHabanera-118783.jpeg;Zarah_Leander;F;82;683;211;554;
LaHabanera-118983.jpeg;Zarah_Leander;F;81;683;236;528;
LaHabanera-119083.jpeg;Zarah_Leander;F;82;712;211;583;
LaHabanera-119283.jpeg;Zarah_Leander;F;67;698;196;569;
LaHabanera-119483.jpeg;Zarah_Leander;F;82;655;211;526;
LaHabanera-119583.jpeg;Zarah_Leander;F;82;669;211;540;
LaHabanera-119683.jpeg;Zarah_Leander;F;82;698;211;569;
LaHabanera-119983.jpeg;Zarah_Leander;F;81;700;236;545;
LaHabanera-120661.jpeg;Zarah_Leander;F;139;716;325;531;
LaHabanera-120761.jpeg;Zarah_Leander;F;118;696;304;510;
LaHabanera-121261.jpeg;Julia_Serda;F;53;683;182;554;
LaHabanera-122018.jpeg;Zarah_Leander;F;110;911;665;356;
LaHabanera-122200.jpeg;Zarah_Leander;F;110;788;665;233;
LaHabanera-122440.jpeg;Zarah_Leander;F;162;803;547;418;
LaHabanera-122640.jpeg;Julia_Serda;F;162;846;547;461;
LaHabanera-122740.jpeg;Julia_Serda;F;204;803;590;418;
LaHabanera-123192.jpeg;Zarah_Leander;F;167;683;322;528;
LaHabanera-124110.jpeg;Zarah_Leander;F;133;717;288;562;
LaHabanera-125531.jpeg;Zarah_Leander;F;143;861;605;399;
LaHabanera-125867.jpeg;Zarah_Leander;F;142;736;365;513;
LaHabanera-126949.jpeg;Zarah_Leander;F;160;882;345;696;
LaHabanera-127049.jpeg;Julia_Serda;F;160;861;345;675;
LaHabanera-127849.jpeg;Karl_Martell;M;142;761;365;538;
LaHabanera-127849.jpeg;Zarah_Leander;F;284;820;469;634;
LaHabanera-128249.jpeg;Julia_Serda;F;284;799;469;613;
LaHabanera-129090.jpeg;Ferdinand_Marian;M;98;861;284;675;
LaHabanera-129772.jpeg;Zarah_Leander;F;214;309;257;266;
LaHabanera-129772.jpeg;Julia_Serda;F;314;429;366;377;
LaHabanera-130516.jpeg;Karl_Martell;M;217;910;440;687;
LaHabanera-130776.jpeg;Karl_Martell;M;82;825;350;557;
LaHabanera-130947.jpeg;Karl_Martell;M;112;825;379;557;
LaHabanera-138192.jpeg;Zarah_Leander;F;275;812;365;723;
LaHabanera-138279.jpeg;Zarah_Leander;F;182;870;311;741;
LaHabanera-138479.jpeg;Zarah_Leander;F;196;884;325;755;
LaHabanera-138679.jpeg;Zarah_Leander;F;254;941;383;812;
LaHabanera-138964.jpeg;Zarah_Leander;F;239;726;368;597;
LaHabanera-139064.jpeg;Zarah_Leander;F;239;726;368;597;
LaHabanera-139164.jpeg;Zarah_Leander;F;247;665;355;557;
LaHabanera-14163.jpeg;Zarah_Leander;F;470;361;544;287;
LaHabanera-15108.jpeg;Zarah_Leander;F;196;683;285;593;
LaHabanera-16728.jpeg;Zarah_Leander;F;211;569;340;440;
LaHabanera-17261.jpeg;Julia_Serda;F;168;526;297;397;
LaHabanera-17489.jpeg;Zarah_Leander;F;167;637;390;414;
LaHabanera-18535.jpeg;Zarah_Leander;F;192;687;415;464;
LaHabanera-19185.jpeg;Zarah_Leander;F;125;884;254;755;
LaHabanera-19285.jpeg;Zarah_Leander;F;152;927;259;820;
LaHabanera-19463.jpeg;Zarah_Leander;F;110;884;239;755;
LaHabanera-19537.jpeg;Julia_Serda;F;168;597;297;468;
LaHabanera-19711.jpeg;Zarah_Leander;F;116;889;270;734;
LaHabanera-19811.jpeg;Julia_Serda;F;116;855;270;700;
LaHabanera-19911.jpeg;Zarah_Leander;F;116;820;270;666;
LaHabanera-20101.jpeg;Zarah_Leander;F;81;786;236;631;
LaHabanera-20164.jpeg;Zarah_Leander;F;171;706;439;438;
LaHabanera-20420.jpeg;Zarah_Leander;F;96;698;225;569;
LaHabanera-21090.jpeg;Ferdinand_Marian;M;150;820;305;666;
LaHabanera-21823.jpeg;Julia_Serda;F;146;623;236;534;
LaHabanera-23107.jpeg;Zarah_Leander;F;160;737;345;551;
LaHabanera-26296.jpeg;Ferdinand_Marian;M;139;964;325;778;
LaHabanera-26465.jpeg;Zarah_Leander;F;222;593;407;407;
LaHabanera-26565.jpeg;Zarah_Leander;F;222;758;407;572;
LaHabanera-27288.jpeg;Zarah_Leander;F;211;597;340;468;
LaHabanera-27388.jpeg;Ferdinand_Marian;M;116;769;270;614;
LaHabanera-27388.jpeg;Zarah_Leander;F;239;540;368;411;
LaHabanera-29061.jpeg;Julia_Serda;F;115;398;177;335;
LaHabanera-29447.jpeg;Ferdinand_Marian;M;105;743;179;668;
LaHabanera-29647.jpeg;Ferdinand_Marian;M;115;633;177;570;
LaHabanera-29743.jpeg;Ferdinand_Marian;M;122;681;184;619;
LaHabanera-30146.jpeg;Ferdinand_Marian;M;86;713;176;623;
LaHabanera-30246.jpeg;Ferdinand_Marian;M;86;713;176;623;
LaHabanera-30346.jpeg;Ferdinand_Marian;M;96;710;171;635;
LaHabanera-30633.jpeg;Zarah_Leander;F;222;840;407;655;
LaHabanera-31566.jpeg;Zarah_Leander;F;260;795;528;527;
LaHabanera-33311.jpeg;Ferdinand_Marian;M;118;712;341;489;
LaHabanera-34060.jpeg;Karl_Martell;M;116;700;270;545;
LaHabanera-35398.jpeg;Karl_Martell;M;77;820;263;634;
LaHabanera-35472.jpeg;Julia_Serda;F;175;641;283;533;
LaHabanera-35672.jpeg;Julia_Serda;F;223;569;331;462;
LaHabanera-3583.jpeg;Zarah_Leander;F;206;772;295;683;
LaHabanera-35872.jpeg;Karl_Martell;M;202;752;356;597;
LaHabanera-37278.jpeg;Julia_Serda;F;175;509;283;402;
LaHabanera-37360.jpeg;Julia_Serda;F;175;509;283;402;
LaHabanera-37594.jpeg;Julia_Serda;F;175;474;283;366;
LaHabanera-37664.jpeg;Karl_Martell;M;163;844;271;736;
LaHabanera-37764.jpeg;Karl_Martell;M;163;868;271;760;
LaHabanera-37964.jpeg;Karl_Martell;M;199;903;307;796;
LaHabanera-39513.jpeg;Julia_Serda;F;253;476;408;322;
LaHabanera-39713.jpeg;Julia_Serda;F;236;562;391;408;
LaHabanera-45084.jpeg;Boris_Alekin;M;156;534;245;444;
LaHabanera-45284.jpeg;Boris_Alekin;M;166;534;255;444;
LaHabanera-48533.jpeg;Zarah_Leander;F;104;677;211;569;
LaHabanera-48633.jpeg;Zarah_Leander;F;92;689;199;581;
LaHabanera-49312.jpeg;Zarah_Leander;F;82;726;211;597;
LaHabanera-49373.jpeg;Ferdinand_Marian;M;125;569;254;440;
LaHabanera-49559.jpeg;Zarah_Leander;F;140;772;247;665;
LaHabanera-51006.jpeg;Zarah_Leander;F;201;799;387;613;
LaHabanera-51206.jpeg;Zarah_Leander;F;142;761;365;538;
LaHabanera-52788.jpeg;Zarah_Leander;F;139;634;325;448;
LaHabanera-53037.jpeg;Zarah_Leander;F;160;737;345;551;
LaHabanera-53137.jpeg;Zarah_Leander;F;139;655;325;469;
LaHabanera-53727.jpeg;Zarah_Leander;F;139;778;325;593;
LaHabanera-53827.jpeg;Zarah_Leander;F;139;799;325;613;
LaHabanera-54267.jpeg;Zarah_Leander;F;259;784;367;677;
LaHabanera-59640.jpeg;Zarah_Leander;F;253;872;408;717;
LaHabanera-59740.jpeg;Zarah_Leander;F;222;840;407;655;
LaHabanera-59940.jpeg;Zarah_Leander;F;242;861;428;675;
LaHabanera-60040.jpeg;Zarah_Leander;F;253;855;408;700;
LaHabanera-60183.jpeg;Zarah_Leander;F;236;838;391;683;
LaHabanera-60441.jpeg;Zarah_Leander;F;288;803;442;648;
LaHabanera-60541.jpeg;Zarah_Leander;F;270;820;425;666;
LaHabanera-60641.jpeg;Zarah_Leander;F;263;820;449;634;
LaHabanera-60859.jpeg;Zarah_Leander;F;266;786;489;563;
LaHabanera-61055.jpeg;Zarah_Leander;F;291;786;514;563;
LaHabanera-61311.jpeg;Zarah_Leander;F;316;786;539;563;
LaHabanera-61497.jpeg;Zarah_Leander;F;242;736;464;513;
LaHabanera-61656.jpeg;Julia_Serda;F;196;927;325;798;
LaHabanera-61721.jpeg;Zarah_Leander;F;201;799;387;613;
LaHabanera-61921.jpeg;Zarah_Leander;F;201;758;387;572;
LaHabanera-62312.jpeg;Zarah_Leander;F;206;812;527;491;
LaHabanera-62412.jpeg;Zarah_Leander;F;206;776;527;455;
LaHabanera-62512.jpeg;Zarah_Leander;F;241;776;562;455;
LaHabanera-62712.jpeg;Zarah_Leander;F;142;811;365;588;
LaHabanera-62912.jpeg;Julia_Serda;F;139;799;325;613;
LaHabanera-63012.jpeg;Zarah_Leander;F;139;923;325;737;
LaHabanera-63685.jpeg;Zarah_Leander;F;192;885;415;662;
LaHabanera-63785.jpeg;Zarah_Leander;F;167;885;390;662;
LaHabanera-64085.jpeg;Zarah_Leander;F;192;860;415;637;
LaHabanera-64179.jpeg;Zarah_Leander;F;167;860;390;637;
LaHabanera-64422.jpeg;Zarah_Leander;F;139;861;325;675;
LaHabanera-64622.jpeg;Zarah_Leander;F;118;778;304;593;
LaHabanera-64722.jpeg;Zarah_Leander;F;167;835;390;613;
LaHabanera-65278.jpeg;Zarah_Leander;F;98;820;284;634;
LaHabanera-65378.jpeg;Zarah_Leander;F;118;778;304;593;
LaHabanera-65578.jpeg;Zarah_Leander;F;77;799;263;613;
LaHabanera-65678.jpeg;Zarah_Leander;F;142;835;365;613;
LaHabanera-65778.jpeg;Zarah_Leander;F;160;778;345;593;
LaHabanera-66078.jpeg;Zarah_Leander;F;118;778;304;593;
LaHabanera-66178.jpeg;Zarah_Leander;F;201;778;387;593;
LaHabanera-68085.jpeg;Boris_Alekin;M;110;870;239;741;
LaHabanera-70654.jpeg;Zarah_Leander;F;231;795;498;527;
LaHabanera-70754.jpeg;Zarah_Leander;F;171;825;439;557;
LaHabanera-78999.jpeg;Zarah_Leander;F;142;786;365;563;
LaHabanera-79334.jpeg;Zarah_Leander;F;192;786;415;563;
LaHabanera-80759.jpeg;Karl_Martell;M;56;868;163;760;
LaHabanera-84341.jpeg;Ferdinand_Marian;M;223;832;331;724;
LaHabanera-85751.jpeg;Karl_Martell;M;133;769;288;614;
LaHabanera-88093.jpeg;Zarah_Leander;F;118;675;304;489;
LaHabanera-89277.jpeg;Ferdinand_Marian;M;112;854;379;587;
LaHabanera-89501.jpeg;Ferdinand_Marian;M;143;913;605;451;
LaHabanera-9001.jpeg;Zarah_Leander;F;339;494;494;339;
LaHabanera-90382.jpeg;Zarah_Leander;F;167;855;322;700;
LaHabanera-90564.jpeg;Ferdinand_Marian;M;118;655;304;469;
LaHabanera-90773.jpeg;Zarah_Leander;F;125;755;254;626;
LaHabanera-90873.jpeg;Zarah_Leander;F;139;784;268;655;
LaHabanera-9101.jpeg;Julia_Serda;F;383;497;512;368;
LaHabanera-91727.jpeg;Zarah_Leander;F;167;811;390;588;
LaHabanera-92138.jpeg;Ferdinand_Marian;M;82;769;211;640;
LaHabanera-97139.jpeg;Zarah_Leander;F;139;769;268;640;
LaHabanera-97239.jpeg;Zarah_Leander;F;116;752;270;597;
LaHabanera-97436.jpeg;Zarah_Leander;F;125;769;254;640;
LaHabanera-97743.jpeg;Julia_Serda;F;110;698;239;569;
LaHabanera-97843.jpeg;Julia_Serda;F;81;700;236;545;
LaHabanera-98043.jpeg;Zarah_Leander;F;98;700;253;545;
LaHabanera-98143.jpeg;Zarah_Leander;F;98;700;253;545;
LaHabanera-98922.jpeg;Zarah_Leander;F;150;786;305;631;
LaHabanera-99900.jpeg;Zarah_Leander;F;217;588;440;365;
liebelei-102151.jpeg;Reinhold_Bernt;M;39;335;101;273;
liebelei-102301.jpeg;Wolfgang_Liebeneiner;M;30;337;105;262;
liebelei-102451.jpeg;Wolfgang_Liebeneiner;M;30;328;105;254;
liebelei-102601.jpeg;Wolfgang_Liebeneiner;M;30;312;105;237;
liebelei-105901.jpeg;Edith_Oss;F;38;287;113;212;
liebelei-106351.jpeg;Hansi_Knoteck;F;68;247;175;139;
liebelei-106501.jpeg;Hansi_Knoteck;F;53;253;182;124;
liebelei-106576.jpeg;Hansi_Knoteck;F;56;235;163;127;
liebelei-106726.jpeg;Martha_Ziegler;F;68;247;175;139;
liebelei-106876.jpeg;Martha_Ziegler;F;86;265;176;175;
liebelei-107026.jpeg;Martha_Ziegler;F;53;268;182;139;
liebelei-107176.jpeg;Martha_Ziegler;F;80;259;187;151;
liebelei-107401.jpeg;Hansi_Knoteck;F;56;235;163;127;
liebelei-107551.jpeg;Martha_Ziegler;F;39;253;168;124;
liebelei-107701.jpeg;Hansi_Knoteck;F;56;247;163;139;
liebelei-107851.jpeg;Martha_Ziegler;F;56;247;163;139;
liebelei-108001.jpeg;Angela_Salloker;F;56;247;163;139;
liebelei-108901.jpeg;Else_Elster;F;127;199;170;156;
liebelei-115951.jpeg;Martha_Ziegler;F;122;232;184;170;
liebelei-116476.jpeg;Angela_Salloker;F;86;275;176;185;
liebelei-116626.jpeg;Martha_Ziegler;F;80;318;187;211;
liebelei-116776.jpeg;Martha_Ziegler;F;82;325;211;196;
liebelei-116926.jpeg;Martha_Ziegler;F;64;339;219;184;
liebelei-117151.jpeg;Martha_Ziegler;F;81;356;236;201;
liebelei-117301.jpeg;Martha_Ziegler;F;81;339;236;184;
liebelei-117451.jpeg;Martha_Ziegler;F;98;322;253;167;
liebelei-117601.jpeg;Martha_Ziegler;F;81;356;236;201;
liebelei-117751.jpeg;Martha_Ziegler;F;98;373;253;218;
liebelei-117826.jpeg;Martha_Ziegler;F;81;339;236;184;
liebelei-117976.jpeg;Martha_Ziegler;F;98;339;253;184;
liebelei-118126.jpeg;Martha_Ziegler;F;64;322;219;167;
liebelei-118276.jpeg;Martha_Ziegler;F;82;311;211;182;
liebelei-118426.jpeg;Martha_Ziegler;F;81;339;236;184;
liebelei-118651.jpeg;Martha_Ziegler;F;82;296;211;167;
liebelei-118801.jpeg;Martha_Ziegler;F;81;339;236;184;
liebelei-118951.jpeg;Angela_Salloker;F;81;339;236;184;
liebelei-119101.jpeg;Martha_Ziegler;F;81;339;236;184;
liebelei-119251.jpeg;Martha_Ziegler;F;96;311;225;182;
liebelei-119326.jpeg;Martha_Ziegler;F;81;322;236;167;
liebelei-119476.jpeg;Martha_Ziegler;F;82;282;211;153;
liebelei-15226.jpeg;Reinhold_Bernt;M;31;199;74;156;
liebelei-15226.jpeg;Ursula_Grabley;F;170;319;214;275;
liebelei-15526.jpeg;Ursula_Grabley;F;76;215;166;126;
liebelei-15901.jpeg;Werner_Scharf;M;42;137;78;101;
liebelei-17551.jpeg;Willy_Eichberger;M;20;181;72;129;
liebelei-18901.jpeg;Martha_Ziegler;F;82;365;118;329;
liebelei-22051.jpeg;Fritz_Odemar;M;39;328;101;266;
liebelei-22201.jpeg;Lien_Deyers;F;79;151;122;108;
liebelei-22351.jpeg;Vilma_Bekendorf;F;78;213;114;177;
liebelei-22351.jpeg;Angela_Salloker;F;79;59;122;16;
liebelei-22576.jpeg;Hans_Unterkircher;M;74;181;110;145;
liebelei-22576.jpeg;Anneliese_Uhlig;F;90;69;126;33;
liebelei-22801.jpeg;Angela_Salloker;F;103;88;146;45;
liebelei-22951.jpeg;Inge_Landgut;F;90;112;141;60;
liebelei-22951.jpeg;Lisa_Helwig;F;80;266;142;204;
liebelei-23101.jpeg;Marianne_Simson;F;103;88;146;45;
liebelei-23251.jpeg;Angela_Salloker;F;90;112;141;60;
liebelei-23326.jpeg;Marianne_Simson;F;95;101;147;49;
liebelei-23476.jpeg;Marianne_Simson;F;108;93;151;50;
liebelei-23626.jpeg;Angela_Salloker;F;103;93;146;50;
liebelei-23926.jpeg;Marianne_Simson;F;118;93;161;50;
liebelei-26101.jpeg;Reinhold_Bernt;M;47;196;121;121;
liebelei-26251.jpeg;Hansi_Knoteck;F;95;170;147;118;
liebelei-26476.jpeg;Angela_Salloker;F;80;187;155;113;
liebelei-26626.jpeg;Reinhold_Bernt;M;73;315;135;252;
liebelei-26776.jpeg;Fritz_Odemar;M;55;196;130;121;
liebelei-26776.jpeg;Reinhold_Bernt;M;73;315;135;252;
liebelei-26926.jpeg;Reinhold_Bernt;M;72;320;146;245;
liebelei-27151.jpeg;Reinhold_Bernt;M;73;315;135;252;
liebelei-27601.jpeg;Willy_Eichberger;M;63;204;138;129;
liebelei-27601.jpeg;Reinhold_Bernt;M;80;320;155;245;
liebelei-27751.jpeg;Albert_Lippert;M;55;212;130;137;
liebelei-27751.jpeg;Reinhold_Bernt;M;80;315;142;252;
liebelei-27826.jpeg;Edith_Oss;F;87;280;149;218;
liebelei-29251.jpeg;Reinhold_Bernt;M;70;245;106;209;
liebelei-36526.jpeg;Inge_Landgut;F;130;170;182;118;
liebelei-36901.jpeg;Elisabeth_Flickenschild;F;129;176;191;114;
liebelei-38251.jpeg;Martha_Ziegler;F;95;170;147;118;
liebelei-38326.jpeg;Angela_Salloker;F;80;225;142;163;
liebelei-45526.jpeg;Hilde_Krahl;F;54;293;90;257;
liebelei-46201.jpeg;Marianne_Simson;F;54;293;90;257;
liebelei-46351.jpeg;Angela_Salloker;F;50;317;86;281;
liebelei-46501.jpeg;Marianne_Simson;F;46;333;82;297;
liebelei-46576.jpeg;Hilde_Krahl;F;36;338;79;295;
liebelei-46876.jpeg;Martha_Ziegler;F;60;352;103;309;
liebelei-47026.jpeg;Marianne_Simson;F;49;371;101;319;
liebelei-47176.jpeg;Clementia_Egies;F;142;223;185;180;
liebelei-4726.jpeg;Werner_Scharf;M;38;400;90;348;
liebelei-48676.jpeg;Hans_Albers;M;55;106;107;55;
liebelei-4876.jpeg;Wolfgang_Liebeneiner;M;96;287;171;212;
liebelei-4876.jpeg;Ernst_Stahl_Nachbaur;M;49;423;101;371;
liebelei-5026.jpeg;Hans_Halden;M;232;259;294;197;
liebelei-53101.jpeg;Hans_Unterkircher;M;126;305;162;269;
liebelei-53476.jpeg;Wilma_Tatzel;F;146;218;190;175;
liebelei-53626.jpeg;Else_Elster;F;159;152;211;101;
liebelei-5401.jpeg;Ekkehard_Arendt;M;80;320;155;245;
liebelei-54151.jpeg;Lotte_Rausch;F;132;160;175;117;
liebelei-54151.jpeg;Marianne_Simson;F;142;266;185;223;
liebelei-54301.jpeg;Martha_Ziegler;F;146;295;190;252;
liebelei-54451.jpeg;Edith_Oss;F;142;290;185;247;
liebelei-55801.jpeg;Willy_Eichberger;M;63;212;138;137;
liebelei-55951.jpeg;Fritz_Odemar;M;80;229;155;154;
liebelei-56101.jpeg;Albert_Lippert;M;63;204;138;129;
liebelei-56251.jpeg;Willy_Eichberger;M;72;220;146;146;
liebelei-57301.jpeg;Martha_Ziegler;F;96;386;171;312;
liebelei-58426.jpeg;Willy_Eichberger;M;30;270;105;196;
liebelei-59776.jpeg;Martha_Ziegler;F;113;254;188;179;
liebelei-60376.jpeg;Edith_Oss;F;113;229;188;154;
liebelei-61201.jpeg;Edith_Oss;F;76;305;166;215;
liebelei-61501.jpeg;Eduard_von_Winterstein;M;80;363;142;301;
liebelei-61501.jpeg;Egon_von_Jordan;M;251;83;303;31;
liebelei-62701.jpeg;Siegfried_Breuer;M;118;158;170;106;
liebelei-63001.jpeg;Leo_Peukert;M;49;239;101;187;
liebelei-63526.jpeg;Hans_Unterkircher;M;55;162;130;88;
liebelei-63676.jpeg;Albert_Lippert;M;55;171;130;96;
liebelei-64351.jpeg;Siegfried_Breuer;M;56;165;146;76;
liebelei-64501.jpeg;Martha_Ziegler;F;136;210;188;158;
liebelei-6526.jpeg;Fritz_Odemar;M;193;222;245;170;
liebelei-6526.jpeg;Albert_Lippert;M;127;170;170;127;
liebelei-6526.jpeg;Hans_Halden;M;98;373;134;337;
liebelei-6526.jpeg;Hilde_Hildebrand;F;222;66;274;14;
liebelei-68926.jpeg;Werner_Scharf;M;50;245;86;209;
liebelei-69301.jpeg;Angela_Salloker;F;98;245;134;209;
liebelei-69451.jpeg;Else_Elster;F;61;141;113;89;
liebelei-69601.jpeg;Ursula_Grabley;F;67;204;118;152;
liebelei-69751.jpeg;Ursula_Grabley;F;78;193;130;141;
liebelei-69826.jpeg;Else_Elster;F;67;216;118;164;
liebelei-69976.jpeg;Clementia_Egies;F;61;199;113;147;
liebelei-70426.jpeg;Ernst_Stahl_Nachbaur;M;59;425;122;363;
liebelei-71326.jpeg;Charlotte_Schellhorn;F;198;328;260;266;
liebelei-74476.jpeg;Ursula_Grabley;F;95;245;147;193;
liebelei-77251.jpeg;Reinhold_Bernt;M;44;302;95;250;
liebelei-77476.jpeg;Elisabeth_Flickenschild;F;209;405;252;362;
liebelei-7801.jpeg;Ekkehard_Arendt;M;32;306;140;199;
liebelei-79276.jpeg;Reinhold_Bernt;M;53;176;115;114;
liebelei-80476.jpeg;Ekkehard_Arendt;M;46;342;108;280;
liebelei-80776.jpeg;Albert_Lippert;M;38;171;113;96;
liebelei-80776.jpeg;Ekkehard_Arendt;M;39;328;101;266;
liebelei-80926.jpeg;Reinhold_Bernt;M;46;165;136;76;
liebelei-81301.jpeg;Reinhold_Bernt;M;47;171;121;96;
liebelei-82276.jpeg;Wolfgang_Liebeneiner;M;47;295;121;220;
liebelei-82726.jpeg;Reinhold_Bernt;M;41;199;84;156;
liebelei-82876.jpeg;Karl_Etlinger;M;46;117;89;74;
liebelei-83176.jpeg;Heinz_Salfner;M;41;204;84;160;
liebelei-87526.jpeg;Fritz_Odemar;M;211;342;274;280;
liebelei-8776.jpeg;Hilde_Hildebrand;F;132;357;175;314;
liebelei-8776.jpeg;Willy_Eichberger;M;80;232;142;170;
liebelei-88051.jpeg;Hans_Albers;M;90;250;141;199;
liebelei-88726.jpeg;Julia_Serda;F;67;204;118;152;
liebelei-88726.jpeg;Fritz_Odemar;M;130;343;182;291;
liebelei-89026.jpeg;Fritz_Odemar;M;38;239;90;187;
liebelei-89176.jpeg;Edith_Oss;F;94;232;137;189;
liebelei-90151.jpeg;Martha_Ziegler;F;84;314;136;262;
liebelei-90826.jpeg;Edith_Oss;F;84;325;136;273;
liebelei-90976.jpeg;Edith_Oss;F;73;322;135;259;
liebelei-90976.jpeg;Ekkehard_Arendt;M;115;197;177;135;
liebelei-91126.jpeg;Edith_Oss;F;80;315;142;252;
liebelei-91276.jpeg;Edith_Oss;F;87;308;149;246;
liebelei-91426.jpeg;Marianne_Simson;F;80;322;142;259;
liebelei-91651.jpeg;Ekkehard_Arendt;M;96;179;171;104;
liebelei-91651.jpeg;Martha_Ziegler;F;73;328;135;266;
liebelei-91801.jpeg;Ekkehard_Arendt;M;105;171;179;96;
liebelei-91801.jpeg;Angela_Salloker;F;73;335;135;273;
liebelei-91951.jpeg;Marianne_Simson;F;72;328;146;254;
liebelei-92101.jpeg;Martha_Ziegler;F;80;345;155;270;
liebelei-92251.jpeg;Hilde_Hildebrand;F;56;344;146;255;
liebelei-92776.jpeg;Martha_Ziegler;F;68;342;175;235;
liebelei-92926.jpeg;Martha_Ziegler;F;92;306;199;199;
liebelei-93301.jpeg;Albert_Florath;M;179;303;254;229;
liebelei-93826.jpeg;Emil_Jannings;M;96;296;225;167;
liebelei-94426.jpeg;Ralph_Arthur_Roberts;M;78;273;130;222;
liebelei-94651.jpeg;Werner_Pledath;M;78;268;130;216;
liebelei-96151.jpeg;Willy_Eichberger;M;88;270;163;196;
liebelei-96451.jpeg;Willy_Eichberger;M;86;275;176;185;
liebelei-96826.jpeg;Fritz_Odemar;M;96;262;171;187;
liebelei-96976.jpeg;Willy_Eichberger;M;72;262;146;187;
liebelei-97126.jpeg;Willy_Eichberger;M;66;295;156;205;
liebelei-97276.jpeg;Eduard_Wenck;M;76;255;166;165;
liebelei-97426.jpeg;Willy_Eichberger;M;66;265;156;175;
liebelei-97726.jpeg;Willy_Eichberger;M;20;366;128;259;
liebelei-99001.jpeg;Willy_Eichberger;M;36;305;126;215;
liebelei-99076.jpeg;Willy_Eichberger;M;36;305;126;215;
liebelei-99226.jpeg;Willy_Eichberger;M;36;295;126;205;
MnchhausenK-105999.jpeg;Hans_Albers;M;142;398;205;335;
MnchhausenK-107109.jpeg;Hans_Albers;M;116;464;206;374;
MnchhausenK-107681.jpeg;Hans_Albers;M;113;187;164;135;
MnchhausenK-108514.jpeg;Hans_Albers;M;142;266;205;204;
MnchhausenK-108875.jpeg;Hans_Albers;M;152;462;259;354;
MnchhausenK-109778.jpeg;Hans_Albers;M;142;290;185;247;
MnchhausenK-129099.jpeg;Hans_Albers;M;101;487;153;435;
MnchhausenK-133989.jpeg;Hans_Albers;M;86;354;176;265;
MnchhausenK-13408.jpeg;Hans_Albers;M;80;569;187;462;
MnchhausenK-134249.jpeg;Hans_Albers;M;199;402;307;294;
MnchhausenK-134308.jpeg;Hans_Albers;M;130;419;204;345;
MnchhausenK-134651.jpeg;Hans_Albers;M;96;394;186;305;
MnchhausenK-135751.jpeg;Hans_Albers;M;128;211;235;103;
MnchhausenK-135897.jpeg;Hans_Albers;M;152;211;259;103;
MnchhausenK-136002.jpeg;Hans_Albers;M;223;354;331;247;
MnchhausenK-13658.jpeg;Hans_Albers;M;68;545;175;438;
MnchhausenK-14312.jpeg;Hans_Brausewetter;M;46;135;108;73;
MnchhausenK-14564.jpeg;Hans_Albers;M;118;262;304;77;
MnchhausenK-150847.jpeg;Hans_Albers;M;92;318;199;211;
MnchhausenK-151136.jpeg;Hans_Albers;M;128;318;235;211;
MnchhausenK-151981.jpeg;Hans_Albers;M;116;442;270;287;
MnchhausenK-152417.jpeg;Hans_Albers;M;0;379;260;111;
MnchhausenK-154605.jpeg;Hans_Albers;M;121;220;196;146;
MnchhausenK-15645.jpeg;Hans_Albers;M;76;285;166;195;
MnchhausenK-157959.jpeg;Marina_von_Ditmar;F;184;304;339;150;
MnchhausenK-159655.jpeg;Hans_Albers;M;67;296;196;167;
MnchhausenK-159749.jpeg;Hans_Brausewetter;M;116;442;270;287;
MnchhausenK-159870.jpeg;Hans_Albers;M;96;382;225;253;
MnchhausenK-160252.jpeg;Marina_von_Ditmar;F;167;390;322;236;
MnchhausenK-160931.jpeg;Hans_Albers;M;77;428;263;242;
MnchhausenK-161094.jpeg;Hans_Brausewetter;M;118;428;304;242;
MnchhausenK-16145.jpeg;Hans_Albers;M;93;390;316;167;
MnchhausenK-161962.jpeg;Hans_Albers;M;92;330;199;223;
MnchhausenK-162808.jpeg;Marina_von_Ditmar;F;164;504;216;452;
MnchhausenK-16556.jpeg;Hans_Albers;M;80;366;187;259;
MnchhausenK-165795.jpeg;Hans_Albers;M;102;365;138;329;
MnchhausenK-166230.jpeg;Hans_Albers;M;98;390;253;236;
MnchhausenK-166374.jpeg;Hans_Albers;M;98;408;253;253;
MnchhausenK-16806.jpeg;Hans_Albers;M;116;450;223;342;
MnchhausenK-17186.jpeg;Marina_von_Ditmar;F;126;185;216;96;
MnchhausenK-17436.jpeg;Hans_Albers;M;86;424;176;335;
MnchhausenK-17478.jpeg;Marina_von_Ditmar;F;126;195;216;106;
MnchhausenK-17772.jpeg;Hans_Albers;M;121;444;196;370;
MnchhausenK-17941.jpeg;Marina_von_Ditmar;F;116;195;206;106;
MnchhausenK-18015.jpeg;Hans_Albers;M;116;318;223;211;
MnchhausenK-18265.jpeg;Hans_Albers;M;96;339;225;210;
MnchhausenK-18765.jpeg;Hans_Albers;M;96;325;225;196;
MnchhausenK-19015.jpeg;Hans_Albers;M;116;306;223;199;
MnchhausenK-19073.jpeg;Marina_von_Ditmar;F;116;195;206;106;
MnchhausenK-19219.jpeg;Hans_Albers;M;126;394;216;305;
MnchhausenK-22193.jpeg;Hans_Albers;M;102;437;138;401;
MnchhausenK-25052.jpeg;Hans_Albers;M;129;204;191;142;
MnchhausenK-25302.jpeg;Hans_Albers;M;115;232;177;170;
MnchhausenK-25552.jpeg;Hans_Albers;M;115;232;177;170;
MnchhausenK-26210.jpeg;Hans_Albers;M;63;287;138;212;
MnchhausenK-26460.jpeg;Hans_Albers;M;72;287;146;212;
MnchhausenK-26923.jpeg;Hans_Albers;M;108;232;170;170;
MnchhausenK-27506.jpeg;Hans_Albers;M;87;391;149;328;
MnchhausenK-28006.jpeg;Hans_Albers;M;87;349;149;287;
MnchhausenK-28319.jpeg;Hans_Albers;M;108;294;170;232;
MnchhausenK-32666.jpeg;Hans_Albers;M;59;273;122;211;
MnchhausenK-32916.jpeg;Hans_Albers;M;80;328;142;266;
MnchhausenK-34578.jpeg;Hans_Albers;M;213;270;287;196;
MnchhausenK-3651.jpeg;Marina_von_Ditmar;F;176;384;265;295;
MnchhausenK-371.jpeg;Hans_Albers;M;118;414;341;191;
MnchhausenK-37880.jpeg;Hans_Albers;M;142;390;365;167;
MnchhausenK-39001.jpeg;Hans_Albers;M;142;414;365;191;
MnchhausenK-39251.jpeg;Hans_Albers;M;118;390;341;167;
MnchhausenK-39343.jpeg;Hans_Albers;M;118;390;341;167;
MnchhausenK-39593.jpeg;Hans_Albers;M;118;414;341;191;
MnchhausenK-39889.jpeg;Hans_Albers;M;118;414;341;191;
MnchhausenK-39983.jpeg;Hans_Albers;M;142;414;365;191;
MnchhausenK-42578.jpeg;Hans_Albers;M;92;318;199;211;
MnchhausenK-42828.jpeg;Hans_Albers;M;96;245;186;155;
MnchhausenK-44256.jpeg;Hans_Albers;M;106;245;196;155;
MnchhausenK-45297.jpeg;Hans_Albers;M;106;335;196;245;
MnchhausenK-47820.jpeg;Hans_Albers;M;78;441;114;405;
MnchhausenK-51890.jpeg;Hans_Albers;M;139;354;268;225;
MnchhausenK-52295.jpeg;Hans_Albers;M;125;339;254;210;
MnchhausenK-58574.jpeg;Hans_Albers;M;142;538;365;315;
MnchhausenK-59120.jpeg;Hans_Albers;M;139;489;325;304;
MnchhausenK-59370.jpeg;Hans_Albers;M;118;563;341;340;
MnchhausenK-6498.jpeg;Marina_von_Ditmar;F;186;285;275;195;
MnchhausenK-67624.jpeg;Hans_Albers;M;218;280;281;218;
MnchhausenK-68713.jpeg;Hans_Albers;M;168;339;297;210;
MnchhausenK-68963.jpeg;Hans_Albers;M;153;354;282;225;
MnchhausenK-69238.jpeg;Hans_Albers;M;153;354;282;225;
MnchhausenK-70570.jpeg;Hans_Brausewetter;M;167;464;390;241;
MnchhausenK-70647.jpeg;Marina_von_Ditmar;F;133;322;288;167;
MnchhausenK-71193.jpeg;Hans_Albers;M;188;199;239;147;
MnchhausenK-71368.jpeg;Marina_von_Ditmar;F;133;322;288;167;
MnchhausenK-71618.jpeg;Marina_von_Ditmar;F;98;324;284;139;
MnchhausenK-71868.jpeg;Marina_von_Ditmar;F;116;304;270;150;
MnchhausenK-7445.jpeg;Hans_Albers;M;116;373;270;218;
MnchhausenK-74539.jpeg;Hans_Albers;M;113;302;164;250;
MnchhausenK-75228.jpeg;Hans_Albers;M;86;354;176;265;
MnchhausenK-75305.jpeg;Hans_Albers;M;86;384;176;295;
MnchhausenK-78026.jpeg;Hans_Albers;M;218;513;254;477;
MnchhausenK-78026.jpeg;Hans_Albers;M;106;329;142;293;
MnchhausenK-7981.jpeg;Marina_von_Ditmar;F;167;408;322;253;
MnchhausenK-8431.jpeg;Marina_von_Ditmar;F;150;408;305;253;
MnchhausenK-87485.jpeg;Hans_Albers;M;153;196;282;67;
MnchhausenK-91855.jpeg;Hans_Albers;M;166;354;255;265;
MnchhausenK-92007.jpeg;Hans_Albers;M;163;330;271;223;
MnchhausenK-9253.jpeg;Marina_von_Ditmar;F;125;440;254;311;
MnchhausenK-93785.jpeg;Hans_Albers;M;199;208;242;165;
MnchhausenK-95035.jpeg;Hans_Albers;M;221;204;296;129;
MnchhausenK-97994.jpeg;Hans_Albers;M;213;295;287;220;
MnchhausenK-99035.jpeg;Hans_Albers;M;179;245;254;171;
MnchhausenK-99378.jpeg;Hans_Albers;M;176;315;265;225;
QuaxderBruchpilotp-107850.jpeg;Hilde_Sessak;F;152;533;259;426;
QuaxderBruchpilotp-117250.jpeg;Harry_Liedtke;M;81;906;236;752;
QuaxderBruchpilotp-132500.jpeg;Elga_Brink;F;140;712;247;605;
QuaxderBruchpilotp-133950.jpeg;Elga_Brink;F;153;325;282;196;
QuaxderBruchpilotp-151750.jpeg;Georg_Vogelsang;M;113;320;188;245;
QuaxderBruchpilotp-165150.jpeg;Elga_Brink;F;128;712;235;605;
QuaxderBruchpilotp-170800.jpeg;Elga_Brink;F;225;554;354;425;
QuaxderBruchpilotp-182350.jpeg;Elga_Brink;F;175;915;283;808;
QuaxderBruchpilotp-201050.jpeg;Georg_Vogelsang;M;98;631;253;476;
QuaxderBruchpilotp-202750.jpeg;Georg_Vogelsang;M;129;840;191;778;
QuaxderBruchpilotp-258200.jpeg;Georg_Vogelsang;M;87;425;149;363;
QuaxderBruchpilotp-46200.jpeg;Hilde_Sessak;F;153;712;282;583;
QuaxderBruchpilotp-47150.jpeg;Hilde_Sessak;F;168;726;297;597;
QuaxderBruchpilotp-47600.jpeg;Hilde_Sessak;F;139;726;268;597;
QuaxderBruchpilotp-48800.jpeg;Hilde_Sessak;F;180;778;366;593;
QuaxderBruchpilotp-51350.jpeg;Hilde_Sessak;F;133;838;288;683;
QuaxderBruchpilotp-51550.jpeg;Hilde_Sessak;F;116;924;270;769;
QuaxderBruchpilotp-51800.jpeg;Hilde_Sessak;F;133;906;288;752;
QuaxderBruchpilotp-52000.jpeg;Hilde_Sessak;F;150;924;305;769;
QuaxderBruchpilotp-52300.jpeg;Hilde_Sessak;F;118;820;304;634;
QuaxderBruchpilotp-52750.jpeg;Hilde_Sessak;F;118;860;341;637;
QuaxderBruchpilotp-54900.jpeg;Hilde_Sessak;F;163;689;271;581;
QuaxderBruchpilotp-6100.jpeg;Georg_Vogelsang;M;142;660;185;616;
RomanzeInMoll-101025.jpeg;Siegfried_Breuer;M;96;335;186;245;
RomanzeInMoll-103478.jpeg;Siegfried_Breuer;M;142;386;185;343;
RomanzeInMoll-103728.jpeg;Siegfried_Breuer;M;96;411;225;282;
RomanzeInMoll-103968.jpeg;Siegfried_Breuer;M;96;411;225;282;
RomanzeInMoll-104218.jpeg;Siegfried_Breuer;M;110;354;239;225;
RomanzeInMoll-104393.jpeg;Siegfried_Breuer;M;110;354;239;225;
RomanzeInMoll-104643.jpeg;Siegfried_Breuer;M;82;411;211;282;
RomanzeInMoll-114935.jpeg;Siegfried_Breuer;M;136;215;226;126;
RomanzeInMoll-115185.jpeg;Siegfried_Breuer;M;104;294;211;187;
RomanzeInMoll-116136.jpeg;Siegfried_Breuer;M;133;356;288;201;
RomanzeInMoll-116386.jpeg;Siegfried_Breuer;M;133;373;288;218;
RomanzeInMoll-116636.jpeg;Siegfried_Breuer;M;125;225;254;96;
RomanzeInMoll-132297.jpeg;Ferdinand_Marian;M;92;502;480;40;
RomanzeInMoll-132435.jpeg;Ferdinand_Marian;M;40;502;480;40;
RomanzeInMoll-133936.jpeg;Siegfried_Breuer;M;105;262;179;187;
RomanzeInMoll-134375.jpeg;Ferdinand_Marian;M;80;462;187;354;
RomanzeInMoll-134438.jpeg;Siegfried_Breuer;M;92;294;199;187;
RomanzeInMoll-137841.jpeg;Siegfried_Breuer;M;73;197;135;135;
RomanzeInMoll-138591.jpeg;Ferdinand_Marian;M;67;153;196;24;
RomanzeInMoll-22644.jpeg;Siegfried_Breuer;M;168;411;297;282;
RomanzeInMoll-22775.jpeg;Ferdinand_Marian;M;150;408;305;253;
RomanzeInMoll-23027.jpeg;Ferdinand_Marian;M;116;378;223;270;
RomanzeInMoll-23734.jpeg;Ferdinand_Marian;M;164;319;216;268;
RomanzeInMoll-27224.jpeg;Ferdinand_Marian;M;66;394;156;305;
RomanzeInMoll-28942.jpeg;Eric_Helgar;M;163;335;225;273;
RomanzeInMoll-32241.jpeg;Ferdinand_Marian;M;122;321;158;285;
RomanzeInMoll-32561.jpeg;Ferdinand_Marian;M;105;361;179;287;
RomanzeInMoll-33202.jpeg;Siegfried_Breuer;M;106;474;196;384;
RomanzeInMoll-35255.jpeg;Ferdinand_Marian;M;116;462;223;354;
RomanzeInMoll-35505.jpeg;Ferdinand_Marian;M;116;426;223;318;
RomanzeInMoll-35755.jpeg;Ferdinand_Marian;M;126;414;216;325;
RomanzeInMoll-36005.jpeg;Ferdinand_Marian;M;146;414;236;325;
RomanzeInMoll-36255.jpeg;Ferdinand_Marian;M;136;474;226;384;
RomanzeInMoll-36505.jpeg;Ferdinand_Marian;M;128;438;235;330;
RomanzeInMoll-36647.jpeg;Ferdinand_Marian;M;150;580;305;425;
RomanzeInMoll-37226.jpeg;Ferdinand_Marian;M;152;521;259;414;
RomanzeInMoll-38690.jpeg;Ferdinand_Marian;M;138;345;213;270;
RomanzeInMoll-41382.jpeg;Ferdinand_Marian;M;106;325;196;235;
RomanzeInMoll-41522.jpeg;Ferdinand_Marian;M;116;315;206;225;
RomanzeInMoll-41683.jpeg;Ferdinand_Marian;M;136;325;226;235;
RomanzeInMoll-42169.jpeg;Ferdinand_Marian;M;106;315;196;225;
RomanzeInMoll-42501.jpeg;Ferdinand_Marian;M;126;344;216;255;
RomanzeInMoll-42805.jpeg;Ferdinand_Marian;M;136;325;226;235;
RomanzeInMoll-43286.jpeg;Ferdinand_Marian;M;132;266;175;223;
RomanzeInMoll-43536.jpeg;Ferdinand_Marian;M;113;395;188;320;
RomanzeInMoll-45745.jpeg;Ferdinand_Marian;M;180;345;366;159;
RomanzeInMoll-46055.jpeg;Ferdinand_Marian;M;180;324;366;139;
RomanzeInMoll-48599.jpeg;Ferdinand_Marian;M;121;403;196;328;
RomanzeInMoll-50700.jpeg;Ferdinand_Marian;M;139;483;268;354;
RomanzeInMoll-50950.jpeg;Ferdinand_Marian;M;139;511;268;382;
RomanzeInMoll-53010.jpeg;Ferdinand_Marian;M;118;464;341;241;
RomanzeInMoll-58497.jpeg;Ferdinand_Marian;M;113;228;156;184;
RomanzeInMoll-62446.jpeg;Ferdinand_Marian;M;167;373;322;218;
RomanzeInMoll-64491.jpeg;Ferdinand_Marian;M;68;485;175;378;
RomanzeInMoll-64741.jpeg;Ferdinand_Marian;M;56;497;163;390;
RomanzeInMoll-74292.jpeg;Ferdinand_Marian;M;141;262;193;210;
RomanzeInMoll-74542.jpeg;Ferdinand_Marian;M;177;446;239;384;
RomanzeInMoll-74806.jpeg;Ferdinand_Marian;M;139;397;268;268;
RomanzeInMoll-75490.jpeg;Siegfried_Breuer;M;108;232;170;170;
RomanzeInMoll-77546.jpeg;Ferdinand_Marian;M;110;411;239;282;
RomanzeInMoll-77710.jpeg;Siegfried_Breuer;M;73;225;135;163;
RomanzeInMoll-77710.jpeg;Ferdinand_Marian;M;267;405;329;342;
RomanzeInMoll-78472.jpeg;Ferdinand_Marian;M;96;411;225;282;
RomanzeInMoll-78795.jpeg;Ferdinand_Marian;M;96;411;225;282;
RomanzeInMoll-78875.jpeg;Ferdinand_Marian;M;110;425;239;296;
RomanzeInMoll-81707.jpeg;Siegfried_Breuer;M;136;394;226;305;
RomanzeInMoll-81957.jpeg;Siegfried_Breuer;M;126;394;216;305;
RomanzeInMoll-82041.jpeg;Siegfried_Breuer;M;126;394;216;305;
RomanzeInMoll-82198.jpeg;Siegfried_Breuer;M;104;402;211;294;
RomanzeInMoll-83198.jpeg;Ferdinand_Marian;M;153;468;282;339;
RomanzeInMoll-83698.jpeg;Ferdinand_Marian;M;152;474;259;366;
RomanzeInMoll-85760.jpeg;Siegfried_Breuer;M;106;414;196;325;
RomanzeInMoll-87428.jpeg;Siegfried_Breuer;M;80;366;187;259;
RomanzeInMoll-87777.jpeg;Siegfried_Breuer;M;116;442;270;287;
RomanzeInMoll-88053.jpeg;Siegfried_Breuer;M;125;425;254;296;
RomanzeInMoll-89124.jpeg;Siegfried_Breuer;M;130;303;204;229;
RomanzeInMoll-89365.jpeg;Siegfried_Breuer;M;130;303;204;229;
RomanzeInMoll-99611.jpeg;Siegfried_Breuer;M;105;436;179;361;
Schlussakkord-102715.jpeg;Lil_Dagover;F;142;587;409;319;
Schlussakkord-105160.jpeg;Lil_Dagover;F;152;689;259;581;
Schlussakkord-105951.jpeg;Lil_Dagover;F;139;345;325;159;
Schlussakkord-106095.jpeg;Lil_Dagover;F;160;428;345;242;
Schlussakkord-111274.jpeg;Lil_Dagover;F;167;442;322;287;
Schlussakkord-111634.jpeg;Lil_Dagover;F;77;428;263;242;
Schlussakkord-113216.jpeg;Lil_Dagover;F;266;513;489;291;
Schlussakkord-114295.jpeg;Lil_Dagover;F;170;669;491;348;
Schlussakkord-118755.jpeg;Willy_Birgel;M;160;613;345;428;
Schlussakkord-119330.jpeg;Willy_Birgel;M;134;669;455;348;
Schlussakkord-127458.jpeg;Lil_Dagover;F;116;494;270;339;
Schlussakkord-128249.jpeg;Willy_Birgel;M;156;514;245;424;
Schlussakkord-128537.jpeg;Willy_Birgel;M;156;524;245;434;
Schlussakkord-129616.jpeg;Willy_Birgel;M;101;460;163;398;
Schlussakkord-132924.jpeg;Albert_Lippert;M;110;483;239;354;
Schlussakkord-133284.jpeg;Albert_Lippert;M;113;361;188;287;
Schlussakkord-133428.jpeg;Albert_Lippert;M;110;526;239;397;
Schlussakkord-133572.jpeg;Albert_Lippert;M;77;448;263;262;
Schlussakkord-133716.jpeg;Albert_Lippert;M;116;528;270;373;
Schlussakkord-133931.jpeg;Albert_Lippert;M;116;476;270;322;
Schlussakkord-134363.jpeg;Albert_Lippert;M;82;583;211;454;
Schlussakkord-134723.jpeg;Albert_Lippert;M;110;569;239;440;
Schlussakkord-135154.jpeg;Albert_Lippert;M;121;511;196;436;
Schlussakkord-18127.jpeg;Willy_Birgel;M;180;469;366;283;
Schlussakkord-18703.jpeg;Willy_Birgel;M;263;448;449;262;
Schlussakkord-18775.jpeg;Willy_Birgel;M;180;469;366;283;
Schlussakkord-19062.jpeg;Lil_Dagover;F;135;619;198;557;
Schlussakkord-19710.jpeg;Willy_Birgel;M;116;544;206;454;
Schlussakkord-22659.jpeg;Lil_Dagover;F;236;464;325;374;
Schlussakkord-22947.jpeg;Albert_Lippert;M;420;519;495;444;
Schlussakkord-23306.jpeg;Albert_Lippert;M;110;569;239;440;
Schlussakkord-23738.jpeg;Lil_Dagover;F;305;804;348;760;
Schlussakkord-24889.jpeg;Lil_Dagover;F;146;325;236;235;
Schlussakkord-31362.jpeg;Lil_Dagover;F;92;605;554;142;
Schlussakkord-35390.jpeg;Theodor_Loos;M;435;126;524;36;
Schlussakkord-44165.jpeg;Lil_Dagover;F;510;301;546;265;
Schlussakkord-45748.jpeg;Willy_Birgel;M;108;508;170;446;
Schlussakkord-46035.jpeg;Willy_Birgel;M;142;633;205;570;
Schlussakkord-46251.jpeg;Willy_Birgel;M;57;551;242;366;
Schlussakkord-46683.jpeg;Willy_Birgel;M;139;540;268;411;
Schlussakkord-47042.jpeg;Lil_Dagover;F;163;533;271;426;
Schlussakkord-47474.jpeg;Willy_Birgel;M;80;533;187;426;
Schlussakkord-48625.jpeg;Willy_Birgel;M;104;211;211;103;
Schlussakkord-56393.jpeg;Lil_Dagover;F;118;563;341;340;
Schlussakkord-58407.jpeg;Willy_Birgel;M;96;502;171;428;
Schlussakkord-63370.jpeg;Lil_Dagover;F;176;563;265;474;
Schlussakkord-63514.jpeg;Kurt_Meisel;M;68;509;175;402;
Schlussakkord-65024.jpeg;Willy_Birgel;M;10;583;139;454;
Schlussakkord-65528.jpeg;Theodor_Loos;M;68;712;175;605;
Schlussakkord-65672.jpeg;Theodor_Loos;M;56;689;163;581;
Schlussakkord-65672.jpeg;Lil_Dagover;F;110;397;239;268;
Schlussakkord-67542.jpeg;Theodor_Loos;M;104;641;211;533;
Schlussakkord-68837.jpeg;Albert_Lippert;M;98;425;253;270;
Schlussakkord-74735.jpeg;Willy_Birgel;M;139;583;268;454;
Schlussakkord-75094.jpeg;Willy_Birgel;M;139;489;325;304;
Schlussakkord-75238.jpeg;Theodor_Loos;M;133;666;288;511;
Schlussakkord-75382.jpeg;Theodor_Loos;M;139;675;325;489;
Schlussakkord-75526.jpeg;Theodor_Loos;M;167;648;322;494;
Schlussakkord-75598.jpeg;Theodor_Loos;M;167;666;322;511;
Schlussakkord-75742.jpeg;Theodor_Loos;M;167;683;322;528;
Schlussakkord-75886.jpeg;Lil_Dagover;F;121;701;196;627;
Schlussakkord-76389.jpeg;Willy_Birgel;M;80;724;187;617;
Schlussakkord-77468.jpeg;Willy_Birgel;M;139;554;268;425;
Schlussakkord-80561.jpeg;Lil_Dagover;F;163;485;271;378;
Schlussakkord-80561.jpeg;Albert_Lippert;M;196;683;285;593;
Schlussakkord-80633.jpeg;Lil_Dagover;F;166;474;255;384;
Schlussakkord-82071.jpeg;Lil_Dagover;F;153;511;282;382;
Schlussakkord-82215.jpeg;Lil_Dagover;F;182;454;311;325;
Schlussakkord-82863.jpeg;Willy_Birgel;M;56;374;146;285;
Schlussakkord-84301.jpeg;Willy_Birgel;M;187;235;295;127;
Schlussakkord-84733.jpeg;Willy_Birgel;M;142;538;365;315;
Schlussakkord-85524.jpeg;Lil_Dagover;F;119;803;504;418;
Schlussakkord-87682.jpeg;Willy_Birgel;M;24;397;153;268;
Schlussakkord-88185.jpeg;Willy_Birgel;M;64;597;219;442;
Schlussakkord-88976.jpeg;Lil_Dagover;F;92;390;199;282;
Schlussakkord-88976.jpeg;Lil_Dagover;F;96;282;225;153;
Schlussakkord-90127.jpeg;Lil_Dagover;F;142;637;365;414;
Schlussakkord-90559.jpeg;Albert_Lippert;M;12;775;55;732;
Schlussakkord-94515.jpeg;Lil_Dagover;F;99;562;420;241;
Schlussakkord-94803.jpeg;Willy_Birgel;M;112;557;379;290;
Schlussakkord-94946.jpeg;Willy_Birgel;M;142;557;409;290;
Schlussakkord-96457.jpeg;Willy_Birgel;M;57;675;242;489;
Schlussakkord-96601.jpeg;Lil_Dagover;F;76;632;461;247;
Schlussakkord-97824.jpeg;Willy_Birgel;M;67;554;196;425;
Schlussakkord-97896.jpeg;Willy_Birgel;M;116;580;270;425;
Schlussakkord-98039.jpeg;Willy_Birgel;M;116;597;270;442;
SherlockHolmesDiegraueDameTrudeMarlensHermannSpeelmannsia-102656.jpeg;Hans_Unterkircher;M;54;209;90;173;
SherlockHolmesDiegraueDameTrudeMarlensHermannSpeelmannsia-107904.jpeg;Hermann_Speelmans;M;63;179;138;104;
SherlockHolmesDiegraueDameTrudeMarlensHermannSpeelmannsia-108032.jpeg;Hermann_Speelmans;M;72;187;146;113;
SherlockHolmesDiegraueDameTrudeMarlensHermannSpeelmannsia-108160.jpeg;Hermann_Speelmans;M;63;204;138;129;
SherlockHolmesDiegraueDameTrudeMarlensHermannSpeelmannsia-110592.jpeg;Ludwig_Schmitz;M;73;246;135;183;
SherlockHolmesDiegraueDameTrudeMarlensHermannSpeelmannsia-111360.jpeg;Ursula_Grabley;F;56;199;163;91;
SherlockHolmesDiegraueDameTrudeMarlensHermannSpeelmannsia-113152.jpeg;Ilse_Petri;F;36;215;126;126;
SherlockHolmesDiegraueDameTrudeMarlensHermannSpeelmannsia-118016.jpeg;Hermann_Speelmans;M;34;249;70;213;
SherlockHolmesDiegraueDameTrudeMarlensHermannSpeelmannsia-124672.jpeg;Hugo_Werner_Kahle;M;32;164;84;112;
SherlockHolmesDiegraueDameTrudeMarlensHermannSpeelmannsia-128768.jpeg;Olga_Tschechowa;F;30;171;105;96;
SherlockHolmesDiegraueDameTrudeMarlensHermannSpeelmannsia-129792.jpeg;Annemarie_Korff;F;49;227;101;175;
SherlockHolmesDiegraueDameTrudeMarlensHermannSpeelmannsia-131584.jpeg;Hermann_Speelmans;M;44;135;95;83;
SherlockHolmesDiegraueDameTrudeMarlensHermannSpeelmannsia-131712.jpeg;Hermann_Speelmans;M;44;129;95;78;
SherlockHolmesDiegraueDameTrudeMarlensHermannSpeelmannsia-132352.jpeg;Clementia_Egies;F;31;280;74;237;
SherlockHolmesDiegraueDameTrudeMarlensHermannSpeelmannsia-136832.jpeg;Hermann_Speelmans;M;22;212;96;137;
SherlockHolmesDiegraueDameTrudeMarlensHermannSpeelmannsia-136960.jpeg;Hermann_Speelmans;M;22;237;96;162;
SherlockHolmesDiegraueDameTrudeMarlensHermannSpeelmannsia-137600.jpeg;Ursula_Grabley;F;30;77;66;41;
SherlockHolmesDiegraueDameTrudeMarlensHermannSpeelmannsia-138368.jpeg;Ilse_Petri;F;54;181;90;145;
SherlockHolmesDiegraueDameTrudeMarlensHermannSpeelmannsia-138880.jpeg;Erika_von_Thellmann;F;38;281;74;245;
SherlockHolmesDiegraueDameTrudeMarlensHermannSpeelmannsia-138880.jpeg;Hermann_Speelmans;M;36;127;79;84;
SherlockHolmesDiegraueDameTrudeMarlensHermannSpeelmannsia-139136.jpeg;Marina_von_Ditmar;F;50;261;94;218;
SherlockHolmesDiegraueDameTrudeMarlensHermannSpeelmannsia-140288.jpeg;Hermann_Speelmans;M;38;179;113;104;
SherlockHolmesDiegraueDameTrudeMarlensHermannSpeelmannsia-146944.jpeg;Hermann_Speelmans;M;47;187;121;113;
SherlockHolmesDiegraueDameTrudeMarlensHermannSpeelmannsia-148736.jpeg;Fritz_Odemar;M;46;205;136;116;
SherlockHolmesDiegraueDameTrudeMarlensHermannSpeelmannsia-148992.jpeg;Hansi_Knoteck;F;47;212;121;137;
SherlockHolmesDiegraueDameTrudeMarlensHermannSpeelmannsia-149120.jpeg;Hilde_von_Stolz;F;44;273;95;222;
SherlockHolmesDiegraueDameTrudeMarlensHermannSpeelmannsia-149760.jpeg;Maria_Landrock;F;50;252;94;208;
SherlockHolmesDiegraueDameTrudeMarlensHermannSpeelmannsia-151936.jpeg;Hermann_Speelmans;M;55;233;107;181;
SherlockHolmesDiegraueDameTrudeMarlensHermannSpeelmannsia-154112.jpeg;Hermann_Speelmans;M;22;157;58;121;
SherlockHolmesDiegraueDameTrudeMarlensHermannSpeelmannsia-154368.jpeg;Willi_Kaiser_Heyl;M;25;183;87;121;
SherlockHolmesDiegraueDameTrudeMarlensHermannSpeelmannsia-20480.jpeg;Hermann_Speelmans;M;36;180;79;136;
SherlockHolmesDiegraueDameTrudeMarlensHermannSpeelmannsia-28672.jpeg;Ilse_Petri;F;70;213;106;177;
SherlockHolmesDiegraueDameTrudeMarlensHermannSpeelmannsia-39552.jpeg;Hermann_Speelmans;M;38;250;90;199;
SherlockHolmesDiegraueDameTrudeMarlensHermannSpeelmannsia-39808.jpeg;Hermann_Speelmans;M;53;204;115;142;
SherlockHolmesDiegraueDameTrudeMarlensHermannSpeelmannsia-40320.jpeg;Hermann_Speelmans;M;38;129;113;55;
SherlockHolmesDiegraueDameTrudeMarlensHermannSpeelmannsia-40704.jpeg;Hella_Graf;F;59;190;122;128;
SherlockHolmesDiegraueDameTrudeMarlensHermannSpeelmannsia-40832.jpeg;Ilse_Petri;F;66;190;129;128;
SherlockHolmesDiegraueDameTrudeMarlensHermannSpeelmannsia-42240.jpeg;Marina_von_Ditmar;F;94;121;156;59;
SherlockHolmesDiegraueDameTrudeMarlensHermannSpeelmannsia-43264.jpeg;Hansi_Knoteck;F;46;170;108;107;
SherlockHolmesDiegraueDameTrudeMarlensHermannSpeelmannsia-43520.jpeg;Edith_Oss;F;38;129;90;78;
SherlockHolmesDiegraueDameTrudeMarlensHermannSpeelmannsia-46080.jpeg;Hermann_Speelmans;M;58;101;94;65;
SherlockHolmesDiegraueDameTrudeMarlensHermannSpeelmannsia-47360.jpeg;Hermann_Speelmans;M;42;241;78;205;
SherlockHolmesDiegraueDameTrudeMarlensHermannSpeelmannsia-53888.jpeg;Erika_von_Thellmann;F;32;193;84;141;
SherlockHolmesDiegraueDameTrudeMarlensHermannSpeelmannsia-57472.jpeg;Fritz_Odemar;M;55;204;130;129;
SherlockHolmesDiegraueDameTrudeMarlensHermannSpeelmannsia-57600.jpeg;Hermann_Speelmans;M;38;204;113;129;
SherlockHolmesDiegraueDameTrudeMarlensHermannSpeelmannsia-57728.jpeg;Hermann_Speelmans;M;55;204;130;129;
SherlockHolmesDiegraueDameTrudeMarlensHermannSpeelmannsia-58496.jpeg;Hans_Unterkircher;M;59;190;122;128;
SherlockHolmesDiegraueDameTrudeMarlensHermannSpeelmannsia-62848.jpeg;Hans_Unterkircher;M;55;204;98;160;
SherlockHolmesDiegraueDameTrudeMarlensHermannSpeelmannsia-62976.jpeg;Hans_Unterkircher;M;60;199;103;156;
SherlockHolmesDiegraueDameTrudeMarlensHermannSpeelmannsia-63488.jpeg;Hans_Unterkircher;M;65;184;108;141;
SherlockHolmesDiegraueDameTrudeMarlensHermannSpeelmannsia-63616.jpeg;Hans_Unterkircher;M;65;184;108;141;
SherlockHolmesDiegraueDameTrudeMarlensHermannSpeelmannsia-65536.jpeg;Hans_Unterkircher;M;25;176;87;114;
SherlockHolmesDiegraueDameTrudeMarlensHermannSpeelmannsia-66688.jpeg;Ilse_Petri;F;70;253;106;217;
SherlockHolmesDiegraueDameTrudeMarlensHermannSpeelmannsia-68608.jpeg;Clementia_Egies;F;55;262;107;210;
SherlockHolmesDiegraueDameTrudeMarlensHermannSpeelmannsia-68736.jpeg;Clementia_Egies;F;55;252;98;208;
SherlockHolmesDiegraueDameTrudeMarlensHermannSpeelmannsia-68736.jpeg;Fritz_Odemar;M;41;127;84;84;
SherlockHolmesDiegraueDameTrudeMarlensHermannSpeelmannsia-68864.jpeg;Hermann_Speelmans;M;32;118;84;66;
SherlockHolmesDiegraueDameTrudeMarlensHermannSpeelmannsia-71296.jpeg;Hermann_Speelmans;M;32;156;94;93;
SherlockHolmesDiegraueDameTrudeMarlensHermannSpeelmannsia-72960.jpeg;Hans_Unterkircher;M;65;64;108;21;
SherlockHolmesDiegraueDameTrudeMarlensHermannSpeelmannsia-74496.jpeg;Hans_Unterkircher;M;46;163;108;100;
SherlockHolmesDiegraueDameTrudeMarlensHermannSpeelmannsia-74624.jpeg;Hermann_Speelmans;M;49;152;101;101;
SherlockHolmesDiegraueDameTrudeMarlensHermannSpeelmannsia-96768.jpeg;Edith_Oss;F;34;117;70;81;
SherlockHolmesDiegraueDameTrudeMarlensHermannSpeelmannsia-97152.jpeg;Ilse_Petri;F;34;89;70;53;
SherlockHolmesDiegraueDameTrudeMarlensHermannSpeelmannsia-97536.jpeg;Hella_Graf;F;46;109;82;73;
SherlockHolmesDiegraueDameTrudeMarlensHermannSpeelmannsia-97664.jpeg;Ilse_Petri;F;30;121;66;85;
SherlockHolmesDiegraueDameTrudeMarlensHermannSpeelmannsia-98432.jpeg;Marieluise_Claudius;F;82;249;118;213;
SherlockHolmesDiegraueDameTrudeMarlensHermannSpeelmannsia-98688.jpeg;Brigitte_Horney;F;41;98;84;55;
thetestamentofdrmabuserestoredphd-101157.jpeg;Otto_Wernicke;M;63;478;138;403;
thetestamentofdrmabuserestoredphd-101407.jpeg;Otto_Wernicke;M;63;469;138;395;
thetestamentofdrmabuserestoredphd-101637.jpeg;Otto_Wernicke;M;80;509;187;402;
thetestamentofdrmabuserestoredphd-102421.jpeg;Otto_Wernicke;M;87;315;149;252;
thetestamentofdrmabuserestoredphd-103171.jpeg;Otto_Wernicke;M;101;308;163;246;
thetestamentofdrmabuserestoredphd-104657.jpeg;Otto_Wernicke;M;116;444;206;354;
thetestamentofdrmabuserestoredphd-105821.jpeg;Otto_Wernicke;M;96;464;186;374;
thetestamentofdrmabuserestoredphd-106071.jpeg;Otto_Wernicke;M;80;462;187;354;
thetestamentofdrmabuserestoredphd-116772.jpeg;Paul_Henckels;M;86;409;122;373;
thetestamentofdrmabuserestoredphd-117272.jpeg;Paul_Henckels;M;66;433;102;397;
thetestamentofdrmabuserestoredphd-117522.jpeg;Paul_Henckels;M;70;429;106;393;
thetestamentofdrmabuserestoredphd-118022.jpeg;Paul_Henckels;M;89;448;132;405;
thetestamentofdrmabuserestoredphd-155886.jpeg;Otto_Wernicke;M;108;304;151;261;
thetestamentofdrmabuserestoredphd-159618.jpeg;Otto_Wernicke;M;55;494;130;419;
thetestamentofdrmabuserestoredphd-168973.jpeg;Otto_Wernicke;M;96;560;171;486;
thetestamentofdrmabuserestoredphd-170412.jpeg;Otto_Wernicke;M;176;533;228;481;
thetestamentofdrmabuserestoredphd-170662.jpeg;Otto_Wernicke;M;170;533;222;481;
thetestamentofdrmabuserestoredphd-171162.jpeg;Otto_Wernicke;M;113;475;164;423;
thetestamentofdrmabuserestoredphd-172684.jpeg;Otto_Wernicke;M;179;386;254;312;
thetestamentofdrmabuserestoredphd-17401.jpeg;Otto_Wernicke;M;96;494;186;404;
thetestamentofdrmabuserestoredphd-176253.jpeg;Theodor_Loos;M;63;411;138;337;
thetestamentofdrmabuserestoredphd-17628.jpeg;Otto_Wernicke;M;116;580;270;425;
thetestamentofdrmabuserestoredphd-181027.jpeg;Otto_Wernicke;M;115;398;177;335;
thetestamentofdrmabuserestoredphd-188514.jpeg;Otto_Wernicke;M;80;619;155;544;
thetestamentofdrmabuserestoredphd-29201.jpeg;Paul_Henckels;M;96;386;171;312;
thetestamentofdrmabuserestoredphd-67204.jpeg;Theo_Lingen;M;66;494;156;404;
thetestamentofdrmabuserestoredphd-79183.jpeg;Otto_Wernicke;M;80;557;142;494;
thetestamentofdrmabuserestoredphd-79683.jpeg;Otto_Wernicke;M;73;563;135;501;
thetestamentofdrmabuserestoredphd-81535.jpeg;Otto_Wernicke;M;73;370;135;308;
thetestamentofdrmabuserestoredphd-95438.jpeg;Otto_Wernicke;M;275;444;365;354;
thetestamentofdrmabuserestoredphd-99016.jpeg;Otto_Wernicke;M;96;414;186;325;
UnserFruleinDoktorJennyJugoHeinzSalfnerAlbertMatterstockHansRichter-28288.jpeg;Heinz_Salfner;M;55;348;107;296;
UnserFruleinDoktorJennyJugoHeinzSalfnerAlbertMatterstockHansRichter-28800.jpeg;Heinz_Salfner;M;92;294;199;187;
UnserFruleinDoktorJennyJugoHeinzSalfnerAlbertMatterstockHansRichter-29568.jpeg;Heinz_Salfner;M;80;282;187;175;
UnserFruleinDoktorJennyJugoHeinzSalfnerAlbertMatterstockHansRichter-29696.jpeg;Heinz_Salfner;M;80;282;187;175;
UnserFruleinDoktorJennyJugoHeinzSalfnerAlbertMatterstockHansRichter-54656.jpeg;Gustav_Waldau;M;105;270;179;196;
UnserFruleinDoktorJennyJugoHeinzSalfnerAlbertMatterstockHansRichter-56832.jpeg;Hans_Schwarz;M;56;315;146;225;
UnserFruleinDoktorJennyJugoHeinzSalfnerAlbertMatterstockHansRichter-57216.jpeg;Hans_Schwarz;M;82;296;211;167;
UnserFruleinDoktorJennyJugoHeinzSalfnerAlbertMatterstockHansRichter-57344.jpeg;Hans_Schwarz;M;82;282;211;153;
UnserFruleinDoktorJennyJugoHeinzSalfnerAlbertMatterstockHansRichter-71296.jpeg;Heinz_Salfner;M;66;305;156;215;
UnserFruleinDoktorJennyJugoHeinzSalfnerAlbertMatterstockHansRichter-71424.jpeg;Heinz_Salfner;M;66;305;156;215;
UnserFruleinDoktorJennyJugoHeinzSalfnerAlbertMatterstockHansRichter-71552.jpeg;Heinz_Salfner;M;56;325;146;235;
UnserFruleinDoktorJennyJugoHeinzSalfnerAlbertMatterstockHansRichter-71936.jpeg;Heinz_Salfner;M;80;330;187;223;
UnserFruleinDoktorJennyJugoHeinzSalfnerAlbertMatterstockHansRichter-8192.jpeg;Hans_Richter;M;72;314;124;262;
UnserFruleinDoktorJennyJugoHeinzSalfnerAlbertMatterstockHansRichter-8448.jpeg;Heinz_Salfner;M;55;308;107;256;
UnserFruleinDoktorJennyJugoHeinzSalfnerAlbertMatterstockHansRichter-8704.jpeg;Hans_Richter;M;66;356;129;294;
UnserFruleinDoktorJennyJugoHeinzSalfnerAlbertMatterstockHansRichter-98048.jpeg;Heinz_Salfner;M;88;262;163;187;
UnserFruleinDoktorJennyJugoHeinzSalfnerAlbertMatterstockHansRichter-98304.jpeg;Heinz_Salfner;M;76;265;166;175;
UnserFruleinDoktorJennyJugoHeinzSalfnerAlbertMatterstockHansRichter-98432.jpeg;Heinz_Salfner;M;76;265;166;175;
UnserFruleinDoktorJennyJugoHeinzSalfnerAlbertMatterstockHansRichter-98944.jpeg;Heinz_Salfner;M;96;262;171;187;
UnserFruleinDoktorJennyJugoHeinzSalfnerAlbertMatterstockHansRichter-99200.jpeg;Heinz_Salfner;M;88;270;163;196;
UnserFruleinDoktorJennyJugoHeinzSalfnerAlbertMatterstockHansRichter-99712.jpeg;Heinz_Salfner;M;88;278;163;204;
UnterDenBruckenia-100723.jpeg;Carl_Raddatz;M;103;323;146;280;
UnterDenBruckenia-104943.jpeg;Hannelore_Schroth;F;325;612;454;483;
UnterDenBruckenia-105183.jpeg;Hannelore_Schroth;F;311;612;440;483;
UnterDenBruckenia-105858.jpeg;Hannelore_Schroth;F;254;540;383;411;
UnterDenBruckenia-106098.jpeg;Hannelore_Schroth;F;268;540;397;411;
UnterDenBruckenia-106338.jpeg;Hannelore_Schroth;F;268;540;397;411;
UnterDenBruckenia-106578.jpeg;Hannelore_Schroth;F;297;554;426;425;
UnterDenBruckenia-106818.jpeg;Hannelore_Schroth;F;268;540;397;411;
UnterDenBruckenia-10800.jpeg;Gustav_Knuth;M;150;390;305;236;
UnterDenBruckenia-115919.jpeg;Hannelore_Schroth;F;80;462;187;354;
UnterDenBruckenia-116143.jpeg;Hannelore_Schroth;F;68;485;175;378;
UnterDenBruckenia-116289.jpeg;Hannelore_Schroth;F;56;462;163;354;
UnterDenBruckenia-116485.jpeg;Gustav_Knuth;M;67;425;196;296;
UnterDenBruckenia-117056.jpeg;Hannelore_Schroth;F;218;550;281;487;
UnterDenBruckenia-117605.jpeg;Hannelore_Schroth;F;128;438;235;330;
UnterDenBruckenia-117735.jpeg;Hannelore_Schroth;F;171;557;439;290;
UnterDenBruckenia-119023.jpeg;Hannelore_Schroth;F;171;498;439;230;
UnterDenBruckenia-121990.jpeg;Hannelore_Schroth;F;171;527;439;260;
UnterDenBruckenia-122469.jpeg;Hannelore_Schroth;F;146;454;236;364;
UnterDenBruckenia-122633.jpeg;Hannelore_Schroth;F;96;468;225;339;
UnterDenBruckenia-122887.jpeg;Hannelore_Schroth;F;110;468;239;339;
UnterDenBruckenia-125723.jpeg;Gustav_Knuth;M;67;368;196;239;
UnterDenBruckenia-127916.jpeg;Carl_Raddatz;M;201;557;468;290;
UnterDenBruckenia-131175.jpeg;Gustav_Knuth;M;88;245;163;171;
UnterDenBruckenia-133506.jpeg;Hannelore_Schroth;F;247;593;355;485;
UnterDenBruckenia-133746.jpeg;Hannelore_Schroth;F;239;583;368;454;
UnterDenBruckenia-133986.jpeg;Hannelore_Schroth;F;247;545;355;438;
UnterDenBruckenia-135506.jpeg;Gustav_Knuth;M;180;366;366;180;
UnterDenBruckenia-136595.jpeg;Carl_Raddatz;M;55;386;130;312;
UnterDenBruckenia-138734.jpeg;Carl_Raddatz;M;10;454;139;325;
UnterDenBruckenia-139088.jpeg;Carl_Raddatz;M;110;669;239;540;
UnterDenBruckenia-139823.jpeg;Gustav_Knuth;M;64;442;219;287;
UnterDenBruckenia-140181.jpeg;Gustav_Knuth;M;322;528;477;373;
UnterDenBruckenia-140900.jpeg;Carl_Raddatz;M;325;597;454;468;
UnterDenBruckenia-140900.jpeg;Gustav_Knuth;M;39;282;168;153;
UnterDenBruckenia-141380.jpeg;Gustav_Knuth;M;67;354;196;225;
UnterDenBruckenia-16068.jpeg;Gustav_Knuth;M;222;448;407;262;
UnterDenBruckenia-16214.jpeg;Carl_Raddatz;M;116;322;270;167;
UnterDenBruckenia-17330.jpeg;Carl_Raddatz;M;68;464;291;241;
UnterDenBruckenia-17781.jpeg;Carl_Raddatz;M;118;448;304;262;
UnterDenBruckenia-17870.jpeg;Carl_Raddatz;M;118;469;304;283;
UnterDenBruckenia-19375.jpeg;Gustav_Knuth;M;191;197;253;135;
UnterDenBruckenia-19615.jpeg;Gustav_Knuth;M;88;287;163;212;
UnterDenBruckenia-42618.jpeg;Hannelore_Schroth;F;192;489;415;266;
UnterDenBruckenia-43513.jpeg;Hannelore_Schroth;F;202;580;356;425;
UnterDenBruckenia-43753.jpeg;Hannelore_Schroth;F;219;597;374;442;
UnterDenBruckenia-43993.jpeg;Hannelore_Schroth;F;202;562;356;408;
UnterDenBruckenia-44233.jpeg;Hannelore_Schroth;F;184;562;339;408;
UnterDenBruckenia-48041.jpeg;Gustav_Knuth;M;66;225;129;163;
UnterDenBruckenia-50194.jpeg;Hannelore_Schroth;F;142;498;409;230;
UnterDenBruckenia-50364.jpeg;Hannelore_Schroth;F;201;527;468;260;
UnterDenBruckenia-51220.jpeg;Carl_Raddatz;M;184;511;339;356;
UnterDenBruckenia-51408.jpeg;Carl_Raddatz;M;142;637;365;414;
UnterDenBruckenia-51672.jpeg;Hannelore_Schroth;F;142;468;409;200;
UnterDenBruckenia-54408.jpeg;Hannelore_Schroth;F;270;562;425;408;
UnterDenBruckenia-56140.jpeg;Hannelore_Schroth;F;260;557;528;290;
UnterDenBruckenia-56321.jpeg;Hannelore_Schroth;F;320;617;576;349;
UnterDenBruckenia-56321.jpeg;Gustav_Knuth;M;68;365;291;142;
UnterDenBruckenia-62177.jpeg;Carl_Raddatz;M;254;540;383;411;
UnterDenBruckenia-63360.jpeg;Gustav_Knuth;M;55;569;130;494;
UnterDenBruckenia-64080.jpeg;Hannelore_Schroth;F;166;554;255;464;
UnterDenBruckenia-64320.jpeg;Hannelore_Schroth;F;260;335;322;273;
UnterDenBruckenia-64800.jpeg;Hannelore_Schroth;F;260;349;322;287;
UnterDenBruckenia-65040.jpeg;Hannelore_Schroth;F;237;353;312;278;
UnterDenBruckenia-65040.jpeg;Carl_Raddatz;M;136;603;226;514;
UnterDenBruckenia-65280.jpeg;Hannelore_Schroth;F;133;476;288;322;
UnterDenBruckenia-65433.jpeg;Carl_Raddatz;M;110;425;239;296;
UnterDenBruckenia-6564.jpeg;Gustav_Knuth;M;36;295;126;205;
UnterDenBruckenia-65649.jpeg;Hannelore_Schroth;F;297;626;426;497;
UnterDenBruckenia-65649.jpeg;Gustav_Knuth;M;152;187;259;79;
UnterDenBruckenia-65710.jpeg;Carl_Raddatz;M;125;440;254;311;
UnterDenBruckenia-66065.jpeg;Hannelore_Schroth;F;282;597;411;468;
UnterDenBruckenia-66065.jpeg;Gustav_Knuth;M;139;196;268;67;
UnterDenBruckenia-66283.jpeg;Hannelore_Schroth;F;297;569;426;440;
UnterDenBruckenia-66283.jpeg;Gustav_Knuth;M;139;196;268;67;
UnterDenBruckenia-66657.jpeg;Hannelore_Schroth;F;295;581;402;474;
UnterDenBruckenia-66657.jpeg;Gustav_Knuth;M;153;167;282;38;
UnterDenBruckenia-66840.jpeg;Hannelore_Schroth;F;150;408;305;253;
UnterDenBruckenia-67193.jpeg;Gustav_Knuth;M;116;408;270;253;
UnterDenBruckenia-67373.jpeg;Gustav_Knuth;M;206;354;295;265;
UnterDenBruckenia-67373.jpeg;Hannelore_Schroth;F;295;693;385;603;
UnterDenBruckenia-67853.jpeg;Gustav_Knuth;M;118;366;304;180;
UnterDenBruckenia-67906.jpeg;Hannelore_Schroth;F;133;425;288;270;
UnterDenBruckenia-68091.jpeg;Carl_Raddatz;M;116;253;270;98;
UnterDenBruckenia-68148.jpeg;Gustav_Knuth;M;98;324;284;139;
UnterDenBruckenia-68366.jpeg;Carl_Raddatz;M;133;253;288;98;
UnterDenBruckenia-68409.jpeg;Gustav_Knuth;M;98;324;284;139;
UnterDenBruckenia-69086.jpeg;Hannelore_Schroth;F;126;434;216;344;
UnterDenBruckenia-69306.jpeg;Carl_Raddatz;M;98;425;253;270;
UnterDenBruckenia-73539.jpeg;Gustav_Knuth;M;116;459;270;304;
UnterDenBruckenia-73717.jpeg;Gustav_Knuth;M;201;366;387;180;
UnterDenBruckenia-75317.jpeg;Gustav_Knuth;M;68;294;175;187;
UnterDenBruckenia-76011.jpeg;Carl_Raddatz;M;184;304;339;150;
UnterDenBruckenia-76791.jpeg;Hannelore_Schroth;F;128;521;235;414;
UnterDenBruckenia-77271.jpeg;Hannelore_Schroth;F;116;494;270;339;
UnterDenBruckenia-77487.jpeg;Hannelore_Schroth;F;125;311;254;182;
UnterDenBruckenia-77727.jpeg;Carl_Raddatz;M;139;454;268;325;
UnterDenBruckenia-77967.jpeg;Hannelore_Schroth;F;98;304;253;150;
UnterDenBruckenia-78061.jpeg;Hannelore_Schroth;F;110;296;239;167;
UnterDenBruckenia-78262.jpeg;Hannelore_Schroth;F;96;325;225;196;
UnterDenBruckenia-81488.jpeg;Hannelore_Schroth;F;155;494;229;419;
UnterDenBruckenia-85186.jpeg;Hannelore_Schroth;F;76;418;461;33;
UnterDenBruckenia-8686.jpeg;Gustav_Knuth;M;201;409;468;141;
UnterDenBruckenia-88091.jpeg;Hannelore_Schroth;F;106;305;196;215;
UnterDenBruckenia-88457.jpeg;Hannelore_Schroth;F;92;306;199;199;
UnterDenBruckenia-90296.jpeg;Gustav_Knuth;M;96;320;171;245;
UnterDenBruckenia-90296.jpeg;Hannelore_Schroth;F;229;544;304;469;
UnterDenBruckenia-90498.jpeg;Hannelore_Schroth;F;229;536;304;461;
UnterDenBruckenia-90498.jpeg;Gustav_Knuth;M;96;328;171;254;
UnterDenBruckenia-90978.jpeg;Gustav_Knuth;M;88;320;163;245;
UnterDenBruckenia-90978.jpeg;Hannelore_Schroth;F;232;508;294;446;
UnterDenBruckenia-91852.jpeg;Hannelore_Schroth;F;226;364;315;275;
UnterDenBruckenia-92087.jpeg;Hannelore_Schroth;F;223;354;331;247;
UnterDenBruckenia-92327.jpeg;Gustav_Knuth;M;92;318;199;211;
UnterDenBruckenia-92562.jpeg;Hannelore_Schroth;F;116;378;223;270;
UnterDenBruckenia-92786.jpeg;Gustav_Knuth;M;67;282;196;153;
UnterDenBruckenia-92994.jpeg;Gustav_Knuth;M;80;247;187;139;
UnterDenBruckenia-93234.jpeg;Gustav_Knuth;M;67;253;196;124;
UnterDenBruckenia-93367.jpeg;Hannelore_Schroth;F;116;378;223;270;
UnterDenBruckenia-93640.jpeg;Hannelore_Schroth;F;118;428;304;242;
UnterDenBruckenia-93722.jpeg;Gustav_Knuth;M;139;551;325;366;
UnterDenBruckenia-93819.jpeg;Hannelore_Schroth;F;118;428;304;242;
UnterDenBruckenia-93932.jpeg;Gustav_Knuth;M;118;563;341;340;
UnterDenBruckenia-94172.jpeg;Gustav_Knuth;M;118;563;341;340;
UnterDenBruckenia-94388.jpeg;Hannelore_Schroth;F;118;448;304;262;
UnterDenBruckenia-94443.jpeg;Gustav_Knuth;M;139;531;325;345;
ViktorundViktoria-10027.jpeg;Hermann_Thimig;M;297;759;759;297;
ViktorundViktoria-10276.jpeg;Hermann_Thimig;M;246;656;708;194;
ViktorundViktoria-106889.jpeg;Fritz_Odemar;M;167;761;390;538;
ViktorundViktoria-108134.jpeg;Fritz_Odemar;M;167;563;390;340;
ViktorundViktoria-108383.jpeg;Fritz_Odemar;M;242;593;428;407;
ViktorundViktoria-115283.jpeg;Hermann_Thimig;M;167;476;322;322;
ViktorundViktoria-115532.jpeg;Hermann_Thimig;M;180;1088;366;902;
ViktorundViktoria-117026.jpeg;Hermann_Thimig;M;118;860;341;637;
ViktorundViktoria-117597.jpeg;Hilde_Hildebrand;F;168;927;297;798;
ViktorundViktoria-119397.jpeg;Fritz_Odemar;M;105;693;179;619;
ViktorundViktoria-119895.jpeg;Fritz_Odemar;M;167;906;322;752;
ViktorundViktoria-123879.jpeg;Hilde_Hildebrand;F;275;882;365;792;
ViktorundViktoria-124924.jpeg;Hilde_Hildebrand;F;196;822;285;733;
ViktorundViktoria-128161.jpeg;Fritz_Odemar;M;140;689;247;581;
ViktorundViktoria-129833.jpeg;Fritz_Odemar;M;112;557;379;290;
ViktorundViktoria-130133.jpeg;Fritz_Odemar;M;160;675;345;489;
ViktorundViktoria-130880.jpeg;Hermann_Thimig;M;118;593;304;407;
ViktorundViktoria-135218.jpeg;Hermann_Thimig;M;325;597;454;468;
ViktorundViktoria-139479.jpeg;Fritz_Odemar;M;163;808;271;700;
ViktorundViktoria-14611.jpeg;Hermann_Thimig;M;194;656;657;194;
ViktorundViktoria-15358.jpeg;Hermann_Thimig;M;112;943;379;676;
ViktorundViktoria-15607.jpeg;Fritz_Odemar;M;242;736;464;513;
ViktorundViktoria-15856.jpeg;Hermann_Thimig;M;201;861;387;675;
ViktorundViktoria-16105.jpeg;Fritz_Odemar;M;201;861;387;675;
ViktorundViktoria-17101.jpeg;Hermann_Thimig;M;217;786;440;563;
ViktorundViktoria-20728.jpeg;Hermann_Thimig;M;192;588;415;365;
ViktorundViktoria-21083.jpeg;Hermann_Thimig;M;242;563;464;340;
ViktorundViktoria-21884.jpeg;Hermann_Thimig;M;167;712;390;489;
ViktorundViktoria-22971.jpeg;Hermann_Thimig;M;192;687;415;464;
ViktorundViktoria-23566.jpeg;Hermann_Thimig;M;384;919;705;598;
ViktorundViktoria-23792.jpeg;Hermann_Thimig;M;348;954;669;633;
ViktorundViktoria-32540.jpeg;Fritz_Odemar;M;168;970;297;841;
ViktorundViktoria-34893.jpeg;Hermann_Thimig;M;52;706;320;438;
ViktorundViktoria-35142.jpeg;Hermann_Thimig;M;266;538;489;315;
ViktorundViktoria-35391.jpeg;Hermann_Thimig;M;142;498;409;230;
ViktorundViktoria-36636.jpeg;Hermann_Thimig;M;192;712;415;489;
ViktorundViktoria-38653.jpeg;Fritz_Odemar;M;184;975;339;820;
ViktorundViktoria-43882.jpeg;Hermann_Thimig;M;316;687;539;464;
ViktorundViktoria-45407.jpeg;Hermann_Thimig;M;236;631;391;476;
ViktorundViktoria-45656.jpeg;Fritz_Odemar;M;180;778;366;593;
ViktorundViktoria-47150.jpeg;Hermann_Thimig;M;182;640;311;511;
ViktorundViktoria-4726.jpeg;Fritz_Odemar;M;116;666;270;511;
ViktorundViktoria-47720.jpeg;Hermann_Thimig;M;118;637;341;414;
ViktorundViktoria-49139.jpeg;Hermann_Thimig;M;171;795;439;527;
ViktorundViktoria-4975.jpeg;Hermann_Thimig;M;297;861;759;399;
ViktorundViktoria-49886.jpeg;Hermann_Thimig;M;260;527;528;260;
ViktorundViktoria-50135.jpeg;Hermann_Thimig;M;304;572;490;386;
ViktorundViktoria-55149.jpeg;Hilde_Hildebrand;F;201;861;387;675;
ViktorundViktoria-55896.jpeg;Hermann_Thimig;M;247;803;632;418;
ViktorundViktoria-56145.jpeg;Hermann_Thimig;M;184;562;339;408;
ViktorundViktoria-56394.jpeg;Hermann_Thimig;M;98;634;284;448;
ViktorundViktoria-57390.jpeg;Hermann_Thimig;M;118;613;304;428;
ViktorundViktoria-5972.jpeg;Fritz_Odemar;M;219;528;374;373;
ViktorundViktoria-59880.jpeg;Hilde_Hildebrand;F;201;861;387;675;
ViktorundViktoria-6221.jpeg;Fritz_Odemar;M;139;799;325;613;
ViktorundViktoria-62868.jpeg;Hermann_Thimig;M;192;811;415;588;
ViktorundViktoria-64860.jpeg;Hermann_Thimig;M;150;425;305;270;
ViktorundViktoria-67988.jpeg;Hilde_Hildebrand;F;319;748;426;641;
ViktorundViktoria-68237.jpeg;Hilde_Hildebrand;F;307;724;414;617;
ViktorundViktoria-68237.jpeg;Fritz_Odemar;M;270;322;425;167;
ViktorundViktoria-68370.jpeg;Fritz_Odemar;M;253;322;408;167;
ViktorundViktoria-69414.jpeg;Hilde_Hildebrand;F;142;854;409;587;
ViktorundViktoria-78466.jpeg;Hermann_Thimig;M;291;613;514;390;
ViktorundViktoria-78715.jpeg;Hermann_Thimig;M;266;513;489;291;
ViktorundViktoria-79213.jpeg;Hermann_Thimig;M;290;617;558;349;
ViktorundViktoria-79442.jpeg;Hermann_Thimig;M;291;513;514;291;
ViktorundViktoria-79691.jpeg;Fritz_Odemar;M;291;563;514;340;
ViktorundViktoria-79940.jpeg;Hermann_Thimig;M;266;489;489;266;
ViktorundViktoria-80718.jpeg;Fritz_Odemar;M;186;842;275;753;
ViktorundViktoria-8501.jpeg;Hermann_Thimig;M;247;718;632;332;
ViktorundViktoria-88935.jpeg;Fritz_Odemar;M;167;769;322;614;
ViktorundViktoria-89184.jpeg;Fritz_Odemar;M;150;838;305;683;
ViktorundViktoria-9280.jpeg;Hermann_Thimig;M;142;712;365;489;
ViktorundViktoria-93698.jpeg;Hermann_Thimig;M;112;735;379;468;
ViktorundViktoria-93947.jpeg;Hermann_Thimig;M;112;706;379;438;
ViktorundViktoria-94237.jpeg;Hermann_Thimig;M;112;706;379;438;
ViktorundViktoria-96464.jpeg;Hermann_Thimig;M;110;640;239;511;
ViktorundViktoria-97460.jpeg;Fritz_Odemar;M;219;476;374;322;
ViktorundViktoria-97652.jpeg;Fritz_Odemar;M;152;378;259;270;
ViktorundViktoria-9778.jpeg;Hermann_Thimig;M;297;759;759;297;
ViktorundViktoria-97901.jpeg;Hermann_Thimig;M;489;637;712;414;
WienerBlut-101800.jpeg;Theo_Lingen;M;53;583;182;454;
WienerBlut-102350.jpeg;Theo_Lingen;M;53;597;182;468;
WienerBlut-106500.jpeg;Willy_Fritsch;M;86;683;176;593;
WienerBlut-107100.jpeg;Willy_Fritsch;M;96;683;186;593;
WienerBlut-107950.jpeg;Willy_Fritsch;M;68;581;175;474;
WienerBlut-108200.jpeg;Willy_Fritsch;M;39;569;168;440;
WienerBlut-109600.jpeg;Willy_Fritsch;M;68;605;175;497;
WienerBlut-109950.jpeg;Willy_Fritsch;M;82;569;211;440;
WienerBlut-116000.jpeg;Willy_Fritsch;M;36;384;126;295;
WienerBlut-120200.jpeg;Theo_Lingen;M;72;361;146;287;
WienerBlut-12050.jpeg;Hans_Moser;M;104;581;211;474;
WienerBlut-123000.jpeg;Hans_Moser;M;129;370;191;308;
WienerBlut-123300.jpeg;Hans_Moser;M;142;328;205;266;
WienerBlut-123550.jpeg;Hans_Moser;M;135;315;198;252;
WienerBlut-123850.jpeg;Maria_Holst;F;66;722;129;660;
WienerBlut-124150.jpeg;Hans_Moser;M;187;426;295;318;
WienerBlut-124450.jpeg;Hans_Moser;M;175;450;283;342;
WienerBlut-124700.jpeg;Hans_Moser;M;186;424;275;335;
WienerBlut-128900.jpeg;Maria_Holst;F;80;784;187;677;
WienerBlut-129150.jpeg;Maria_Holst;F;80;748;187;641;
WienerBlut-129700.jpeg;Maria_Holst;F;92;736;199;629;
WienerBlut-130800.jpeg;Willy_Fritsch;M;53;454;182;325;
WienerBlut-131050.jpeg;Willy_Fritsch;M;68;497;175;390;
WienerBlut-131950.jpeg;Willy_Fritsch;M;82;511;211;382;
WienerBlut-132800.jpeg;Maria_Holst;F;104;641;211;533;
WienerBlut-13450.jpeg;Maria_Holst;F;128;462;235;354;
WienerBlut-134750.jpeg;Maria_Holst;F;80;629;187;521;
WienerBlut-13500.jpeg;Maria_Holst;F;116;485;223;378;
WienerBlut-13500.jpeg;Willy_Fritsch;M;110;698;239;569;
WienerBlut-138950.jpeg;Maria_Holst;F;56;617;163;509;
WienerBlut-141150.jpeg;Maria_Holst;F;98;655;284;469;
WienerBlut-143950.jpeg;Fred_Liewehr;M;82;468;211;339;
WienerBlut-144250.jpeg;Fred_Liewehr;M;82;454;211;325;
WienerBlut-144800.jpeg;Maria_Holst;F;104;689;211;581;
WienerBlut-145000.jpeg;Maria_Holst;F;116;748;223;641;
WienerBlut-145600.jpeg;Maria_Holst;F;104;712;211;605;
WienerBlut-146150.jpeg;Maria_Holst;F;167;631;322;476;
WienerBlut-147850.jpeg;Maria_Holst;F;104;581;211;474;
WienerBlut-151450.jpeg;Maria_Holst;F;92;653;199;545;
WienerBlut-15200.jpeg;Maria_Holst;F;180;489;366;304;
WienerBlut-152850.jpeg;Maria_Holst;F;152;712;259;605;
WienerBlut-153100.jpeg;Maria_Holst;F;152;700;259;593;
WienerBlut-15400.jpeg;Maria_Holst;F;180;510;366;324;
WienerBlut-154800.jpeg;Willy_Fritsch;M;92;557;199;450;
WienerBlut-155000.jpeg;Willy_Fritsch;M;82;597;211;468;
WienerBlut-157850.jpeg;Willy_Fritsch;M;82;526;211;397;
WienerBlut-160350.jpeg;Fred_Liewehr;M;81;562;236;408;
WienerBlut-160600.jpeg;Maria_Holst;F;168;597;297;468;
WienerBlut-160900.jpeg;Maria_Holst;F;153;597;282;468;
WienerBlut-16150.jpeg;Maria_Holst;F;187;497;295;390;
WienerBlut-16150.jpeg;Willy_Fritsch;M;140;700;247;593;
WienerBlut-162300.jpeg;Maria_Holst;F;128;712;235;605;
WienerBlut-162600.jpeg;Maria_Holst;F;163;712;271;605;
WienerBlut-164550.jpeg;Fred_Liewehr;M;63;453;138;378;
WienerBlut-165650.jpeg;Maria_Holst;F;125;569;254;440;
WienerBlut-166200.jpeg;Maria_Holst;F;139;583;268;454;
WienerBlut-16850.jpeg;Maria_Holst;F;175;497;283;390;
WienerBlut-17100.jpeg;Maria_Holst;F;163;533;271;426;
WienerBlut-176850.jpeg;Willy_Fritsch;M;96;554;186;464;
WienerBlut-177100.jpeg;Willy_Fritsch;M;67;726;196;597;
WienerBlut-177650.jpeg;Fred_Liewehr;M;87;487;149;425;
WienerBlut-179050.jpeg;Maria_Holst;F;125;597;254;468;
WienerBlut-180150.jpeg;Maria_Holst;F;146;643;236;554;
WienerBlut-180700.jpeg;Fred_Liewehr;M;36;653;126;563;
WienerBlut-181000.jpeg;Maria_Holst;F;139;440;268;311;
WienerBlut-183500.jpeg;Maria_Holst;F;106;544;196;454;
WienerBlut-184950.jpeg;Maria_Holst;F;104;712;211;605;
WienerBlut-186300.jpeg;Fred_Liewehr;M;53;554;182;425;
WienerBlut-186550.jpeg;Fred_Liewehr;M;53;626;182;497;
WienerBlut-187450.jpeg;Maria_Holst;F;125;698;254;569;
WienerBlut-188300.jpeg;Maria_Holst;F;152;497;259;390;
WienerBlut-188550.jpeg;Maria_Holst;F;139;483;268;354;
WienerBlut-188850.jpeg;Maria_Holst;F;96;612;225;483;
WienerBlut-189100.jpeg;Maria_Holst;F;188;652;262;577;
WienerBlut-189700.jpeg;Maria_Holst;F;139;554;268;425;
WienerBlut-190200.jpeg;Maria_Holst;F;125;569;254;440;
WienerBlut-191050.jpeg;Maria_Holst;F;116;597;270;442;
WienerBlut-191350.jpeg;Willy_Fritsch;M;81;597;236;442;
WienerBlut-191600.jpeg;Maria_Holst;F;110;583;239;454;
WienerBlut-191900.jpeg;Maria_Holst;F;110;597;239;468;
WienerBlut-192150.jpeg;Maria_Holst;F;116;593;223;485;
WienerBlut-19250.jpeg;Maria_Holst;F;168;368;297;239;
WienerBlut-192750.jpeg;Maria_Holst;F;150;580;305;425;
WienerBlut-193900.jpeg;Maria_Holst;F;152;760;259;653;
WienerBlut-194450.jpeg;Maria_Holst;F;146;653;236;563;
WienerBlut-194700.jpeg;Willy_Fritsch;M;81;580;236;425;
WienerBlut-195250.jpeg;Maria_Holst;F;49;677;101;625;
WienerBlut-195500.jpeg;Maria_Holst;F;163;844;271;736;
WienerBlut-196050.jpeg;Maria_Holst;F;315;683;405;593;
WienerBlut-196350.jpeg;Willy_Fritsch;M;64;580;219;425;
WienerBlut-196650.jpeg;Maria_Holst;F;166;252;209;208;
WienerBlut-203300.jpeg;Willy_Fritsch;M;81;683;236;528;
WienerBlut-203900.jpeg;Willy_Fritsch;M;81;683;236;528;
WienerBlut-206350.jpeg;Hans_Moser;M;110;640;239;511;
WienerBlut-207750.jpeg;Hans_Moser;M;128;569;235;462;
WienerBlut-208350.jpeg;Theo_Lingen;M;104;557;211;450;
WienerBlut-211950.jpeg;Hans_Moser;M;182;683;311;554;
WienerBlut-216700.jpeg;Hans_Moser;M;104;641;211;533;
WienerBlut-21700.jpeg;Maria_Holst;F;125;726;254;597;
WienerBlut-217250.jpeg;Theo_Lingen;M;53;526;182;397;
WienerBlut-217800.jpeg;Hans_Moser;M;128;641;235;533;
WienerBlut-218100.jpeg;Theo_Lingen;M;96;454;225;325;
WienerBlut-218650.jpeg;Hans_Moser;M;64;511;219;356;
WienerBlut-218950.jpeg;Hans_Moser;M;139;612;268;483;
WienerBlut-219200.jpeg;Hans_Moser;M;125;597;254;468;
WienerBlut-220000.jpeg;Hans_Moser;M;110;741;239;612;
WienerBlut-220900.jpeg;Hans_Moser;M;125;698;254;569;
WienerBlut-228450.jpeg;Hans_Moser;M;73;501;135;439;
WienerBlut-228700.jpeg;Hans_Moser;M;96;552;171;478;
WienerBlut-229250.jpeg;Hans_Moser;M;56;563;146;474;
WienerBlut-229550.jpeg;Hans_Moser;M;88;585;163;511;
WienerBlut-229850.jpeg;Hans_Moser;M;96;534;186;444;
WienerBlut-230050.jpeg;Hans_Moser;M;96;544;171;469;
WienerBlut-237950.jpeg;Theo_Lingen;M;56;485;163;378;
WienerBlut-238750.jpeg;Theo_Lingen;M;44;533;152;426;
WienerBlut-239000.jpeg;Hans_Moser;M;68;629;175;521;
WienerBlut-239600.jpeg;Theo_Lingen;M;68;485;175;378;
WienerBlut-239900.jpeg;Theo_Lingen;M;68;521;175;414;
WienerBlut-240400.jpeg;Theo_Lingen;M;80;521;187;414;
WienerBlut-240400.jpeg;Hans_Moser;M;106;623;196;534;
WienerBlut-24100.jpeg;Theo_Lingen;M;67;554;196;425;
WienerBlut-246850.jpeg;Hans_Moser;M;82;526;211;397;
WienerBlut-247650.jpeg;Theo_Lingen;M;63;560;138;486;
WienerBlut-248250.jpeg;Maria_Holst;F;152;438;259;330;
WienerBlut-248500.jpeg;Willy_Fritsch;M;104;641;211;533;
WienerBlut-248800.jpeg;Maria_Holst;F;166;424;255;335;
WienerBlut-249050.jpeg;Maria_Holst;F;116;438;223;330;
WienerBlut-249650.jpeg;Maria_Holst;F;140;450;247;342;
WienerBlut-249950.jpeg;Maria_Holst;F;128;450;235;342;
WienerBlut-250100.jpeg;Maria_Holst;F;140;402;247;294;
WienerBlut-250700.jpeg;Maria_Holst;F;128;438;235;330;
WienerBlut-253800.jpeg;Maria_Holst;F;135;370;198;308;
WienerBlut-254600.jpeg;Maria_Holst;F;110;612;239;483;
WienerBlut-258500.jpeg;Willy_Fritsch;M;86;563;176;474;
WienerBlut-258800.jpeg;Theo_Lingen;M;56;593;163;485;
WienerBlut-266900.jpeg;Willy_Fritsch;M;46;613;136;524;
WienerBlut-267150.jpeg;Maria_Holst;F;66;384;156;295;
WienerBlut-268550.jpeg;Maria_Holst;F;96;454;186;364;
WienerBlut-271050.jpeg;Maria_Holst;F;86;374;176;285;
WienerBlut-273900.jpeg;Maria_Holst;F;125;454;254;325;
WienerBlut-274150.jpeg;Maria_Holst;F;125;468;254;339;
WienerBlut-274700.jpeg;Maria_Holst;F;116;581;223;474;
WienerBlut-275800.jpeg;Fred_Liewehr;M;106;374;196;285;
WienerBlut-276050.jpeg;Maria_Holst;F;130;660;204;585;
WienerBlut-276650.jpeg;Maria_Holst;F;196;633;285;544;
WienerBlut-276950.jpeg;Fred_Liewehr;M;82;511;211;382;
WienerBlut-277800.jpeg;Fred_Liewehr;M;80;497;187;390;
WienerBlut-278350.jpeg;Maria_Holst;F;140;665;247;557;
WienerBlut-278900.jpeg;Maria_Holst;F;146;693;221;619;
WienerBlut-279200.jpeg;Maria_Holst;F;146;713;236;623;
WienerBlut-280850.jpeg;Maria_Holst;F;104;581;211;474;
WienerBlut-282250.jpeg;Maria_Holst;F;96;683;186;593;
WienerBlut-282500.jpeg;Maria_Holst;F;116;597;270;442;
WienerBlut-282800.jpeg;Maria_Holst;F;160;613;345;428;
WienerBlut-283050.jpeg;Maria_Holst;F;118;572;304;386;
WienerBlut-283650.jpeg;Maria_Holst;F;152;569;259;462;
WienerBlut-284200.jpeg;Maria_Holst;F;82;554;211;425;
WienerBlut-287250.jpeg;Willy_Fritsch;M;98;666;253;511;
WienerBlut-294500.jpeg;Willy_Fritsch;M;96;583;225;454;
WienerBlut-295900.jpeg;Maria_Holst;F;80;652;155;577;
WienerBlut-295900.jpeg;Willy_Fritsch;M;206;524;295;434;
WienerBlut-296200.jpeg;Willy_Fritsch;M;196;524;285;434;
WienerBlut-296750.jpeg;Maria_Holst;F;98;700;253;545;
WienerBlut-296750.jpeg;Willy_Fritsch;M;284;531;469;345;
WienerBlut-297000.jpeg;Maria_Holst;F;98;717;253;562;
WienerBlut-297000.jpeg;Willy_Fritsch;M;284;531;469;345;
WienerBlut-297300.jpeg;Maria_Holst;F;150;683;305;528;
WienerBlut-297600.jpeg;Maria_Holst;F;133;683;288;528;
WienerBlut-297600.jpeg;Willy_Fritsch;M;266;538;489;315;
WienerBlut-298700.jpeg;Maria_Holst;F;152;330;259;223;
WienerBlut-298700.jpeg;Willy_Fritsch;M;81;631;236;476;
WienerBlut-299300.jpeg;Maria_Holst;F;152;330;259;223;
WienerBlut-299850.jpeg;Maria_Holst;F;140;318;247;211;
WienerBlut-299850.jpeg;Willy_Fritsch;M;98;631;253;476;
WienerBlut-300000.jpeg;Willy_Fritsch;M;98;648;253;494;
WienerBlut-300000.jpeg;Maria_Holst;F;110;325;239;196;
WienerBlut-300600.jpeg;Maria_Holst;F;140;354;247;247;
WienerBlut-301150.jpeg;Maria_Holst;F;82;511;211;382;
WienerBlut-301150.jpeg;Willy_Fritsch;M;92;689;199;581;
WienerBlut-305050.jpeg;Fred_Liewehr;M;146;544;236;454;
WienerBlut-306200.jpeg;Hans_Moser;M;125;483;254;354;
WienerBlut-37850.jpeg;Maria_Holst;F;247;592;290;549;
WienerBlut-38400.jpeg;Hans_Moser;M;56;581;163;474;
WienerBlut-45050.jpeg;Willy_Fritsch;M;82;382;211;253;
WienerBlut-47000.jpeg;Maria_Holst;F;53;741;182;612;
WienerBlut-48150.jpeg;Maria_Holst;F;106;663;196;573;
WienerBlut-61500.jpeg;Willy_Fritsch;M;56;569;163;462;
WienerBlut-61800.jpeg;Maria_Holst;F;82;397;211;268;
WienerBlut-64300.jpeg;Maria_Holst;F;68;426;175;318;
WienerBlut-69900.jpeg;Willy_Fritsch;M;67;569;196;440;
WienerBlut-73250.jpeg;Willy_Fritsch;M;47;552;121;478;
WienerBlut-92200.jpeg;Hans_Moser;M;77;593;263;407;
WienerBlut-95250.jpeg;Maria_Holst;F;66;688;129;626;
WienerBlut-95500.jpeg;Maria_Holst;F;59;674;122;612;
WirmachenMusik-100722.jpeg;Edith_Oss;F;106;285;196;195;
WirmachenMusik-103432.jpeg;Dorit_Kreysler;F;106;421;142;385;
WirmachenMusik-108177.jpeg;Albert_Lippert;M;175;501;218;458;
WirmachenMusik-108427.jpeg;Heinz_Salfner;M;154;465;190;429;
WirmachenMusik-108594.jpeg;Lisa_Helwig;F;246;411;308;349;
WirmachenMusik-108594.jpeg;Edith_Oss;F;84;347;127;304;
WirmachenMusik-115772.jpeg;Ilse_Werner;F;152;235;259;127;
WirmachenMusik-117941.jpeg;Brigitte_Horney;F;149;349;211;287;
WirmachenMusik-121403.jpeg;Georg_Thomalla;M;225;167;354;38;
WirmachenMusik-123053.jpeg;Inge_List;F;116;245;206;155;
WirmachenMusik-130160.jpeg;Edith_Oss;F;138;361;213;287;
WirmachenMusik-14481.jpeg;Georg_Thomalla;M;176;135;265;46;
WirmachenMusik-14591.jpeg;Dorit_Kreysler;F;103;304;146;261;
WirmachenMusik-16474.jpeg;Edith_Oss;F;216;524;305;434;
WirmachenMusik-18992.jpeg;Hilde_Sessak;F;246;577;320;502;
WirmachenMusik-19367.jpeg;Grethe_Weiser;F;229;502;304;428;
WirmachenMusik-23279.jpeg;Anneliese_Uhlig;F;88;378;163;303;
WirmachenMusik-23448.jpeg;Grethe_Weiser;F;204;486;279;411;
WirmachenMusik-24570.jpeg;Inge_List;F;206;361;242;325;
WirmachenMusik-31352.jpeg;Edith_Oss;F;80;354;187;247;
WirmachenMusik-33147.jpeg;Edith_Oss;F;104;390;211;282;
WirmachenMusik-34578.jpeg;Edith_Oss;F;175;282;283;175;
WirmachenMusik-40076.jpeg;Marianne_Simson;F;136;235;226;145;
WirmachenMusik-42415.jpeg;Ilse_Werner;F;86;344;176;255;
WirmachenMusik-44006.jpeg;Edith_Oss;F;204;444;279;370;
WirmachenMusik-46423.jpeg;Edith_Oss;F;171;370;246;295;
WirmachenMusik-46598.jpeg;Edith_Oss;F;163;419;237;345;
WirmachenMusik-48017.jpeg;Ilse_Werner;F;47;339;202;184;
WirmachenMusik-49017.jpeg;Ilse_Werner;F;128;270;235;163;
WirmachenMusik-58364.jpeg;Hilde_Sessak;F;105;278;179;204;
WirmachenMusik-60503.jpeg;Ilse_Werner;F;128;462;235;354;
WirmachenMusik-64039.jpeg;Ilse_Werner;F;153;368;282;239;
WirmachenMusik-74210.jpeg;Edith_Oss;F;226;389;262;353;
WirmachenMusik-8000.jpeg;Grethe_Weiser;F;105;511;179;436;
WirmachenMusik-80634.jpeg;Edith_Oss;F;147;366;199;314;
WirmachenMusik-80933.jpeg;Fritz_Odemar;M;87;183;149;121;
WirmachenMusik-8282.jpeg;Grethe_Weiser;F;130;494;204;419;
WirmachenMusik-8501.jpeg;Grethe_Weiser;F;116;534;206;444;
WirmachenMusik-8689.jpeg;Kurt_Seifert;M;68;342;175;235;
WirmachenMusik-88972.jpeg;Hans_Holt;M;86;394;176;305;
WirmachenMusik-91227.jpeg;Marianne_Simson;F;135;280;198;218;
WirmachenMusik-92473.jpeg;Hildegard_Adolphi;F;179;171;254;96;
WirmachenMusik-9352.jpeg;Hilde_Hildebrand;F;191;626;253;563;
